cost_train,loss_train,obj_train,cost_test,loss_test,obj_test,n_actions,uncover_train,conflict_train,uncover_test,conflict_test
0.609625269346763,0.07006369426751592,0.6796889636142789,0.6417221335225393,0.08163265306122448,0.7233547865837637,4,0.10191082802547771,0.0,0.14285714285714285,0.0
0.5873482786733523,0.050955414012738856,0.6383036926860911,0.6117454292855378,0.10204081632653061,0.7137862456120684,8,0.025477707006369428,0.0,0.04081632653061224,0.0
0.5824452602472051,0.050955414012738856,0.633400674259944,0.5936993695118864,0.12244897959183673,0.7161483491037232,12,0.01910828025477707,0.01948051948051948,0.02040816326530612,0.041666666666666664
0.5824452602472051,0.050955414012738856,0.633400674259944,0.5936993695118864,0.12244897959183673,0.7161483491037232,16,0.01910828025477707,0.01948051948051948,0.02040816326530612,0.041666666666666664
0.5824452602472051,0.050955414012738856,0.633400674259944,0.5936993695118864,0.12244897959183673,0.7161483491037232,20,0.01910828025477707,0.01948051948051948,0.02040816326530612,0.0625
