cost_train,loss_train,obj_train,cost_test,loss_test,obj_test,n_actions,uncover_train,conflict_train,uncover_test,conflict_test
0.5978224401076259,0.1722488038277512,0.7700712439353771,0.6338669262125703,0.11428571428571428,0.7481526404982847,4,0.3588516746411483,0.0,0.3142857142857143,0.0
0.5949213629848692,0.21052631578947367,0.8054476787743429,0.6301999057658897,0.12857142857142856,0.7587713343373182,8,0.07655502392344497,0.0,0.02857142857142857,0.0
0.5985114350188953,0.20574162679425836,0.8042530618131536,0.6301999057658897,0.12857142857142856,0.7587713343373182,12,0.03827751196172249,0.004975124378109453,0.014285714285714285,0.043478260869565216
0.5985114350188953,0.20574162679425836,0.8042530618131536,0.6301999057658897,0.12857142857142856,0.7587713343373182,16,0.03827751196172249,0.009950248756218905,0.014285714285714285,0.043478260869565216
0.6031371613532153,0.20574162679425836,0.8088787881474736,0.6301999057658897,0.12857142857142856,0.7587713343373182,20,0.028708133971291867,0.009852216748768473,0.014285714285714285,0.043478260869565216
