iteration,gamma,cost,loss,obj
0,0.1,0.055999982999999996,0.1,0.065999983
0,0.2,0.055999982999999996,0.1,0.075999983
0,0.3,0.055999982999999996,0.1,0.085999983
0,0.4,0.055999982999999996,0.1,0.095999983
0,0.5,0.055999982999999996,0.1,0.10599998299999999
0,0.6,0.055999982999999996,0.1,0.11599998299999999
0,0.7,0.055999982999999996,0.1,0.12599998299999998
0,0.8,0.055999982999999996,0.1,0.135999983
0,0.9,0.055999982999999996,0.1,0.145999983
0,1.0,0.055999982999999996,0.1,0.155999983
1,0.1,0.055999982999999996,0.3,0.085999983
1,0.2,0.055999982999999996,0.3,0.115999983
1,0.3,0.055999982999999996,0.3,0.145999983
1,0.4,0.055999982999999996,0.3,0.17599998300000003
1,0.5,0.055999982999999996,0.3,0.20599998299999997
1,0.6,0.055999982999999996,0.3,0.23599998299999997
1,0.7,0.12153852279999999,0.2,0.2615385228
1,0.8,0.12153852279999999,0.2,0.2815385228
1,0.9,0.204933066,0.1,0.29493306599999997
1,1.0,0.204933066,0.1,0.304933066
2,0.1,0.055999982999999996,0.3,0.085999983
2,0.2,0.055999982999999996,0.3,0.115999983
2,0.3,0.055999982999999996,0.3,0.145999983
2,0.4,0.055999982999999996,0.3,0.17599998300000003
2,0.5,0.055999982999999996,0.3,0.20599998299999997
2,0.6,0.055999982999999996,0.3,0.23599998299999997
2,0.7,0.183167252,0.1,0.253167252
2,0.8,0.183167252,0.1,0.263167252
2,0.9,0.183167252,0.1,0.273167252
2,1.0,0.183167252,0.1,0.28316725200000004
3,0.1,0.0626267628,0.2,0.0826267628
3,0.2,0.07494338279999999,0.1,0.09494338279999999
3,0.3,0.07494338279999999,0.1,0.1049433828
3,0.4,0.07494338279999999,0.1,0.11494338279999998
3,0.5,0.07494338279999999,0.1,0.12494338279999999
3,0.6,0.07494338279999999,0.1,0.1349433828
3,0.7,0.07494338279999999,0.1,0.1449433828
3,0.8,0.07494338279999999,0.1,0.1549433828
3,0.9,0.07494338279999999,0.1,0.16494338279999998
3,1.0,0.07494338279999999,0.1,0.1749433828
4,0.1,0.055999982999999996,0.4,0.095999983
4,0.2,0.0822233956,0.2,0.12222339559999999
4,0.3,0.0822233956,0.2,0.1422233956
4,0.4,0.0822233956,0.2,0.16222339560000001
4,0.5,0.0822233956,0.2,0.18222339559999998
4,0.6,0.0822233956,0.2,0.2022233956
4,0.7,0.0822233956,0.2,0.22222339559999998
4,0.8,0.0822233956,0.2,0.2422233956
4,0.9,0.0822233956,0.2,0.2622233956
4,1.0,0.0822233956,0.2,0.2822233956
5,0.1,0.0,1.0,0.1
5,0.2,0.0,1.0,0.2
5,0.3,0.0,1.0,0.3
5,0.4,0.1432682818,0.6,0.38326828180000005
5,0.5,0.19059129799999996,0.5,0.440591298
5,0.6,0.19059129799999996,0.5,0.490591298
5,0.7,0.19059129799999996,0.5,0.540591298
5,0.8,0.19059129799999996,0.5,0.590591298
5,0.9,0.19059129799999996,0.5,0.640591298
5,1.0,0.19059129799999996,0.5,0.690591298
6,0.1,0.0,1.0,0.1
6,0.2,0.0,1.0,0.2
6,0.3,0.0,1.0,0.3
6,0.4,0.30527308799999997,0.0,0.30527308799999997
6,0.5,0.30527308799999997,0.0,0.30527308799999997
6,0.6,0.30527308799999997,0.0,0.30527308799999997
6,0.7,0.30527308799999997,0.0,0.30527308799999997
6,0.8,0.30527308799999997,0.0,0.30527308799999997
6,0.9,0.30527308799999997,0.0,0.30527308799999997
6,1.0,0.30527308799999997,0.0,0.30527308799999997
7,0.1,0.0,1.0,0.1
7,0.2,0.0,1.0,0.2
7,0.3,0.0,1.0,0.3
7,0.4,0.14326828179999998,0.6,0.38326828180000005
7,0.5,0.190591298,0.5,0.440591298
7,0.6,0.190591298,0.5,0.490591298
7,0.7,0.190591298,0.5,0.540591298
7,0.8,0.190591298,0.5,0.590591298
7,0.9,0.190591298,0.5,0.640591298
7,1.0,0.190591298,0.5,0.690591298
8,0.1,0.059329224699999995,0.3,0.0893292247
8,0.2,0.059329224699999995,0.3,0.1193292247
8,0.3,0.059329224699999995,0.3,0.14932922469999999
8,0.4,0.059329224699999995,0.3,0.1793292247
8,0.5,0.059329224699999995,0.3,0.20932922469999998
8,0.6,0.059329224699999995,0.3,0.23932922469999998
8,0.7,0.059329224699999995,0.3,0.2693292247
8,0.8,0.1305992647,0.2,0.2905992647
8,0.9,0.29999982,0.0,0.29999982
8,1.0,0.29999982,0.0,0.29999982
9,0.1,0.055999982999999996,0.1,0.065999983
9,0.2,0.055999982999999996,0.1,0.075999983
9,0.3,0.055999982999999996,0.1,0.085999983
9,0.4,0.055999982999999996,0.1,0.095999983
9,0.5,0.055999982999999996,0.1,0.10599998299999999
9,0.6,0.11466661999999998,0.0,0.11466661999999998
9,0.7,0.11466661999999998,0.0,0.11466661999999998
9,0.8,0.11466661999999998,0.0,0.11466661999999998
9,0.9,0.11466661999999998,0.0,0.11466661999999998
9,1.0,0.11466661999999998,0.0,0.11466661999999998
10,0.1,0.0,1.0,0.1
10,0.2,0.0,1.0,0.2
10,0.3,0.0,1.0,0.3
10,0.4,0.1404649498,0.6,0.3804649498
10,0.5,0.1404649498,0.6,0.44046494979999995
10,0.6,0.1404649498,0.6,0.5004649497999999
10,0.7,0.1404649498,0.6,0.5604649497999998
10,0.8,0.1404649498,0.6,0.6204649498
10,0.9,0.223982078,0.5,0.6739820780000001
10,1.0,0.41329030099999997,0.3,0.713290301
11,0.1,0.059329224699999995,0.3,0.0893292247
11,0.2,0.059329224699999995,0.3,0.1193292247
11,0.3,0.059329224699999995,0.3,0.14932922469999999
11,0.4,0.059329224699999995,0.3,0.1793292247
11,0.5,0.059329224699999995,0.3,0.20932922469999998
11,0.6,0.059329224699999995,0.3,0.23932922469999998
11,0.7,0.059329224699999995,0.3,0.2693292247
11,0.8,0.1305992647,0.2,0.2905992647
11,0.9,0.29999982,0.0,0.29999982
11,1.0,0.29999982,0.0,0.29999982
12,0.1,0.055999982999999996,0.2,0.075999983
12,0.2,0.055999982999999996,0.2,0.095999983
12,0.3,0.055999982999999996,0.2,0.11599998299999999
12,0.4,0.055999982999999996,0.2,0.135999983
12,0.5,0.055999982999999996,0.2,0.155999983
12,0.6,0.055999982999999996,0.2,0.175999983
12,0.7,0.055999982999999996,0.2,0.195999983
12,0.8,0.055999982999999996,0.2,0.21599998300000003
12,0.9,0.055999982999999996,0.2,0.235999983
12,1.0,0.055999982999999996,0.2,0.255999983
13,0.1,0.055999982999999996,0.3,0.085999983
13,0.2,0.0750216316,0.2,0.11502163159999998
13,0.3,0.0750216316,0.2,0.1350216316
13,0.4,0.0750216316,0.2,0.1550216316
13,0.5,0.0750216316,0.2,0.1750216316
13,0.6,0.0750216316,0.2,0.1950216316
13,0.7,0.0750216316,0.2,0.21502163159999998
13,0.8,0.0750216316,0.2,0.2350216316
13,0.9,0.0750216316,0.2,0.2550216316
13,1.0,0.0750216316,0.2,0.2750216316
14,0.1,0.059329224699999995,0.3,0.0893292247
14,0.2,0.059329224699999995,0.3,0.1193292247
14,0.3,0.059329224699999995,0.3,0.14932922469999999
14,0.4,0.059329224699999995,0.3,0.1793292247
14,0.5,0.059329224699999995,0.3,0.20932922469999998
14,0.6,0.059329224699999995,0.3,0.23932922469999998
14,0.7,0.059329224699999995,0.3,0.2693292247
14,0.8,0.1305992647,0.2,0.2905992647
14,0.9,0.29999982,0.0,0.29999982
14,1.0,0.29999982,0.0,0.29999982
15,0.1,0.055999982999999996,0.4,0.095999983
15,0.2,0.0805328488,0.2,0.12053284880000001
15,0.3,0.0805328488,0.2,0.1405328488
15,0.4,0.0805328488,0.2,0.16053284880000002
15,0.5,0.0805328488,0.2,0.1805328488
15,0.6,0.0805328488,0.2,0.2005328488
15,0.7,0.0805328488,0.2,0.22053284880000001
15,0.8,0.0805328488,0.2,0.24053284880000003
15,0.9,0.0805328488,0.2,0.2605328488
15,1.0,0.0805328488,0.2,0.28053284879999996
16,0.1,0.055999982999999996,0.2,0.075999983
16,0.2,0.055999982999999996,0.2,0.095999983
16,0.3,0.07600296749999999,0.1,0.1060029675
16,0.4,0.07600296749999999,0.1,0.11600296750000001
16,0.5,0.07600296749999999,0.1,0.1260029675
16,0.6,0.07600296749999999,0.1,0.1360029675
16,0.7,0.07600296749999999,0.1,0.1460029675
16,0.8,0.07600296749999999,0.1,0.1560029675
16,0.9,0.07600296749999999,0.1,0.16600296750000001
16,1.0,0.07600296749999999,0.1,0.1760029675
17,0.1,0.0,1.0,0.1
17,0.2,0.0,1.0,0.2
17,0.3,0.0,1.0,0.3
17,0.4,0.14326828179999998,0.6,0.38326828180000005
17,0.5,0.190591298,0.5,0.440591298
17,0.6,0.190591298,0.5,0.490591298
17,0.7,0.190591298,0.5,0.540591298
17,0.8,0.190591298,0.5,0.590591298
17,0.9,0.190591298,0.5,0.640591298
17,1.0,0.190591298,0.5,0.690591298
18,0.1,0.0,1.0,0.1
18,0.2,0.0,1.0,0.2
18,0.3,0.0,1.0,0.3
18,0.4,0.1404649498,0.6,0.3804649498
18,0.5,0.1404649498,0.6,0.44046494979999995
18,0.6,0.1404649498,0.6,0.5004649497999999
18,0.7,0.1404649498,0.6,0.5604649497999998
18,0.8,0.1404649498,0.6,0.6204649498
18,0.9,0.223982078,0.5,0.6739820780000001
18,1.0,0.41329030099999997,0.3,0.713290301
19,0.1,0.055999982999999996,0.1,0.065999983
19,0.2,0.055999982999999996,0.1,0.075999983
19,0.3,0.055999982999999996,0.1,0.085999983
19,0.4,0.055999982999999996,0.1,0.095999983
19,0.5,0.055999982999999996,0.1,0.10599998299999999
19,0.6,0.11466661999999998,0.0,0.11466661999999998
19,0.7,0.11466661999999998,0.0,0.11466661999999998
19,0.8,0.11466661999999998,0.0,0.11466661999999998
19,0.9,0.11466661999999998,0.0,0.11466661999999998
19,1.0,0.11466661999999998,0.0,0.11466661999999998
20,0.1,0.055999982999999996,0.1,0.065999983
20,0.2,0.055999982999999996,0.1,0.075999983
20,0.3,0.055999982999999996,0.1,0.085999983
20,0.4,0.055999982999999996,0.1,0.095999983
20,0.5,0.055999982999999996,0.1,0.10599998299999999
20,0.6,0.055999982999999996,0.1,0.11599998299999999
20,0.7,0.055999982999999996,0.1,0.12599998299999998
20,0.8,0.055999982999999996,0.1,0.135999983
20,0.9,0.055999982999999996,0.1,0.145999983
20,1.0,0.055999982999999996,0.1,0.155999983
21,0.1,0.055999982999999996,0.1,0.065999983
21,0.2,0.055999982999999996,0.1,0.075999983
21,0.3,0.055999982999999996,0.1,0.085999983
21,0.4,0.055999982999999996,0.1,0.095999983
21,0.5,0.055999982999999996,0.1,0.10599998299999999
21,0.6,0.11466661999999998,0.0,0.11466661999999998
21,0.7,0.11466661999999998,0.0,0.11466661999999998
21,0.8,0.11466661999999998,0.0,0.11466661999999998
21,0.9,0.11466661999999998,0.0,0.11466661999999998
21,1.0,0.11466661999999998,0.0,0.11466661999999998
22,0.1,0.0,1.0,0.1
22,0.2,0.0,1.0,0.2
22,0.3,0.0,1.0,0.3
22,0.4,0.14326828179999998,0.6,0.38326828180000005
22,0.5,0.190591298,0.5,0.440591298
22,0.6,0.190591298,0.5,0.490591298
22,0.7,0.190591298,0.5,0.540591298
22,0.8,0.190591298,0.5,0.590591298
22,0.9,0.190591298,0.5,0.640591298
22,1.0,0.190591298,0.5,0.690591298
23,0.1,0.055999982999999996,0.2,0.075999983
23,0.2,0.055999982999999996,0.2,0.095999983
23,0.3,0.055999982999999996,0.2,0.11599998299999999
23,0.4,0.055999982999999996,0.2,0.135999983
23,0.5,0.055999982999999996,0.2,0.155999983
23,0.6,0.055999982999999996,0.2,0.175999983
23,0.7,0.055999982999999996,0.2,0.195999983
23,0.8,0.055999982999999996,0.2,0.21599998300000003
23,0.9,0.055999982999999996,0.2,0.235999983
23,1.0,0.055999982999999996,0.2,0.255999983
24,0.1,0.0625943045,0.1,0.0725943045
24,0.2,0.0625943045,0.1,0.08259430450000001
24,0.3,0.0625943045,0.1,0.09259430449999999
24,0.4,0.0625943045,0.1,0.1025943045
24,0.5,0.0625943045,0.1,0.1125943045
24,0.6,0.0625943045,0.1,0.1225943045
24,0.7,0.0625943045,0.1,0.13259430449999998
24,0.8,0.0625943045,0.1,0.1425943045
24,0.9,0.0625943045,0.1,0.1525943045
24,1.0,0.0625943045,0.1,0.1625943045
25,0.1,0.059329224699999995,0.3,0.0893292247
25,0.2,0.059329224699999995,0.3,0.1193292247
25,0.3,0.059329224699999995,0.3,0.14932922469999999
25,0.4,0.059329224699999995,0.3,0.1793292247
25,0.5,0.059329224699999995,0.3,0.20932922469999998
25,0.6,0.059329224699999995,0.3,0.23932922469999998
25,0.7,0.059329224699999995,0.3,0.2693292247
25,0.8,0.1305992647,0.2,0.2905992647
25,0.9,0.29999982,0.0,0.29999982
25,1.0,0.29999982,0.0,0.29999982
26,0.1,0.0626267628,0.2,0.0826267628
26,0.2,0.07494338279999999,0.1,0.09494338279999999
26,0.3,0.07494338279999999,0.1,0.1049433828
26,0.4,0.07494338279999999,0.1,0.11494338279999998
26,0.5,0.07494338279999999,0.1,0.12494338279999999
26,0.6,0.07494338279999999,0.1,0.1349433828
26,0.7,0.07494338279999999,0.1,0.1449433828
26,0.8,0.07494338279999999,0.1,0.1549433828
26,0.9,0.07494338279999999,0.1,0.16494338279999998
26,1.0,0.07494338279999999,0.1,0.1749433828
27,0.1,0.0,1.0,0.1
27,0.2,0.0,1.0,0.2
27,0.3,0.025952507000000003,0.9,0.295952507
27,0.4,0.29999982,0.1,0.33999981999999995
27,0.5,0.29999982,0.1,0.34999981999999996
27,0.6,0.29999982,0.1,0.35999981999999997
27,0.7,0.29999982,0.1,0.36999982
27,0.8,0.29999982,0.1,0.37999982
27,0.9,0.29999982,0.1,0.38999982
27,1.0,0.29999982,0.1,0.39999982
28,0.1,0.0628629048,0.2,0.0828629048
28,0.2,0.0628629048,0.2,0.1028629048
28,0.3,0.0628629048,0.2,0.12286290479999999
28,0.4,0.0628629048,0.2,0.1428629048
28,0.5,0.0628629048,0.2,0.1628629048
28,0.6,0.0628629048,0.2,0.18286290479999998
28,0.7,0.0628629048,0.2,0.2028629048
28,0.8,0.0628629048,0.2,0.2228629048
28,0.9,0.0628629048,0.2,0.2428629048
28,1.0,0.0628629048,0.2,0.2628629048
29,0.1,0.056276605300000004,0.3,0.0862766053
29,0.2,0.056276605300000004,0.3,0.11627660530000002
29,0.3,0.056276605300000004,0.3,0.1462766053
29,0.4,0.056276605300000004,0.3,0.17627660530000003
29,0.5,0.056276605300000004,0.3,0.20627660529999997
29,0.6,0.056276605300000004,0.3,0.23627660529999997
29,0.7,0.056276605300000004,0.3,0.26627660529999997
29,0.8,0.056276605300000004,0.3,0.2962766053
29,0.9,0.29999982,0.0,0.29999982
29,1.0,0.29999982,0.0,0.29999982
30,0.1,0.055999982999999996,0.1,0.065999983
30,0.2,0.055999982999999996,0.1,0.075999983
30,0.3,0.055999982999999996,0.1,0.085999983
30,0.4,0.055999982999999996,0.1,0.095999983
30,0.5,0.055999982999999996,0.1,0.10599998299999999
30,0.6,0.055999982999999996,0.1,0.11599998299999999
30,0.7,0.055999982999999996,0.1,0.12599998299999998
30,0.8,0.055999982999999996,0.1,0.135999983
30,0.9,0.055999982999999996,0.1,0.145999983
30,1.0,0.055999982999999996,0.1,0.155999983
31,0.1,0.055999982999999996,0.1,0.065999983
31,0.2,0.055999982999999996,0.1,0.075999983
31,0.3,0.055999982999999996,0.1,0.085999983
31,0.4,0.055999982999999996,0.1,0.095999983
31,0.5,0.055999982999999996,0.1,0.10599998299999999
31,0.6,0.055999982999999996,0.1,0.11599998299999999
31,0.7,0.055999982999999996,0.1,0.12599998299999998
31,0.8,0.055999982999999996,0.1,0.135999983
31,0.9,0.055999982999999996,0.1,0.145999983
31,1.0,0.055999982999999996,0.1,0.155999983
32,0.1,0.055999982999999996,0.2,0.075999983
32,0.2,0.055999982999999996,0.2,0.095999983
32,0.3,0.0799200077,0.1,0.10992000770000002
32,0.4,0.0799200077,0.1,0.1199200077
32,0.5,0.0799200077,0.1,0.1299200077
32,0.6,0.0799200077,0.1,0.13992000770000002
32,0.7,0.0799200077,0.1,0.1499200077
32,0.8,0.0799200077,0.1,0.1599200077
32,0.9,0.0799200077,0.1,0.1699200077
32,1.0,0.0799200077,0.1,0.1799200077
33,0.1,0.059329224699999995,0.3,0.0893292247
33,0.2,0.059329224699999995,0.3,0.1193292247
33,0.3,0.059329224699999995,0.3,0.14932922469999999
33,0.4,0.059329224699999995,0.3,0.1793292247
33,0.5,0.059329224699999995,0.3,0.20932922469999998
33,0.6,0.059329224699999995,0.3,0.23932922469999998
33,0.7,0.059329224699999995,0.3,0.2693292247
33,0.8,0.1305992647,0.2,0.2905992647
33,0.9,0.29999982,0.0,0.29999982
33,1.0,0.29999982,0.0,0.29999982
34,0.1,0.055999982999999996,0.1,0.065999983
34,0.2,0.055999982999999996,0.1,0.075999983
34,0.3,0.055999982999999996,0.1,0.085999983
34,0.4,0.055999982999999996,0.1,0.095999983
34,0.5,0.055999982999999996,0.1,0.10599998299999999
34,0.6,0.11466661999999998,0.0,0.11466661999999998
34,0.7,0.11466661999999998,0.0,0.11466661999999998
34,0.8,0.11466661999999998,0.0,0.11466661999999998
34,0.9,0.11466661999999998,0.0,0.11466661999999998
34,1.0,0.11466661999999998,0.0,0.11466661999999998
35,0.1,0.0,1.0,0.1
35,0.2,0.0,1.0,0.2
35,0.3,0.025952507000000003,0.9,0.295952507
35,0.4,0.29999982,0.1,0.33999981999999995
35,0.5,0.29999982,0.1,0.34999981999999996
35,0.6,0.29999982,0.1,0.35999981999999997
35,0.7,0.29999982,0.1,0.36999982
35,0.8,0.29999982,0.1,0.37999982
35,0.9,0.29999982,0.1,0.38999982
35,1.0,0.29999982,0.1,0.39999982
36,0.1,0.0626267628,0.2,0.0826267628
36,0.2,0.07494338279999999,0.1,0.09494338279999999
36,0.3,0.07494338279999999,0.1,0.1049433828
36,0.4,0.07494338279999999,0.1,0.11494338279999998
36,0.5,0.07494338279999999,0.1,0.12494338279999999
36,0.6,0.07494338279999999,0.1,0.1349433828
36,0.7,0.07494338279999999,0.1,0.1449433828
36,0.8,0.07494338279999999,0.1,0.1549433828
36,0.9,0.07494338279999999,0.1,0.16494338279999998
36,1.0,0.07494338279999999,0.1,0.1749433828
37,0.1,0.055999982999999996,0.4,0.095999983
37,0.2,0.0822233956,0.2,0.12222339559999999
37,0.3,0.0822233956,0.2,0.1422233956
37,0.4,0.0822233956,0.2,0.16222339560000001
37,0.5,0.0822233956,0.2,0.18222339559999998
37,0.6,0.0822233956,0.2,0.2022233956
37,0.7,0.0822233956,0.2,0.22222339559999998
37,0.8,0.0822233956,0.2,0.2422233956
37,0.9,0.0822233956,0.2,0.2622233956
37,1.0,0.0822233956,0.2,0.2822233956
38,0.1,0.055999982999999996,0.3,0.085999983
38,0.2,0.055999982999999996,0.3,0.115999983
38,0.3,0.055999982999999996,0.3,0.145999983
38,0.4,0.055999982999999996,0.3,0.17599998300000003
38,0.5,0.055999982999999996,0.3,0.20599998299999997
38,0.6,0.055999982999999996,0.3,0.23599998299999997
38,0.7,0.12153852279999999,0.2,0.2615385228
38,0.8,0.12153852279999999,0.2,0.2815385228
38,0.9,0.204933066,0.1,0.29493306599999997
38,1.0,0.204933066,0.1,0.304933066
39,0.1,0.055999982999999996,0.3,0.085999983
39,0.2,0.055999982999999996,0.3,0.115999983
39,0.3,0.055999982999999996,0.3,0.145999983
39,0.4,0.055999982999999996,0.3,0.17599998300000003
39,0.5,0.055999982999999996,0.3,0.20599998299999997
39,0.6,0.055999982999999996,0.3,0.23599998299999997
39,0.7,0.12153852279999999,0.2,0.2615385228
39,0.8,0.12153852279999999,0.2,0.2815385228
39,0.9,0.204933066,0.1,0.29493306599999997
39,1.0,0.204933066,0.1,0.304933066
40,0.1,0.0,1.0,0.1
40,0.2,0.0,1.0,0.2
40,0.3,0.0,1.0,0.3
40,0.4,0.0,1.0,0.4
40,0.5,0.21298567899999998,0.5,0.462985679
40,0.6,0.21298567899999998,0.5,0.512985679
40,0.7,0.21298567899999998,0.5,0.562985679
40,0.8,0.21298567899999998,0.5,0.612985679
40,0.9,0.21298567899999998,0.5,0.6629856789999999
40,1.0,0.21298567899999998,0.5,0.712985679
41,0.1,0.059329224699999995,0.3,0.0893292247
41,0.2,0.059329224699999995,0.3,0.1193292247
41,0.3,0.059329224699999995,0.3,0.14932922469999999
41,0.4,0.059329224699999995,0.3,0.1793292247
41,0.5,0.059329224699999995,0.3,0.20932922469999998
41,0.6,0.059329224699999995,0.3,0.23932922469999998
41,0.7,0.059329224699999995,0.3,0.2693292247
41,0.8,0.1305992647,0.2,0.2905992647
41,0.9,0.29999982,0.0,0.29999982
41,1.0,0.29999982,0.0,0.29999982
42,0.1,0.055999982999999996,0.2,0.075999983
42,0.2,0.055999982999999996,0.2,0.095999983
42,0.3,0.055999982999999996,0.2,0.11599998299999999
42,0.4,0.055999982999999996,0.2,0.135999983
42,0.5,0.055999982999999996,0.2,0.155999983
42,0.6,0.055999982999999996,0.2,0.175999983
42,0.7,0.055999982999999996,0.2,0.195999983
42,0.8,0.055999982999999996,0.2,0.21599998300000003
42,0.9,0.055999982999999996,0.2,0.235999983
42,1.0,0.055999982999999996,0.2,0.255999983
43,0.1,0.055999982999999996,0.1,0.065999983
43,0.2,0.055999982999999996,0.1,0.075999983
43,0.3,0.055999982999999996,0.1,0.085999983
43,0.4,0.055999982999999996,0.1,0.095999983
43,0.5,0.055999982999999996,0.1,0.10599998299999999
43,0.6,0.055999982999999996,0.1,0.11599998299999999
43,0.7,0.055999982999999996,0.1,0.12599998299999998
43,0.8,0.055999982999999996,0.1,0.135999983
43,0.9,0.055999982999999996,0.1,0.145999983
43,1.0,0.055999982999999996,0.1,0.155999983
44,0.1,0.056276605300000004,0.3,0.0862766053
44,0.2,0.056276605300000004,0.3,0.11627660530000002
44,0.3,0.056276605300000004,0.3,0.1462766053
44,0.4,0.056276605300000004,0.3,0.17627660530000003
44,0.5,0.056276605300000004,0.3,0.20627660529999997
44,0.6,0.056276605300000004,0.3,0.23627660529999997
44,0.7,0.056276605300000004,0.3,0.26627660529999997
44,0.8,0.056276605300000004,0.3,0.2962766053
44,0.9,0.29999982,0.0,0.29999982
44,1.0,0.29999982,0.0,0.29999982
45,0.1,0.0,1.0,0.1
45,0.2,0.0,1.0,0.2
45,0.3,0.025952507000000003,0.9,0.295952507
45,0.4,0.29999982,0.1,0.33999981999999995
45,0.5,0.29999982,0.1,0.34999981999999996
45,0.6,0.29999982,0.1,0.35999981999999997
45,0.7,0.29999982,0.1,0.36999982
45,0.8,0.29999982,0.1,0.37999982
45,0.9,0.29999982,0.1,0.38999982
45,1.0,0.29999982,0.1,0.39999982
46,0.1,0.055999982999999996,0.3,0.085999983
46,0.2,0.055999982999999996,0.3,0.115999983
46,0.3,0.055999982999999996,0.3,0.145999983
46,0.4,0.055999982999999996,0.3,0.17599998300000003
46,0.5,0.055999982999999996,0.3,0.20599998299999997
46,0.6,0.055999982999999996,0.3,0.23599998299999997
46,0.7,0.1845359058,0.1,0.25453590579999996
46,0.8,0.1845359058,0.1,0.2645359058
46,0.9,0.1845359058,0.1,0.2745359058
46,1.0,0.1845359058,0.1,0.2845359058
47,0.1,0.056276605300000004,0.3,0.0862766053
47,0.2,0.056276605300000004,0.3,0.11627660530000002
47,0.3,0.056276605300000004,0.3,0.1462766053
47,0.4,0.056276605300000004,0.3,0.17627660530000003
47,0.5,0.056276605300000004,0.3,0.20627660529999997
47,0.6,0.056276605300000004,0.3,0.23627660529999997
47,0.7,0.056276605300000004,0.3,0.26627660529999997
47,0.8,0.056276605300000004,0.3,0.2962766053
47,0.9,0.29999982,0.0,0.29999982
47,1.0,0.29999982,0.0,0.29999982
48,0.1,0.0,1.0,0.1
48,0.2,0.0,1.0,0.2
48,0.3,0.0,1.0,0.3
48,0.4,0.1404649498,0.6,0.3804649498
48,0.5,0.1404649498,0.6,0.44046494979999995
48,0.6,0.1404649498,0.6,0.5004649497999999
48,0.7,0.1404649498,0.6,0.5604649497999998
48,0.8,0.1404649498,0.6,0.6204649498
48,0.9,0.223982078,0.5,0.6739820780000001
48,1.0,0.41329030099999997,0.3,0.713290301
49,0.1,0.055999982999999996,0.3,0.085999983
49,0.2,0.055999982999999996,0.3,0.115999983
49,0.3,0.055999982999999996,0.3,0.145999983
49,0.4,0.055999982999999996,0.3,0.17599998300000003
49,0.5,0.055999982999999996,0.3,0.20599998299999997
49,0.6,0.055999982999999996,0.3,0.23599998299999997
49,0.7,0.18453590579999996,0.1,0.25453590579999996
49,0.8,0.18453590579999996,0.1,0.26453590579999997
49,0.9,0.18453590579999996,0.1,0.2745359058
49,1.0,0.18453590579999996,0.1,0.2845359058
50,0.1,0.0625943045,0.1,0.0725943045
50,0.2,0.0625943045,0.1,0.08259430450000001
50,0.3,0.0625943045,0.1,0.09259430449999999
50,0.4,0.0625943045,0.1,0.1025943045
50,0.5,0.0625943045,0.1,0.1125943045
50,0.6,0.0625943045,0.1,0.1225943045
50,0.7,0.0625943045,0.1,0.13259430449999998
50,0.8,0.0625943045,0.1,0.1425943045
50,0.9,0.0625943045,0.1,0.1525943045
50,1.0,0.0625943045,0.1,0.1625943045
51,0.1,0.055999982999999996,0.2,0.075999983
51,0.2,0.0714686752,0.1,0.09146867519999999
51,0.3,0.0714686752,0.1,0.1014686752
51,0.4,0.0714686752,0.1,0.11146867519999999
51,0.5,0.0714686752,0.1,0.1214686752
51,0.6,0.0714686752,0.1,0.1314686752
51,0.7,0.0714686752,0.1,0.1414686752
51,0.8,0.0714686752,0.1,0.1514686752
51,0.9,0.0714686752,0.1,0.1614686752
51,1.0,0.0714686752,0.1,0.1714686752
52,0.1,0.055999982999999996,0.1,0.065999983
52,0.2,0.055999982999999996,0.1,0.075999983
52,0.3,0.055999982999999996,0.1,0.085999983
52,0.4,0.055999982999999996,0.1,0.095999983
52,0.5,0.055999982999999996,0.1,0.10599998299999999
52,0.6,0.11466661999999998,0.0,0.11466661999999998
52,0.7,0.11466661999999998,0.0,0.11466661999999998
52,0.8,0.11466661999999998,0.0,0.11466661999999998
52,0.9,0.11466661999999998,0.0,0.11466661999999998
52,1.0,0.11466661999999998,0.0,0.11466661999999998
53,0.1,0.055999982999999996,0.2,0.075999983
53,0.2,0.055999982999999996,0.2,0.095999983
53,0.3,0.055999982999999996,0.2,0.11599998299999999
53,0.4,0.055999982999999996,0.2,0.135999983
53,0.5,0.055999982999999996,0.2,0.155999983
53,0.6,0.055999982999999996,0.2,0.175999983
53,0.7,0.055999982999999996,0.2,0.195999983
53,0.8,0.055999982999999996,0.2,0.21599998300000003
53,0.9,0.055999982999999996,0.2,0.235999983
53,1.0,0.055999982999999996,0.2,0.255999983
54,0.1,0.055999982999999996,0.2,0.075999983
54,0.2,0.055999982999999996,0.2,0.095999983
54,0.3,0.055999982999999996,0.2,0.11599998299999999
54,0.4,0.055999982999999996,0.2,0.135999983
54,0.5,0.055999982999999996,0.2,0.155999983
54,0.6,0.055999982999999996,0.2,0.175999983
54,0.7,0.055999982999999996,0.2,0.195999983
54,0.8,0.055999982999999996,0.2,0.21599998300000003
54,0.9,0.055999982999999996,0.2,0.235999983
54,1.0,0.055999982999999996,0.2,0.255999983
55,0.1,0.055999982999999996,0.1,0.065999983
55,0.2,0.055999982999999996,0.1,0.075999983
55,0.3,0.055999982999999996,0.1,0.085999983
55,0.4,0.055999982999999996,0.1,0.095999983
55,0.5,0.055999982999999996,0.1,0.10599998299999999
55,0.6,0.11466661999999998,0.0,0.11466661999999998
55,0.7,0.11466661999999998,0.0,0.11466661999999998
55,0.8,0.11466661999999998,0.0,0.11466661999999998
55,0.9,0.11466661999999998,0.0,0.11466661999999998
55,1.0,0.11466661999999998,0.0,0.11466661999999998
56,0.1,0.055999982999999996,0.2,0.075999983
56,0.2,0.055999982999999996,0.2,0.095999983
56,0.3,0.055999982999999996,0.2,0.11599998299999999
56,0.4,0.055999982999999996,0.2,0.135999983
56,0.5,0.055999982999999996,0.2,0.155999983
56,0.6,0.055999982999999996,0.2,0.175999983
56,0.7,0.055999982999999996,0.2,0.195999983
56,0.8,0.055999982999999996,0.2,0.21599998300000003
56,0.9,0.055999982999999996,0.2,0.235999983
56,1.0,0.15276290099999998,0.1,0.252762901
57,0.1,0.055999982999999996,0.4,0.095999983
57,0.2,0.0822233956,0.2,0.12222339559999999
57,0.3,0.0822233956,0.2,0.1422233956
57,0.4,0.0822233956,0.2,0.16222339560000001
57,0.5,0.0822233956,0.2,0.18222339559999998
57,0.6,0.0822233956,0.2,0.2022233956
57,0.7,0.0822233956,0.2,0.22222339559999998
57,0.8,0.0822233956,0.2,0.2422233956
57,0.9,0.0822233956,0.2,0.2622233956
57,1.0,0.0822233956,0.2,0.2822233956
58,0.1,0.0628629048,0.2,0.0828629048
58,0.2,0.0628629048,0.2,0.1028629048
58,0.3,0.0628629048,0.2,0.12286290479999999
58,0.4,0.0628629048,0.2,0.1428629048
58,0.5,0.0628629048,0.2,0.1628629048
58,0.6,0.0628629048,0.2,0.18286290479999998
58,0.7,0.0628629048,0.2,0.2028629048
58,0.8,0.0628629048,0.2,0.2228629048
58,0.9,0.0628629048,0.2,0.2428629048
58,1.0,0.0628629048,0.2,0.2628629048
59,0.1,0.0625943045,0.1,0.0725943045
59,0.2,0.0625943045,0.1,0.08259430450000001
59,0.3,0.0625943045,0.1,0.09259430449999999
59,0.4,0.0625943045,0.1,0.1025943045
59,0.5,0.0625943045,0.1,0.1125943045
59,0.6,0.0625943045,0.1,0.1225943045
59,0.7,0.0625943045,0.1,0.13259430449999998
59,0.8,0.0625943045,0.1,0.1425943045
59,0.9,0.0625943045,0.1,0.1525943045
59,1.0,0.0625943045,0.1,0.1625943045
60,0.1,0.0,1.0,0.1
60,0.2,0.0,1.0,0.2
60,0.3,0.0,1.0,0.3
60,0.4,0.14326828179999998,0.6,0.38326828180000005
60,0.5,0.190591298,0.5,0.440591298
60,0.6,0.190591298,0.5,0.490591298
60,0.7,0.190591298,0.5,0.540591298
60,0.8,0.190591298,0.5,0.590591298
60,0.9,0.190591298,0.5,0.640591298
60,1.0,0.190591298,0.5,0.690591298
61,0.1,0.0625943045,0.1,0.0725943045
61,0.2,0.0625943045,0.1,0.08259430450000001
61,0.3,0.0625943045,0.1,0.09259430449999999
61,0.4,0.0625943045,0.1,0.1025943045
61,0.5,0.0625943045,0.1,0.1125943045
61,0.6,0.0625943045,0.1,0.1225943045
61,0.7,0.0625943045,0.1,0.13259430449999998
61,0.8,0.0625943045,0.1,0.1425943045
61,0.9,0.0625943045,0.1,0.1525943045
61,1.0,0.0625943045,0.1,0.1625943045
62,0.1,0.0,1.0,0.1
62,0.2,0.0,1.0,0.2
62,0.3,0.0,1.0,0.3
62,0.4,0.14326828179999998,0.6,0.38326828180000005
62,0.5,0.190591298,0.5,0.440591298
62,0.6,0.190591298,0.5,0.490591298
62,0.7,0.190591298,0.5,0.540591298
62,0.8,0.190591298,0.5,0.590591298
62,0.9,0.190591298,0.5,0.640591298
62,1.0,0.190591298,0.5,0.690591298
63,0.1,0.055999982999999996,0.2,0.075999983
63,0.2,0.055999982999999996,0.2,0.095999983
63,0.3,0.07600296749999999,0.1,0.1060029675
63,0.4,0.07600296749999999,0.1,0.11600296750000001
63,0.5,0.07600296749999999,0.1,0.1260029675
63,0.6,0.07600296749999999,0.1,0.1360029675
63,0.7,0.07600296749999999,0.1,0.1460029675
63,0.8,0.07600296749999999,0.1,0.1560029675
63,0.9,0.07600296749999999,0.1,0.16600296750000001
63,1.0,0.07600296749999999,0.1,0.1760029675
64,0.1,0.055999982999999996,0.2,0.075999983
64,0.2,0.055999982999999996,0.2,0.095999983
64,0.3,0.07600296749999999,0.1,0.1060029675
64,0.4,0.07600296749999999,0.1,0.11600296750000001
64,0.5,0.07600296749999999,0.1,0.1260029675
64,0.6,0.07600296749999999,0.1,0.1360029675
64,0.7,0.07600296749999999,0.1,0.1460029675
64,0.8,0.07600296749999999,0.1,0.1560029675
64,0.9,0.07600296749999999,0.1,0.16600296750000001
64,1.0,0.07600296749999999,0.1,0.1760029675
65,0.1,0.055999982999999996,0.3,0.085999983
65,0.2,0.0750216316,0.2,0.11502163159999998
65,0.3,0.0750216316,0.2,0.1350216316
65,0.4,0.0750216316,0.2,0.1550216316
65,0.5,0.0750216316,0.2,0.1750216316
65,0.6,0.0750216316,0.2,0.1950216316
65,0.7,0.0750216316,0.2,0.21502163159999998
65,0.8,0.0750216316,0.2,0.2350216316
65,0.9,0.0750216316,0.2,0.2550216316
65,1.0,0.0750216316,0.2,0.2750216316
66,0.1,0.059329224699999995,0.3,0.0893292247
66,0.2,0.059329224699999995,0.3,0.1193292247
66,0.3,0.059329224699999995,0.3,0.14932922469999999
66,0.4,0.059329224699999995,0.3,0.1793292247
66,0.5,0.059329224699999995,0.3,0.20932922469999998
66,0.6,0.059329224699999995,0.3,0.23932922469999998
66,0.7,0.059329224699999995,0.3,0.2693292247
66,0.8,0.1305992647,0.2,0.2905992647
66,0.9,0.29999982,0.0,0.29999982
66,1.0,0.29999982,0.0,0.29999982
67,0.1,0.055999982999999996,0.2,0.075999983
67,0.2,0.055999982999999996,0.2,0.095999983
67,0.3,0.055999982999999996,0.2,0.11599998299999999
67,0.4,0.055999982999999996,0.2,0.135999983
67,0.5,0.055999982999999996,0.2,0.155999983
67,0.6,0.11102154039999998,0.1,0.1710215404
67,0.7,0.11102154039999998,0.1,0.1810215404
67,0.8,0.11102154039999998,0.1,0.1910215404
67,0.9,0.11102154039999998,0.1,0.20102154039999998
67,1.0,0.11102154039999998,0.1,0.21102154039999999
68,0.1,0.055999982999999996,0.2,0.075999983
68,0.2,0.055999982999999996,0.2,0.095999983
68,0.3,0.0799200077,0.1,0.10992000770000002
68,0.4,0.0799200077,0.1,0.1199200077
68,0.5,0.0799200077,0.1,0.1299200077
68,0.6,0.0799200077,0.1,0.13992000770000002
68,0.7,0.0799200077,0.1,0.1499200077
68,0.8,0.0799200077,0.1,0.1599200077
68,0.9,0.0799200077,0.1,0.1699200077
68,1.0,0.0799200077,0.1,0.1799200077
69,0.1,0.06184909000000001,0.2,0.08184909
69,0.2,0.06184909000000001,0.2,0.10184909000000002
69,0.3,0.06184909000000001,0.2,0.12184909
69,0.4,0.06184909000000001,0.2,0.14184909
69,0.5,0.06184909000000001,0.2,0.16184909
69,0.6,0.06184909000000001,0.2,0.18184909
69,0.7,0.06184909000000001,0.2,0.20184908999999998
69,0.8,0.06184909000000001,0.2,0.22184909
69,0.9,0.06184909000000001,0.2,0.24184909000000002
69,1.0,0.06184909000000001,0.2,0.26184909
70,0.1,0.055999982999999996,0.2,0.075999983
70,0.2,0.055999982999999996,0.2,0.095999983
70,0.3,0.055999982999999996,0.2,0.11599998299999999
70,0.4,0.055999982999999996,0.2,0.135999983
70,0.5,0.055999982999999996,0.2,0.155999983
70,0.6,0.055999982999999996,0.2,0.175999983
70,0.7,0.055999982999999996,0.2,0.195999983
70,0.8,0.055999982999999996,0.2,0.21599998300000003
70,0.9,0.055999982999999996,0.2,0.235999983
70,1.0,0.055999982999999996,0.2,0.255999983
71,0.1,0.055999982999999996,0.2,0.075999983
71,0.2,0.055999982999999996,0.2,0.095999983
71,0.3,0.055999982999999996,0.2,0.11599998299999999
71,0.4,0.055999982999999996,0.2,0.135999983
71,0.5,0.055999982999999996,0.2,0.155999983
71,0.6,0.055999982999999996,0.2,0.175999983
71,0.7,0.055999982999999996,0.2,0.195999983
71,0.8,0.055999982999999996,0.2,0.21599998300000003
71,0.9,0.055999982999999996,0.2,0.235999983
71,1.0,0.055999982999999996,0.2,0.255999983
72,0.1,0.055999982999999996,0.3,0.085999983
72,0.2,0.055999982999999996,0.3,0.115999983
72,0.3,0.055999982999999996,0.3,0.145999983
72,0.4,0.055999982999999996,0.3,0.17599998300000003
72,0.5,0.055999982999999996,0.3,0.20599998299999997
72,0.6,0.055999982999999996,0.3,0.23599998299999997
72,0.7,0.12153852279999999,0.2,0.2615385228
72,0.8,0.12153852279999999,0.2,0.2815385228
72,0.9,0.204933066,0.1,0.29493306599999997
72,1.0,0.204933066,0.1,0.304933066
73,0.1,0.0,1.0,0.1
73,0.2,0.0,1.0,0.2
73,0.3,0.0,1.0,0.3
73,0.4,0.14326828179999998,0.6,0.38326828180000005
73,0.5,0.190591298,0.5,0.440591298
73,0.6,0.190591298,0.5,0.490591298
73,0.7,0.190591298,0.5,0.540591298
73,0.8,0.190591298,0.5,0.590591298
73,0.9,0.190591298,0.5,0.640591298
73,1.0,0.190591298,0.5,0.690591298
74,0.1,0.055999982999999996,0.1,0.065999983
74,0.2,0.055999982999999996,0.1,0.075999983
74,0.3,0.055999982999999996,0.1,0.085999983
74,0.4,0.055999982999999996,0.1,0.095999983
74,0.5,0.055999982999999996,0.1,0.10599998299999999
74,0.6,0.055999982999999996,0.1,0.11599998299999999
74,0.7,0.055999982999999996,0.1,0.12599998299999998
74,0.8,0.055999982999999996,0.1,0.135999983
74,0.9,0.055999982999999996,0.1,0.145999983
74,1.0,0.055999982999999996,0.1,0.155999983
75,0.1,0.055999982999999996,0.3,0.085999983
75,0.2,0.055999982999999996,0.3,0.115999983
75,0.3,0.055999982999999996,0.3,0.145999983
75,0.4,0.055999982999999996,0.3,0.17599998300000003
75,0.5,0.055999982999999996,0.3,0.20599998299999997
75,0.6,0.055999982999999996,0.3,0.23599998299999997
75,0.7,0.183167252,0.1,0.253167252
75,0.8,0.183167252,0.1,0.263167252
75,0.9,0.183167252,0.1,0.273167252
75,1.0,0.183167252,0.1,0.28316725200000004
76,0.1,0.06184909000000001,0.2,0.08184909
76,0.2,0.06184909000000001,0.2,0.10184909000000002
76,0.3,0.06184909000000001,0.2,0.12184909
76,0.4,0.06184909000000001,0.2,0.14184909
76,0.5,0.06184909000000001,0.2,0.16184909
76,0.6,0.06184909000000001,0.2,0.18184909
76,0.7,0.06184909000000001,0.2,0.20184908999999998
76,0.8,0.06184909000000001,0.2,0.22184909
76,0.9,0.06184909000000001,0.2,0.24184909000000002
76,1.0,0.06184909000000001,0.2,0.26184909
77,0.1,0.0,1.0,0.1
77,0.2,0.0,1.0,0.2
77,0.3,0.0,1.0,0.3
77,0.4,0.1432682818,0.6,0.38326828180000005
77,0.5,0.19059129799999996,0.5,0.440591298
77,0.6,0.19059129799999996,0.5,0.490591298
77,0.7,0.19059129799999996,0.5,0.540591298
77,0.8,0.19059129799999996,0.5,0.590591298
77,0.9,0.19059129799999996,0.5,0.640591298
77,1.0,0.19059129799999996,0.5,0.690591298
78,0.1,0.0628629048,0.2,0.0828629048
78,0.2,0.0628629048,0.2,0.1028629048
78,0.3,0.0628629048,0.2,0.12286290479999999
78,0.4,0.0628629048,0.2,0.1428629048
78,0.5,0.0628629048,0.2,0.1628629048
78,0.6,0.0628629048,0.2,0.18286290479999998
78,0.7,0.0628629048,0.2,0.2028629048
78,0.8,0.0628629048,0.2,0.2228629048
78,0.9,0.0628629048,0.2,0.2428629048
78,1.0,0.0628629048,0.2,0.2628629048
79,0.1,0.055999982999999996,0.4,0.095999983
79,0.2,0.0805328488,0.2,0.12053284880000001
79,0.3,0.0805328488,0.2,0.1405328488
79,0.4,0.0805328488,0.2,0.16053284880000002
79,0.5,0.0805328488,0.2,0.1805328488
79,0.6,0.0805328488,0.2,0.2005328488
79,0.7,0.0805328488,0.2,0.22053284880000001
79,0.8,0.0805328488,0.2,0.24053284880000003
79,0.9,0.0805328488,0.2,0.2605328488
79,1.0,0.0805328488,0.2,0.28053284879999996
80,0.1,0.06184909000000001,0.2,0.08184909
80,0.2,0.06184909000000001,0.2,0.10184909000000002
80,0.3,0.06184909000000001,0.2,0.12184909
80,0.4,0.06184909000000001,0.2,0.14184909
80,0.5,0.06184909000000001,0.2,0.16184909
80,0.6,0.06184909000000001,0.2,0.18184909
80,0.7,0.06184909000000001,0.2,0.20184908999999998
80,0.8,0.06184909000000001,0.2,0.22184909
80,0.9,0.06184909000000001,0.2,0.24184909000000002
80,1.0,0.06184909000000001,0.2,0.26184909
81,0.1,0.0,1.0,0.1
81,0.2,0.0,1.0,0.2
81,0.3,0.0,1.0,0.3
81,0.4,0.0,1.0,0.4
81,0.5,0.21298567899999998,0.5,0.462985679
81,0.6,0.21298567899999998,0.5,0.512985679
81,0.7,0.21298567899999998,0.5,0.562985679
81,0.8,0.21298567899999998,0.5,0.612985679
81,0.9,0.21298567899999998,0.5,0.6629856789999999
81,1.0,0.21298567899999998,0.5,0.712985679
82,0.1,0.055999982999999996,0.2,0.075999983
82,0.2,0.055999982999999996,0.2,0.095999983
82,0.3,0.055999982999999996,0.2,0.11599998299999999
82,0.4,0.055999982999999996,0.2,0.135999983
82,0.5,0.055999982999999996,0.2,0.155999983
82,0.6,0.055999982999999996,0.2,0.175999983
82,0.7,0.055999982999999996,0.2,0.195999983
82,0.8,0.055999982999999996,0.2,0.21599998300000003
82,0.9,0.055999982999999996,0.2,0.235999983
82,1.0,0.055999982999999996,0.2,0.255999983
83,0.1,0.0,1.0,0.1
83,0.2,0.0,1.0,0.2
83,0.3,0.0,1.0,0.3
83,0.4,0.0,1.0,0.4
83,0.5,0.21298567899999998,0.5,0.462985679
83,0.6,0.21298567899999998,0.5,0.512985679
83,0.7,0.21298567899999998,0.5,0.562985679
83,0.8,0.21298567899999998,0.5,0.612985679
83,0.9,0.21298567899999998,0.5,0.6629856789999999
83,1.0,0.21298567899999998,0.5,0.712985679
84,0.1,0.055999982999999996,0.4,0.095999983
84,0.2,0.0822233956,0.2,0.12222339559999999
84,0.3,0.0822233956,0.2,0.1422233956
84,0.4,0.0822233956,0.2,0.16222339560000001
84,0.5,0.0822233956,0.2,0.18222339559999998
84,0.6,0.0822233956,0.2,0.2022233956
84,0.7,0.0822233956,0.2,0.22222339559999998
84,0.8,0.0822233956,0.2,0.2422233956
84,0.9,0.0822233956,0.2,0.2622233956
84,1.0,0.0822233956,0.2,0.2822233956
85,0.1,0.0,1.0,0.1
85,0.2,0.0,1.0,0.2
85,0.3,0.0,1.0,0.3
85,0.4,0.30527308799999997,0.0,0.30527308799999997
85,0.5,0.30527308799999997,0.0,0.30527308799999997
85,0.6,0.30527308799999997,0.0,0.30527308799999997
85,0.7,0.30527308799999997,0.0,0.30527308799999997
85,0.8,0.30527308799999997,0.0,0.30527308799999997
85,0.9,0.30527308799999997,0.0,0.30527308799999997
85,1.0,0.30527308799999997,0.0,0.30527308799999997
86,0.1,0.055999982999999996,0.2,0.075999983
86,0.2,0.0714686752,0.1,0.09146867519999999
86,0.3,0.0714686752,0.1,0.1014686752
86,0.4,0.0714686752,0.1,0.11146867519999999
86,0.5,0.0714686752,0.1,0.1214686752
86,0.6,0.0714686752,0.1,0.1314686752
86,0.7,0.0714686752,0.1,0.1414686752
86,0.8,0.0714686752,0.1,0.1514686752
86,0.9,0.0714686752,0.1,0.1614686752
86,1.0,0.0714686752,0.1,0.1714686752
87,0.1,0.055999982999999996,0.4,0.095999983
87,0.2,0.0822233956,0.2,0.12222339559999999
87,0.3,0.0822233956,0.2,0.1422233956
87,0.4,0.0822233956,0.2,0.16222339560000001
87,0.5,0.0822233956,0.2,0.18222339559999998
87,0.6,0.0822233956,0.2,0.2022233956
87,0.7,0.0822233956,0.2,0.22222339559999998
87,0.8,0.0822233956,0.2,0.2422233956
87,0.9,0.0822233956,0.2,0.2622233956
87,1.0,0.0822233956,0.2,0.2822233956
88,0.1,0.055999982999999996,0.2,0.075999983
88,0.2,0.055999982999999996,0.2,0.095999983
88,0.3,0.055999982999999996,0.2,0.11599998299999999
88,0.4,0.055999982999999996,0.2,0.135999983
88,0.5,0.055999982999999996,0.2,0.155999983
88,0.6,0.055999982999999996,0.2,0.175999983
88,0.7,0.055999982999999996,0.2,0.195999983
88,0.8,0.055999982999999996,0.2,0.21599998300000003
88,0.9,0.055999982999999996,0.2,0.235999983
88,1.0,0.055999982999999996,0.2,0.255999983
89,0.1,0.055999982999999996,0.2,0.075999983
89,0.2,0.055999982999999996,0.2,0.095999983
89,0.3,0.055999982999999996,0.2,0.11599998299999999
89,0.4,0.055999982999999996,0.2,0.135999983
89,0.5,0.055999982999999996,0.2,0.155999983
89,0.6,0.055999982999999996,0.2,0.175999983
89,0.7,0.055999982999999996,0.2,0.195999983
89,0.8,0.055999982999999996,0.2,0.21599998300000003
89,0.9,0.055999982999999996,0.2,0.235999983
89,1.0,0.055999982999999996,0.2,0.255999983
90,0.1,0.0626267628,0.2,0.0826267628
90,0.2,0.07494338279999999,0.1,0.09494338279999999
90,0.3,0.07494338279999999,0.1,0.1049433828
90,0.4,0.07494338279999999,0.1,0.11494338279999998
90,0.5,0.07494338279999999,0.1,0.12494338279999999
90,0.6,0.07494338279999999,0.1,0.1349433828
90,0.7,0.07494338279999999,0.1,0.1449433828
90,0.8,0.07494338279999999,0.1,0.1549433828
90,0.9,0.07494338279999999,0.1,0.16494338279999998
90,1.0,0.07494338279999999,0.1,0.1749433828
91,0.1,0.0,1.0,0.1
91,0.2,0.0,1.0,0.2
91,0.3,0.0,1.0,0.3
91,0.4,0.14326828179999998,0.6,0.38326828180000005
91,0.5,0.190591298,0.5,0.440591298
91,0.6,0.190591298,0.5,0.490591298
91,0.7,0.190591298,0.5,0.540591298
91,0.8,0.190591298,0.5,0.590591298
91,0.9,0.190591298,0.5,0.640591298
91,1.0,0.190591298,0.5,0.690591298
92,0.1,0.0578251427,0.1,0.0678251427
92,0.2,0.0578251427,0.1,0.0778251427
92,0.3,0.0578251427,0.1,0.0878251427
92,0.4,0.0578251427,0.1,0.0978251427
92,0.5,0.0578251427,0.1,0.10782514270000002
92,0.6,0.11345931000000001,0.0,0.11345931000000001
92,0.7,0.11345931000000001,0.0,0.11345931000000001
92,0.8,0.11345931000000001,0.0,0.11345931000000001
92,0.9,0.11345931000000001,0.0,0.11345931000000001
92,1.0,0.11345931000000001,0.0,0.11345931000000001
93,0.1,0.056276605300000004,0.3,0.0862766053
93,0.2,0.056276605300000004,0.3,0.11627660530000002
93,0.3,0.056276605300000004,0.3,0.1462766053
93,0.4,0.056276605300000004,0.3,0.17627660530000003
93,0.5,0.056276605300000004,0.3,0.20627660529999997
93,0.6,0.056276605300000004,0.3,0.23627660529999997
93,0.7,0.056276605300000004,0.3,0.26627660529999997
93,0.8,0.056276605300000004,0.3,0.2962766053
93,0.9,0.29999982,0.0,0.29999982
93,1.0,0.29999982,0.0,0.29999982
94,0.1,0.06184909000000001,0.2,0.08184909
94,0.2,0.06184909000000001,0.2,0.10184909000000002
94,0.3,0.06184909000000001,0.2,0.12184909
94,0.4,0.06184909000000001,0.2,0.14184909
94,0.5,0.06184909000000001,0.2,0.16184909
94,0.6,0.06184909000000001,0.2,0.18184909
94,0.7,0.06184909000000001,0.2,0.20184908999999998
94,0.8,0.06184909000000001,0.2,0.22184909
94,0.9,0.06184909000000001,0.2,0.24184909000000002
94,1.0,0.06184909000000001,0.2,0.26184909
95,0.1,0.059329224699999995,0.3,0.0893292247
95,0.2,0.059329224699999995,0.3,0.1193292247
95,0.3,0.059329224699999995,0.3,0.14932922469999999
95,0.4,0.059329224699999995,0.3,0.1793292247
95,0.5,0.059329224699999995,0.3,0.20932922469999998
95,0.6,0.059329224699999995,0.3,0.23932922469999998
95,0.7,0.059329224699999995,0.3,0.2693292247
95,0.8,0.1305992647,0.2,0.2905992647
95,0.9,0.29999982,0.0,0.29999982
95,1.0,0.29999982,0.0,0.29999982
96,0.1,0.0,1.0,0.1
96,0.2,0.0,1.0,0.2
96,0.3,0.0,1.0,0.3
96,0.4,0.14326828179999998,0.6,0.38326828180000005
96,0.5,0.190591298,0.5,0.440591298
96,0.6,0.190591298,0.5,0.490591298
96,0.7,0.190591298,0.5,0.540591298
96,0.8,0.190591298,0.5,0.590591298
96,0.9,0.190591298,0.5,0.640591298
96,1.0,0.190591298,0.5,0.690591298
97,0.1,0.0628629048,0.2,0.0828629048
97,0.2,0.0628629048,0.2,0.1028629048
97,0.3,0.0628629048,0.2,0.12286290479999999
97,0.4,0.0628629048,0.2,0.1428629048
97,0.5,0.0628629048,0.2,0.1628629048
97,0.6,0.0628629048,0.2,0.18286290479999998
97,0.7,0.0628629048,0.2,0.2028629048
97,0.8,0.0628629048,0.2,0.2228629048
97,0.9,0.0628629048,0.2,0.2428629048
97,1.0,0.0628629048,0.2,0.2628629048
98,0.1,0.0625943045,0.1,0.0725943045
98,0.2,0.0625943045,0.1,0.08259430450000001
98,0.3,0.0625943045,0.1,0.09259430449999999
98,0.4,0.0625943045,0.1,0.1025943045
98,0.5,0.0625943045,0.1,0.1125943045
98,0.6,0.0625943045,0.1,0.1225943045
98,0.7,0.0625943045,0.1,0.13259430449999998
98,0.8,0.0625943045,0.1,0.1425943045
98,0.9,0.0625943045,0.1,0.1525943045
98,1.0,0.0625943045,0.1,0.1625943045
99,0.1,0.055999982999999996,0.3,0.085999983
99,0.2,0.055999982999999996,0.3,0.115999983
99,0.3,0.055999982999999996,0.3,0.145999983
99,0.4,0.055999982999999996,0.3,0.17599998300000003
99,0.5,0.055999982999999996,0.3,0.20599998299999997
99,0.6,0.055999982999999996,0.3,0.23599998299999997
99,0.7,0.12153852279999999,0.2,0.2615385228
99,0.8,0.12153852279999999,0.2,0.2815385228
99,0.9,0.204933066,0.1,0.29493306599999997
99,1.0,0.204933066,0.1,0.304933066
100,0.1,0.0,1.0,0.1
100,0.2,0.0,1.0,0.2
100,0.3,0.0,1.0,0.3
100,0.4,0.14326828179999998,0.6,0.38326828180000005
100,0.5,0.190591298,0.5,0.440591298
100,0.6,0.190591298,0.5,0.490591298
100,0.7,0.190591298,0.5,0.540591298
100,0.8,0.190591298,0.5,0.590591298
100,0.9,0.190591298,0.5,0.640591298
100,1.0,0.190591298,0.5,0.690591298
101,0.1,0.06184909000000001,0.2,0.08184909
101,0.2,0.06184909000000001,0.2,0.10184909000000002
101,0.3,0.06184909000000001,0.2,0.12184909
101,0.4,0.06184909000000001,0.2,0.14184909
101,0.5,0.06184909000000001,0.2,0.16184909
101,0.6,0.06184909000000001,0.2,0.18184909
101,0.7,0.06184909000000001,0.2,0.20184908999999998
101,0.8,0.06184909000000001,0.2,0.22184909
101,0.9,0.06184909000000001,0.2,0.24184909000000002
101,1.0,0.06184909000000001,0.2,0.26184909
102,0.1,0.059329224699999995,0.3,0.0893292247
102,0.2,0.059329224699999995,0.3,0.1193292247
102,0.3,0.059329224699999995,0.3,0.14932922469999999
102,0.4,0.059329224699999995,0.3,0.1793292247
102,0.5,0.059329224699999995,0.3,0.20932922469999998
102,0.6,0.059329224699999995,0.3,0.23932922469999998
102,0.7,0.059329224699999995,0.3,0.2693292247
102,0.8,0.1305992647,0.2,0.2905992647
102,0.9,0.29999982,0.0,0.29999982
102,1.0,0.29999982,0.0,0.29999982
103,0.1,0.059329224699999995,0.3,0.0893292247
103,0.2,0.059329224699999995,0.3,0.1193292247
103,0.3,0.059329224699999995,0.3,0.14932922469999999
103,0.4,0.059329224699999995,0.3,0.1793292247
103,0.5,0.059329224699999995,0.3,0.20932922469999998
103,0.6,0.059329224699999995,0.3,0.23932922469999998
103,0.7,0.059329224699999995,0.3,0.2693292247
103,0.8,0.1305992647,0.2,0.2905992647
103,0.9,0.29999982,0.0,0.29999982
103,1.0,0.29999982,0.0,0.29999982
104,0.1,0.0,1.0,0.1
104,0.2,0.0,1.0,0.2
104,0.3,0.0,1.0,0.3
104,0.4,0.30527308799999997,0.0,0.30527308799999997
104,0.5,0.30527308799999997,0.0,0.30527308799999997
104,0.6,0.30527308799999997,0.0,0.30527308799999997
104,0.7,0.30527308799999997,0.0,0.30527308799999997
104,0.8,0.30527308799999997,0.0,0.30527308799999997
104,0.9,0.30527308799999997,0.0,0.30527308799999997
104,1.0,0.30527308799999997,0.0,0.30527308799999997
105,0.1,0.0,1.0,0.1
105,0.2,0.0,1.0,0.2
105,0.3,0.0,1.0,0.3
105,0.4,0.1432682818,0.6,0.38326828180000005
105,0.5,0.19059129799999996,0.5,0.440591298
105,0.6,0.19059129799999996,0.5,0.490591298
105,0.7,0.19059129799999996,0.5,0.540591298
105,0.8,0.19059129799999996,0.5,0.590591298
105,0.9,0.19059129799999996,0.5,0.640591298
105,1.0,0.19059129799999996,0.5,0.690591298
106,0.1,0.0,1.0,0.1
106,0.2,0.0,1.0,0.2
106,0.3,0.0,1.0,0.3
106,0.4,0.0,1.0,0.4
106,0.5,0.21298567899999998,0.5,0.462985679
106,0.6,0.21298567899999998,0.5,0.512985679
106,0.7,0.21298567899999998,0.5,0.562985679
106,0.8,0.21298567899999998,0.5,0.612985679
106,0.9,0.21298567899999998,0.5,0.6629856789999999
106,1.0,0.21298567899999998,0.5,0.712985679
107,0.1,0.0,1.0,0.1
107,0.2,0.0,1.0,0.2
107,0.3,0.0,1.0,0.3
107,0.4,0.0,1.0,0.4
107,0.5,0.21298567899999998,0.5,0.462985679
107,0.6,0.21298567899999998,0.5,0.512985679
107,0.7,0.21298567899999998,0.5,0.562985679
107,0.8,0.21298567899999998,0.5,0.612985679
107,0.9,0.21298567899999998,0.5,0.6629856789999999
107,1.0,0.21298567899999998,0.5,0.712985679
108,0.1,0.0,1.0,0.1
108,0.2,0.0,1.0,0.2
108,0.3,0.025952507000000003,0.9,0.295952507
108,0.4,0.29999982,0.1,0.33999981999999995
108,0.5,0.29999982,0.1,0.34999981999999996
108,0.6,0.29999982,0.1,0.35999981999999997
108,0.7,0.29999982,0.1,0.36999982
108,0.8,0.29999982,0.1,0.37999982
108,0.9,0.29999982,0.1,0.38999982
108,1.0,0.29999982,0.1,0.39999982
109,0.1,0.055999982999999996,0.2,0.075999983
109,0.2,0.055999982999999996,0.2,0.095999983
109,0.3,0.07600296749999999,0.1,0.1060029675
109,0.4,0.07600296749999999,0.1,0.11600296750000001
109,0.5,0.07600296749999999,0.1,0.1260029675
109,0.6,0.07600296749999999,0.1,0.1360029675
109,0.7,0.07600296749999999,0.1,0.1460029675
109,0.8,0.07600296749999999,0.1,0.1560029675
109,0.9,0.07600296749999999,0.1,0.16600296750000001
109,1.0,0.07600296749999999,0.1,0.1760029675
110,0.1,0.055999982999999996,0.2,0.075999983
110,0.2,0.055999982999999996,0.2,0.095999983
110,0.3,0.055999982999999996,0.2,0.11599998299999999
110,0.4,0.055999982999999996,0.2,0.135999983
110,0.5,0.055999982999999996,0.2,0.155999983
110,0.6,0.11482017940000003,0.1,0.17482017940000003
110,0.7,0.11482017940000003,0.1,0.1848201794
110,0.8,0.11482017940000003,0.1,0.19482017940000002
110,0.9,0.11482017940000003,0.1,0.20482017940000002
110,1.0,0.11482017940000003,0.1,0.21482017940000003
111,0.1,0.055999982999999996,0.1,0.065999983
111,0.2,0.055999982999999996,0.1,0.075999983
111,0.3,0.055999982999999996,0.1,0.085999983
111,0.4,0.055999982999999996,0.1,0.095999983
111,0.5,0.055999982999999996,0.1,0.10599998299999999
111,0.6,0.055999982999999996,0.1,0.11599998299999999
111,0.7,0.055999982999999996,0.1,0.12599998299999998
111,0.8,0.055999982999999996,0.1,0.135999983
111,0.9,0.055999982999999996,0.1,0.145999983
111,1.0,0.055999982999999996,0.1,0.155999983
112,0.1,0.0,1.0,0.1
112,0.2,0.0,1.0,0.2
112,0.3,0.0,1.0,0.3
112,0.4,0.30527308799999997,0.0,0.30527308799999997
112,0.5,0.30527308799999997,0.0,0.30527308799999997
112,0.6,0.30527308799999997,0.0,0.30527308799999997
112,0.7,0.30527308799999997,0.0,0.30527308799999997
112,0.8,0.30527308799999997,0.0,0.30527308799999997
112,0.9,0.30527308799999997,0.0,0.30527308799999997
112,1.0,0.30527308799999997,0.0,0.30527308799999997
113,0.1,0.055999982999999996,0.3,0.085999983
113,0.2,0.055999982999999996,0.3,0.115999983
113,0.3,0.055999982999999996,0.3,0.145999983
113,0.4,0.055999982999999996,0.3,0.17599998300000003
113,0.5,0.055999982999999996,0.3,0.20599998299999997
113,0.6,0.055999982999999996,0.3,0.23599998299999997
113,0.7,0.1845359058,0.1,0.25453590579999996
113,0.8,0.1845359058,0.1,0.2645359058
113,0.9,0.1845359058,0.1,0.2745359058
113,1.0,0.1845359058,0.1,0.2845359058
114,0.1,0.055999982999999996,0.1,0.065999983
114,0.2,0.055999982999999996,0.1,0.075999983
114,0.3,0.055999982999999996,0.1,0.085999983
114,0.4,0.055999982999999996,0.1,0.095999983
114,0.5,0.055999982999999996,0.1,0.10599998299999999
114,0.6,0.055999982999999996,0.1,0.11599998299999999
114,0.7,0.055999982999999996,0.1,0.12599998299999998
114,0.8,0.055999982999999996,0.1,0.135999983
114,0.9,0.055999982999999996,0.1,0.145999983
114,1.0,0.055999982999999996,0.1,0.155999983
115,0.1,0.055999982999999996,0.2,0.075999983
115,0.2,0.0714686752,0.1,0.09146867519999999
115,0.3,0.0714686752,0.1,0.1014686752
115,0.4,0.0714686752,0.1,0.11146867519999999
115,0.5,0.0714686752,0.1,0.1214686752
115,0.6,0.0714686752,0.1,0.1314686752
115,0.7,0.0714686752,0.1,0.1414686752
115,0.8,0.0714686752,0.1,0.1514686752
115,0.9,0.0714686752,0.1,0.1614686752
115,1.0,0.0714686752,0.1,0.1714686752
116,0.1,0.06184909000000001,0.2,0.08184909
116,0.2,0.06184909000000001,0.2,0.10184909000000002
116,0.3,0.06184909000000001,0.2,0.12184909
116,0.4,0.06184909000000001,0.2,0.14184909
116,0.5,0.06184909000000001,0.2,0.16184909
116,0.6,0.06184909000000001,0.2,0.18184909
116,0.7,0.06184909000000001,0.2,0.20184908999999998
116,0.8,0.06184909000000001,0.2,0.22184909
116,0.9,0.06184909000000001,0.2,0.24184909000000002
116,1.0,0.06184909000000001,0.2,0.26184909
117,0.1,0.059329224699999995,0.3,0.0893292247
117,0.2,0.059329224699999995,0.3,0.1193292247
117,0.3,0.059329224699999995,0.3,0.14932922469999999
117,0.4,0.059329224699999995,0.3,0.1793292247
117,0.5,0.059329224699999995,0.3,0.20932922469999998
117,0.6,0.059329224699999995,0.3,0.23932922469999998
117,0.7,0.059329224699999995,0.3,0.2693292247
117,0.8,0.1305992647,0.2,0.2905992647
117,0.9,0.29999982,0.0,0.29999982
117,1.0,0.29999982,0.0,0.29999982
118,0.1,0.0,1.0,0.1
118,0.2,0.0,1.0,0.2
118,0.3,0.0,1.0,0.3
118,0.4,0.1404649498,0.6,0.3804649498
118,0.5,0.1404649498,0.6,0.44046494979999995
118,0.6,0.1404649498,0.6,0.5004649497999999
118,0.7,0.1404649498,0.6,0.5604649497999998
118,0.8,0.1404649498,0.6,0.6204649498
118,0.9,0.223982078,0.5,0.6739820780000001
118,1.0,0.41329030099999997,0.3,0.713290301
119,0.1,0.0,1.0,0.1
119,0.2,0.0,1.0,0.2
119,0.3,0.0,1.0,0.3
119,0.4,0.1404649498,0.6,0.3804649498
119,0.5,0.1404649498,0.6,0.44046494979999995
119,0.6,0.1404649498,0.6,0.5004649497999999
119,0.7,0.1404649498,0.6,0.5604649497999998
119,0.8,0.1404649498,0.6,0.6204649498
119,0.9,0.223982078,0.5,0.6739820780000001
119,1.0,0.41329030099999997,0.3,0.713290301
120,0.1,0.055999982999999996,0.1,0.065999983
120,0.2,0.055999982999999996,0.1,0.075999983
120,0.3,0.055999982999999996,0.1,0.085999983
120,0.4,0.055999982999999996,0.1,0.095999983
120,0.5,0.055999982999999996,0.1,0.10599998299999999
120,0.6,0.11466661999999998,0.0,0.11466661999999998
120,0.7,0.11466661999999998,0.0,0.11466661999999998
120,0.8,0.11466661999999998,0.0,0.11466661999999998
120,0.9,0.11466661999999998,0.0,0.11466661999999998
120,1.0,0.11466661999999998,0.0,0.11466661999999998
121,0.1,0.055999982999999996,0.2,0.075999983
121,0.2,0.055999982999999996,0.2,0.095999983
121,0.3,0.07600296749999999,0.1,0.1060029675
121,0.4,0.07600296749999999,0.1,0.11600296750000001
121,0.5,0.07600296749999999,0.1,0.1260029675
121,0.6,0.07600296749999999,0.1,0.1360029675
121,0.7,0.07600296749999999,0.1,0.1460029675
121,0.8,0.07600296749999999,0.1,0.1560029675
121,0.9,0.07600296749999999,0.1,0.16600296750000001
121,1.0,0.07600296749999999,0.1,0.1760029675
122,0.1,0.055999982999999996,0.3,0.085999983
122,0.2,0.055999982999999996,0.3,0.115999983
122,0.3,0.055999982999999996,0.3,0.145999983
122,0.4,0.055999982999999996,0.3,0.17599998300000003
122,0.5,0.055999982999999996,0.3,0.20599998299999997
122,0.6,0.055999982999999996,0.3,0.23599998299999997
122,0.7,0.12153852279999999,0.2,0.2615385228
122,0.8,0.12153852279999999,0.2,0.2815385228
122,0.9,0.204933066,0.1,0.29493306599999997
122,1.0,0.204933066,0.1,0.304933066
123,0.1,0.055999982999999996,0.3,0.085999983
123,0.2,0.0750216316,0.2,0.11502163159999998
123,0.3,0.0750216316,0.2,0.1350216316
123,0.4,0.0750216316,0.2,0.1550216316
123,0.5,0.0750216316,0.2,0.1750216316
123,0.6,0.0750216316,0.2,0.1950216316
123,0.7,0.0750216316,0.2,0.21502163159999998
123,0.8,0.0750216316,0.2,0.2350216316
123,0.9,0.0750216316,0.2,0.2550216316
123,1.0,0.0750216316,0.2,0.2750216316
124,0.1,0.06184909000000001,0.2,0.08184909
124,0.2,0.06184909000000001,0.2,0.10184909000000002
124,0.3,0.06184909000000001,0.2,0.12184909
124,0.4,0.06184909000000001,0.2,0.14184909
124,0.5,0.06184909000000001,0.2,0.16184909
124,0.6,0.06184909000000001,0.2,0.18184909
124,0.7,0.06184909000000001,0.2,0.20184908999999998
124,0.8,0.06184909000000001,0.2,0.22184909
124,0.9,0.06184909000000001,0.2,0.24184909000000002
124,1.0,0.06184909000000001,0.2,0.26184909
125,0.1,0.0626267628,0.2,0.0826267628
125,0.2,0.07494338279999999,0.1,0.09494338279999999
125,0.3,0.07494338279999999,0.1,0.1049433828
125,0.4,0.07494338279999999,0.1,0.11494338279999998
125,0.5,0.07494338279999999,0.1,0.12494338279999999
125,0.6,0.07494338279999999,0.1,0.1349433828
125,0.7,0.07494338279999999,0.1,0.1449433828
125,0.8,0.07494338279999999,0.1,0.1549433828
125,0.9,0.07494338279999999,0.1,0.16494338279999998
125,1.0,0.07494338279999999,0.1,0.1749433828
126,0.1,0.055999982999999996,0.2,0.075999983
126,0.2,0.055999982999999996,0.2,0.095999983
126,0.3,0.055999982999999996,0.2,0.11599998299999999
126,0.4,0.055999982999999996,0.2,0.135999983
126,0.5,0.055999982999999996,0.2,0.155999983
126,0.6,0.11482017940000003,0.1,0.17482017940000003
126,0.7,0.11482017940000003,0.1,0.1848201794
126,0.8,0.11482017940000003,0.1,0.19482017940000002
126,0.9,0.11482017940000003,0.1,0.20482017940000002
126,1.0,0.11482017940000003,0.1,0.21482017940000003
127,0.1,0.055999982999999996,0.3,0.085999983
127,0.2,0.0750216316,0.2,0.11502163159999998
127,0.3,0.0750216316,0.2,0.1350216316
127,0.4,0.0750216316,0.2,0.1550216316
127,0.5,0.0750216316,0.2,0.1750216316
127,0.6,0.0750216316,0.2,0.1950216316
127,0.7,0.0750216316,0.2,0.21502163159999998
127,0.8,0.0750216316,0.2,0.2350216316
127,0.9,0.0750216316,0.2,0.2550216316
127,1.0,0.0750216316,0.2,0.2750216316
128,0.1,0.0,1.0,0.1
128,0.2,0.0,1.0,0.2
128,0.3,0.0,1.0,0.3
128,0.4,0.0,1.0,0.4
128,0.5,0.21298567899999998,0.5,0.462985679
128,0.6,0.21298567899999998,0.5,0.512985679
128,0.7,0.21298567899999998,0.5,0.562985679
128,0.8,0.21298567899999998,0.5,0.612985679
128,0.9,0.21298567899999998,0.5,0.6629856789999999
128,1.0,0.21298567899999998,0.5,0.712985679
129,0.1,0.055999982999999996,0.1,0.065999983
129,0.2,0.055999982999999996,0.1,0.075999983
129,0.3,0.055999982999999996,0.1,0.085999983
129,0.4,0.055999982999999996,0.1,0.095999983
129,0.5,0.055999982999999996,0.1,0.10599998299999999
129,0.6,0.055999982999999996,0.1,0.11599998299999999
129,0.7,0.055999982999999996,0.1,0.12599998299999998
129,0.8,0.055999982999999996,0.1,0.135999983
129,0.9,0.055999982999999996,0.1,0.145999983
129,1.0,0.055999982999999996,0.1,0.155999983
130,0.1,0.055999982999999996,0.1,0.065999983
130,0.2,0.055999982999999996,0.1,0.075999983
130,0.3,0.055999982999999996,0.1,0.085999983
130,0.4,0.055999982999999996,0.1,0.095999983
130,0.5,0.055999982999999996,0.1,0.10599998299999999
130,0.6,0.11466661999999998,0.0,0.11466661999999998
130,0.7,0.11466661999999998,0.0,0.11466661999999998
130,0.8,0.11466661999999998,0.0,0.11466661999999998
130,0.9,0.11466661999999998,0.0,0.11466661999999998
130,1.0,0.11466661999999998,0.0,0.11466661999999998
131,0.1,0.06184909000000001,0.2,0.08184909
131,0.2,0.06184909000000001,0.2,0.10184909000000002
131,0.3,0.06184909000000001,0.2,0.12184909
131,0.4,0.06184909000000001,0.2,0.14184909
131,0.5,0.06184909000000001,0.2,0.16184909
131,0.6,0.06184909000000001,0.2,0.18184909
131,0.7,0.06184909000000001,0.2,0.20184908999999998
131,0.8,0.06184909000000001,0.2,0.22184909
131,0.9,0.06184909000000001,0.2,0.24184909000000002
131,1.0,0.06184909000000001,0.2,0.26184909
132,0.1,0.0,1.0,0.1
132,0.2,0.0,1.0,0.2
132,0.3,0.0,1.0,0.3
132,0.4,0.14326828179999998,0.6,0.38326828180000005
132,0.5,0.190591298,0.5,0.440591298
132,0.6,0.190591298,0.5,0.490591298
132,0.7,0.190591298,0.5,0.540591298
132,0.8,0.190591298,0.5,0.590591298
132,0.9,0.190591298,0.5,0.640591298
132,1.0,0.190591298,0.5,0.690591298
133,0.1,0.06184909000000001,0.2,0.08184909
133,0.2,0.06184909000000001,0.2,0.10184909000000002
133,0.3,0.06184909000000001,0.2,0.12184909
133,0.4,0.06184909000000001,0.2,0.14184909
133,0.5,0.06184909000000001,0.2,0.16184909
133,0.6,0.06184909000000001,0.2,0.18184909
133,0.7,0.06184909000000001,0.2,0.20184908999999998
133,0.8,0.06184909000000001,0.2,0.22184909
133,0.9,0.06184909000000001,0.2,0.24184909000000002
133,1.0,0.06184909000000001,0.2,0.26184909
134,0.1,0.055999982999999996,0.3,0.085999983
134,0.2,0.055999982999999996,0.3,0.115999983
134,0.3,0.055999982999999996,0.3,0.145999983
134,0.4,0.055999982999999996,0.3,0.17599998300000003
134,0.5,0.055999982999999996,0.3,0.20599998299999997
134,0.6,0.055999982999999996,0.3,0.23599998299999997
134,0.7,0.183167252,0.1,0.253167252
134,0.8,0.183167252,0.1,0.263167252
134,0.9,0.183167252,0.1,0.273167252
134,1.0,0.183167252,0.1,0.283167252
135,0.1,0.059329224699999995,0.3,0.0893292247
135,0.2,0.059329224699999995,0.3,0.1193292247
135,0.3,0.059329224699999995,0.3,0.14932922469999999
135,0.4,0.059329224699999995,0.3,0.1793292247
135,0.5,0.059329224699999995,0.3,0.20932922469999998
135,0.6,0.059329224699999995,0.3,0.23932922469999998
135,0.7,0.059329224699999995,0.3,0.2693292247
135,0.8,0.1305992647,0.2,0.2905992647
135,0.9,0.29999982,0.0,0.29999982
135,1.0,0.29999982,0.0,0.29999982
136,0.1,0.055999982999999996,0.3,0.085999983
136,0.2,0.055999982999999996,0.3,0.115999983
136,0.3,0.055999982999999996,0.3,0.145999983
136,0.4,0.055999982999999996,0.3,0.17599998300000003
136,0.5,0.055999982999999996,0.3,0.20599998299999997
136,0.6,0.055999982999999996,0.3,0.23599998299999997
136,0.7,0.183167252,0.1,0.253167252
136,0.8,0.183167252,0.1,0.263167252
136,0.9,0.183167252,0.1,0.273167252
136,1.0,0.183167252,0.1,0.28316725200000004
137,0.1,0.0,1.0,0.1
137,0.2,0.0,1.0,0.2
137,0.3,0.025952507000000003,0.9,0.295952507
137,0.4,0.29999982,0.1,0.33999981999999995
137,0.5,0.29999982,0.1,0.34999981999999996
137,0.6,0.29999982,0.1,0.35999981999999997
137,0.7,0.29999982,0.1,0.36999982
137,0.8,0.29999982,0.1,0.37999982
137,0.9,0.29999982,0.1,0.38999982
137,1.0,0.29999982,0.1,0.39999982
138,0.1,0.0625943045,0.1,0.0725943045
138,0.2,0.0625943045,0.1,0.08259430450000001
138,0.3,0.0625943045,0.1,0.09259430449999999
138,0.4,0.0625943045,0.1,0.1025943045
138,0.5,0.0625943045,0.1,0.1125943045
138,0.6,0.0625943045,0.1,0.1225943045
138,0.7,0.0625943045,0.1,0.13259430449999998
138,0.8,0.0625943045,0.1,0.1425943045
138,0.9,0.0625943045,0.1,0.1525943045
138,1.0,0.0625943045,0.1,0.1625943045
139,0.1,0.055999982999999996,0.1,0.065999983
139,0.2,0.055999982999999996,0.1,0.075999983
139,0.3,0.055999982999999996,0.1,0.085999983
139,0.4,0.055999982999999996,0.1,0.095999983
139,0.5,0.055999982999999996,0.1,0.10599998299999999
139,0.6,0.055999982999999996,0.1,0.11599998299999999
139,0.7,0.055999982999999996,0.1,0.12599998299999998
139,0.8,0.055999982999999996,0.1,0.135999983
139,0.9,0.055999982999999996,0.1,0.145999983
139,1.0,0.055999982999999996,0.1,0.155999983
140,0.1,0.055999982999999996,0.1,0.065999983
140,0.2,0.055999982999999996,0.1,0.075999983
140,0.3,0.055999982999999996,0.1,0.085999983
140,0.4,0.055999982999999996,0.1,0.095999983
140,0.5,0.055999982999999996,0.1,0.10599998299999999
140,0.6,0.055999982999999996,0.1,0.11599998299999999
140,0.7,0.055999982999999996,0.1,0.12599998299999998
140,0.8,0.055999982999999996,0.1,0.135999983
140,0.9,0.055999982999999996,0.1,0.145999983
140,1.0,0.055999982999999996,0.1,0.155999983
141,0.1,0.055999982999999996,0.1,0.065999983
141,0.2,0.055999982999999996,0.1,0.075999983
141,0.3,0.055999982999999996,0.1,0.085999983
141,0.4,0.055999982999999996,0.1,0.095999983
141,0.5,0.055999982999999996,0.1,0.10599998299999999
141,0.6,0.055999982999999996,0.1,0.11599998299999999
141,0.7,0.055999982999999996,0.1,0.12599998299999998
141,0.8,0.055999982999999996,0.1,0.135999983
141,0.9,0.055999982999999996,0.1,0.145999983
141,1.0,0.055999982999999996,0.1,0.155999983
142,0.1,0.0,1.0,0.1
142,0.2,0.0,1.0,0.2
142,0.3,0.0,1.0,0.3
142,0.4,0.30527308799999997,0.0,0.30527308799999997
142,0.5,0.30527308799999997,0.0,0.30527308799999997
142,0.6,0.30527308799999997,0.0,0.30527308799999997
142,0.7,0.30527308799999997,0.0,0.30527308799999997
142,0.8,0.30527308799999997,0.0,0.30527308799999997
142,0.9,0.30527308799999997,0.0,0.30527308799999997
142,1.0,0.30527308799999997,0.0,0.30527308799999997
143,0.1,0.0,1.0,0.1
143,0.2,0.0,1.0,0.2
143,0.3,0.0,1.0,0.3
143,0.4,0.14326828179999998,0.6,0.38326828180000005
143,0.5,0.190591298,0.5,0.440591298
143,0.6,0.190591298,0.5,0.490591298
143,0.7,0.190591298,0.5,0.540591298
143,0.8,0.190591298,0.5,0.590591298
143,0.9,0.190591298,0.5,0.640591298
143,1.0,0.190591298,0.5,0.690591298
144,0.1,0.0626267628,0.2,0.0826267628
144,0.2,0.07494338279999999,0.1,0.09494338279999999
144,0.3,0.07494338279999999,0.1,0.1049433828
144,0.4,0.07494338279999999,0.1,0.11494338279999998
144,0.5,0.07494338279999999,0.1,0.12494338279999999
144,0.6,0.07494338279999999,0.1,0.1349433828
144,0.7,0.07494338279999999,0.1,0.1449433828
144,0.8,0.07494338279999999,0.1,0.1549433828
144,0.9,0.07494338279999999,0.1,0.16494338279999998
144,1.0,0.07494338279999999,0.1,0.1749433828
145,0.1,0.055999982999999996,0.2,0.075999983
145,0.2,0.055999982999999996,0.2,0.095999983
145,0.3,0.055999982999999996,0.2,0.11599998299999999
145,0.4,0.055999982999999996,0.2,0.135999983
145,0.5,0.055999982999999996,0.2,0.155999983
145,0.6,0.055999982999999996,0.2,0.175999983
145,0.7,0.055999982999999996,0.2,0.195999983
145,0.8,0.055999982999999996,0.2,0.21599998300000003
145,0.9,0.055999982999999996,0.2,0.235999983
145,1.0,0.15276290099999998,0.1,0.252762901
146,0.1,0.0626267628,0.2,0.0826267628
146,0.2,0.07494338279999999,0.1,0.09494338279999999
146,0.3,0.07494338279999999,0.1,0.1049433828
146,0.4,0.07494338279999999,0.1,0.11494338279999998
146,0.5,0.07494338279999999,0.1,0.12494338279999999
146,0.6,0.07494338279999999,0.1,0.1349433828
146,0.7,0.07494338279999999,0.1,0.1449433828
146,0.8,0.07494338279999999,0.1,0.1549433828
146,0.9,0.07494338279999999,0.1,0.16494338279999998
146,1.0,0.07494338279999999,0.1,0.1749433828
147,0.1,0.055999982999999996,0.3,0.085999983
147,0.2,0.0750216316,0.2,0.11502163159999998
147,0.3,0.0750216316,0.2,0.1350216316
147,0.4,0.0750216316,0.2,0.1550216316
147,0.5,0.0750216316,0.2,0.1750216316
147,0.6,0.0750216316,0.2,0.1950216316
147,0.7,0.0750216316,0.2,0.21502163159999998
147,0.8,0.0750216316,0.2,0.2350216316
147,0.9,0.0750216316,0.2,0.2550216316
147,1.0,0.0750216316,0.2,0.2750216316
148,0.1,0.055999982999999996,0.3,0.085999983
148,0.2,0.055999982999999996,0.3,0.115999983
148,0.3,0.055999982999999996,0.3,0.145999983
148,0.4,0.055999982999999996,0.3,0.17599998300000003
148,0.5,0.055999982999999996,0.3,0.20599998299999997
148,0.6,0.055999982999999996,0.3,0.23599998299999997
148,0.7,0.18453590579999996,0.1,0.25453590579999996
148,0.8,0.18453590579999996,0.1,0.26453590579999997
148,0.9,0.18453590579999996,0.1,0.2745359058
148,1.0,0.18453590579999996,0.1,0.2845359058
149,0.1,0.055999982999999996,0.3,0.085999983
149,0.2,0.055999982999999996,0.3,0.115999983
149,0.3,0.055999982999999996,0.3,0.145999983
149,0.4,0.055999982999999996,0.3,0.17599998300000003
149,0.5,0.055999982999999996,0.3,0.20599998299999997
149,0.6,0.055999982999999996,0.3,0.23599998299999997
149,0.7,0.12153852279999999,0.2,0.2615385228
149,0.8,0.12153852279999999,0.2,0.2815385228
149,0.9,0.204933066,0.1,0.29493306599999997
149,1.0,0.204933066,0.1,0.304933066
150,0.1,0.055999982999999996,0.1,0.065999983
150,0.2,0.055999982999999996,0.1,0.075999983
150,0.3,0.055999982999999996,0.1,0.085999983
150,0.4,0.055999982999999996,0.1,0.095999983
150,0.5,0.055999982999999996,0.1,0.10599998299999999
150,0.6,0.11466661999999998,0.0,0.11466661999999998
150,0.7,0.11466661999999998,0.0,0.11466661999999998
150,0.8,0.11466661999999998,0.0,0.11466661999999998
150,0.9,0.11466661999999998,0.0,0.11466661999999998
150,1.0,0.11466661999999998,0.0,0.11466661999999998
151,0.1,0.059329224699999995,0.3,0.0893292247
151,0.2,0.059329224699999995,0.3,0.1193292247
151,0.3,0.059329224699999995,0.3,0.14932922469999999
151,0.4,0.059329224699999995,0.3,0.1793292247
151,0.5,0.059329224699999995,0.3,0.20932922469999998
151,0.6,0.059329224699999995,0.3,0.23932922469999998
151,0.7,0.059329224699999995,0.3,0.2693292247
151,0.8,0.1305992647,0.2,0.2905992647
151,0.9,0.29999982,0.0,0.29999982
151,1.0,0.29999982,0.0,0.29999982
152,0.1,0.0628629048,0.2,0.0828629048
152,0.2,0.0628629048,0.2,0.1028629048
152,0.3,0.0628629048,0.2,0.12286290479999999
152,0.4,0.0628629048,0.2,0.1428629048
152,0.5,0.0628629048,0.2,0.1628629048
152,0.6,0.0628629048,0.2,0.18286290479999998
152,0.7,0.0628629048,0.2,0.2028629048
152,0.8,0.0628629048,0.2,0.2228629048
152,0.9,0.0628629048,0.2,0.2428629048
152,1.0,0.0628629048,0.2,0.2628629048
153,0.1,0.0578251427,0.1,0.0678251427
153,0.2,0.0578251427,0.1,0.0778251427
153,0.3,0.0578251427,0.1,0.0878251427
153,0.4,0.0578251427,0.1,0.0978251427
153,0.5,0.0578251427,0.1,0.10782514270000002
153,0.6,0.11345931000000001,0.0,0.11345931000000001
153,0.7,0.11345931000000001,0.0,0.11345931000000001
153,0.8,0.11345931000000001,0.0,0.11345931000000001
153,0.9,0.11345931000000001,0.0,0.11345931000000001
153,1.0,0.11345931000000001,0.0,0.11345931000000001
154,0.1,0.055999982999999996,0.3,0.085999983
154,0.2,0.0750216316,0.2,0.11502163159999998
154,0.3,0.0750216316,0.2,0.1350216316
154,0.4,0.0750216316,0.2,0.1550216316
154,0.5,0.0750216316,0.2,0.1750216316
154,0.6,0.0750216316,0.2,0.1950216316
154,0.7,0.0750216316,0.2,0.21502163159999998
154,0.8,0.0750216316,0.2,0.2350216316
154,0.9,0.0750216316,0.2,0.2550216316
154,1.0,0.0750216316,0.2,0.2750216316
155,0.1,0.0,1.0,0.1
155,0.2,0.0,1.0,0.2
155,0.3,0.0,1.0,0.3
155,0.4,0.1432682818,0.6,0.38326828180000005
155,0.5,0.19059129799999996,0.5,0.440591298
155,0.6,0.19059129799999996,0.5,0.490591298
155,0.7,0.19059129799999996,0.5,0.540591298
155,0.8,0.19059129799999996,0.5,0.590591298
155,0.9,0.19059129799999996,0.5,0.640591298
155,1.0,0.19059129799999996,0.5,0.690591298
156,0.1,0.0,1.0,0.1
156,0.2,0.0,1.0,0.2
156,0.3,0.0,1.0,0.3
156,0.4,0.0,1.0,0.4
156,0.5,0.21298567899999998,0.5,0.462985679
156,0.6,0.21298567899999998,0.5,0.512985679
156,0.7,0.21298567899999998,0.5,0.562985679
156,0.8,0.21298567899999998,0.5,0.612985679
156,0.9,0.21298567899999998,0.5,0.6629856789999999
156,1.0,0.21298567899999998,0.5,0.712985679
157,0.1,0.055999982999999996,0.2,0.075999983
157,0.2,0.055999982999999996,0.2,0.095999983
157,0.3,0.055999982999999996,0.2,0.11599998299999999
157,0.4,0.055999982999999996,0.2,0.135999983
157,0.5,0.055999982999999996,0.2,0.155999983
157,0.6,0.055999982999999996,0.2,0.175999983
157,0.7,0.055999982999999996,0.2,0.195999983
157,0.8,0.055999982999999996,0.2,0.21599998300000003
157,0.9,0.055999982999999996,0.2,0.235999983
157,1.0,0.055999982999999996,0.2,0.255999983
158,0.1,0.0628629048,0.2,0.0828629048
158,0.2,0.0628629048,0.2,0.1028629048
158,0.3,0.0628629048,0.2,0.12286290479999999
158,0.4,0.0628629048,0.2,0.1428629048
158,0.5,0.0628629048,0.2,0.1628629048
158,0.6,0.0628629048,0.2,0.18286290479999998
158,0.7,0.0628629048,0.2,0.2028629048
158,0.8,0.0628629048,0.2,0.2228629048
158,0.9,0.0628629048,0.2,0.2428629048
158,1.0,0.0628629048,0.2,0.2628629048
159,0.1,0.055999982999999996,0.2,0.075999983
159,0.2,0.055999982999999996,0.2,0.095999983
159,0.3,0.055999982999999996,0.2,0.11599998299999999
159,0.4,0.055999982999999996,0.2,0.135999983
159,0.5,0.055999982999999996,0.2,0.155999983
159,0.6,0.11102154039999998,0.1,0.1710215404
159,0.7,0.11102154039999998,0.1,0.1810215404
159,0.8,0.11102154039999998,0.1,0.1910215404
159,0.9,0.11102154039999998,0.1,0.20102154039999998
159,1.0,0.11102154039999998,0.1,0.21102154039999999
160,0.1,0.059329224699999995,0.3,0.0893292247
160,0.2,0.059329224699999995,0.3,0.1193292247
160,0.3,0.059329224699999995,0.3,0.14932922469999999
160,0.4,0.059329224699999995,0.3,0.1793292247
160,0.5,0.059329224699999995,0.3,0.20932922469999998
160,0.6,0.059329224699999995,0.3,0.23932922469999998
160,0.7,0.059329224699999995,0.3,0.2693292247
160,0.8,0.1305992647,0.2,0.2905992647
160,0.9,0.29999982,0.0,0.29999982
160,1.0,0.29999982,0.0,0.29999982
161,0.1,0.06488617049999999,0.1,0.07488617049999999
161,0.2,0.06488617049999999,0.1,0.0848861705
161,0.3,0.06488617049999999,0.1,0.09488617049999999
161,0.4,0.06488617049999999,0.1,0.1048861705
161,0.5,0.06488617049999999,0.1,0.11488617049999998
161,0.6,0.06488617049999999,0.1,0.12488617049999999
161,0.7,0.06488617049999999,0.1,0.1348861705
161,0.8,0.06488617049999999,0.1,0.14488617050000002
161,0.9,0.06488617049999999,0.1,0.1548861705
161,1.0,0.06488617049999999,0.1,0.16488617049999998
162,0.1,0.056276605300000004,0.3,0.0862766053
162,0.2,0.056276605300000004,0.3,0.11627660530000002
162,0.3,0.056276605300000004,0.3,0.1462766053
162,0.4,0.056276605300000004,0.3,0.17627660530000003
162,0.5,0.056276605300000004,0.3,0.20627660529999997
162,0.6,0.056276605300000004,0.3,0.23627660529999997
162,0.7,0.056276605300000004,0.3,0.26627660529999997
162,0.8,0.056276605300000004,0.3,0.2962766053
162,0.9,0.29999982,0.0,0.29999982
162,1.0,0.29999982,0.0,0.29999982
163,0.1,0.0628629048,0.2,0.0828629048
163,0.2,0.0628629048,0.2,0.1028629048
163,0.3,0.0628629048,0.2,0.12286290479999999
163,0.4,0.0628629048,0.2,0.1428629048
163,0.5,0.0628629048,0.2,0.1628629048
163,0.6,0.0628629048,0.2,0.18286290479999998
163,0.7,0.0628629048,0.2,0.2028629048
163,0.8,0.0628629048,0.2,0.2228629048
163,0.9,0.0628629048,0.2,0.2428629048
163,1.0,0.0628629048,0.2,0.2628629048
164,0.1,0.0626267628,0.2,0.0826267628
164,0.2,0.07494338279999999,0.1,0.09494338279999999
164,0.3,0.07494338279999999,0.1,0.1049433828
164,0.4,0.07494338279999999,0.1,0.11494338279999998
164,0.5,0.07494338279999999,0.1,0.12494338279999999
164,0.6,0.07494338279999999,0.1,0.1349433828
164,0.7,0.07494338279999999,0.1,0.1449433828
164,0.8,0.07494338279999999,0.1,0.1549433828
164,0.9,0.07494338279999999,0.1,0.16494338279999998
164,1.0,0.07494338279999999,0.1,0.1749433828
165,0.1,0.0,1.0,0.1
165,0.2,0.0,1.0,0.2
165,0.3,0.0,1.0,0.3
165,0.4,0.14326828179999998,0.6,0.38326828180000005
165,0.5,0.190591298,0.5,0.440591298
165,0.6,0.190591298,0.5,0.490591298
165,0.7,0.190591298,0.5,0.540591298
165,0.8,0.190591298,0.5,0.590591298
165,0.9,0.190591298,0.5,0.640591298
165,1.0,0.190591298,0.5,0.690591298
166,0.1,0.055999982999999996,0.2,0.075999983
166,0.2,0.055999982999999996,0.2,0.095999983
166,0.3,0.055999982999999996,0.2,0.11599998299999999
166,0.4,0.055999982999999996,0.2,0.135999983
166,0.5,0.055999982999999996,0.2,0.155999983
166,0.6,0.055999982999999996,0.2,0.175999983
166,0.7,0.055999982999999996,0.2,0.195999983
166,0.8,0.055999982999999996,0.2,0.21599998300000003
166,0.9,0.055999982999999996,0.2,0.235999983
166,1.0,0.055999982999999996,0.2,0.255999983
167,0.1,0.055999982999999996,0.3,0.085999983
167,0.2,0.0750216316,0.2,0.11502163159999998
167,0.3,0.0750216316,0.2,0.1350216316
167,0.4,0.0750216316,0.2,0.1550216316
167,0.5,0.0750216316,0.2,0.1750216316
167,0.6,0.0750216316,0.2,0.1950216316
167,0.7,0.0750216316,0.2,0.21502163159999998
167,0.8,0.0750216316,0.2,0.2350216316
167,0.9,0.0750216316,0.2,0.2550216316
167,1.0,0.0750216316,0.2,0.2750216316
168,0.1,0.06184909000000001,0.2,0.08184909
168,0.2,0.06184909000000001,0.2,0.10184909000000002
168,0.3,0.06184909000000001,0.2,0.12184909
168,0.4,0.06184909000000001,0.2,0.14184909
168,0.5,0.06184909000000001,0.2,0.16184909
168,0.6,0.06184909000000001,0.2,0.18184909
168,0.7,0.06184909000000001,0.2,0.20184908999999998
168,0.8,0.06184909000000001,0.2,0.22184909
168,0.9,0.06184909000000001,0.2,0.24184909000000002
168,1.0,0.06184909000000001,0.2,0.26184909
169,0.1,0.0626267628,0.2,0.0826267628
169,0.2,0.07494338279999999,0.1,0.09494338279999999
169,0.3,0.07494338279999999,0.1,0.1049433828
169,0.4,0.07494338279999999,0.1,0.11494338279999998
169,0.5,0.07494338279999999,0.1,0.12494338279999999
169,0.6,0.07494338279999999,0.1,0.1349433828
169,0.7,0.07494338279999999,0.1,0.1449433828
169,0.8,0.07494338279999999,0.1,0.1549433828
169,0.9,0.07494338279999999,0.1,0.16494338279999998
169,1.0,0.07494338279999999,0.1,0.1749433828
170,0.1,0.0,1.0,0.1
170,0.2,0.0,1.0,0.2
170,0.3,0.0,1.0,0.3
170,0.4,0.30527308799999997,0.0,0.30527308799999997
170,0.5,0.30527308799999997,0.0,0.30527308799999997
170,0.6,0.30527308799999997,0.0,0.30527308799999997
170,0.7,0.30527308799999997,0.0,0.30527308799999997
170,0.8,0.30527308799999997,0.0,0.30527308799999997
170,0.9,0.30527308799999997,0.0,0.30527308799999997
170,1.0,0.30527308799999997,0.0,0.30527308799999997
171,0.1,0.055999982999999996,0.2,0.075999983
171,0.2,0.055999982999999996,0.2,0.095999983
171,0.3,0.055999982999999996,0.2,0.11599998299999999
171,0.4,0.055999982999999996,0.2,0.135999983
171,0.5,0.055999982999999996,0.2,0.155999983
171,0.6,0.055999982999999996,0.2,0.175999983
171,0.7,0.055999982999999996,0.2,0.195999983
171,0.8,0.055999982999999996,0.2,0.21599998300000003
171,0.9,0.055999982999999996,0.2,0.235999983
171,1.0,0.055999982999999996,0.2,0.255999983
172,0.1,0.055999982999999996,0.2,0.075999983
172,0.2,0.055999982999999996,0.2,0.095999983
172,0.3,0.055999982999999996,0.2,0.11599998299999999
172,0.4,0.055999982999999996,0.2,0.135999983
172,0.5,0.055999982999999996,0.2,0.155999983
172,0.6,0.11482017940000003,0.1,0.17482017940000003
172,0.7,0.11482017940000003,0.1,0.1848201794
172,0.8,0.11482017940000003,0.1,0.19482017940000002
172,0.9,0.11482017940000003,0.1,0.20482017940000002
172,1.0,0.11482017940000003,0.1,0.21482017940000003
173,0.1,0.0626267628,0.2,0.0826267628
173,0.2,0.07494338279999999,0.1,0.09494338279999999
173,0.3,0.07494338279999999,0.1,0.1049433828
173,0.4,0.07494338279999999,0.1,0.11494338279999998
173,0.5,0.07494338279999999,0.1,0.12494338279999999
173,0.6,0.07494338279999999,0.1,0.1349433828
173,0.7,0.07494338279999999,0.1,0.1449433828
173,0.8,0.07494338279999999,0.1,0.1549433828
173,0.9,0.07494338279999999,0.1,0.16494338279999998
173,1.0,0.07494338279999999,0.1,0.1749433828
174,0.1,0.055999982999999996,0.2,0.075999983
174,0.2,0.055999982999999996,0.2,0.095999983
174,0.3,0.055999982999999996,0.2,0.11599998299999999
174,0.4,0.055999982999999996,0.2,0.135999983
174,0.5,0.055999982999999996,0.2,0.155999983
174,0.6,0.055999982999999996,0.2,0.175999983
174,0.7,0.055999982999999996,0.2,0.195999983
174,0.8,0.055999982999999996,0.2,0.21599998300000003
174,0.9,0.055999982999999996,0.2,0.235999983
174,1.0,0.055999982999999996,0.2,0.255999983
175,0.1,0.055999982999999996,0.3,0.085999983
175,0.2,0.055999982999999996,0.3,0.115999983
175,0.3,0.055999982999999996,0.3,0.145999983
175,0.4,0.055999982999999996,0.3,0.17599998300000003
175,0.5,0.055999982999999996,0.3,0.20599998299999997
175,0.6,0.055999982999999996,0.3,0.23599998299999997
175,0.7,0.183167252,0.1,0.253167252
175,0.8,0.183167252,0.1,0.263167252
175,0.9,0.183167252,0.1,0.273167252
175,1.0,0.183167252,0.1,0.28316725200000004
176,0.1,0.055999982999999996,0.3,0.085999983
176,0.2,0.055999982999999996,0.3,0.115999983
176,0.3,0.055999982999999996,0.3,0.145999983
176,0.4,0.055999982999999996,0.3,0.17599998300000003
176,0.5,0.055999982999999996,0.3,0.20599998299999997
176,0.6,0.055999982999999996,0.3,0.23599998299999997
176,0.7,0.12153852279999999,0.2,0.2615385228
176,0.8,0.12153852279999999,0.2,0.2815385228
176,0.9,0.204933066,0.1,0.29493306599999997
176,1.0,0.204933066,0.1,0.304933066
177,0.1,0.059329224699999995,0.3,0.0893292247
177,0.2,0.059329224699999995,0.3,0.1193292247
177,0.3,0.059329224699999995,0.3,0.14932922469999999
177,0.4,0.059329224699999995,0.3,0.1793292247
177,0.5,0.059329224699999995,0.3,0.20932922469999998
177,0.6,0.059329224699999995,0.3,0.23932922469999998
177,0.7,0.059329224699999995,0.3,0.2693292247
177,0.8,0.1305992647,0.2,0.2905992647
177,0.9,0.29999982,0.0,0.29999982
177,1.0,0.29999982,0.0,0.29999982
178,0.1,0.055999982999999996,0.4,0.095999983
178,0.2,0.0805328488,0.2,0.12053284880000001
178,0.3,0.0805328488,0.2,0.1405328488
178,0.4,0.0805328488,0.2,0.16053284880000002
178,0.5,0.0805328488,0.2,0.1805328488
178,0.6,0.0805328488,0.2,0.2005328488
178,0.7,0.0805328488,0.2,0.22053284880000001
178,0.8,0.0805328488,0.2,0.24053284880000003
178,0.9,0.0805328488,0.2,0.2605328488
178,1.0,0.0805328488,0.2,0.28053284879999996
179,0.1,0.06184909000000001,0.2,0.08184909
179,0.2,0.06184909000000001,0.2,0.10184909000000002
179,0.3,0.06184909000000001,0.2,0.12184909
179,0.4,0.06184909000000001,0.2,0.14184909
179,0.5,0.06184909000000001,0.2,0.16184909
179,0.6,0.06184909000000001,0.2,0.18184909
179,0.7,0.06184909000000001,0.2,0.20184908999999998
179,0.8,0.06184909000000001,0.2,0.22184909
179,0.9,0.06184909000000001,0.2,0.24184909000000002
179,1.0,0.06184909000000001,0.2,0.26184909
180,0.1,0.055999982999999996,0.1,0.065999983
180,0.2,0.055999982999999996,0.1,0.075999983
180,0.3,0.055999982999999996,0.1,0.085999983
180,0.4,0.055999982999999996,0.1,0.095999983
180,0.5,0.055999982999999996,0.1,0.10599998299999999
180,0.6,0.055999982999999996,0.1,0.11599998299999999
180,0.7,0.055999982999999996,0.1,0.12599998299999998
180,0.8,0.055999982999999996,0.1,0.135999983
180,0.9,0.055999982999999996,0.1,0.145999983
180,1.0,0.055999982999999996,0.1,0.155999983
181,0.1,0.0,1.0,0.1
181,0.2,0.0,1.0,0.2
181,0.3,0.0,1.0,0.3
181,0.4,0.14326828179999998,0.6,0.38326828180000005
181,0.5,0.190591298,0.5,0.440591298
181,0.6,0.190591298,0.5,0.490591298
181,0.7,0.190591298,0.5,0.540591298
181,0.8,0.190591298,0.5,0.590591298
181,0.9,0.190591298,0.5,0.640591298
181,1.0,0.190591298,0.5,0.690591298
182,0.1,0.059329224699999995,0.3,0.0893292247
182,0.2,0.059329224699999995,0.3,0.1193292247
182,0.3,0.059329224699999995,0.3,0.14932922469999999
182,0.4,0.059329224699999995,0.3,0.1793292247
182,0.5,0.059329224699999995,0.3,0.20932922469999998
182,0.6,0.059329224699999995,0.3,0.23932922469999998
182,0.7,0.059329224699999995,0.3,0.2693292247
182,0.8,0.1305992647,0.2,0.2905992647
182,0.9,0.29999982,0.0,0.29999982
182,1.0,0.29999982,0.0,0.29999982
183,0.1,0.06184909000000001,0.2,0.08184909
183,0.2,0.06184909000000001,0.2,0.10184909000000002
183,0.3,0.06184909000000001,0.2,0.12184909
183,0.4,0.06184909000000001,0.2,0.14184909
183,0.5,0.06184909000000001,0.2,0.16184909
183,0.6,0.06184909000000001,0.2,0.18184909
183,0.7,0.06184909000000001,0.2,0.20184908999999998
183,0.8,0.06184909000000001,0.2,0.22184909
183,0.9,0.06184909000000001,0.2,0.24184909000000002
183,1.0,0.06184909000000001,0.2,0.26184909
184,0.1,0.055999982999999996,0.1,0.065999983
184,0.2,0.055999982999999996,0.1,0.075999983
184,0.3,0.055999982999999996,0.1,0.085999983
184,0.4,0.055999982999999996,0.1,0.095999983
184,0.5,0.055999982999999996,0.1,0.10599998299999999
184,0.6,0.11466661999999998,0.0,0.11466661999999998
184,0.7,0.11466661999999998,0.0,0.11466661999999998
184,0.8,0.11466661999999998,0.0,0.11466661999999998
184,0.9,0.11466661999999998,0.0,0.11466661999999998
184,1.0,0.11466661999999998,0.0,0.11466661999999998
185,0.1,0.055999982999999996,0.3,0.085999983
185,0.2,0.0750216316,0.2,0.11502163159999998
185,0.3,0.0750216316,0.2,0.1350216316
185,0.4,0.0750216316,0.2,0.1550216316
185,0.5,0.0750216316,0.2,0.1750216316
185,0.6,0.0750216316,0.2,0.1950216316
185,0.7,0.0750216316,0.2,0.21502163159999998
185,0.8,0.0750216316,0.2,0.2350216316
185,0.9,0.0750216316,0.2,0.2550216316
185,1.0,0.0750216316,0.2,0.2750216316
186,0.1,0.0,1.0,0.1
186,0.2,0.0,1.0,0.2
186,0.3,0.0,1.0,0.3
186,0.4,0.14326828179999998,0.6,0.38326828180000005
186,0.5,0.190591298,0.5,0.440591298
186,0.6,0.190591298,0.5,0.490591298
186,0.7,0.190591298,0.5,0.540591298
186,0.8,0.190591298,0.5,0.590591298
186,0.9,0.190591298,0.5,0.640591298
186,1.0,0.190591298,0.5,0.690591298
187,0.1,0.055999982999999996,0.2,0.075999983
187,0.2,0.055999982999999996,0.2,0.095999983
187,0.3,0.07600296749999999,0.1,0.1060029675
187,0.4,0.07600296749999999,0.1,0.11600296750000001
187,0.5,0.07600296749999999,0.1,0.1260029675
187,0.6,0.07600296749999999,0.1,0.1360029675
187,0.7,0.07600296749999999,0.1,0.1460029675
187,0.8,0.07600296749999999,0.1,0.1560029675
187,0.9,0.07600296749999999,0.1,0.16600296750000001
187,1.0,0.07600296749999999,0.1,0.1760029675
188,0.1,0.055999982999999996,0.4,0.095999983
188,0.2,0.0822233956,0.2,0.12222339559999999
188,0.3,0.0822233956,0.2,0.1422233956
188,0.4,0.0822233956,0.2,0.16222339560000001
188,0.5,0.0822233956,0.2,0.18222339559999998
188,0.6,0.0822233956,0.2,0.2022233956
188,0.7,0.0822233956,0.2,0.22222339559999998
188,0.8,0.0822233956,0.2,0.2422233956
188,0.9,0.0822233956,0.2,0.2622233956
188,1.0,0.0822233956,0.2,0.2822233956
189,0.1,0.055999982999999996,0.2,0.075999983
189,0.2,0.055999982999999996,0.2,0.095999983
189,0.3,0.055999982999999996,0.2,0.11599998299999999
189,0.4,0.055999982999999996,0.2,0.135999983
189,0.5,0.055999982999999996,0.2,0.155999983
189,0.6,0.055999982999999996,0.2,0.175999983
189,0.7,0.055999982999999996,0.2,0.195999983
189,0.8,0.055999982999999996,0.2,0.21599998300000003
189,0.9,0.055999982999999996,0.2,0.235999983
189,1.0,0.055999982999999996,0.2,0.255999983
190,0.1,0.055999982999999996,0.1,0.065999983
190,0.2,0.055999982999999996,0.1,0.075999983
190,0.3,0.055999982999999996,0.1,0.085999983
190,0.4,0.055999982999999996,0.1,0.095999983
190,0.5,0.055999982999999996,0.1,0.10599998299999999
190,0.6,0.055999982999999996,0.1,0.11599998299999999
190,0.7,0.055999982999999996,0.1,0.12599998299999998
190,0.8,0.055999982999999996,0.1,0.135999983
190,0.9,0.055999982999999996,0.1,0.145999983
190,1.0,0.055999982999999996,0.1,0.155999983
191,0.1,0.055999982999999996,0.1,0.065999983
191,0.2,0.055999982999999996,0.1,0.075999983
191,0.3,0.055999982999999996,0.1,0.085999983
191,0.4,0.055999982999999996,0.1,0.095999983
191,0.5,0.055999982999999996,0.1,0.10599998299999999
191,0.6,0.055999982999999996,0.1,0.11599998299999999
191,0.7,0.055999982999999996,0.1,0.12599998299999998
191,0.8,0.055999982999999996,0.1,0.135999983
191,0.9,0.055999982999999996,0.1,0.145999983
191,1.0,0.055999982999999996,0.1,0.155999983
192,0.1,0.0628629048,0.2,0.0828629048
192,0.2,0.0628629048,0.2,0.1028629048
192,0.3,0.0628629048,0.2,0.12286290479999999
192,0.4,0.0628629048,0.2,0.1428629048
192,0.5,0.0628629048,0.2,0.1628629048
192,0.6,0.0628629048,0.2,0.18286290479999998
192,0.7,0.0628629048,0.2,0.2028629048
192,0.8,0.0628629048,0.2,0.2228629048
192,0.9,0.0628629048,0.2,0.2428629048
192,1.0,0.0628629048,0.2,0.2628629048
193,0.1,0.0626267628,0.2,0.0826267628
193,0.2,0.07494338279999999,0.1,0.09494338279999999
193,0.3,0.07494338279999999,0.1,0.1049433828
193,0.4,0.07494338279999999,0.1,0.11494338279999998
193,0.5,0.07494338279999999,0.1,0.12494338279999999
193,0.6,0.07494338279999999,0.1,0.1349433828
193,0.7,0.07494338279999999,0.1,0.1449433828
193,0.8,0.07494338279999999,0.1,0.1549433828
193,0.9,0.07494338279999999,0.1,0.16494338279999998
193,1.0,0.07494338279999999,0.1,0.1749433828
194,0.1,0.055999982999999996,0.3,0.085999983
194,0.2,0.055999982999999996,0.3,0.115999983
194,0.3,0.055999982999999996,0.3,0.145999983
194,0.4,0.055999982999999996,0.3,0.17599998300000003
194,0.5,0.055999982999999996,0.3,0.20599998299999997
194,0.6,0.055999982999999996,0.3,0.23599998299999997
194,0.7,0.12153852279999999,0.2,0.2615385228
194,0.8,0.12153852279999999,0.2,0.2815385228
194,0.9,0.204933066,0.1,0.29493306599999997
194,1.0,0.204933066,0.1,0.304933066
195,0.1,0.055999982999999996,0.2,0.075999983
195,0.2,0.055999982999999996,0.2,0.095999983
195,0.3,0.055999982999999996,0.2,0.11599998299999999
195,0.4,0.055999982999999996,0.2,0.135999983
195,0.5,0.055999982999999996,0.2,0.155999983
195,0.6,0.11102154039999998,0.1,0.1710215404
195,0.7,0.11102154039999998,0.1,0.1810215404
195,0.8,0.11102154039999998,0.1,0.1910215404
195,0.9,0.11102154039999998,0.1,0.20102154039999998
195,1.0,0.11102154039999998,0.1,0.21102154039999999
196,0.1,0.055999982999999996,0.4,0.095999983
196,0.2,0.0822233956,0.2,0.12222339559999999
196,0.3,0.0822233956,0.2,0.1422233956
196,0.4,0.0822233956,0.2,0.16222339560000001
196,0.5,0.0822233956,0.2,0.18222339559999998
196,0.6,0.0822233956,0.2,0.2022233956
196,0.7,0.0822233956,0.2,0.22222339559999998
196,0.8,0.0822233956,0.2,0.2422233956
196,0.9,0.0822233956,0.2,0.2622233956
196,1.0,0.0822233956,0.2,0.2822233956
197,0.1,0.056276605300000004,0.3,0.0862766053
197,0.2,0.056276605300000004,0.3,0.11627660530000002
197,0.3,0.056276605300000004,0.3,0.1462766053
197,0.4,0.056276605300000004,0.3,0.17627660530000003
197,0.5,0.056276605300000004,0.3,0.20627660529999997
197,0.6,0.056276605300000004,0.3,0.23627660529999997
197,0.7,0.056276605300000004,0.3,0.26627660529999997
197,0.8,0.056276605300000004,0.3,0.2962766053
197,0.9,0.29999982,0.0,0.29999982
197,1.0,0.29999982,0.0,0.29999982
198,0.1,0.06184909000000001,0.2,0.08184909
198,0.2,0.06184909000000001,0.2,0.10184909000000002
198,0.3,0.06184909000000001,0.2,0.12184909
198,0.4,0.06184909000000001,0.2,0.14184909
198,0.5,0.06184909000000001,0.2,0.16184909
198,0.6,0.06184909000000001,0.2,0.18184909
198,0.7,0.06184909000000001,0.2,0.20184908999999998
198,0.8,0.06184909000000001,0.2,0.22184909
198,0.9,0.06184909000000001,0.2,0.24184909000000002
198,1.0,0.06184909000000001,0.2,0.26184909
199,0.1,0.055999982999999996,0.2,0.075999983
199,0.2,0.055999982999999996,0.2,0.095999983
199,0.3,0.055999982999999996,0.2,0.11599998299999999
199,0.4,0.055999982999999996,0.2,0.135999983
199,0.5,0.055999982999999996,0.2,0.155999983
199,0.6,0.055999982999999996,0.2,0.175999983
199,0.7,0.055999982999999996,0.2,0.195999983
199,0.8,0.055999982999999996,0.2,0.21599998300000003
199,0.9,0.055999982999999996,0.2,0.235999983
199,1.0,0.15276290099999998,0.1,0.252762901
200,0.1,0.0,1.0,0.1
200,0.2,0.0,1.0,0.2
200,0.3,0.0,1.0,0.3
200,0.4,0.0,1.0,0.4
200,0.5,0.21298567899999998,0.5,0.462985679
200,0.6,0.21298567899999998,0.5,0.512985679
200,0.7,0.21298567899999998,0.5,0.562985679
200,0.8,0.21298567899999998,0.5,0.612985679
200,0.9,0.21298567899999998,0.5,0.6629856789999999
200,1.0,0.21298567899999998,0.5,0.712985679
201,0.1,0.0626267628,0.2,0.0826267628
201,0.2,0.07494338279999999,0.1,0.09494338279999999
201,0.3,0.07494338279999999,0.1,0.1049433828
201,0.4,0.07494338279999999,0.1,0.11494338279999998
201,0.5,0.07494338279999999,0.1,0.12494338279999999
201,0.6,0.07494338279999999,0.1,0.1349433828
201,0.7,0.07494338279999999,0.1,0.1449433828
201,0.8,0.07494338279999999,0.1,0.1549433828
201,0.9,0.07494338279999999,0.1,0.16494338279999998
201,1.0,0.07494338279999999,0.1,0.1749433828
202,0.1,0.055999982999999996,0.3,0.085999983
202,0.2,0.055999982999999996,0.3,0.115999983
202,0.3,0.055999982999999996,0.3,0.145999983
202,0.4,0.055999982999999996,0.3,0.17599998300000003
202,0.5,0.055999982999999996,0.3,0.20599998299999997
202,0.6,0.055999982999999996,0.3,0.23599998299999997
202,0.7,0.12153852279999999,0.2,0.2615385228
202,0.8,0.12153852279999999,0.2,0.2815385228
202,0.9,0.204933066,0.1,0.29493306599999997
202,1.0,0.204933066,0.1,0.304933066
203,0.1,0.055999982999999996,0.2,0.075999983
203,0.2,0.055999982999999996,0.2,0.095999983
203,0.3,0.055999982999999996,0.2,0.11599998299999999
203,0.4,0.055999982999999996,0.2,0.135999983
203,0.5,0.055999982999999996,0.2,0.155999983
203,0.6,0.055999982999999996,0.2,0.175999983
203,0.7,0.055999982999999996,0.2,0.195999983
203,0.8,0.055999982999999996,0.2,0.21599998300000003
203,0.9,0.055999982999999996,0.2,0.235999983
203,1.0,0.055999982999999996,0.2,0.255999983
204,0.1,0.055999982999999996,0.3,0.085999983
204,0.2,0.055999982999999996,0.3,0.115999983
204,0.3,0.055999982999999996,0.3,0.145999983
204,0.4,0.055999982999999996,0.3,0.17599998300000003
204,0.5,0.055999982999999996,0.3,0.20599998299999997
204,0.6,0.055999982999999996,0.3,0.23599998299999997
204,0.7,0.12153852279999999,0.2,0.2615385228
204,0.8,0.12153852279999999,0.2,0.2815385228
204,0.9,0.204933066,0.1,0.29493306599999997
204,1.0,0.204933066,0.1,0.304933066
205,0.1,0.059329224699999995,0.3,0.0893292247
205,0.2,0.059329224699999995,0.3,0.1193292247
205,0.3,0.059329224699999995,0.3,0.14932922469999999
205,0.4,0.059329224699999995,0.3,0.1793292247
205,0.5,0.059329224699999995,0.3,0.20932922469999998
205,0.6,0.059329224699999995,0.3,0.23932922469999998
205,0.7,0.059329224699999995,0.3,0.2693292247
205,0.8,0.1305992647,0.2,0.2905992647
205,0.9,0.29999982,0.0,0.29999982
205,1.0,0.29999982,0.0,0.29999982
206,0.1,0.055999982999999996,0.2,0.075999983
206,0.2,0.055999982999999996,0.2,0.095999983
206,0.3,0.055999982999999996,0.2,0.11599998299999999
206,0.4,0.055999982999999996,0.2,0.135999983
206,0.5,0.055999982999999996,0.2,0.155999983
206,0.6,0.055999982999999996,0.2,0.175999983
206,0.7,0.055999982999999996,0.2,0.195999983
206,0.8,0.055999982999999996,0.2,0.21599998300000003
206,0.9,0.055999982999999996,0.2,0.235999983
206,1.0,0.055999982999999996,0.2,0.255999983
207,0.1,0.055999982999999996,0.1,0.065999983
207,0.2,0.055999982999999996,0.1,0.075999983
207,0.3,0.055999982999999996,0.1,0.085999983
207,0.4,0.055999982999999996,0.1,0.095999983
207,0.5,0.055999982999999996,0.1,0.10599998299999999
207,0.6,0.055999982999999996,0.1,0.11599998299999999
207,0.7,0.055999982999999996,0.1,0.12599998299999998
207,0.8,0.055999982999999996,0.1,0.135999983
207,0.9,0.055999982999999996,0.1,0.145999983
207,1.0,0.055999982999999996,0.1,0.155999983
208,0.1,0.0,1.0,0.1
208,0.2,0.0,1.0,0.2
208,0.3,0.0,1.0,0.3
208,0.4,0.14326828179999998,0.6,0.38326828180000005
208,0.5,0.190591298,0.5,0.440591298
208,0.6,0.190591298,0.5,0.490591298
208,0.7,0.190591298,0.5,0.540591298
208,0.8,0.190591298,0.5,0.590591298
208,0.9,0.190591298,0.5,0.640591298
208,1.0,0.190591298,0.5,0.690591298
209,0.1,0.059329224699999995,0.3,0.0893292247
209,0.2,0.059329224699999995,0.3,0.1193292247
209,0.3,0.059329224699999995,0.3,0.14932922469999999
209,0.4,0.059329224699999995,0.3,0.1793292247
209,0.5,0.059329224699999995,0.3,0.20932922469999998
209,0.6,0.059329224699999995,0.3,0.23932922469999998
209,0.7,0.059329224699999995,0.3,0.2693292247
209,0.8,0.1305992647,0.2,0.2905992647
209,0.9,0.29999982,0.0,0.29999982
209,1.0,0.29999982,0.0,0.29999982
210,0.1,0.055999982999999996,0.2,0.075999983
210,0.2,0.055999982999999996,0.2,0.095999983
210,0.3,0.07600296749999999,0.1,0.1060029675
210,0.4,0.07600296749999999,0.1,0.11600296750000001
210,0.5,0.07600296749999999,0.1,0.1260029675
210,0.6,0.07600296749999999,0.1,0.1360029675
210,0.7,0.07600296749999999,0.1,0.1460029675
210,0.8,0.07600296749999999,0.1,0.1560029675
210,0.9,0.07600296749999999,0.1,0.16600296750000001
210,1.0,0.07600296749999999,0.1,0.1760029675
211,0.1,0.0,1.0,0.1
211,0.2,0.0,1.0,0.2
211,0.3,0.0,1.0,0.3
211,0.4,0.14326828179999998,0.6,0.38326828180000005
211,0.5,0.190591298,0.5,0.440591298
211,0.6,0.190591298,0.5,0.490591298
211,0.7,0.190591298,0.5,0.540591298
211,0.8,0.190591298,0.5,0.590591298
211,0.9,0.190591298,0.5,0.640591298
211,1.0,0.190591298,0.5,0.690591298
212,0.1,0.0628629048,0.2,0.0828629048
212,0.2,0.0628629048,0.2,0.1028629048
212,0.3,0.0628629048,0.2,0.12286290479999999
212,0.4,0.0628629048,0.2,0.1428629048
212,0.5,0.0628629048,0.2,0.1628629048
212,0.6,0.0628629048,0.2,0.18286290479999998
212,0.7,0.0628629048,0.2,0.2028629048
212,0.8,0.0628629048,0.2,0.2228629048
212,0.9,0.0628629048,0.2,0.2428629048
212,1.0,0.0628629048,0.2,0.2628629048
213,0.1,0.055999982999999996,0.3,0.085999983
213,0.2,0.055999982999999996,0.3,0.115999983
213,0.3,0.055999982999999996,0.3,0.145999983
213,0.4,0.055999982999999996,0.3,0.17599998300000003
213,0.5,0.055999982999999996,0.3,0.20599998299999997
213,0.6,0.055999982999999996,0.3,0.23599998299999997
213,0.7,0.183167252,0.1,0.253167252
213,0.8,0.183167252,0.1,0.263167252
213,0.9,0.183167252,0.1,0.273167252
213,1.0,0.183167252,0.1,0.28316725200000004
214,0.1,0.055999982999999996,0.2,0.075999983
214,0.2,0.055999982999999996,0.2,0.095999983
214,0.3,0.055999982999999996,0.2,0.11599998299999999
214,0.4,0.055999982999999996,0.2,0.135999983
214,0.5,0.055999982999999996,0.2,0.155999983
214,0.6,0.055999982999999996,0.2,0.175999983
214,0.7,0.055999982999999996,0.2,0.195999983
214,0.8,0.055999982999999996,0.2,0.21599998300000003
214,0.9,0.055999982999999996,0.2,0.235999983
214,1.0,0.15276290099999998,0.1,0.252762901
215,0.1,0.055999982999999996,0.2,0.075999983
215,0.2,0.055999982999999996,0.2,0.095999983
215,0.3,0.055999982999999996,0.2,0.11599998299999999
215,0.4,0.055999982999999996,0.2,0.135999983
215,0.5,0.055999982999999996,0.2,0.155999983
215,0.6,0.055999982999999996,0.2,0.175999983
215,0.7,0.055999982999999996,0.2,0.195999983
215,0.8,0.055999982999999996,0.2,0.21599998300000003
215,0.9,0.055999982999999996,0.2,0.235999983
215,1.0,0.055999982999999996,0.2,0.255999983
216,0.1,0.0578251427,0.1,0.0678251427
216,0.2,0.0578251427,0.1,0.0778251427
216,0.3,0.0578251427,0.1,0.0878251427
216,0.4,0.0578251427,0.1,0.0978251427
216,0.5,0.0578251427,0.1,0.10782514270000002
216,0.6,0.11345931000000001,0.0,0.11345931000000001
216,0.7,0.11345931000000001,0.0,0.11345931000000001
216,0.8,0.11345931000000001,0.0,0.11345931000000001
216,0.9,0.11345931000000001,0.0,0.11345931000000001
216,1.0,0.11345931000000001,0.0,0.11345931000000001
217,0.1,0.0,1.0,0.1
217,0.2,0.0,1.0,0.2
217,0.3,0.0,1.0,0.3
217,0.4,0.14326828179999998,0.6,0.38326828180000005
217,0.5,0.190591298,0.5,0.440591298
217,0.6,0.190591298,0.5,0.490591298
217,0.7,0.190591298,0.5,0.540591298
217,0.8,0.190591298,0.5,0.590591298
217,0.9,0.190591298,0.5,0.640591298
217,1.0,0.190591298,0.5,0.690591298
218,0.1,0.055999982999999996,0.3,0.085999983
218,0.2,0.055999982999999996,0.3,0.115999983
218,0.3,0.055999982999999996,0.3,0.145999983
218,0.4,0.055999982999999996,0.3,0.17599998300000003
218,0.5,0.055999982999999996,0.3,0.20599998299999997
218,0.6,0.055999982999999996,0.3,0.23599998299999997
218,0.7,0.12153852279999999,0.2,0.2615385228
218,0.8,0.12153852279999999,0.2,0.2815385228
218,0.9,0.204933066,0.1,0.29493306599999997
218,1.0,0.204933066,0.1,0.304933066
219,0.1,0.055999982999999996,0.3,0.085999983
219,0.2,0.055999982999999996,0.3,0.115999983
219,0.3,0.055999982999999996,0.3,0.145999983
219,0.4,0.055999982999999996,0.3,0.17599998300000003
219,0.5,0.055999982999999996,0.3,0.20599998299999997
219,0.6,0.055999982999999996,0.3,0.23599998299999997
219,0.7,0.12153852279999999,0.2,0.2615385228
219,0.8,0.12153852279999999,0.2,0.2815385228
219,0.9,0.204933066,0.1,0.29493306599999997
219,1.0,0.204933066,0.1,0.304933066
220,0.1,0.06488617049999999,0.1,0.07488617049999999
220,0.2,0.06488617049999999,0.1,0.0848861705
220,0.3,0.06488617049999999,0.1,0.09488617049999999
220,0.4,0.06488617049999999,0.1,0.1048861705
220,0.5,0.06488617049999999,0.1,0.11488617049999998
220,0.6,0.06488617049999999,0.1,0.12488617049999999
220,0.7,0.06488617049999999,0.1,0.1348861705
220,0.8,0.06488617049999999,0.1,0.14488617050000002
220,0.9,0.06488617049999999,0.1,0.1548861705
220,1.0,0.06488617049999999,0.1,0.16488617049999998
221,0.1,0.0626267628,0.2,0.0826267628
221,0.2,0.07494338279999999,0.1,0.09494338279999999
221,0.3,0.07494338279999999,0.1,0.1049433828
221,0.4,0.07494338279999999,0.1,0.11494338279999998
221,0.5,0.07494338279999999,0.1,0.12494338279999999
221,0.6,0.07494338279999999,0.1,0.1349433828
221,0.7,0.07494338279999999,0.1,0.1449433828
221,0.8,0.07494338279999999,0.1,0.1549433828
221,0.9,0.07494338279999999,0.1,0.16494338279999998
221,1.0,0.07494338279999999,0.1,0.1749433828
222,0.1,0.055999982999999996,0.4,0.095999983
222,0.2,0.0805328488,0.2,0.12053284880000001
222,0.3,0.0805328488,0.2,0.1405328488
222,0.4,0.0805328488,0.2,0.16053284880000002
222,0.5,0.0805328488,0.2,0.1805328488
222,0.6,0.0805328488,0.2,0.2005328488
222,0.7,0.0805328488,0.2,0.22053284880000001
222,0.8,0.0805328488,0.2,0.24053284880000003
222,0.9,0.0805328488,0.2,0.2605328488
222,1.0,0.0805328488,0.2,0.28053284879999996
223,0.1,0.055999982999999996,0.3,0.085999983
223,0.2,0.055999982999999996,0.3,0.115999983
223,0.3,0.055999982999999996,0.3,0.145999983
223,0.4,0.055999982999999996,0.3,0.17599998300000003
223,0.5,0.055999982999999996,0.3,0.20599998299999997
223,0.6,0.055999982999999996,0.3,0.23599998299999997
223,0.7,0.12153852279999999,0.2,0.2615385228
223,0.8,0.12153852279999999,0.2,0.2815385228
223,0.9,0.204933066,0.1,0.29493306599999997
223,1.0,0.204933066,0.1,0.304933066
224,0.1,0.055999982999999996,0.2,0.075999983
224,0.2,0.055999982999999996,0.2,0.095999983
224,0.3,0.055999982999999996,0.2,0.11599998299999999
224,0.4,0.055999982999999996,0.2,0.135999983
224,0.5,0.055999982999999996,0.2,0.155999983
224,0.6,0.11482017940000003,0.1,0.17482017940000003
224,0.7,0.11482017940000003,0.1,0.1848201794
224,0.8,0.11482017940000003,0.1,0.19482017940000002
224,0.9,0.11482017940000003,0.1,0.20482017940000002
224,1.0,0.11482017940000003,0.1,0.21482017940000003
225,0.1,0.055999982999999996,0.4,0.095999983
225,0.2,0.0822233956,0.2,0.12222339559999999
225,0.3,0.0822233956,0.2,0.1422233956
225,0.4,0.0822233956,0.2,0.16222339560000001
225,0.5,0.0822233956,0.2,0.18222339559999998
225,0.6,0.0822233956,0.2,0.2022233956
225,0.7,0.0822233956,0.2,0.22222339559999998
225,0.8,0.0822233956,0.2,0.2422233956
225,0.9,0.0822233956,0.2,0.2622233956
225,1.0,0.0822233956,0.2,0.2822233956
226,0.1,0.0,1.0,0.1
226,0.2,0.0,1.0,0.2
226,0.3,0.0,1.0,0.3
226,0.4,0.1404649498,0.6,0.3804649498
226,0.5,0.1404649498,0.6,0.44046494979999995
226,0.6,0.1404649498,0.6,0.5004649497999999
226,0.7,0.1404649498,0.6,0.5604649497999998
226,0.8,0.1404649498,0.6,0.6204649498
226,0.9,0.223982078,0.5,0.6739820780000001
226,1.0,0.41329030099999997,0.3,0.713290301
227,0.1,0.0,1.0,0.1
227,0.2,0.0,1.0,0.2
227,0.3,0.0,1.0,0.3
227,0.4,0.1432682818,0.6,0.38326828180000005
227,0.5,0.19059129799999996,0.5,0.440591298
227,0.6,0.19059129799999996,0.5,0.490591298
227,0.7,0.19059129799999996,0.5,0.540591298
227,0.8,0.19059129799999996,0.5,0.590591298
227,0.9,0.19059129799999996,0.5,0.640591298
227,1.0,0.19059129799999996,0.5,0.690591298
228,0.1,0.06184909000000001,0.2,0.08184909
228,0.2,0.06184909000000001,0.2,0.10184909000000002
228,0.3,0.06184909000000001,0.2,0.12184909
228,0.4,0.06184909000000001,0.2,0.14184909
228,0.5,0.06184909000000001,0.2,0.16184909
228,0.6,0.06184909000000001,0.2,0.18184909
228,0.7,0.06184909000000001,0.2,0.20184908999999998
228,0.8,0.06184909000000001,0.2,0.22184909
228,0.9,0.06184909000000001,0.2,0.24184909000000002
228,1.0,0.06184909000000001,0.2,0.26184909
229,0.1,0.055999982999999996,0.2,0.075999983
229,0.2,0.055999982999999996,0.2,0.095999983
229,0.3,0.0799200077,0.1,0.10992000770000002
229,0.4,0.0799200077,0.1,0.1199200077
229,0.5,0.0799200077,0.1,0.1299200077
229,0.6,0.0799200077,0.1,0.13992000770000002
229,0.7,0.0799200077,0.1,0.1499200077
229,0.8,0.0799200077,0.1,0.1599200077
229,0.9,0.0799200077,0.1,0.1699200077
229,1.0,0.0799200077,0.1,0.1799200077
230,0.1,0.055999982999999996,0.3,0.085999983
230,0.2,0.055999982999999996,0.3,0.115999983
230,0.3,0.055999982999999996,0.3,0.145999983
230,0.4,0.055999982999999996,0.3,0.17599998300000003
230,0.5,0.055999982999999996,0.3,0.20599998299999997
230,0.6,0.055999982999999996,0.3,0.23599998299999997
230,0.7,0.12153852279999999,0.2,0.2615385228
230,0.8,0.12153852279999999,0.2,0.2815385228
230,0.9,0.204933066,0.1,0.29493306599999997
230,1.0,0.204933066,0.1,0.304933066
231,0.1,0.0,1.0,0.1
231,0.2,0.0,1.0,0.2
231,0.3,0.0,1.0,0.3
231,0.4,0.14326828179999998,0.6,0.38326828180000005
231,0.5,0.190591298,0.5,0.440591298
231,0.6,0.190591298,0.5,0.490591298
231,0.7,0.190591298,0.5,0.540591298
231,0.8,0.190591298,0.5,0.590591298
231,0.9,0.190591298,0.5,0.640591298
231,1.0,0.190591298,0.5,0.690591298
232,0.1,0.0,1.0,0.1
232,0.2,0.0,1.0,0.2
232,0.3,0.025952507000000003,0.9,0.295952507
232,0.4,0.29999982,0.1,0.33999981999999995
232,0.5,0.29999982,0.1,0.34999981999999996
232,0.6,0.29999982,0.1,0.35999981999999997
232,0.7,0.29999982,0.1,0.36999982
232,0.8,0.29999982,0.1,0.37999982
232,0.9,0.29999982,0.1,0.38999982
232,1.0,0.29999982,0.1,0.39999982
233,0.1,0.06184909000000001,0.2,0.08184909
233,0.2,0.06184909000000001,0.2,0.10184909000000002
233,0.3,0.06184909000000001,0.2,0.12184909
233,0.4,0.06184909000000001,0.2,0.14184909
233,0.5,0.06184909000000001,0.2,0.16184909
233,0.6,0.06184909000000001,0.2,0.18184909
233,0.7,0.06184909000000001,0.2,0.20184908999999998
233,0.8,0.06184909000000001,0.2,0.22184909
233,0.9,0.06184909000000001,0.2,0.24184909000000002
233,1.0,0.06184909000000001,0.2,0.26184909
234,0.1,0.0628629048,0.2,0.0828629048
234,0.2,0.0628629048,0.2,0.1028629048
234,0.3,0.0628629048,0.2,0.12286290479999999
234,0.4,0.0628629048,0.2,0.1428629048
234,0.5,0.0628629048,0.2,0.1628629048
234,0.6,0.0628629048,0.2,0.18286290479999998
234,0.7,0.0628629048,0.2,0.2028629048
234,0.8,0.0628629048,0.2,0.2228629048
234,0.9,0.0628629048,0.2,0.2428629048
234,1.0,0.0628629048,0.2,0.2628629048
235,0.1,0.055999982999999996,0.3,0.085999983
235,0.2,0.055999982999999996,0.3,0.115999983
235,0.3,0.055999982999999996,0.3,0.145999983
235,0.4,0.055999982999999996,0.3,0.17599998300000003
235,0.5,0.055999982999999996,0.3,0.20599998299999997
235,0.6,0.055999982999999996,0.3,0.23599998299999997
235,0.7,0.1845359058,0.1,0.25453590579999996
235,0.8,0.1845359058,0.1,0.2645359058
235,0.9,0.1845359058,0.1,0.2745359058
235,1.0,0.1845359058,0.1,0.2845359058
236,0.1,0.055999982999999996,0.3,0.085999983
236,0.2,0.055999982999999996,0.3,0.115999983
236,0.3,0.055999982999999996,0.3,0.145999983
236,0.4,0.055999982999999996,0.3,0.17599998300000003
236,0.5,0.055999982999999996,0.3,0.20599998299999997
236,0.6,0.055999982999999996,0.3,0.23599998299999997
236,0.7,0.12153852279999999,0.2,0.2615385228
236,0.8,0.12153852279999999,0.2,0.2815385228
236,0.9,0.204933066,0.1,0.29493306599999997
236,1.0,0.204933066,0.1,0.304933066
237,0.1,0.0,1.0,0.1
237,0.2,0.0,1.0,0.2
237,0.3,0.025952507000000003,0.9,0.295952507
237,0.4,0.29999982,0.1,0.33999981999999995
237,0.5,0.29999982,0.1,0.34999981999999996
237,0.6,0.29999982,0.1,0.35999981999999997
237,0.7,0.29999982,0.1,0.36999982
237,0.8,0.29999982,0.1,0.37999982
237,0.9,0.29999982,0.1,0.38999982
237,1.0,0.29999982,0.1,0.39999982
238,0.1,0.055999982999999996,0.3,0.085999983
238,0.2,0.055999982999999996,0.3,0.115999983
238,0.3,0.055999982999999996,0.3,0.145999983
238,0.4,0.055999982999999996,0.3,0.17599998300000003
238,0.5,0.055999982999999996,0.3,0.20599998299999997
238,0.6,0.055999982999999996,0.3,0.23599998299999997
238,0.7,0.18453590579999996,0.1,0.25453590579999996
238,0.8,0.18453590579999996,0.1,0.26453590579999997
238,0.9,0.18453590579999996,0.1,0.2745359058
238,1.0,0.18453590579999996,0.1,0.2845359058
239,0.1,0.0,1.0,0.1
239,0.2,0.0,1.0,0.2
239,0.3,0.0,1.0,0.3
239,0.4,0.14326828179999998,0.6,0.38326828180000005
239,0.5,0.190591298,0.5,0.440591298
239,0.6,0.190591298,0.5,0.490591298
239,0.7,0.190591298,0.5,0.540591298
239,0.8,0.190591298,0.5,0.590591298
239,0.9,0.190591298,0.5,0.640591298
239,1.0,0.190591298,0.5,0.690591298
240,0.1,0.055999982999999996,0.2,0.075999983
240,0.2,0.055999982999999996,0.2,0.095999983
240,0.3,0.0799200077,0.1,0.10992000770000002
240,0.4,0.0799200077,0.1,0.1199200077
240,0.5,0.0799200077,0.1,0.1299200077
240,0.6,0.0799200077,0.1,0.13992000770000002
240,0.7,0.0799200077,0.1,0.1499200077
240,0.8,0.0799200077,0.1,0.1599200077
240,0.9,0.0799200077,0.1,0.1699200077
240,1.0,0.0799200077,0.1,0.1799200077
241,0.1,0.055999982999999996,0.3,0.085999983
241,0.2,0.055999982999999996,0.3,0.115999983
241,0.3,0.055999982999999996,0.3,0.145999983
241,0.4,0.055999982999999996,0.3,0.17599998300000003
241,0.5,0.055999982999999996,0.3,0.20599998299999997
241,0.6,0.055999982999999996,0.3,0.23599998299999997
241,0.7,0.12153852279999999,0.2,0.2615385228
241,0.8,0.12153852279999999,0.2,0.2815385228
241,0.9,0.204933066,0.1,0.29493306599999997
241,1.0,0.204933066,0.1,0.304933066
242,0.1,0.055999982999999996,0.3,0.085999983
242,0.2,0.0750216316,0.2,0.11502163159999998
242,0.3,0.0750216316,0.2,0.1350216316
242,0.4,0.0750216316,0.2,0.1550216316
242,0.5,0.0750216316,0.2,0.1750216316
242,0.6,0.0750216316,0.2,0.1950216316
242,0.7,0.0750216316,0.2,0.21502163159999998
242,0.8,0.0750216316,0.2,0.2350216316
242,0.9,0.0750216316,0.2,0.2550216316
242,1.0,0.0750216316,0.2,0.2750216316
243,0.1,0.055999982999999996,0.2,0.075999983
243,0.2,0.055999982999999996,0.2,0.095999983
243,0.3,0.07600296749999999,0.1,0.1060029675
243,0.4,0.07600296749999999,0.1,0.11600296750000001
243,0.5,0.07600296749999999,0.1,0.1260029675
243,0.6,0.07600296749999999,0.1,0.1360029675
243,0.7,0.07600296749999999,0.1,0.1460029675
243,0.8,0.07600296749999999,0.1,0.1560029675
243,0.9,0.07600296749999999,0.1,0.16600296750000001
243,1.0,0.07600296749999999,0.1,0.1760029675
244,0.1,0.055999982999999996,0.2,0.075999983
244,0.2,0.0714686752,0.1,0.09146867519999999
244,0.3,0.0714686752,0.1,0.1014686752
244,0.4,0.0714686752,0.1,0.11146867519999999
244,0.5,0.0714686752,0.1,0.1214686752
244,0.6,0.0714686752,0.1,0.1314686752
244,0.7,0.0714686752,0.1,0.1414686752
244,0.8,0.0714686752,0.1,0.1514686752
244,0.9,0.0714686752,0.1,0.1614686752
244,1.0,0.0714686752,0.1,0.1714686752
245,0.1,0.0,1.0,0.1
245,0.2,0.0,1.0,0.2
245,0.3,0.0,1.0,0.3
245,0.4,0.14326828179999998,0.6,0.38326828180000005
245,0.5,0.190591298,0.5,0.440591298
245,0.6,0.190591298,0.5,0.490591298
245,0.7,0.190591298,0.5,0.540591298
245,0.8,0.190591298,0.5,0.590591298
245,0.9,0.190591298,0.5,0.640591298
245,1.0,0.190591298,0.5,0.690591298
246,0.1,0.055999982999999996,0.1,0.065999983
246,0.2,0.055999982999999996,0.1,0.075999983
246,0.3,0.055999982999999996,0.1,0.085999983
246,0.4,0.055999982999999996,0.1,0.095999983
246,0.5,0.055999982999999996,0.1,0.10599998299999999
246,0.6,0.11466661999999998,0.0,0.11466661999999998
246,0.7,0.11466661999999998,0.0,0.11466661999999998
246,0.8,0.11466661999999998,0.0,0.11466661999999998
246,0.9,0.11466661999999998,0.0,0.11466661999999998
246,1.0,0.11466661999999998,0.0,0.11466661999999998
247,0.1,0.06184909000000001,0.2,0.08184909
247,0.2,0.06184909000000001,0.2,0.10184909000000002
247,0.3,0.06184909000000001,0.2,0.12184909
247,0.4,0.06184909000000001,0.2,0.14184909
247,0.5,0.06184909000000001,0.2,0.16184909
247,0.6,0.06184909000000001,0.2,0.18184909
247,0.7,0.06184909000000001,0.2,0.20184908999999998
247,0.8,0.06184909000000001,0.2,0.22184909
247,0.9,0.06184909000000001,0.2,0.24184909000000002
247,1.0,0.06184909000000001,0.2,0.26184909
248,0.1,0.055999982999999996,0.1,0.065999983
248,0.2,0.055999982999999996,0.1,0.075999983
248,0.3,0.055999982999999996,0.1,0.085999983
248,0.4,0.055999982999999996,0.1,0.095999983
248,0.5,0.055999982999999996,0.1,0.10599998299999999
248,0.6,0.11466661999999998,0.0,0.11466661999999998
248,0.7,0.11466661999999998,0.0,0.11466661999999998
248,0.8,0.11466661999999998,0.0,0.11466661999999998
248,0.9,0.11466661999999998,0.0,0.11466661999999998
248,1.0,0.11466661999999998,0.0,0.11466661999999998
249,0.1,0.0,1.0,0.1
249,0.2,0.0,1.0,0.2
249,0.3,0.0,1.0,0.3
249,0.4,0.14326828179999998,0.6,0.38326828180000005
249,0.5,0.190591298,0.5,0.440591298
249,0.6,0.190591298,0.5,0.490591298
249,0.7,0.190591298,0.5,0.540591298
249,0.8,0.190591298,0.5,0.590591298
249,0.9,0.190591298,0.5,0.640591298
249,1.0,0.190591298,0.5,0.690591298
250,0.1,0.055999982999999996,0.2,0.075999983
250,0.2,0.055999982999999996,0.2,0.095999983
250,0.3,0.055999982999999996,0.2,0.11599998299999999
250,0.4,0.055999982999999996,0.2,0.135999983
250,0.5,0.055999982999999996,0.2,0.155999983
250,0.6,0.11102154039999998,0.1,0.1710215404
250,0.7,0.11102154039999998,0.1,0.1810215404
250,0.8,0.11102154039999998,0.1,0.1910215404
250,0.9,0.11102154039999998,0.1,0.20102154039999998
250,1.0,0.11102154039999998,0.1,0.21102154039999999
251,0.1,0.0628629048,0.2,0.0828629048
251,0.2,0.0628629048,0.2,0.1028629048
251,0.3,0.0628629048,0.2,0.12286290479999999
251,0.4,0.0628629048,0.2,0.1428629048
251,0.5,0.0628629048,0.2,0.1628629048
251,0.6,0.0628629048,0.2,0.18286290479999998
251,0.7,0.0628629048,0.2,0.2028629048
251,0.8,0.0628629048,0.2,0.2228629048
251,0.9,0.0628629048,0.2,0.2428629048
251,1.0,0.0628629048,0.2,0.2628629048
252,0.1,0.055999982999999996,0.1,0.065999983
252,0.2,0.055999982999999996,0.1,0.075999983
252,0.3,0.055999982999999996,0.1,0.085999983
252,0.4,0.055999982999999996,0.1,0.095999983
252,0.5,0.055999982999999996,0.1,0.10599998299999999
252,0.6,0.11466661999999998,0.0,0.11466661999999998
252,0.7,0.11466661999999998,0.0,0.11466661999999998
252,0.8,0.11466661999999998,0.0,0.11466661999999998
252,0.9,0.11466661999999998,0.0,0.11466661999999998
252,1.0,0.11466661999999998,0.0,0.11466661999999998
253,0.1,0.055999982999999996,0.4,0.095999983
253,0.2,0.0822233956,0.2,0.12222339559999999
253,0.3,0.0822233956,0.2,0.1422233956
253,0.4,0.0822233956,0.2,0.16222339560000001
253,0.5,0.0822233956,0.2,0.18222339559999998
253,0.6,0.0822233956,0.2,0.2022233956
253,0.7,0.0822233956,0.2,0.22222339559999998
253,0.8,0.0822233956,0.2,0.2422233956
253,0.9,0.0822233956,0.2,0.2622233956
253,1.0,0.0822233956,0.2,0.2822233956
254,0.1,0.0,1.0,0.1
254,0.2,0.0,1.0,0.2
254,0.3,0.025952507000000003,0.9,0.295952507
254,0.4,0.29999982,0.1,0.33999981999999995
254,0.5,0.29999982,0.1,0.34999981999999996
254,0.6,0.29999982,0.1,0.35999981999999997
254,0.7,0.29999982,0.1,0.36999982
254,0.8,0.29999982,0.1,0.37999982
254,0.9,0.29999982,0.1,0.38999982
254,1.0,0.29999982,0.1,0.39999982
255,0.1,0.06184909000000001,0.2,0.08184909
255,0.2,0.06184909000000001,0.2,0.10184909000000002
255,0.3,0.06184909000000001,0.2,0.12184909
255,0.4,0.06184909000000001,0.2,0.14184909
255,0.5,0.06184909000000001,0.2,0.16184909
255,0.6,0.06184909000000001,0.2,0.18184909
255,0.7,0.06184909000000001,0.2,0.20184908999999998
255,0.8,0.06184909000000001,0.2,0.22184909
255,0.9,0.06184909000000001,0.2,0.24184909000000002
255,1.0,0.06184909000000001,0.2,0.26184909
256,0.1,0.055999982999999996,0.4,0.095999983
256,0.2,0.0805328488,0.2,0.12053284880000001
256,0.3,0.0805328488,0.2,0.1405328488
256,0.4,0.0805328488,0.2,0.16053284880000002
256,0.5,0.0805328488,0.2,0.1805328488
256,0.6,0.0805328488,0.2,0.2005328488
256,0.7,0.0805328488,0.2,0.22053284880000001
256,0.8,0.0805328488,0.2,0.24053284880000003
256,0.9,0.0805328488,0.2,0.2605328488
256,1.0,0.0805328488,0.2,0.28053284879999996
257,0.1,0.055999982999999996,0.3,0.085999983
257,0.2,0.055999982999999996,0.3,0.115999983
257,0.3,0.055999982999999996,0.3,0.145999983
257,0.4,0.055999982999999996,0.3,0.17599998300000003
257,0.5,0.055999982999999996,0.3,0.20599998299999997
257,0.6,0.055999982999999996,0.3,0.23599998299999997
257,0.7,0.18453590579999996,0.1,0.25453590579999996
257,0.8,0.18453590579999996,0.1,0.26453590579999997
257,0.9,0.18453590579999996,0.1,0.2745359058
257,1.0,0.18453590579999996,0.1,0.2845359058
258,0.1,0.055999982999999996,0.2,0.075999983
258,0.2,0.055999982999999996,0.2,0.095999983
258,0.3,0.055999982999999996,0.2,0.11599998299999999
258,0.4,0.055999982999999996,0.2,0.135999983
258,0.5,0.055999982999999996,0.2,0.155999983
258,0.6,0.055999982999999996,0.2,0.175999983
258,0.7,0.055999982999999996,0.2,0.195999983
258,0.8,0.055999982999999996,0.2,0.21599998300000003
258,0.9,0.055999982999999996,0.2,0.235999983
258,1.0,0.055999982999999996,0.2,0.255999983
259,0.1,0.055999982999999996,0.3,0.085999983
259,0.2,0.055999982999999996,0.3,0.115999983
259,0.3,0.055999982999999996,0.3,0.145999983
259,0.4,0.055999982999999996,0.3,0.17599998300000003
259,0.5,0.055999982999999996,0.3,0.20599998299999997
259,0.6,0.055999982999999996,0.3,0.23599998299999997
259,0.7,0.12153852279999999,0.2,0.2615385228
259,0.8,0.12153852279999999,0.2,0.2815385228
259,0.9,0.204933066,0.1,0.29493306599999997
259,1.0,0.204933066,0.1,0.304933066
260,0.1,0.055999982999999996,0.3,0.085999983
260,0.2,0.055999982999999996,0.3,0.115999983
260,0.3,0.055999982999999996,0.3,0.145999983
260,0.4,0.055999982999999996,0.3,0.17599998300000003
260,0.5,0.055999982999999996,0.3,0.20599998299999997
260,0.6,0.055999982999999996,0.3,0.23599998299999997
260,0.7,0.183167252,0.1,0.253167252
260,0.8,0.183167252,0.1,0.263167252
260,0.9,0.183167252,0.1,0.273167252
260,1.0,0.183167252,0.1,0.28316725200000004
261,0.1,0.055999982999999996,0.3,0.085999983
261,0.2,0.055999982999999996,0.3,0.115999983
261,0.3,0.055999982999999996,0.3,0.145999983
261,0.4,0.055999982999999996,0.3,0.17599998300000003
261,0.5,0.055999982999999996,0.3,0.20599998299999997
261,0.6,0.055999982999999996,0.3,0.23599998299999997
261,0.7,0.183167252,0.1,0.253167252
261,0.8,0.183167252,0.1,0.263167252
261,0.9,0.183167252,0.1,0.273167252
261,1.0,0.183167252,0.1,0.283167252
262,0.1,0.055999982999999996,0.2,0.075999983
262,0.2,0.0714686752,0.1,0.09146867519999999
262,0.3,0.0714686752,0.1,0.1014686752
262,0.4,0.0714686752,0.1,0.11146867519999999
262,0.5,0.0714686752,0.1,0.1214686752
262,0.6,0.0714686752,0.1,0.1314686752
262,0.7,0.0714686752,0.1,0.1414686752
262,0.8,0.0714686752,0.1,0.1514686752
262,0.9,0.0714686752,0.1,0.1614686752
262,1.0,0.0714686752,0.1,0.1714686752
263,0.1,0.0,1.0,0.1
263,0.2,0.0,1.0,0.2
263,0.3,0.0,1.0,0.3
263,0.4,0.30527308799999997,0.0,0.30527308799999997
263,0.5,0.30527308799999997,0.0,0.30527308799999997
263,0.6,0.30527308799999997,0.0,0.30527308799999997
263,0.7,0.30527308799999997,0.0,0.30527308799999997
263,0.8,0.30527308799999997,0.0,0.30527308799999997
263,0.9,0.30527308799999997,0.0,0.30527308799999997
263,1.0,0.30527308799999997,0.0,0.30527308799999997
264,0.1,0.055999982999999996,0.3,0.085999983
264,0.2,0.055999982999999996,0.3,0.115999983
264,0.3,0.055999982999999996,0.3,0.145999983
264,0.4,0.055999982999999996,0.3,0.17599998300000003
264,0.5,0.055999982999999996,0.3,0.20599998299999997
264,0.6,0.055999982999999996,0.3,0.23599998299999997
264,0.7,0.12153852279999999,0.2,0.2615385228
264,0.8,0.12153852279999999,0.2,0.2815385228
264,0.9,0.204933066,0.1,0.29493306599999997
264,1.0,0.204933066,0.1,0.304933066
265,0.1,0.055999982999999996,0.4,0.095999983
265,0.2,0.0805328488,0.2,0.12053284880000001
265,0.3,0.0805328488,0.2,0.1405328488
265,0.4,0.0805328488,0.2,0.16053284880000002
265,0.5,0.0805328488,0.2,0.1805328488
265,0.6,0.0805328488,0.2,0.2005328488
265,0.7,0.0805328488,0.2,0.22053284880000001
265,0.8,0.0805328488,0.2,0.24053284880000003
265,0.9,0.0805328488,0.2,0.2605328488
265,1.0,0.0805328488,0.2,0.28053284879999996
266,0.1,0.0626267628,0.2,0.0826267628
266,0.2,0.07494338279999999,0.1,0.09494338279999999
266,0.3,0.07494338279999999,0.1,0.1049433828
266,0.4,0.07494338279999999,0.1,0.11494338279999998
266,0.5,0.07494338279999999,0.1,0.12494338279999999
266,0.6,0.07494338279999999,0.1,0.1349433828
266,0.7,0.07494338279999999,0.1,0.1449433828
266,0.8,0.07494338279999999,0.1,0.1549433828
266,0.9,0.07494338279999999,0.1,0.16494338279999998
266,1.0,0.07494338279999999,0.1,0.1749433828
267,0.1,0.055999982999999996,0.3,0.085999983
267,0.2,0.055999982999999996,0.3,0.115999983
267,0.3,0.055999982999999996,0.3,0.145999983
267,0.4,0.055999982999999996,0.3,0.17599998300000003
267,0.5,0.055999982999999996,0.3,0.20599998299999997
267,0.6,0.055999982999999996,0.3,0.23599998299999997
267,0.7,0.183167252,0.1,0.253167252
267,0.8,0.183167252,0.1,0.263167252
267,0.9,0.183167252,0.1,0.273167252
267,1.0,0.183167252,0.1,0.28316725200000004
268,0.1,0.0626267628,0.2,0.0826267628
268,0.2,0.07494338279999999,0.1,0.09494338279999999
268,0.3,0.07494338279999999,0.1,0.1049433828
268,0.4,0.07494338279999999,0.1,0.11494338279999998
268,0.5,0.07494338279999999,0.1,0.12494338279999999
268,0.6,0.07494338279999999,0.1,0.1349433828
268,0.7,0.07494338279999999,0.1,0.1449433828
268,0.8,0.07494338279999999,0.1,0.1549433828
268,0.9,0.07494338279999999,0.1,0.16494338279999998
268,1.0,0.07494338279999999,0.1,0.1749433828
269,0.1,0.055999982999999996,0.2,0.075999983
269,0.2,0.055999982999999996,0.2,0.095999983
269,0.3,0.055999982999999996,0.2,0.11599998299999999
269,0.4,0.055999982999999996,0.2,0.135999983
269,0.5,0.055999982999999996,0.2,0.155999983
269,0.6,0.055999982999999996,0.2,0.175999983
269,0.7,0.055999982999999996,0.2,0.195999983
269,0.8,0.055999982999999996,0.2,0.21599998300000003
269,0.9,0.055999982999999996,0.2,0.235999983
269,1.0,0.055999982999999996,0.2,0.255999983
270,0.1,0.0,1.0,0.1
270,0.2,0.0,1.0,0.2
270,0.3,0.0,1.0,0.3
270,0.4,0.14326828179999998,0.6,0.38326828180000005
270,0.5,0.190591298,0.5,0.440591298
270,0.6,0.190591298,0.5,0.490591298
270,0.7,0.190591298,0.5,0.540591298
270,0.8,0.190591298,0.5,0.590591298
270,0.9,0.190591298,0.5,0.640591298
270,1.0,0.190591298,0.5,0.690591298
271,0.1,0.059329224699999995,0.3,0.0893292247
271,0.2,0.059329224699999995,0.3,0.1193292247
271,0.3,0.059329224699999995,0.3,0.14932922469999999
271,0.4,0.059329224699999995,0.3,0.1793292247
271,0.5,0.059329224699999995,0.3,0.20932922469999998
271,0.6,0.059329224699999995,0.3,0.23932922469999998
271,0.7,0.059329224699999995,0.3,0.2693292247
271,0.8,0.1305992647,0.2,0.2905992647
271,0.9,0.29999982,0.0,0.29999982
271,1.0,0.29999982,0.0,0.29999982
272,0.1,0.055999982999999996,0.4,0.095999983
272,0.2,0.0805328488,0.2,0.12053284880000001
272,0.3,0.0805328488,0.2,0.1405328488
272,0.4,0.0805328488,0.2,0.16053284880000002
272,0.5,0.0805328488,0.2,0.1805328488
272,0.6,0.0805328488,0.2,0.2005328488
272,0.7,0.0805328488,0.2,0.22053284880000001
272,0.8,0.0805328488,0.2,0.24053284880000003
272,0.9,0.0805328488,0.2,0.2605328488
272,1.0,0.0805328488,0.2,0.28053284879999996
273,0.1,0.06184909000000001,0.2,0.08184909
273,0.2,0.06184909000000001,0.2,0.10184909000000002
273,0.3,0.06184909000000001,0.2,0.12184909
273,0.4,0.06184909000000001,0.2,0.14184909
273,0.5,0.06184909000000001,0.2,0.16184909
273,0.6,0.06184909000000001,0.2,0.18184909
273,0.7,0.06184909000000001,0.2,0.20184908999999998
273,0.8,0.06184909000000001,0.2,0.22184909
273,0.9,0.06184909000000001,0.2,0.24184909000000002
273,1.0,0.06184909000000001,0.2,0.26184909
274,0.1,0.0626267628,0.2,0.0826267628
274,0.2,0.07494338279999999,0.1,0.09494338279999999
274,0.3,0.07494338279999999,0.1,0.1049433828
274,0.4,0.07494338279999999,0.1,0.11494338279999998
274,0.5,0.07494338279999999,0.1,0.12494338279999999
274,0.6,0.07494338279999999,0.1,0.1349433828
274,0.7,0.07494338279999999,0.1,0.1449433828
274,0.8,0.07494338279999999,0.1,0.1549433828
274,0.9,0.07494338279999999,0.1,0.16494338279999998
274,1.0,0.07494338279999999,0.1,0.1749433828
275,0.1,0.055999982999999996,0.3,0.085999983
275,0.2,0.055999982999999996,0.3,0.115999983
275,0.3,0.055999982999999996,0.3,0.145999983
275,0.4,0.055999982999999996,0.3,0.17599998300000003
275,0.5,0.055999982999999996,0.3,0.20599998299999997
275,0.6,0.055999982999999996,0.3,0.23599998299999997
275,0.7,0.183167252,0.1,0.253167252
275,0.8,0.183167252,0.1,0.263167252
275,0.9,0.183167252,0.1,0.273167252
275,1.0,0.183167252,0.1,0.283167252
276,0.1,0.06184909000000001,0.2,0.08184909
276,0.2,0.06184909000000001,0.2,0.10184909000000002
276,0.3,0.06184909000000001,0.2,0.12184909
276,0.4,0.06184909000000001,0.2,0.14184909
276,0.5,0.06184909000000001,0.2,0.16184909
276,0.6,0.06184909000000001,0.2,0.18184909
276,0.7,0.06184909000000001,0.2,0.20184908999999998
276,0.8,0.06184909000000001,0.2,0.22184909
276,0.9,0.06184909000000001,0.2,0.24184909000000002
276,1.0,0.06184909000000001,0.2,0.26184909
277,0.1,0.0626267628,0.2,0.0826267628
277,0.2,0.07494338279999999,0.1,0.09494338279999999
277,0.3,0.07494338279999999,0.1,0.1049433828
277,0.4,0.07494338279999999,0.1,0.11494338279999998
277,0.5,0.07494338279999999,0.1,0.12494338279999999
277,0.6,0.07494338279999999,0.1,0.1349433828
277,0.7,0.07494338279999999,0.1,0.1449433828
277,0.8,0.07494338279999999,0.1,0.1549433828
277,0.9,0.07494338279999999,0.1,0.16494338279999998
277,1.0,0.07494338279999999,0.1,0.1749433828
278,0.1,0.0628629048,0.2,0.0828629048
278,0.2,0.0628629048,0.2,0.1028629048
278,0.3,0.0628629048,0.2,0.12286290479999999
278,0.4,0.0628629048,0.2,0.1428629048
278,0.5,0.0628629048,0.2,0.1628629048
278,0.6,0.0628629048,0.2,0.18286290479999998
278,0.7,0.0628629048,0.2,0.2028629048
278,0.8,0.0628629048,0.2,0.2228629048
278,0.9,0.0628629048,0.2,0.2428629048
278,1.0,0.0628629048,0.2,0.2628629048
279,0.1,0.055999982999999996,0.1,0.065999983
279,0.2,0.055999982999999996,0.1,0.075999983
279,0.3,0.055999982999999996,0.1,0.085999983
279,0.4,0.055999982999999996,0.1,0.095999983
279,0.5,0.055999982999999996,0.1,0.10599998299999999
279,0.6,0.055999982999999996,0.1,0.11599998299999999
279,0.7,0.055999982999999996,0.1,0.12599998299999998
279,0.8,0.055999982999999996,0.1,0.135999983
279,0.9,0.055999982999999996,0.1,0.145999983
279,1.0,0.055999982999999996,0.1,0.155999983
280,0.1,0.0,1.0,0.1
280,0.2,0.0,1.0,0.2
280,0.3,0.0,1.0,0.3
280,0.4,0.30527308799999997,0.0,0.30527308799999997
280,0.5,0.30527308799999997,0.0,0.30527308799999997
280,0.6,0.30527308799999997,0.0,0.30527308799999997
280,0.7,0.30527308799999997,0.0,0.30527308799999997
280,0.8,0.30527308799999997,0.0,0.30527308799999997
280,0.9,0.30527308799999997,0.0,0.30527308799999997
280,1.0,0.30527308799999997,0.0,0.30527308799999997
281,0.1,0.055999982999999996,0.1,0.065999983
281,0.2,0.055999982999999996,0.1,0.075999983
281,0.3,0.055999982999999996,0.1,0.085999983
281,0.4,0.055999982999999996,0.1,0.095999983
281,0.5,0.055999982999999996,0.1,0.10599998299999999
281,0.6,0.055999982999999996,0.1,0.11599998299999999
281,0.7,0.055999982999999996,0.1,0.12599998299999998
281,0.8,0.055999982999999996,0.1,0.135999983
281,0.9,0.055999982999999996,0.1,0.145999983
281,1.0,0.055999982999999996,0.1,0.155999983
282,0.1,0.055999982999999996,0.3,0.085999983
282,0.2,0.055999982999999996,0.3,0.115999983
282,0.3,0.055999982999999996,0.3,0.145999983
282,0.4,0.055999982999999996,0.3,0.17599998300000003
282,0.5,0.055999982999999996,0.3,0.20599998299999997
282,0.6,0.055999982999999996,0.3,0.23599998299999997
282,0.7,0.12153852279999999,0.2,0.2615385228
282,0.8,0.12153852279999999,0.2,0.2815385228
282,0.9,0.204933066,0.1,0.29493306599999997
282,1.0,0.204933066,0.1,0.304933066
283,0.1,0.055999982999999996,0.2,0.075999983
283,0.2,0.055999982999999996,0.2,0.095999983
283,0.3,0.07600296749999999,0.1,0.1060029675
283,0.4,0.07600296749999999,0.1,0.11600296750000001
283,0.5,0.07600296749999999,0.1,0.1260029675
283,0.6,0.07600296749999999,0.1,0.1360029675
283,0.7,0.07600296749999999,0.1,0.1460029675
283,0.8,0.07600296749999999,0.1,0.1560029675
283,0.9,0.07600296749999999,0.1,0.16600296750000001
283,1.0,0.07600296749999999,0.1,0.1760029675
284,0.1,0.0626267628,0.2,0.0826267628
284,0.2,0.07494338279999999,0.1,0.09494338279999999
284,0.3,0.07494338279999999,0.1,0.1049433828
284,0.4,0.07494338279999999,0.1,0.11494338279999998
284,0.5,0.07494338279999999,0.1,0.12494338279999999
284,0.6,0.07494338279999999,0.1,0.1349433828
284,0.7,0.07494338279999999,0.1,0.1449433828
284,0.8,0.07494338279999999,0.1,0.1549433828
284,0.9,0.07494338279999999,0.1,0.16494338279999998
284,1.0,0.07494338279999999,0.1,0.1749433828
285,0.1,0.055999982999999996,0.1,0.065999983
285,0.2,0.055999982999999996,0.1,0.075999983
285,0.3,0.055999982999999996,0.1,0.085999983
285,0.4,0.055999982999999996,0.1,0.095999983
285,0.5,0.055999982999999996,0.1,0.10599998299999999
285,0.6,0.055999982999999996,0.1,0.11599998299999999
285,0.7,0.055999982999999996,0.1,0.12599998299999998
285,0.8,0.055999982999999996,0.1,0.135999983
285,0.9,0.055999982999999996,0.1,0.145999983
285,1.0,0.055999982999999996,0.1,0.155999983
286,0.1,0.055999982999999996,0.2,0.075999983
286,0.2,0.0714686752,0.1,0.09146867519999999
286,0.3,0.0714686752,0.1,0.1014686752
286,0.4,0.0714686752,0.1,0.11146867519999999
286,0.5,0.0714686752,0.1,0.1214686752
286,0.6,0.0714686752,0.1,0.1314686752
286,0.7,0.0714686752,0.1,0.1414686752
286,0.8,0.0714686752,0.1,0.1514686752
286,0.9,0.0714686752,0.1,0.1614686752
286,1.0,0.0714686752,0.1,0.1714686752
287,0.1,0.0578251427,0.1,0.0678251427
287,0.2,0.0578251427,0.1,0.0778251427
287,0.3,0.0578251427,0.1,0.0878251427
287,0.4,0.0578251427,0.1,0.0978251427
287,0.5,0.0578251427,0.1,0.10782514270000002
287,0.6,0.11345931000000001,0.0,0.11345931000000001
287,0.7,0.11345931000000001,0.0,0.11345931000000001
287,0.8,0.11345931000000001,0.0,0.11345931000000001
287,0.9,0.11345931000000001,0.0,0.11345931000000001
287,1.0,0.11345931000000001,0.0,0.11345931000000001
288,0.1,0.055999982999999996,0.4,0.095999983
288,0.2,0.0822233956,0.2,0.12222339559999999
288,0.3,0.0822233956,0.2,0.1422233956
288,0.4,0.0822233956,0.2,0.16222339560000001
288,0.5,0.0822233956,0.2,0.18222339559999998
288,0.6,0.0822233956,0.2,0.2022233956
288,0.7,0.0822233956,0.2,0.22222339559999998
288,0.8,0.0822233956,0.2,0.2422233956
288,0.9,0.0822233956,0.2,0.2622233956
288,1.0,0.0822233956,0.2,0.2822233956
289,0.1,0.055999982999999996,0.2,0.075999983
289,0.2,0.055999982999999996,0.2,0.095999983
289,0.3,0.055999982999999996,0.2,0.11599998299999999
289,0.4,0.055999982999999996,0.2,0.135999983
289,0.5,0.055999982999999996,0.2,0.155999983
289,0.6,0.055999982999999996,0.2,0.175999983
289,0.7,0.055999982999999996,0.2,0.195999983
289,0.8,0.055999982999999996,0.2,0.21599998300000003
289,0.9,0.055999982999999996,0.2,0.235999983
289,1.0,0.055999982999999996,0.2,0.255999983
290,0.1,0.06184909000000001,0.2,0.08184909
290,0.2,0.06184909000000001,0.2,0.10184909000000002
290,0.3,0.06184909000000001,0.2,0.12184909
290,0.4,0.06184909000000001,0.2,0.14184909
290,0.5,0.06184909000000001,0.2,0.16184909
290,0.6,0.06184909000000001,0.2,0.18184909
290,0.7,0.06184909000000001,0.2,0.20184908999999998
290,0.8,0.06184909000000001,0.2,0.22184909
290,0.9,0.06184909000000001,0.2,0.24184909000000002
290,1.0,0.06184909000000001,0.2,0.26184909
291,0.1,0.059329224699999995,0.3,0.0893292247
291,0.2,0.059329224699999995,0.3,0.1193292247
291,0.3,0.059329224699999995,0.3,0.14932922469999999
291,0.4,0.059329224699999995,0.3,0.1793292247
291,0.5,0.059329224699999995,0.3,0.20932922469999998
291,0.6,0.059329224699999995,0.3,0.23932922469999998
291,0.7,0.059329224699999995,0.3,0.2693292247
291,0.8,0.1305992647,0.2,0.2905992647
291,0.9,0.29999982,0.0,0.29999982
291,1.0,0.29999982,0.0,0.29999982
292,0.1,0.055999982999999996,0.2,0.075999983
292,0.2,0.055999982999999996,0.2,0.095999983
292,0.3,0.055999982999999996,0.2,0.11599998299999999
292,0.4,0.055999982999999996,0.2,0.135999983
292,0.5,0.055999982999999996,0.2,0.155999983
292,0.6,0.055999982999999996,0.2,0.175999983
292,0.7,0.055999982999999996,0.2,0.195999983
292,0.8,0.055999982999999996,0.2,0.21599998300000003
292,0.9,0.055999982999999996,0.2,0.235999983
292,1.0,0.055999982999999996,0.2,0.255999983
293,0.1,0.06184909000000001,0.2,0.08184909
293,0.2,0.06184909000000001,0.2,0.10184909000000002
293,0.3,0.06184909000000001,0.2,0.12184909
293,0.4,0.06184909000000001,0.2,0.14184909
293,0.5,0.06184909000000001,0.2,0.16184909
293,0.6,0.06184909000000001,0.2,0.18184909
293,0.7,0.06184909000000001,0.2,0.20184908999999998
293,0.8,0.06184909000000001,0.2,0.22184909
293,0.9,0.06184909000000001,0.2,0.24184909000000002
293,1.0,0.06184909000000001,0.2,0.26184909
294,0.1,0.055999982999999996,0.3,0.085999983
294,0.2,0.055999982999999996,0.3,0.115999983
294,0.3,0.055999982999999996,0.3,0.145999983
294,0.4,0.055999982999999996,0.3,0.17599998300000003
294,0.5,0.055999982999999996,0.3,0.20599998299999997
294,0.6,0.055999982999999996,0.3,0.23599998299999997
294,0.7,0.12153852279999999,0.2,0.2615385228
294,0.8,0.12153852279999999,0.2,0.2815385228
294,0.9,0.204933066,0.1,0.29493306599999997
294,1.0,0.204933066,0.1,0.304933066
295,0.1,0.055999982999999996,0.2,0.075999983
295,0.2,0.055999982999999996,0.2,0.095999983
295,0.3,0.055999982999999996,0.2,0.11599998299999999
295,0.4,0.055999982999999996,0.2,0.135999983
295,0.5,0.055999982999999996,0.2,0.155999983
295,0.6,0.055999982999999996,0.2,0.175999983
295,0.7,0.055999982999999996,0.2,0.195999983
295,0.8,0.055999982999999996,0.2,0.21599998300000003
295,0.9,0.055999982999999996,0.2,0.235999983
295,1.0,0.055999982999999996,0.2,0.255999983
296,0.1,0.059329224699999995,0.3,0.0893292247
296,0.2,0.059329224699999995,0.3,0.1193292247
296,0.3,0.059329224699999995,0.3,0.14932922469999999
296,0.4,0.059329224699999995,0.3,0.1793292247
296,0.5,0.059329224699999995,0.3,0.20932922469999998
296,0.6,0.059329224699999995,0.3,0.23932922469999998
296,0.7,0.059329224699999995,0.3,0.2693292247
296,0.8,0.1305992647,0.2,0.2905992647
296,0.9,0.29999982,0.0,0.29999982
296,1.0,0.29999982,0.0,0.29999982
297,0.1,0.055999982999999996,0.3,0.085999983
297,0.2,0.0750216316,0.2,0.11502163159999998
297,0.3,0.0750216316,0.2,0.1350216316
297,0.4,0.0750216316,0.2,0.1550216316
297,0.5,0.0750216316,0.2,0.1750216316
297,0.6,0.0750216316,0.2,0.1950216316
297,0.7,0.0750216316,0.2,0.21502163159999998
297,0.8,0.0750216316,0.2,0.2350216316
297,0.9,0.0750216316,0.2,0.2550216316
297,1.0,0.0750216316,0.2,0.2750216316
298,0.1,0.06184909000000001,0.2,0.08184909
298,0.2,0.06184909000000001,0.2,0.10184909000000002
298,0.3,0.06184909000000001,0.2,0.12184909
298,0.4,0.06184909000000001,0.2,0.14184909
298,0.5,0.06184909000000001,0.2,0.16184909
298,0.6,0.06184909000000001,0.2,0.18184909
298,0.7,0.06184909000000001,0.2,0.20184908999999998
298,0.8,0.06184909000000001,0.2,0.22184909
298,0.9,0.06184909000000001,0.2,0.24184909000000002
298,1.0,0.06184909000000001,0.2,0.26184909
299,0.1,0.0,1.0,0.1
299,0.2,0.0,1.0,0.2
299,0.3,0.0,1.0,0.3
299,0.4,0.1404649498,0.6,0.3804649498
299,0.5,0.1404649498,0.6,0.44046494979999995
299,0.6,0.1404649498,0.6,0.5004649497999999
299,0.7,0.1404649498,0.6,0.5604649497999998
299,0.8,0.1404649498,0.6,0.6204649498
299,0.9,0.223982078,0.5,0.6739820780000001
299,1.0,0.41329030099999997,0.3,0.713290301
300,0.1,0.0,1.0,0.1
300,0.2,0.0,1.0,0.2
300,0.3,0.0,1.0,0.3
300,0.4,0.14326828179999998,0.6,0.38326828180000005
300,0.5,0.190591298,0.5,0.440591298
300,0.6,0.190591298,0.5,0.490591298
300,0.7,0.190591298,0.5,0.540591298
300,0.8,0.190591298,0.5,0.590591298
300,0.9,0.190591298,0.5,0.640591298
300,1.0,0.190591298,0.5,0.690591298
301,0.1,0.055999982999999996,0.4,0.095999983
301,0.2,0.0822233956,0.2,0.12222339559999999
301,0.3,0.0822233956,0.2,0.1422233956
301,0.4,0.0822233956,0.2,0.16222339560000001
301,0.5,0.0822233956,0.2,0.18222339559999998
301,0.6,0.0822233956,0.2,0.2022233956
301,0.7,0.0822233956,0.2,0.22222339559999998
301,0.8,0.0822233956,0.2,0.2422233956
301,0.9,0.0822233956,0.2,0.2622233956
301,1.0,0.0822233956,0.2,0.2822233956
302,0.1,0.055999982999999996,0.3,0.085999983
302,0.2,0.055999982999999996,0.3,0.115999983
302,0.3,0.055999982999999996,0.3,0.145999983
302,0.4,0.055999982999999996,0.3,0.17599998300000003
302,0.5,0.055999982999999996,0.3,0.20599998299999997
302,0.6,0.055999982999999996,0.3,0.23599998299999997
302,0.7,0.12153852279999999,0.2,0.2615385228
302,0.8,0.12153852279999999,0.2,0.2815385228
302,0.9,0.204933066,0.1,0.29493306599999997
302,1.0,0.204933066,0.1,0.304933066
303,0.1,0.055999982999999996,0.3,0.085999983
303,0.2,0.055999982999999996,0.3,0.115999983
303,0.3,0.055999982999999996,0.3,0.145999983
303,0.4,0.055999982999999996,0.3,0.17599998300000003
303,0.5,0.055999982999999996,0.3,0.20599998299999997
303,0.6,0.055999982999999996,0.3,0.23599998299999997
303,0.7,0.12153852279999999,0.2,0.2615385228
303,0.8,0.12153852279999999,0.2,0.2815385228
303,0.9,0.204933066,0.1,0.29493306599999997
303,1.0,0.204933066,0.1,0.304933066
304,0.1,0.059329224699999995,0.3,0.0893292247
304,0.2,0.059329224699999995,0.3,0.1193292247
304,0.3,0.059329224699999995,0.3,0.14932922469999999
304,0.4,0.059329224699999995,0.3,0.1793292247
304,0.5,0.059329224699999995,0.3,0.20932922469999998
304,0.6,0.059329224699999995,0.3,0.23932922469999998
304,0.7,0.059329224699999995,0.3,0.2693292247
304,0.8,0.1305992647,0.2,0.2905992647
304,0.9,0.29999982,0.0,0.29999982
304,1.0,0.29999982,0.0,0.29999982
305,0.1,0.0,1.0,0.1
305,0.2,0.0,1.0,0.2
305,0.3,0.0,1.0,0.3
305,0.4,0.14326828179999998,0.6,0.38326828180000005
305,0.5,0.190591298,0.5,0.440591298
305,0.6,0.190591298,0.5,0.490591298
305,0.7,0.190591298,0.5,0.540591298
305,0.8,0.190591298,0.5,0.590591298
305,0.9,0.190591298,0.5,0.640591298
305,1.0,0.190591298,0.5,0.690591298
306,0.1,0.055999982999999996,0.2,0.075999983
306,0.2,0.055999982999999996,0.2,0.095999983
306,0.3,0.055999982999999996,0.2,0.11599998299999999
306,0.4,0.055999982999999996,0.2,0.135999983
306,0.5,0.055999982999999996,0.2,0.155999983
306,0.6,0.11482017940000003,0.1,0.17482017940000003
306,0.7,0.11482017940000003,0.1,0.1848201794
306,0.8,0.11482017940000003,0.1,0.19482017940000002
306,0.9,0.11482017940000003,0.1,0.20482017940000002
306,1.0,0.11482017940000003,0.1,0.21482017940000003
307,0.1,0.059329224699999995,0.3,0.0893292247
307,0.2,0.059329224699999995,0.3,0.1193292247
307,0.3,0.059329224699999995,0.3,0.14932922469999999
307,0.4,0.059329224699999995,0.3,0.1793292247
307,0.5,0.059329224699999995,0.3,0.20932922469999998
307,0.6,0.059329224699999995,0.3,0.23932922469999998
307,0.7,0.059329224699999995,0.3,0.2693292247
307,0.8,0.1305992647,0.2,0.2905992647
307,0.9,0.29999982,0.0,0.29999982
307,1.0,0.29999982,0.0,0.29999982
308,0.1,0.055999982999999996,0.2,0.075999983
308,0.2,0.055999982999999996,0.2,0.095999983
308,0.3,0.07600296749999999,0.1,0.1060029675
308,0.4,0.07600296749999999,0.1,0.11600296750000001
308,0.5,0.07600296749999999,0.1,0.1260029675
308,0.6,0.07600296749999999,0.1,0.1360029675
308,0.7,0.07600296749999999,0.1,0.1460029675
308,0.8,0.07600296749999999,0.1,0.1560029675
308,0.9,0.07600296749999999,0.1,0.16600296750000001
308,1.0,0.07600296749999999,0.1,0.1760029675
309,0.1,0.0626267628,0.2,0.0826267628
309,0.2,0.07494338279999999,0.1,0.09494338279999999
309,0.3,0.07494338279999999,0.1,0.1049433828
309,0.4,0.07494338279999999,0.1,0.11494338279999998
309,0.5,0.07494338279999999,0.1,0.12494338279999999
309,0.6,0.07494338279999999,0.1,0.1349433828
309,0.7,0.07494338279999999,0.1,0.1449433828
309,0.8,0.07494338279999999,0.1,0.1549433828
309,0.9,0.07494338279999999,0.1,0.16494338279999998
309,1.0,0.07494338279999999,0.1,0.1749433828
310,0.1,0.055999982999999996,0.4,0.095999983
310,0.2,0.0822233956,0.2,0.12222339559999999
310,0.3,0.0822233956,0.2,0.1422233956
310,0.4,0.0822233956,0.2,0.16222339560000001
310,0.5,0.0822233956,0.2,0.18222339559999998
310,0.6,0.0822233956,0.2,0.2022233956
310,0.7,0.0822233956,0.2,0.22222339559999998
310,0.8,0.0822233956,0.2,0.2422233956
310,0.9,0.0822233956,0.2,0.2622233956
310,1.0,0.0822233956,0.2,0.2822233956
311,0.1,0.06488617049999999,0.1,0.07488617049999999
311,0.2,0.06488617049999999,0.1,0.0848861705
311,0.3,0.06488617049999999,0.1,0.09488617049999999
311,0.4,0.06488617049999999,0.1,0.1048861705
311,0.5,0.06488617049999999,0.1,0.11488617049999998
311,0.6,0.06488617049999999,0.1,0.12488617049999999
311,0.7,0.06488617049999999,0.1,0.1348861705
311,0.8,0.06488617049999999,0.1,0.14488617050000002
311,0.9,0.06488617049999999,0.1,0.1548861705
311,1.0,0.06488617049999999,0.1,0.16488617049999998
312,0.1,0.055999982999999996,0.2,0.075999983
312,0.2,0.055999982999999996,0.2,0.095999983
312,0.3,0.055999982999999996,0.2,0.11599998299999999
312,0.4,0.055999982999999996,0.2,0.135999983
312,0.5,0.055999982999999996,0.2,0.155999983
312,0.6,0.11482017940000003,0.1,0.17482017940000003
312,0.7,0.11482017940000003,0.1,0.1848201794
312,0.8,0.11482017940000003,0.1,0.19482017940000002
312,0.9,0.11482017940000003,0.1,0.20482017940000002
312,1.0,0.11482017940000003,0.1,0.21482017940000003
313,0.1,0.055999982999999996,0.2,0.075999983
313,0.2,0.055999982999999996,0.2,0.095999983
313,0.3,0.055999982999999996,0.2,0.11599998299999999
313,0.4,0.055999982999999996,0.2,0.135999983
313,0.5,0.055999982999999996,0.2,0.155999983
313,0.6,0.055999982999999996,0.2,0.175999983
313,0.7,0.055999982999999996,0.2,0.195999983
313,0.8,0.055999982999999996,0.2,0.21599998300000003
313,0.9,0.055999982999999996,0.2,0.235999983
313,1.0,0.055999982999999996,0.2,0.255999983
314,0.1,0.055999982999999996,0.3,0.085999983
314,0.2,0.055999982999999996,0.3,0.115999983
314,0.3,0.055999982999999996,0.3,0.145999983
314,0.4,0.055999982999999996,0.3,0.17599998300000003
314,0.5,0.055999982999999996,0.3,0.20599998299999997
314,0.6,0.055999982999999996,0.3,0.23599998299999997
314,0.7,0.12153852279999999,0.2,0.2615385228
314,0.8,0.12153852279999999,0.2,0.2815385228
314,0.9,0.204933066,0.1,0.29493306599999997
314,1.0,0.204933066,0.1,0.304933066
315,0.1,0.056276605300000004,0.3,0.0862766053
315,0.2,0.056276605300000004,0.3,0.11627660530000002
315,0.3,0.056276605300000004,0.3,0.1462766053
315,0.4,0.056276605300000004,0.3,0.17627660530000003
315,0.5,0.056276605300000004,0.3,0.20627660529999997
315,0.6,0.056276605300000004,0.3,0.23627660529999997
315,0.7,0.056276605300000004,0.3,0.26627660529999997
315,0.8,0.056276605300000004,0.3,0.2962766053
315,0.9,0.29999982,0.0,0.29999982
315,1.0,0.29999982,0.0,0.29999982
316,0.1,0.055999982999999996,0.2,0.075999983
316,0.2,0.055999982999999996,0.2,0.095999983
316,0.3,0.055999982999999996,0.2,0.11599998299999999
316,0.4,0.055999982999999996,0.2,0.135999983
316,0.5,0.055999982999999996,0.2,0.155999983
316,0.6,0.055999982999999996,0.2,0.175999983
316,0.7,0.055999982999999996,0.2,0.195999983
316,0.8,0.055999982999999996,0.2,0.21599998300000003
316,0.9,0.055999982999999996,0.2,0.235999983
316,1.0,0.055999982999999996,0.2,0.255999983
317,0.1,0.055999982999999996,0.2,0.075999983
317,0.2,0.055999982999999996,0.2,0.095999983
317,0.3,0.055999982999999996,0.2,0.11599998299999999
317,0.4,0.055999982999999996,0.2,0.135999983
317,0.5,0.055999982999999996,0.2,0.155999983
317,0.6,0.055999982999999996,0.2,0.175999983
317,0.7,0.055999982999999996,0.2,0.195999983
317,0.8,0.055999982999999996,0.2,0.21599998300000003
317,0.9,0.055999982999999996,0.2,0.235999983
317,1.0,0.055999982999999996,0.2,0.255999983
318,0.1,0.055999982999999996,0.2,0.075999983
318,0.2,0.055999982999999996,0.2,0.095999983
318,0.3,0.055999982999999996,0.2,0.11599998299999999
318,0.4,0.055999982999999996,0.2,0.135999983
318,0.5,0.055999982999999996,0.2,0.155999983
318,0.6,0.055999982999999996,0.2,0.175999983
318,0.7,0.055999982999999996,0.2,0.195999983
318,0.8,0.055999982999999996,0.2,0.21599998300000003
318,0.9,0.055999982999999996,0.2,0.235999983
318,1.0,0.055999982999999996,0.2,0.255999983
319,0.1,0.0,1.0,0.1
319,0.2,0.0,1.0,0.2
319,0.3,0.0,1.0,0.3
319,0.4,0.14326828179999998,0.6,0.38326828180000005
319,0.5,0.190591298,0.5,0.440591298
319,0.6,0.190591298,0.5,0.490591298
319,0.7,0.190591298,0.5,0.540591298
319,0.8,0.190591298,0.5,0.590591298
319,0.9,0.190591298,0.5,0.640591298
319,1.0,0.190591298,0.5,0.690591298
320,0.1,0.055999982999999996,0.1,0.065999983
320,0.2,0.055999982999999996,0.1,0.075999983
320,0.3,0.055999982999999996,0.1,0.085999983
320,0.4,0.055999982999999996,0.1,0.095999983
320,0.5,0.055999982999999996,0.1,0.10599998299999999
320,0.6,0.055999982999999996,0.1,0.11599998299999999
320,0.7,0.055999982999999996,0.1,0.12599998299999998
320,0.8,0.055999982999999996,0.1,0.135999983
320,0.9,0.055999982999999996,0.1,0.145999983
320,1.0,0.055999982999999996,0.1,0.155999983
321,0.1,0.0,1.0,0.1
321,0.2,0.0,1.0,0.2
321,0.3,0.0,1.0,0.3
321,0.4,0.14326828179999998,0.6,0.38326828180000005
321,0.5,0.190591298,0.5,0.440591298
321,0.6,0.190591298,0.5,0.490591298
321,0.7,0.190591298,0.5,0.540591298
321,0.8,0.190591298,0.5,0.590591298
321,0.9,0.190591298,0.5,0.640591298
321,1.0,0.190591298,0.5,0.690591298
322,0.1,0.055999982999999996,0.3,0.085999983
322,0.2,0.055999982999999996,0.3,0.115999983
322,0.3,0.055999982999999996,0.3,0.145999983
322,0.4,0.055999982999999996,0.3,0.17599998300000003
322,0.5,0.055999982999999996,0.3,0.20599998299999997
322,0.6,0.055999982999999996,0.3,0.23599998299999997
322,0.7,0.1845359058,0.1,0.25453590579999996
322,0.8,0.1845359058,0.1,0.2645359058
322,0.9,0.1845359058,0.1,0.2745359058
322,1.0,0.1845359058,0.1,0.2845359058
323,0.1,0.055999982999999996,0.1,0.065999983
323,0.2,0.055999982999999996,0.1,0.075999983
323,0.3,0.055999982999999996,0.1,0.085999983
323,0.4,0.055999982999999996,0.1,0.095999983
323,0.5,0.055999982999999996,0.1,0.10599998299999999
323,0.6,0.055999982999999996,0.1,0.11599998299999999
323,0.7,0.055999982999999996,0.1,0.12599998299999998
323,0.8,0.055999982999999996,0.1,0.135999983
323,0.9,0.055999982999999996,0.1,0.145999983
323,1.0,0.055999982999999996,0.1,0.155999983
324,0.1,0.055999982999999996,0.3,0.085999983
324,0.2,0.055999982999999996,0.3,0.115999983
324,0.3,0.055999982999999996,0.3,0.145999983
324,0.4,0.055999982999999996,0.3,0.17599998300000003
324,0.5,0.055999982999999996,0.3,0.20599998299999997
324,0.6,0.055999982999999996,0.3,0.23599998299999997
324,0.7,0.12153852279999999,0.2,0.2615385228
324,0.8,0.12153852279999999,0.2,0.2815385228
324,0.9,0.204933066,0.1,0.29493306599999997
324,1.0,0.204933066,0.1,0.304933066
325,0.1,0.0,1.0,0.1
325,0.2,0.0,1.0,0.2
325,0.3,0.0,1.0,0.3
325,0.4,0.14326828179999998,0.6,0.38326828180000005
325,0.5,0.190591298,0.5,0.440591298
325,0.6,0.190591298,0.5,0.490591298
325,0.7,0.190591298,0.5,0.540591298
325,0.8,0.190591298,0.5,0.590591298
325,0.9,0.190591298,0.5,0.640591298
325,1.0,0.190591298,0.5,0.690591298
326,0.1,0.0628629048,0.2,0.0828629048
326,0.2,0.0628629048,0.2,0.1028629048
326,0.3,0.0628629048,0.2,0.12286290479999999
326,0.4,0.0628629048,0.2,0.1428629048
326,0.5,0.0628629048,0.2,0.1628629048
326,0.6,0.0628629048,0.2,0.18286290479999998
326,0.7,0.0628629048,0.2,0.2028629048
326,0.8,0.0628629048,0.2,0.2228629048
326,0.9,0.0628629048,0.2,0.2428629048
326,1.0,0.0628629048,0.2,0.2628629048
327,0.1,0.055999982999999996,0.2,0.075999983
327,0.2,0.055999982999999996,0.2,0.095999983
327,0.3,0.055999982999999996,0.2,0.11599998299999999
327,0.4,0.055999982999999996,0.2,0.135999983
327,0.5,0.055999982999999996,0.2,0.155999983
327,0.6,0.055999982999999996,0.2,0.175999983
327,0.7,0.055999982999999996,0.2,0.195999983
327,0.8,0.055999982999999996,0.2,0.21599998300000003
327,0.9,0.055999982999999996,0.2,0.235999983
327,1.0,0.055999982999999996,0.2,0.255999983
328,0.1,0.0628629048,0.2,0.0828629048
328,0.2,0.0628629048,0.2,0.1028629048
328,0.3,0.0628629048,0.2,0.12286290479999999
328,0.4,0.0628629048,0.2,0.1428629048
328,0.5,0.0628629048,0.2,0.1628629048
328,0.6,0.0628629048,0.2,0.18286290479999998
328,0.7,0.0628629048,0.2,0.2028629048
328,0.8,0.0628629048,0.2,0.2228629048
328,0.9,0.0628629048,0.2,0.2428629048
328,1.0,0.0628629048,0.2,0.2628629048
329,0.1,0.06184909000000001,0.2,0.08184909
329,0.2,0.06184909000000001,0.2,0.10184909000000002
329,0.3,0.06184909000000001,0.2,0.12184909
329,0.4,0.06184909000000001,0.2,0.14184909
329,0.5,0.06184909000000001,0.2,0.16184909
329,0.6,0.06184909000000001,0.2,0.18184909
329,0.7,0.06184909000000001,0.2,0.20184908999999998
329,0.8,0.06184909000000001,0.2,0.22184909
329,0.9,0.06184909000000001,0.2,0.24184909000000002
329,1.0,0.06184909000000001,0.2,0.26184909
330,0.1,0.0625943045,0.1,0.0725943045
330,0.2,0.0625943045,0.1,0.08259430450000001
330,0.3,0.0625943045,0.1,0.09259430449999999
330,0.4,0.0625943045,0.1,0.1025943045
330,0.5,0.0625943045,0.1,0.1125943045
330,0.6,0.0625943045,0.1,0.1225943045
330,0.7,0.0625943045,0.1,0.13259430449999998
330,0.8,0.0625943045,0.1,0.1425943045
330,0.9,0.0625943045,0.1,0.1525943045
330,1.0,0.0625943045,0.1,0.1625943045
331,0.1,0.055999982999999996,0.3,0.085999983
331,0.2,0.0750216316,0.2,0.11502163159999998
331,0.3,0.0750216316,0.2,0.1350216316
331,0.4,0.0750216316,0.2,0.1550216316
331,0.5,0.0750216316,0.2,0.1750216316
331,0.6,0.0750216316,0.2,0.1950216316
331,0.7,0.0750216316,0.2,0.21502163159999998
331,0.8,0.0750216316,0.2,0.2350216316
331,0.9,0.0750216316,0.2,0.2550216316
331,1.0,0.0750216316,0.2,0.2750216316
332,0.1,0.055999982999999996,0.3,0.085999983
332,0.2,0.0750216316,0.2,0.11502163159999998
332,0.3,0.0750216316,0.2,0.1350216316
332,0.4,0.0750216316,0.2,0.1550216316
332,0.5,0.0750216316,0.2,0.1750216316
332,0.6,0.0750216316,0.2,0.1950216316
332,0.7,0.0750216316,0.2,0.21502163159999998
332,0.8,0.0750216316,0.2,0.2350216316
332,0.9,0.0750216316,0.2,0.2550216316
332,1.0,0.0750216316,0.2,0.2750216316
333,0.1,0.055999982999999996,0.2,0.075999983
333,0.2,0.055999982999999996,0.2,0.095999983
333,0.3,0.055999982999999996,0.2,0.11599998299999999
333,0.4,0.055999982999999996,0.2,0.135999983
333,0.5,0.055999982999999996,0.2,0.155999983
333,0.6,0.055999982999999996,0.2,0.175999983
333,0.7,0.055999982999999996,0.2,0.195999983
333,0.8,0.055999982999999996,0.2,0.21599998300000003
333,0.9,0.055999982999999996,0.2,0.235999983
333,1.0,0.055999982999999996,0.2,0.255999983
334,0.1,0.055999982999999996,0.2,0.075999983
334,0.2,0.055999982999999996,0.2,0.095999983
334,0.3,0.055999982999999996,0.2,0.11599998299999999
334,0.4,0.055999982999999996,0.2,0.135999983
334,0.5,0.055999982999999996,0.2,0.155999983
334,0.6,0.055999982999999996,0.2,0.175999983
334,0.7,0.055999982999999996,0.2,0.195999983
334,0.8,0.055999982999999996,0.2,0.21599998300000003
334,0.9,0.055999982999999996,0.2,0.235999983
334,1.0,0.055999982999999996,0.2,0.255999983
335,0.1,0.055999982999999996,0.3,0.085999983
335,0.2,0.055999982999999996,0.3,0.115999983
335,0.3,0.055999982999999996,0.3,0.145999983
335,0.4,0.055999982999999996,0.3,0.17599998300000003
335,0.5,0.055999982999999996,0.3,0.20599998299999997
335,0.6,0.055999982999999996,0.3,0.23599998299999997
335,0.7,0.1845359058,0.1,0.25453590579999996
335,0.8,0.1845359058,0.1,0.2645359058
335,0.9,0.1845359058,0.1,0.2745359058
335,1.0,0.1845359058,0.1,0.2845359058
336,0.1,0.055999982999999996,0.2,0.075999983
336,0.2,0.0714686752,0.1,0.09146867519999999
336,0.3,0.0714686752,0.1,0.1014686752
336,0.4,0.0714686752,0.1,0.11146867519999999
336,0.5,0.0714686752,0.1,0.1214686752
336,0.6,0.0714686752,0.1,0.1314686752
336,0.7,0.0714686752,0.1,0.1414686752
336,0.8,0.0714686752,0.1,0.1514686752
336,0.9,0.0714686752,0.1,0.1614686752
336,1.0,0.0714686752,0.1,0.1714686752
337,0.1,0.06184909000000001,0.2,0.08184909
337,0.2,0.06184909000000001,0.2,0.10184909000000002
337,0.3,0.06184909000000001,0.2,0.12184909
337,0.4,0.06184909000000001,0.2,0.14184909
337,0.5,0.06184909000000001,0.2,0.16184909
337,0.6,0.06184909000000001,0.2,0.18184909
337,0.7,0.06184909000000001,0.2,0.20184908999999998
337,0.8,0.06184909000000001,0.2,0.22184909
337,0.9,0.06184909000000001,0.2,0.24184909000000002
337,1.0,0.06184909000000001,0.2,0.26184909
338,0.1,0.055999982999999996,0.2,0.075999983
338,0.2,0.055999982999999996,0.2,0.095999983
338,0.3,0.055999982999999996,0.2,0.11599998299999999
338,0.4,0.055999982999999996,0.2,0.135999983
338,0.5,0.055999982999999996,0.2,0.155999983
338,0.6,0.055999982999999996,0.2,0.175999983
338,0.7,0.055999982999999996,0.2,0.195999983
338,0.8,0.055999982999999996,0.2,0.21599998300000003
338,0.9,0.055999982999999996,0.2,0.235999983
338,1.0,0.055999982999999996,0.2,0.255999983
339,0.1,0.056276605300000004,0.3,0.0862766053
339,0.2,0.056276605300000004,0.3,0.11627660530000002
339,0.3,0.056276605300000004,0.3,0.1462766053
339,0.4,0.056276605300000004,0.3,0.17627660530000003
339,0.5,0.056276605300000004,0.3,0.20627660529999997
339,0.6,0.056276605300000004,0.3,0.23627660529999997
339,0.7,0.056276605300000004,0.3,0.26627660529999997
339,0.8,0.056276605300000004,0.3,0.2962766053
339,0.9,0.29999982,0.0,0.29999982
339,1.0,0.29999982,0.0,0.29999982
340,0.1,0.06184909000000001,0.2,0.08184909
340,0.2,0.06184909000000001,0.2,0.10184909000000002
340,0.3,0.06184909000000001,0.2,0.12184909
340,0.4,0.06184909000000001,0.2,0.14184909
340,0.5,0.06184909000000001,0.2,0.16184909
340,0.6,0.06184909000000001,0.2,0.18184909
340,0.7,0.06184909000000001,0.2,0.20184908999999998
340,0.8,0.06184909000000001,0.2,0.22184909
340,0.9,0.06184909000000001,0.2,0.24184909000000002
340,1.0,0.06184909000000001,0.2,0.26184909
341,0.1,0.055999982999999996,0.1,0.065999983
341,0.2,0.055999982999999996,0.1,0.075999983
341,0.3,0.055999982999999996,0.1,0.085999983
341,0.4,0.055999982999999996,0.1,0.095999983
341,0.5,0.055999982999999996,0.1,0.10599998299999999
341,0.6,0.055999982999999996,0.1,0.11599998299999999
341,0.7,0.055999982999999996,0.1,0.12599998299999998
341,0.8,0.055999982999999996,0.1,0.135999983
341,0.9,0.055999982999999996,0.1,0.145999983
341,1.0,0.055999982999999996,0.1,0.155999983
342,0.1,0.055999982999999996,0.2,0.075999983
342,0.2,0.055999982999999996,0.2,0.095999983
342,0.3,0.055999982999999996,0.2,0.11599998299999999
342,0.4,0.055999982999999996,0.2,0.135999983
342,0.5,0.055999982999999996,0.2,0.155999983
342,0.6,0.055999982999999996,0.2,0.175999983
342,0.7,0.055999982999999996,0.2,0.195999983
342,0.8,0.055999982999999996,0.2,0.21599998300000003
342,0.9,0.055999982999999996,0.2,0.235999983
342,1.0,0.15276290099999998,0.1,0.252762901
343,0.1,0.055999982999999996,0.4,0.095999983
343,0.2,0.0822233956,0.2,0.12222339559999999
343,0.3,0.0822233956,0.2,0.1422233956
343,0.4,0.0822233956,0.2,0.16222339560000001
343,0.5,0.0822233956,0.2,0.18222339559999998
343,0.6,0.0822233956,0.2,0.2022233956
343,0.7,0.0822233956,0.2,0.22222339559999998
343,0.8,0.0822233956,0.2,0.2422233956
343,0.9,0.0822233956,0.2,0.2622233956
343,1.0,0.0822233956,0.2,0.2822233956
344,0.1,0.055999982999999996,0.2,0.075999983
344,0.2,0.0714686752,0.1,0.09146867519999999
344,0.3,0.0714686752,0.1,0.1014686752
344,0.4,0.0714686752,0.1,0.11146867519999999
344,0.5,0.0714686752,0.1,0.1214686752
344,0.6,0.0714686752,0.1,0.1314686752
344,0.7,0.0714686752,0.1,0.1414686752
344,0.8,0.0714686752,0.1,0.1514686752
344,0.9,0.0714686752,0.1,0.1614686752
344,1.0,0.0714686752,0.1,0.1714686752
345,0.1,0.055999982999999996,0.1,0.065999983
345,0.2,0.055999982999999996,0.1,0.075999983
345,0.3,0.055999982999999996,0.1,0.085999983
345,0.4,0.055999982999999996,0.1,0.095999983
345,0.5,0.055999982999999996,0.1,0.10599998299999999
345,0.6,0.055999982999999996,0.1,0.11599998299999999
345,0.7,0.055999982999999996,0.1,0.12599998299999998
345,0.8,0.055999982999999996,0.1,0.135999983
345,0.9,0.055999982999999996,0.1,0.145999983
345,1.0,0.055999982999999996,0.1,0.155999983
346,0.1,0.0628629048,0.2,0.0828629048
346,0.2,0.0628629048,0.2,0.1028629048
346,0.3,0.0628629048,0.2,0.12286290479999999
346,0.4,0.0628629048,0.2,0.1428629048
346,0.5,0.0628629048,0.2,0.1628629048
346,0.6,0.0628629048,0.2,0.18286290479999998
346,0.7,0.0628629048,0.2,0.2028629048
346,0.8,0.0628629048,0.2,0.2228629048
346,0.9,0.0628629048,0.2,0.2428629048
346,1.0,0.0628629048,0.2,0.2628629048
347,0.1,0.0625943045,0.1,0.0725943045
347,0.2,0.0625943045,0.1,0.08259430450000001
347,0.3,0.0625943045,0.1,0.09259430449999999
347,0.4,0.0625943045,0.1,0.1025943045
347,0.5,0.0625943045,0.1,0.1125943045
347,0.6,0.0625943045,0.1,0.1225943045
347,0.7,0.0625943045,0.1,0.13259430449999998
347,0.8,0.0625943045,0.1,0.1425943045
347,0.9,0.0625943045,0.1,0.1525943045
347,1.0,0.0625943045,0.1,0.1625943045
348,0.1,0.055999982999999996,0.2,0.075999983
348,0.2,0.055999982999999996,0.2,0.095999983
348,0.3,0.055999982999999996,0.2,0.11599998299999999
348,0.4,0.055999982999999996,0.2,0.135999983
348,0.5,0.055999982999999996,0.2,0.155999983
348,0.6,0.055999982999999996,0.2,0.175999983
348,0.7,0.055999982999999996,0.2,0.195999983
348,0.8,0.055999982999999996,0.2,0.21599998300000003
348,0.9,0.055999982999999996,0.2,0.235999983
348,1.0,0.055999982999999996,0.2,0.255999983
349,0.1,0.055999982999999996,0.2,0.075999983
349,0.2,0.055999982999999996,0.2,0.095999983
349,0.3,0.055999982999999996,0.2,0.11599998299999999
349,0.4,0.055999982999999996,0.2,0.135999983
349,0.5,0.055999982999999996,0.2,0.155999983
349,0.6,0.055999982999999996,0.2,0.175999983
349,0.7,0.055999982999999996,0.2,0.195999983
349,0.8,0.055999982999999996,0.2,0.21599998300000003
349,0.9,0.055999982999999996,0.2,0.235999983
349,1.0,0.055999982999999996,0.2,0.255999983
350,0.1,0.055999982999999996,0.2,0.075999983
350,0.2,0.055999982999999996,0.2,0.095999983
350,0.3,0.055999982999999996,0.2,0.11599998299999999
350,0.4,0.055999982999999996,0.2,0.135999983
350,0.5,0.055999982999999996,0.2,0.155999983
350,0.6,0.055999982999999996,0.2,0.175999983
350,0.7,0.055999982999999996,0.2,0.195999983
350,0.8,0.055999982999999996,0.2,0.21599998300000003
350,0.9,0.055999982999999996,0.2,0.235999983
350,1.0,0.055999982999999996,0.2,0.255999983
351,0.1,0.0,1.0,0.1
351,0.2,0.0,1.0,0.2
351,0.3,0.0,1.0,0.3
351,0.4,0.14326828179999998,0.6,0.38326828180000005
351,0.5,0.190591298,0.5,0.440591298
351,0.6,0.190591298,0.5,0.490591298
351,0.7,0.190591298,0.5,0.540591298
351,0.8,0.190591298,0.5,0.590591298
351,0.9,0.190591298,0.5,0.640591298
351,1.0,0.190591298,0.5,0.690591298
352,0.1,0.0,1.0,0.1
352,0.2,0.0,1.0,0.2
352,0.3,0.025952507000000003,0.9,0.295952507
352,0.4,0.29999982,0.1,0.33999981999999995
352,0.5,0.29999982,0.1,0.34999981999999996
352,0.6,0.29999982,0.1,0.35999981999999997
352,0.7,0.29999982,0.1,0.36999982
352,0.8,0.29999982,0.1,0.37999982
352,0.9,0.29999982,0.1,0.38999982
352,1.0,0.29999982,0.1,0.39999982
353,0.1,0.055999982999999996,0.3,0.085999983
353,0.2,0.055999982999999996,0.3,0.115999983
353,0.3,0.055999982999999996,0.3,0.145999983
353,0.4,0.055999982999999996,0.3,0.17599998300000003
353,0.5,0.055999982999999996,0.3,0.20599998299999997
353,0.6,0.055999982999999996,0.3,0.23599998299999997
353,0.7,0.1845359058,0.1,0.25453590579999996
353,0.8,0.1845359058,0.1,0.2645359058
353,0.9,0.1845359058,0.1,0.2745359058
353,1.0,0.1845359058,0.1,0.2845359058
354,0.1,0.055999982999999996,0.3,0.085999983
354,0.2,0.0750216316,0.2,0.11502163159999998
354,0.3,0.0750216316,0.2,0.1350216316
354,0.4,0.0750216316,0.2,0.1550216316
354,0.5,0.0750216316,0.2,0.1750216316
354,0.6,0.0750216316,0.2,0.1950216316
354,0.7,0.0750216316,0.2,0.21502163159999998
354,0.8,0.0750216316,0.2,0.2350216316
354,0.9,0.0750216316,0.2,0.2550216316
354,1.0,0.0750216316,0.2,0.2750216316
355,0.1,0.0,1.0,0.1
355,0.2,0.0,1.0,0.2
355,0.3,0.025952507000000003,0.9,0.295952507
355,0.4,0.29999982,0.1,0.33999981999999995
355,0.5,0.29999982,0.1,0.34999981999999996
355,0.6,0.29999982,0.1,0.35999981999999997
355,0.7,0.29999982,0.1,0.36999982
355,0.8,0.29999982,0.1,0.37999982
355,0.9,0.29999982,0.1,0.38999982
355,1.0,0.29999982,0.1,0.39999982
356,0.1,0.0625943045,0.1,0.0725943045
356,0.2,0.0625943045,0.1,0.08259430450000001
356,0.3,0.0625943045,0.1,0.09259430449999999
356,0.4,0.0625943045,0.1,0.1025943045
356,0.5,0.0625943045,0.1,0.1125943045
356,0.6,0.0625943045,0.1,0.1225943045
356,0.7,0.0625943045,0.1,0.13259430449999998
356,0.8,0.0625943045,0.1,0.1425943045
356,0.9,0.0625943045,0.1,0.1525943045
356,1.0,0.0625943045,0.1,0.1625943045
357,0.1,0.06184909000000001,0.2,0.08184909
357,0.2,0.06184909000000001,0.2,0.10184909000000002
357,0.3,0.06184909000000001,0.2,0.12184909
357,0.4,0.06184909000000001,0.2,0.14184909
357,0.5,0.06184909000000001,0.2,0.16184909
357,0.6,0.06184909000000001,0.2,0.18184909
357,0.7,0.06184909000000001,0.2,0.20184908999999998
357,0.8,0.06184909000000001,0.2,0.22184909
357,0.9,0.06184909000000001,0.2,0.24184909000000002
357,1.0,0.06184909000000001,0.2,0.26184909
358,0.1,0.055999982999999996,0.2,0.075999983
358,0.2,0.055999982999999996,0.2,0.095999983
358,0.3,0.055999982999999996,0.2,0.11599998299999999
358,0.4,0.055999982999999996,0.2,0.135999983
358,0.5,0.055999982999999996,0.2,0.155999983
358,0.6,0.055999982999999996,0.2,0.175999983
358,0.7,0.055999982999999996,0.2,0.195999983
358,0.8,0.055999982999999996,0.2,0.21599998300000003
358,0.9,0.055999982999999996,0.2,0.235999983
358,1.0,0.055999982999999996,0.2,0.255999983
359,0.1,0.055999982999999996,0.3,0.085999983
359,0.2,0.055999982999999996,0.3,0.115999983
359,0.3,0.055999982999999996,0.3,0.145999983
359,0.4,0.055999982999999996,0.3,0.17599998300000003
359,0.5,0.055999982999999996,0.3,0.20599998299999997
359,0.6,0.055999982999999996,0.3,0.23599998299999997
359,0.7,0.18453590579999996,0.1,0.25453590579999996
359,0.8,0.18453590579999996,0.1,0.26453590579999997
359,0.9,0.18453590579999996,0.1,0.2745359058
359,1.0,0.18453590579999996,0.1,0.2845359058
360,0.1,0.055999982999999996,0.3,0.085999983
360,0.2,0.055999982999999996,0.3,0.115999983
360,0.3,0.055999982999999996,0.3,0.145999983
360,0.4,0.055999982999999996,0.3,0.17599998300000003
360,0.5,0.055999982999999996,0.3,0.20599998299999997
360,0.6,0.055999982999999996,0.3,0.23599998299999997
360,0.7,0.12153852279999999,0.2,0.2615385228
360,0.8,0.12153852279999999,0.2,0.2815385228
360,0.9,0.204933066,0.1,0.29493306599999997
360,1.0,0.204933066,0.1,0.304933066
361,0.1,0.055999982999999996,0.2,0.075999983
361,0.2,0.055999982999999996,0.2,0.095999983
361,0.3,0.055999982999999996,0.2,0.11599998299999999
361,0.4,0.055999982999999996,0.2,0.135999983
361,0.5,0.055999982999999996,0.2,0.155999983
361,0.6,0.055999982999999996,0.2,0.175999983
361,0.7,0.055999982999999996,0.2,0.195999983
361,0.8,0.055999982999999996,0.2,0.21599998300000003
361,0.9,0.055999982999999996,0.2,0.235999983
361,1.0,0.055999982999999996,0.2,0.255999983
362,0.1,0.055999982999999996,0.2,0.075999983
362,0.2,0.055999982999999996,0.2,0.095999983
362,0.3,0.07600296749999999,0.1,0.1060029675
362,0.4,0.07600296749999999,0.1,0.11600296750000001
362,0.5,0.07600296749999999,0.1,0.1260029675
362,0.6,0.07600296749999999,0.1,0.1360029675
362,0.7,0.07600296749999999,0.1,0.1460029675
362,0.8,0.07600296749999999,0.1,0.1560029675
362,0.9,0.07600296749999999,0.1,0.16600296750000001
362,1.0,0.07600296749999999,0.1,0.1760029675
363,0.1,0.0626267628,0.2,0.0826267628
363,0.2,0.07494338279999999,0.1,0.09494338279999999
363,0.3,0.07494338279999999,0.1,0.1049433828
363,0.4,0.07494338279999999,0.1,0.11494338279999998
363,0.5,0.07494338279999999,0.1,0.12494338279999999
363,0.6,0.07494338279999999,0.1,0.1349433828
363,0.7,0.07494338279999999,0.1,0.1449433828
363,0.8,0.07494338279999999,0.1,0.1549433828
363,0.9,0.07494338279999999,0.1,0.16494338279999998
363,1.0,0.07494338279999999,0.1,0.1749433828
364,0.1,0.0578251427,0.1,0.0678251427
364,0.2,0.0578251427,0.1,0.0778251427
364,0.3,0.0578251427,0.1,0.0878251427
364,0.4,0.0578251427,0.1,0.0978251427
364,0.5,0.0578251427,0.1,0.10782514270000002
364,0.6,0.11345931000000001,0.0,0.11345931000000001
364,0.7,0.11345931000000001,0.0,0.11345931000000001
364,0.8,0.11345931000000001,0.0,0.11345931000000001
364,0.9,0.11345931000000001,0.0,0.11345931000000001
364,1.0,0.11345931000000001,0.0,0.11345931000000001
365,0.1,0.055999982999999996,0.1,0.065999983
365,0.2,0.055999982999999996,0.1,0.075999983
365,0.3,0.055999982999999996,0.1,0.085999983
365,0.4,0.055999982999999996,0.1,0.095999983
365,0.5,0.055999982999999996,0.1,0.10599998299999999
365,0.6,0.055999982999999996,0.1,0.11599998299999999
365,0.7,0.055999982999999996,0.1,0.12599998299999998
365,0.8,0.055999982999999996,0.1,0.135999983
365,0.9,0.055999982999999996,0.1,0.145999983
365,1.0,0.055999982999999996,0.1,0.155999983
366,0.1,0.0,1.0,0.1
366,0.2,0.0,1.0,0.2
366,0.3,0.0,1.0,0.3
366,0.4,0.0,1.0,0.4
366,0.5,0.21298567899999998,0.5,0.462985679
366,0.6,0.21298567899999998,0.5,0.512985679
366,0.7,0.21298567899999998,0.5,0.562985679
366,0.8,0.21298567899999998,0.5,0.612985679
366,0.9,0.21298567899999998,0.5,0.6629856789999999
366,1.0,0.21298567899999998,0.5,0.712985679
367,0.1,0.059329224699999995,0.3,0.0893292247
367,0.2,0.059329224699999995,0.3,0.1193292247
367,0.3,0.059329224699999995,0.3,0.14932922469999999
367,0.4,0.059329224699999995,0.3,0.1793292247
367,0.5,0.059329224699999995,0.3,0.20932922469999998
367,0.6,0.059329224699999995,0.3,0.23932922469999998
367,0.7,0.059329224699999995,0.3,0.2693292247
367,0.8,0.1305992647,0.2,0.2905992647
367,0.9,0.29999982,0.0,0.29999982
367,1.0,0.29999982,0.0,0.29999982
368,0.1,0.0,1.0,0.1
368,0.2,0.0,1.0,0.2
368,0.3,0.0,1.0,0.3
368,0.4,0.14326828179999998,0.6,0.38326828180000005
368,0.5,0.190591298,0.5,0.440591298
368,0.6,0.190591298,0.5,0.490591298
368,0.7,0.190591298,0.5,0.540591298
368,0.8,0.190591298,0.5,0.590591298
368,0.9,0.190591298,0.5,0.640591298
368,1.0,0.190591298,0.5,0.690591298
369,0.1,0.0626267628,0.2,0.0826267628
369,0.2,0.07494338279999999,0.1,0.09494338279999999
369,0.3,0.07494338279999999,0.1,0.1049433828
369,0.4,0.07494338279999999,0.1,0.11494338279999998
369,0.5,0.07494338279999999,0.1,0.12494338279999999
369,0.6,0.07494338279999999,0.1,0.1349433828
369,0.7,0.07494338279999999,0.1,0.1449433828
369,0.8,0.07494338279999999,0.1,0.1549433828
369,0.9,0.07494338279999999,0.1,0.16494338279999998
369,1.0,0.07494338279999999,0.1,0.1749433828
370,0.1,0.055999982999999996,0.2,0.075999983
370,0.2,0.055999982999999996,0.2,0.095999983
370,0.3,0.055999982999999996,0.2,0.11599998299999999
370,0.4,0.055999982999999996,0.2,0.135999983
370,0.5,0.055999982999999996,0.2,0.155999983
370,0.6,0.055999982999999996,0.2,0.175999983
370,0.7,0.055999982999999996,0.2,0.195999983
370,0.8,0.055999982999999996,0.2,0.21599998300000003
370,0.9,0.055999982999999996,0.2,0.235999983
370,1.0,0.055999982999999996,0.2,0.255999983
371,0.1,0.059329224699999995,0.3,0.0893292247
371,0.2,0.059329224699999995,0.3,0.1193292247
371,0.3,0.059329224699999995,0.3,0.14932922469999999
371,0.4,0.059329224699999995,0.3,0.1793292247
371,0.5,0.059329224699999995,0.3,0.20932922469999998
371,0.6,0.059329224699999995,0.3,0.23932922469999998
371,0.7,0.059329224699999995,0.3,0.2693292247
371,0.8,0.1305992647,0.2,0.2905992647
371,0.9,0.29999982,0.0,0.29999982
371,1.0,0.29999982,0.0,0.29999982
372,0.1,0.055999982999999996,0.3,0.085999983
372,0.2,0.0750216316,0.2,0.11502163159999998
372,0.3,0.0750216316,0.2,0.1350216316
372,0.4,0.0750216316,0.2,0.1550216316
372,0.5,0.0750216316,0.2,0.1750216316
372,0.6,0.0750216316,0.2,0.1950216316
372,0.7,0.0750216316,0.2,0.21502163159999998
372,0.8,0.0750216316,0.2,0.2350216316
372,0.9,0.0750216316,0.2,0.2550216316
372,1.0,0.0750216316,0.2,0.2750216316
373,0.1,0.0,1.0,0.1
373,0.2,0.0,1.0,0.2
373,0.3,0.0,1.0,0.3
373,0.4,0.14326828179999998,0.6,0.38326828180000005
373,0.5,0.190591298,0.5,0.440591298
373,0.6,0.190591298,0.5,0.490591298
373,0.7,0.190591298,0.5,0.540591298
373,0.8,0.190591298,0.5,0.590591298
373,0.9,0.190591298,0.5,0.640591298
373,1.0,0.190591298,0.5,0.690591298
374,0.1,0.055999982999999996,0.3,0.085999983
374,0.2,0.055999982999999996,0.3,0.115999983
374,0.3,0.055999982999999996,0.3,0.145999983
374,0.4,0.055999982999999996,0.3,0.17599998300000003
374,0.5,0.055999982999999996,0.3,0.20599998299999997
374,0.6,0.055999982999999996,0.3,0.23599998299999997
374,0.7,0.12153852279999999,0.2,0.2615385228
374,0.8,0.12153852279999999,0.2,0.2815385228
374,0.9,0.204933066,0.1,0.29493306599999997
374,1.0,0.204933066,0.1,0.304933066
375,0.1,0.06184909000000001,0.2,0.08184909
375,0.2,0.06184909000000001,0.2,0.10184909000000002
375,0.3,0.06184909000000001,0.2,0.12184909
375,0.4,0.06184909000000001,0.2,0.14184909
375,0.5,0.06184909000000001,0.2,0.16184909
375,0.6,0.06184909000000001,0.2,0.18184909
375,0.7,0.06184909000000001,0.2,0.20184908999999998
375,0.8,0.06184909000000001,0.2,0.22184909
375,0.9,0.06184909000000001,0.2,0.24184909000000002
375,1.0,0.06184909000000001,0.2,0.26184909
376,0.1,0.055999982999999996,0.3,0.085999983
376,0.2,0.055999982999999996,0.3,0.115999983
376,0.3,0.055999982999999996,0.3,0.145999983
376,0.4,0.055999982999999996,0.3,0.17599998300000003
376,0.5,0.055999982999999996,0.3,0.20599998299999997
376,0.6,0.055999982999999996,0.3,0.23599998299999997
376,0.7,0.12153852279999999,0.2,0.2615385228
376,0.8,0.12153852279999999,0.2,0.2815385228
376,0.9,0.204933066,0.1,0.29493306599999997
376,1.0,0.204933066,0.1,0.304933066
377,0.1,0.055999982999999996,0.2,0.075999983
377,0.2,0.055999982999999996,0.2,0.095999983
377,0.3,0.055999982999999996,0.2,0.11599998299999999
377,0.4,0.055999982999999996,0.2,0.135999983
377,0.5,0.055999982999999996,0.2,0.155999983
377,0.6,0.055999982999999996,0.2,0.175999983
377,0.7,0.055999982999999996,0.2,0.195999983
377,0.8,0.055999982999999996,0.2,0.21599998300000003
377,0.9,0.055999982999999996,0.2,0.235999983
377,1.0,0.055999982999999996,0.2,0.255999983
378,0.1,0.0,1.0,0.1
378,0.2,0.0,1.0,0.2
378,0.3,0.0,1.0,0.3
378,0.4,0.14326828179999998,0.6,0.38326828180000005
378,0.5,0.190591298,0.5,0.440591298
378,0.6,0.190591298,0.5,0.490591298
378,0.7,0.190591298,0.5,0.540591298
378,0.8,0.190591298,0.5,0.590591298
378,0.9,0.190591298,0.5,0.640591298
378,1.0,0.190591298,0.5,0.690591298
379,0.1,0.055999982999999996,0.1,0.065999983
379,0.2,0.055999982999999996,0.1,0.075999983
379,0.3,0.055999982999999996,0.1,0.085999983
379,0.4,0.055999982999999996,0.1,0.095999983
379,0.5,0.055999982999999996,0.1,0.10599998299999999
379,0.6,0.055999982999999996,0.1,0.11599998299999999
379,0.7,0.055999982999999996,0.1,0.12599998299999998
379,0.8,0.055999982999999996,0.1,0.135999983
379,0.9,0.055999982999999996,0.1,0.145999983
379,1.0,0.055999982999999996,0.1,0.155999983
380,0.1,0.055999982999999996,0.2,0.075999983
380,0.2,0.0714686752,0.1,0.09146867519999999
380,0.3,0.0714686752,0.1,0.1014686752
380,0.4,0.0714686752,0.1,0.11146867519999999
380,0.5,0.0714686752,0.1,0.1214686752
380,0.6,0.0714686752,0.1,0.1314686752
380,0.7,0.0714686752,0.1,0.1414686752
380,0.8,0.0714686752,0.1,0.1514686752
380,0.9,0.0714686752,0.1,0.1614686752
380,1.0,0.0714686752,0.1,0.1714686752
381,0.1,0.06184909000000001,0.2,0.08184909
381,0.2,0.06184909000000001,0.2,0.10184909000000002
381,0.3,0.06184909000000001,0.2,0.12184909
381,0.4,0.06184909000000001,0.2,0.14184909
381,0.5,0.06184909000000001,0.2,0.16184909
381,0.6,0.06184909000000001,0.2,0.18184909
381,0.7,0.06184909000000001,0.2,0.20184908999999998
381,0.8,0.06184909000000001,0.2,0.22184909
381,0.9,0.06184909000000001,0.2,0.24184909000000002
381,1.0,0.06184909000000001,0.2,0.26184909
382,0.1,0.055999982999999996,0.4,0.095999983
382,0.2,0.0822233956,0.2,0.12222339559999999
382,0.3,0.0822233956,0.2,0.1422233956
382,0.4,0.0822233956,0.2,0.16222339560000001
382,0.5,0.0822233956,0.2,0.18222339559999998
382,0.6,0.0822233956,0.2,0.2022233956
382,0.7,0.0822233956,0.2,0.22222339559999998
382,0.8,0.0822233956,0.2,0.2422233956
382,0.9,0.0822233956,0.2,0.2622233956
382,1.0,0.0822233956,0.2,0.2822233956
383,0.1,0.055999982999999996,0.3,0.085999983
383,0.2,0.055999982999999996,0.3,0.115999983
383,0.3,0.055999982999999996,0.3,0.145999983
383,0.4,0.055999982999999996,0.3,0.17599998300000003
383,0.5,0.055999982999999996,0.3,0.20599998299999997
383,0.6,0.055999982999999996,0.3,0.23599998299999997
383,0.7,0.12153852279999999,0.2,0.2615385228
383,0.8,0.12153852279999999,0.2,0.2815385228
383,0.9,0.204933066,0.1,0.29493306599999997
383,1.0,0.204933066,0.1,0.304933066
384,0.1,0.055999982999999996,0.3,0.085999983
384,0.2,0.0750216316,0.2,0.11502163159999998
384,0.3,0.0750216316,0.2,0.1350216316
384,0.4,0.0750216316,0.2,0.1550216316
384,0.5,0.0750216316,0.2,0.1750216316
384,0.6,0.0750216316,0.2,0.1950216316
384,0.7,0.0750216316,0.2,0.21502163159999998
384,0.8,0.0750216316,0.2,0.2350216316
384,0.9,0.0750216316,0.2,0.2550216316
384,1.0,0.0750216316,0.2,0.2750216316
385,0.1,0.055999982999999996,0.1,0.065999983
385,0.2,0.055999982999999996,0.1,0.075999983
385,0.3,0.055999982999999996,0.1,0.085999983
385,0.4,0.055999982999999996,0.1,0.095999983
385,0.5,0.055999982999999996,0.1,0.10599998299999999
385,0.6,0.11466661999999998,0.0,0.11466661999999998
385,0.7,0.11466661999999998,0.0,0.11466661999999998
385,0.8,0.11466661999999998,0.0,0.11466661999999998
385,0.9,0.11466661999999998,0.0,0.11466661999999998
385,1.0,0.11466661999999998,0.0,0.11466661999999998
386,0.1,0.059329224699999995,0.3,0.0893292247
386,0.2,0.059329224699999995,0.3,0.1193292247
386,0.3,0.059329224699999995,0.3,0.14932922469999999
386,0.4,0.059329224699999995,0.3,0.1793292247
386,0.5,0.059329224699999995,0.3,0.20932922469999998
386,0.6,0.059329224699999995,0.3,0.23932922469999998
386,0.7,0.059329224699999995,0.3,0.2693292247
386,0.8,0.1305992647,0.2,0.2905992647
386,0.9,0.29999982,0.0,0.29999982
386,1.0,0.29999982,0.0,0.29999982
387,0.1,0.055999982999999996,0.3,0.085999983
387,0.2,0.055999982999999996,0.3,0.115999983
387,0.3,0.055999982999999996,0.3,0.145999983
387,0.4,0.055999982999999996,0.3,0.17599998300000003
387,0.5,0.055999982999999996,0.3,0.20599998299999997
387,0.6,0.055999982999999996,0.3,0.23599998299999997
387,0.7,0.12153852279999999,0.2,0.2615385228
387,0.8,0.12153852279999999,0.2,0.2815385228
387,0.9,0.204933066,0.1,0.29493306599999997
387,1.0,0.204933066,0.1,0.304933066
388,0.1,0.055999982999999996,0.3,0.085999983
388,0.2,0.0750216316,0.2,0.11502163159999998
388,0.3,0.0750216316,0.2,0.1350216316
388,0.4,0.0750216316,0.2,0.1550216316
388,0.5,0.0750216316,0.2,0.1750216316
388,0.6,0.0750216316,0.2,0.1950216316
388,0.7,0.0750216316,0.2,0.21502163159999998
388,0.8,0.0750216316,0.2,0.2350216316
388,0.9,0.0750216316,0.2,0.2550216316
388,1.0,0.0750216316,0.2,0.2750216316
389,0.1,0.059329224699999995,0.3,0.0893292247
389,0.2,0.059329224699999995,0.3,0.1193292247
389,0.3,0.059329224699999995,0.3,0.14932922469999999
389,0.4,0.059329224699999995,0.3,0.1793292247
389,0.5,0.059329224699999995,0.3,0.20932922469999998
389,0.6,0.059329224699999995,0.3,0.23932922469999998
389,0.7,0.059329224699999995,0.3,0.2693292247
389,0.8,0.1305992647,0.2,0.2905992647
389,0.9,0.29999982,0.0,0.29999982
389,1.0,0.29999982,0.0,0.29999982
390,0.1,0.055999982999999996,0.2,0.075999983
390,0.2,0.055999982999999996,0.2,0.095999983
390,0.3,0.055999982999999996,0.2,0.11599998299999999
390,0.4,0.055999982999999996,0.2,0.135999983
390,0.5,0.055999982999999996,0.2,0.155999983
390,0.6,0.055999982999999996,0.2,0.175999983
390,0.7,0.055999982999999996,0.2,0.195999983
390,0.8,0.055999982999999996,0.2,0.21599998300000003
390,0.9,0.055999982999999996,0.2,0.235999983
390,1.0,0.055999982999999996,0.2,0.255999983
391,0.1,0.055999982999999996,0.2,0.075999983
391,0.2,0.055999982999999996,0.2,0.095999983
391,0.3,0.055999982999999996,0.2,0.11599998299999999
391,0.4,0.055999982999999996,0.2,0.135999983
391,0.5,0.055999982999999996,0.2,0.155999983
391,0.6,0.055999982999999996,0.2,0.175999983
391,0.7,0.055999982999999996,0.2,0.195999983
391,0.8,0.055999982999999996,0.2,0.21599998300000003
391,0.9,0.055999982999999996,0.2,0.235999983
391,1.0,0.055999982999999996,0.2,0.255999983
392,0.1,0.055999982999999996,0.4,0.095999983
392,0.2,0.0805328488,0.2,0.12053284880000001
392,0.3,0.0805328488,0.2,0.1405328488
392,0.4,0.0805328488,0.2,0.16053284880000002
392,0.5,0.0805328488,0.2,0.1805328488
392,0.6,0.0805328488,0.2,0.2005328488
392,0.7,0.0805328488,0.2,0.22053284880000001
392,0.8,0.0805328488,0.2,0.24053284880000003
392,0.9,0.0805328488,0.2,0.2605328488
392,1.0,0.0805328488,0.2,0.28053284879999996
393,0.1,0.055999982999999996,0.2,0.075999983
393,0.2,0.055999982999999996,0.2,0.095999983
393,0.3,0.055999982999999996,0.2,0.11599998299999999
393,0.4,0.055999982999999996,0.2,0.135999983
393,0.5,0.055999982999999996,0.2,0.155999983
393,0.6,0.055999982999999996,0.2,0.175999983
393,0.7,0.055999982999999996,0.2,0.195999983
393,0.8,0.055999982999999996,0.2,0.21599998300000003
393,0.9,0.055999982999999996,0.2,0.235999983
393,1.0,0.055999982999999996,0.2,0.255999983
394,0.1,0.055999982999999996,0.2,0.075999983
394,0.2,0.055999982999999996,0.2,0.095999983
394,0.3,0.055999982999999996,0.2,0.11599998299999999
394,0.4,0.055999982999999996,0.2,0.135999983
394,0.5,0.055999982999999996,0.2,0.155999983
394,0.6,0.11102154039999998,0.1,0.1710215404
394,0.7,0.11102154039999998,0.1,0.1810215404
394,0.8,0.11102154039999998,0.1,0.1910215404
394,0.9,0.11102154039999998,0.1,0.20102154039999998
394,1.0,0.11102154039999998,0.1,0.21102154039999999
395,0.1,0.055999982999999996,0.3,0.085999983
395,0.2,0.055999982999999996,0.3,0.115999983
395,0.3,0.055999982999999996,0.3,0.145999983
395,0.4,0.055999982999999996,0.3,0.17599998300000003
395,0.5,0.055999982999999996,0.3,0.20599998299999997
395,0.6,0.055999982999999996,0.3,0.23599998299999997
395,0.7,0.18453590579999996,0.1,0.25453590579999996
395,0.8,0.18453590579999996,0.1,0.26453590579999997
395,0.9,0.18453590579999996,0.1,0.2745359058
395,1.0,0.18453590579999996,0.1,0.2845359058
396,0.1,0.055999982999999996,0.2,0.075999983
396,0.2,0.055999982999999996,0.2,0.095999983
396,0.3,0.055999982999999996,0.2,0.11599998299999999
396,0.4,0.055999982999999996,0.2,0.135999983
396,0.5,0.055999982999999996,0.2,0.155999983
396,0.6,0.11482017940000003,0.1,0.17482017940000003
396,0.7,0.11482017940000003,0.1,0.1848201794
396,0.8,0.11482017940000003,0.1,0.19482017940000002
396,0.9,0.11482017940000003,0.1,0.20482017940000002
396,1.0,0.11482017940000003,0.1,0.21482017940000003
397,0.1,0.055999982999999996,0.3,0.085999983
397,0.2,0.055999982999999996,0.3,0.115999983
397,0.3,0.055999982999999996,0.3,0.145999983
397,0.4,0.055999982999999996,0.3,0.17599998300000003
397,0.5,0.055999982999999996,0.3,0.20599998299999997
397,0.6,0.055999982999999996,0.3,0.23599998299999997
397,0.7,0.183167252,0.1,0.253167252
397,0.8,0.183167252,0.1,0.263167252
397,0.9,0.183167252,0.1,0.273167252
397,1.0,0.183167252,0.1,0.28316725200000004
398,0.1,0.055999982999999996,0.4,0.095999983
398,0.2,0.0822233956,0.2,0.12222339559999999
398,0.3,0.0822233956,0.2,0.1422233956
398,0.4,0.0822233956,0.2,0.16222339560000001
398,0.5,0.0822233956,0.2,0.18222339559999998
398,0.6,0.0822233956,0.2,0.2022233956
398,0.7,0.0822233956,0.2,0.22222339559999998
398,0.8,0.0822233956,0.2,0.2422233956
398,0.9,0.0822233956,0.2,0.2622233956
398,1.0,0.0822233956,0.2,0.2822233956
399,0.1,0.0,1.0,0.1
399,0.2,0.0,1.0,0.2
399,0.3,0.0,1.0,0.3
399,0.4,0.1432682818,0.6,0.38326828180000005
399,0.5,0.19059129799999996,0.5,0.440591298
399,0.6,0.19059129799999996,0.5,0.490591298
399,0.7,0.19059129799999996,0.5,0.540591298
399,0.8,0.19059129799999996,0.5,0.590591298
399,0.9,0.19059129799999996,0.5,0.640591298
399,1.0,0.19059129799999996,0.5,0.690591298
400,0.1,0.055999982999999996,0.4,0.095999983
400,0.2,0.0805328488,0.2,0.12053284880000001
400,0.3,0.0805328488,0.2,0.1405328488
400,0.4,0.0805328488,0.2,0.16053284880000002
400,0.5,0.0805328488,0.2,0.1805328488
400,0.6,0.0805328488,0.2,0.2005328488
400,0.7,0.0805328488,0.2,0.22053284880000001
400,0.8,0.0805328488,0.2,0.24053284880000003
400,0.9,0.0805328488,0.2,0.2605328488
400,1.0,0.0805328488,0.2,0.28053284879999996
401,0.1,0.06184909000000001,0.2,0.08184909
401,0.2,0.06184909000000001,0.2,0.10184909000000002
401,0.3,0.06184909000000001,0.2,0.12184909
401,0.4,0.06184909000000001,0.2,0.14184909
401,0.5,0.06184909000000001,0.2,0.16184909
401,0.6,0.06184909000000001,0.2,0.18184909
401,0.7,0.06184909000000001,0.2,0.20184908999999998
401,0.8,0.06184909000000001,0.2,0.22184909
401,0.9,0.06184909000000001,0.2,0.24184909000000002
401,1.0,0.06184909000000001,0.2,0.26184909
402,0.1,0.06184909000000001,0.2,0.08184909
402,0.2,0.06184909000000001,0.2,0.10184909000000002
402,0.3,0.06184909000000001,0.2,0.12184909
402,0.4,0.06184909000000001,0.2,0.14184909
402,0.5,0.06184909000000001,0.2,0.16184909
402,0.6,0.06184909000000001,0.2,0.18184909
402,0.7,0.06184909000000001,0.2,0.20184908999999998
402,0.8,0.06184909000000001,0.2,0.22184909
402,0.9,0.06184909000000001,0.2,0.24184909000000002
402,1.0,0.06184909000000001,0.2,0.26184909
403,0.1,0.055999982999999996,0.2,0.075999983
403,0.2,0.055999982999999996,0.2,0.095999983
403,0.3,0.07600296749999999,0.1,0.1060029675
403,0.4,0.07600296749999999,0.1,0.11600296750000001
403,0.5,0.07600296749999999,0.1,0.1260029675
403,0.6,0.07600296749999999,0.1,0.1360029675
403,0.7,0.07600296749999999,0.1,0.1460029675
403,0.8,0.07600296749999999,0.1,0.1560029675
403,0.9,0.07600296749999999,0.1,0.16600296750000001
403,1.0,0.07600296749999999,0.1,0.1760029675
404,0.1,0.055999982999999996,0.1,0.065999983
404,0.2,0.055999982999999996,0.1,0.075999983
404,0.3,0.055999982999999996,0.1,0.085999983
404,0.4,0.055999982999999996,0.1,0.095999983
404,0.5,0.055999982999999996,0.1,0.10599998299999999
404,0.6,0.055999982999999996,0.1,0.11599998299999999
404,0.7,0.055999982999999996,0.1,0.12599998299999998
404,0.8,0.055999982999999996,0.1,0.135999983
404,0.9,0.055999982999999996,0.1,0.145999983
404,1.0,0.055999982999999996,0.1,0.155999983
405,0.1,0.055999982999999996,0.1,0.065999983
405,0.2,0.055999982999999996,0.1,0.075999983
405,0.3,0.055999982999999996,0.1,0.085999983
405,0.4,0.055999982999999996,0.1,0.095999983
405,0.5,0.055999982999999996,0.1,0.10599998299999999
405,0.6,0.055999982999999996,0.1,0.11599998299999999
405,0.7,0.055999982999999996,0.1,0.12599998299999998
405,0.8,0.055999982999999996,0.1,0.135999983
405,0.9,0.055999982999999996,0.1,0.145999983
405,1.0,0.055999982999999996,0.1,0.155999983
406,0.1,0.055999982999999996,0.3,0.085999983
406,0.2,0.055999982999999996,0.3,0.115999983
406,0.3,0.055999982999999996,0.3,0.145999983
406,0.4,0.055999982999999996,0.3,0.17599998300000003
406,0.5,0.055999982999999996,0.3,0.20599998299999997
406,0.6,0.055999982999999996,0.3,0.23599998299999997
406,0.7,0.18453590579999996,0.1,0.25453590579999996
406,0.8,0.18453590579999996,0.1,0.26453590579999997
406,0.9,0.18453590579999996,0.1,0.2745359058
406,1.0,0.18453590579999996,0.1,0.2845359058
407,0.1,0.0,1.0,0.1
407,0.2,0.0,1.0,0.2
407,0.3,0.0,1.0,0.3
407,0.4,0.0,1.0,0.4
407,0.5,0.21298567899999998,0.5,0.462985679
407,0.6,0.21298567899999998,0.5,0.512985679
407,0.7,0.21298567899999998,0.5,0.562985679
407,0.8,0.21298567899999998,0.5,0.612985679
407,0.9,0.21298567899999998,0.5,0.6629856789999999
407,1.0,0.21298567899999998,0.5,0.712985679
408,0.1,0.055999982999999996,0.2,0.075999983
408,0.2,0.055999982999999996,0.2,0.095999983
408,0.3,0.055999982999999996,0.2,0.11599998299999999
408,0.4,0.055999982999999996,0.2,0.135999983
408,0.5,0.055999982999999996,0.2,0.155999983
408,0.6,0.055999982999999996,0.2,0.175999983
408,0.7,0.055999982999999996,0.2,0.195999983
408,0.8,0.055999982999999996,0.2,0.21599998300000003
408,0.9,0.055999982999999996,0.2,0.235999983
408,1.0,0.055999982999999996,0.2,0.255999983
409,0.1,0.055999982999999996,0.2,0.075999983
409,0.2,0.055999982999999996,0.2,0.095999983
409,0.3,0.055999982999999996,0.2,0.11599998299999999
409,0.4,0.055999982999999996,0.2,0.135999983
409,0.5,0.055999982999999996,0.2,0.155999983
409,0.6,0.055999982999999996,0.2,0.175999983
409,0.7,0.055999982999999996,0.2,0.195999983
409,0.8,0.055999982999999996,0.2,0.21599998300000003
409,0.9,0.055999982999999996,0.2,0.235999983
409,1.0,0.055999982999999996,0.2,0.255999983
410,0.1,0.06184909000000001,0.2,0.08184909
410,0.2,0.06184909000000001,0.2,0.10184909000000002
410,0.3,0.06184909000000001,0.2,0.12184909
410,0.4,0.06184909000000001,0.2,0.14184909
410,0.5,0.06184909000000001,0.2,0.16184909
410,0.6,0.06184909000000001,0.2,0.18184909
410,0.7,0.06184909000000001,0.2,0.20184908999999998
410,0.8,0.06184909000000001,0.2,0.22184909
410,0.9,0.06184909000000001,0.2,0.24184909000000002
410,1.0,0.06184909000000001,0.2,0.26184909
411,0.1,0.055999982999999996,0.2,0.075999983
411,0.2,0.055999982999999996,0.2,0.095999983
411,0.3,0.055999982999999996,0.2,0.11599998299999999
411,0.4,0.055999982999999996,0.2,0.135999983
411,0.5,0.055999982999999996,0.2,0.155999983
411,0.6,0.055999982999999996,0.2,0.175999983
411,0.7,0.055999982999999996,0.2,0.195999983
411,0.8,0.055999982999999996,0.2,0.21599998300000003
411,0.9,0.055999982999999996,0.2,0.235999983
411,1.0,0.055999982999999996,0.2,0.255999983
412,0.1,0.055999982999999996,0.3,0.085999983
412,0.2,0.055999982999999996,0.3,0.115999983
412,0.3,0.055999982999999996,0.3,0.145999983
412,0.4,0.055999982999999996,0.3,0.17599998300000003
412,0.5,0.055999982999999996,0.3,0.20599998299999997
412,0.6,0.055999982999999996,0.3,0.23599998299999997
412,0.7,0.12153852279999999,0.2,0.2615385228
412,0.8,0.12153852279999999,0.2,0.2815385228
412,0.9,0.204933066,0.1,0.29493306599999997
412,1.0,0.204933066,0.1,0.304933066
413,0.1,0.055999982999999996,0.4,0.095999983
413,0.2,0.0805328488,0.2,0.12053284880000001
413,0.3,0.0805328488,0.2,0.1405328488
413,0.4,0.0805328488,0.2,0.16053284880000002
413,0.5,0.0805328488,0.2,0.1805328488
413,0.6,0.0805328488,0.2,0.2005328488
413,0.7,0.0805328488,0.2,0.22053284880000001
413,0.8,0.0805328488,0.2,0.24053284880000003
413,0.9,0.0805328488,0.2,0.2605328488
413,1.0,0.0805328488,0.2,0.28053284879999996
414,0.1,0.055999982999999996,0.2,0.075999983
414,0.2,0.055999982999999996,0.2,0.095999983
414,0.3,0.055999982999999996,0.2,0.11599998299999999
414,0.4,0.055999982999999996,0.2,0.135999983
414,0.5,0.055999982999999996,0.2,0.155999983
414,0.6,0.055999982999999996,0.2,0.175999983
414,0.7,0.055999982999999996,0.2,0.195999983
414,0.8,0.055999982999999996,0.2,0.21599998300000003
414,0.9,0.055999982999999996,0.2,0.235999983
414,1.0,0.055999982999999996,0.2,0.255999983
415,0.1,0.059329224699999995,0.3,0.0893292247
415,0.2,0.059329224699999995,0.3,0.1193292247
415,0.3,0.059329224699999995,0.3,0.14932922469999999
415,0.4,0.059329224699999995,0.3,0.1793292247
415,0.5,0.059329224699999995,0.3,0.20932922469999998
415,0.6,0.059329224699999995,0.3,0.23932922469999998
415,0.7,0.059329224699999995,0.3,0.2693292247
415,0.8,0.1305992647,0.2,0.2905992647
415,0.9,0.29999982,0.0,0.29999982
415,1.0,0.29999982,0.0,0.29999982
416,0.1,0.055999982999999996,0.2,0.075999983
416,0.2,0.055999982999999996,0.2,0.095999983
416,0.3,0.07600296749999999,0.1,0.1060029675
416,0.4,0.07600296749999999,0.1,0.11600296750000001
416,0.5,0.07600296749999999,0.1,0.1260029675
416,0.6,0.07600296749999999,0.1,0.1360029675
416,0.7,0.07600296749999999,0.1,0.1460029675
416,0.8,0.07600296749999999,0.1,0.1560029675
416,0.9,0.07600296749999999,0.1,0.16600296750000001
416,1.0,0.07600296749999999,0.1,0.1760029675
417,0.1,0.055999982999999996,0.1,0.065999983
417,0.2,0.055999982999999996,0.1,0.075999983
417,0.3,0.055999982999999996,0.1,0.085999983
417,0.4,0.055999982999999996,0.1,0.095999983
417,0.5,0.055999982999999996,0.1,0.10599998299999999
417,0.6,0.055999982999999996,0.1,0.11599998299999999
417,0.7,0.055999982999999996,0.1,0.12599998299999998
417,0.8,0.055999982999999996,0.1,0.135999983
417,0.9,0.055999982999999996,0.1,0.145999983
417,1.0,0.055999982999999996,0.1,0.155999983
418,0.1,0.0,1.0,0.1
418,0.2,0.0,1.0,0.2
418,0.3,0.0,1.0,0.3
418,0.4,0.14326828179999998,0.6,0.38326828180000005
418,0.5,0.190591298,0.5,0.440591298
418,0.6,0.190591298,0.5,0.490591298
418,0.7,0.190591298,0.5,0.540591298
418,0.8,0.190591298,0.5,0.590591298
418,0.9,0.190591298,0.5,0.640591298
418,1.0,0.190591298,0.5,0.690591298
419,0.1,0.055999982999999996,0.3,0.085999983
419,0.2,0.0750216316,0.2,0.11502163159999998
419,0.3,0.0750216316,0.2,0.1350216316
419,0.4,0.0750216316,0.2,0.1550216316
419,0.5,0.0750216316,0.2,0.1750216316
419,0.6,0.0750216316,0.2,0.1950216316
419,0.7,0.0750216316,0.2,0.21502163159999998
419,0.8,0.0750216316,0.2,0.2350216316
419,0.9,0.0750216316,0.2,0.2550216316
419,1.0,0.0750216316,0.2,0.2750216316
420,0.1,0.055999982999999996,0.2,0.075999983
420,0.2,0.055999982999999996,0.2,0.095999983
420,0.3,0.055999982999999996,0.2,0.11599998299999999
420,0.4,0.055999982999999996,0.2,0.135999983
420,0.5,0.055999982999999996,0.2,0.155999983
420,0.6,0.055999982999999996,0.2,0.175999983
420,0.7,0.055999982999999996,0.2,0.195999983
420,0.8,0.055999982999999996,0.2,0.21599998300000003
420,0.9,0.055999982999999996,0.2,0.235999983
420,1.0,0.055999982999999996,0.2,0.255999983
421,0.1,0.055999982999999996,0.2,0.075999983
421,0.2,0.055999982999999996,0.2,0.095999983
421,0.3,0.055999982999999996,0.2,0.11599998299999999
421,0.4,0.055999982999999996,0.2,0.135999983
421,0.5,0.055999982999999996,0.2,0.155999983
421,0.6,0.055999982999999996,0.2,0.175999983
421,0.7,0.055999982999999996,0.2,0.195999983
421,0.8,0.055999982999999996,0.2,0.21599998300000003
421,0.9,0.055999982999999996,0.2,0.235999983
421,1.0,0.055999982999999996,0.2,0.255999983
422,0.1,0.055999982999999996,0.2,0.075999983
422,0.2,0.055999982999999996,0.2,0.095999983
422,0.3,0.055999982999999996,0.2,0.11599998299999999
422,0.4,0.055999982999999996,0.2,0.135999983
422,0.5,0.055999982999999996,0.2,0.155999983
422,0.6,0.11102154039999998,0.1,0.1710215404
422,0.7,0.11102154039999998,0.1,0.1810215404
422,0.8,0.11102154039999998,0.1,0.1910215404
422,0.9,0.11102154039999998,0.1,0.20102154039999998
422,1.0,0.11102154039999998,0.1,0.21102154039999999
423,0.1,0.055999982999999996,0.3,0.085999983
423,0.2,0.055999982999999996,0.3,0.115999983
423,0.3,0.055999982999999996,0.3,0.145999983
423,0.4,0.055999982999999996,0.3,0.17599998300000003
423,0.5,0.055999982999999996,0.3,0.20599998299999997
423,0.6,0.055999982999999996,0.3,0.23599998299999997
423,0.7,0.18453590579999996,0.1,0.25453590579999996
423,0.8,0.18453590579999996,0.1,0.26453590579999997
423,0.9,0.18453590579999996,0.1,0.2745359058
423,1.0,0.18453590579999996,0.1,0.2845359058
424,0.1,0.055999982999999996,0.2,0.075999983
424,0.2,0.055999982999999996,0.2,0.095999983
424,0.3,0.055999982999999996,0.2,0.11599998299999999
424,0.4,0.055999982999999996,0.2,0.135999983
424,0.5,0.055999982999999996,0.2,0.155999983
424,0.6,0.055999982999999996,0.2,0.175999983
424,0.7,0.055999982999999996,0.2,0.195999983
424,0.8,0.055999982999999996,0.2,0.21599998300000003
424,0.9,0.055999982999999996,0.2,0.235999983
424,1.0,0.055999982999999996,0.2,0.255999983
425,0.1,0.055999982999999996,0.2,0.075999983
425,0.2,0.055999982999999996,0.2,0.095999983
425,0.3,0.055999982999999996,0.2,0.11599998299999999
425,0.4,0.055999982999999996,0.2,0.135999983
425,0.5,0.055999982999999996,0.2,0.155999983
425,0.6,0.055999982999999996,0.2,0.175999983
425,0.7,0.055999982999999996,0.2,0.195999983
425,0.8,0.055999982999999996,0.2,0.21599998300000003
425,0.9,0.055999982999999996,0.2,0.235999983
425,1.0,0.055999982999999996,0.2,0.255999983
426,0.1,0.055999982999999996,0.2,0.075999983
426,0.2,0.055999982999999996,0.2,0.095999983
426,0.3,0.055999982999999996,0.2,0.11599998299999999
426,0.4,0.055999982999999996,0.2,0.135999983
426,0.5,0.055999982999999996,0.2,0.155999983
426,0.6,0.055999982999999996,0.2,0.175999983
426,0.7,0.055999982999999996,0.2,0.195999983
426,0.8,0.055999982999999996,0.2,0.21599998300000003
426,0.9,0.055999982999999996,0.2,0.235999983
426,1.0,0.055999982999999996,0.2,0.255999983
427,0.1,0.0,1.0,0.1
427,0.2,0.0,1.0,0.2
427,0.3,0.0,1.0,0.3
427,0.4,0.14326828179999998,0.6,0.38326828180000005
427,0.5,0.190591298,0.5,0.440591298
427,0.6,0.190591298,0.5,0.490591298
427,0.7,0.190591298,0.5,0.540591298
427,0.8,0.190591298,0.5,0.590591298
427,0.9,0.190591298,0.5,0.640591298
427,1.0,0.190591298,0.5,0.690591298
428,0.1,0.055999982999999996,0.2,0.075999983
428,0.2,0.055999982999999996,0.2,0.095999983
428,0.3,0.055999982999999996,0.2,0.11599998299999999
428,0.4,0.055999982999999996,0.2,0.135999983
428,0.5,0.055999982999999996,0.2,0.155999983
428,0.6,0.055999982999999996,0.2,0.175999983
428,0.7,0.055999982999999996,0.2,0.195999983
428,0.8,0.055999982999999996,0.2,0.21599998300000003
428,0.9,0.055999982999999996,0.2,0.235999983
428,1.0,0.055999982999999996,0.2,0.255999983
429,0.1,0.055999982999999996,0.2,0.075999983
429,0.2,0.055999982999999996,0.2,0.095999983
429,0.3,0.055999982999999996,0.2,0.11599998299999999
429,0.4,0.055999982999999996,0.2,0.135999983
429,0.5,0.055999982999999996,0.2,0.155999983
429,0.6,0.055999982999999996,0.2,0.175999983
429,0.7,0.055999982999999996,0.2,0.195999983
429,0.8,0.055999982999999996,0.2,0.21599998300000003
429,0.9,0.055999982999999996,0.2,0.235999983
429,1.0,0.15276290099999998,0.1,0.252762901
430,0.1,0.055999982999999996,0.2,0.075999983
430,0.2,0.055999982999999996,0.2,0.095999983
430,0.3,0.055999982999999996,0.2,0.11599998299999999
430,0.4,0.055999982999999996,0.2,0.135999983
430,0.5,0.055999982999999996,0.2,0.155999983
430,0.6,0.11102154039999998,0.1,0.1710215404
430,0.7,0.11102154039999998,0.1,0.1810215404
430,0.8,0.11102154039999998,0.1,0.1910215404
430,0.9,0.11102154039999998,0.1,0.20102154039999998
430,1.0,0.11102154039999998,0.1,0.21102154039999999
431,0.1,0.0,1.0,0.1
431,0.2,0.0,1.0,0.2
431,0.3,0.0,1.0,0.3
431,0.4,0.14326828179999998,0.6,0.38326828180000005
431,0.5,0.190591298,0.5,0.440591298
431,0.6,0.190591298,0.5,0.490591298
431,0.7,0.190591298,0.5,0.540591298
431,0.8,0.190591298,0.5,0.590591298
431,0.9,0.190591298,0.5,0.640591298
431,1.0,0.190591298,0.5,0.690591298
432,0.1,0.055999982999999996,0.3,0.085999983
432,0.2,0.055999982999999996,0.3,0.115999983
432,0.3,0.055999982999999996,0.3,0.145999983
432,0.4,0.055999982999999996,0.3,0.17599998300000003
432,0.5,0.055999982999999996,0.3,0.20599998299999997
432,0.6,0.055999982999999996,0.3,0.23599998299999997
432,0.7,0.183167252,0.1,0.253167252
432,0.8,0.183167252,0.1,0.263167252
432,0.9,0.183167252,0.1,0.273167252
432,1.0,0.183167252,0.1,0.283167252
433,0.1,0.0,1.0,0.1
433,0.2,0.0,1.0,0.2
433,0.3,0.0,1.0,0.3
433,0.4,0.14326828179999998,0.6,0.38326828180000005
433,0.5,0.190591298,0.5,0.440591298
433,0.6,0.190591298,0.5,0.490591298
433,0.7,0.190591298,0.5,0.540591298
433,0.8,0.190591298,0.5,0.590591298
433,0.9,0.190591298,0.5,0.640591298
433,1.0,0.190591298,0.5,0.690591298
434,0.1,0.06184909000000001,0.2,0.08184909
434,0.2,0.06184909000000001,0.2,0.10184909000000002
434,0.3,0.06184909000000001,0.2,0.12184909
434,0.4,0.06184909000000001,0.2,0.14184909
434,0.5,0.06184909000000001,0.2,0.16184909
434,0.6,0.06184909000000001,0.2,0.18184909
434,0.7,0.06184909000000001,0.2,0.20184908999999998
434,0.8,0.06184909000000001,0.2,0.22184909
434,0.9,0.06184909000000001,0.2,0.24184909000000002
434,1.0,0.06184909000000001,0.2,0.26184909
435,0.1,0.055999982999999996,0.1,0.065999983
435,0.2,0.055999982999999996,0.1,0.075999983
435,0.3,0.055999982999999996,0.1,0.085999983
435,0.4,0.055999982999999996,0.1,0.095999983
435,0.5,0.055999982999999996,0.1,0.10599998299999999
435,0.6,0.11466661999999998,0.0,0.11466661999999998
435,0.7,0.11466661999999998,0.0,0.11466661999999998
435,0.8,0.11466661999999998,0.0,0.11466661999999998
435,0.9,0.11466661999999998,0.0,0.11466661999999998
435,1.0,0.11466661999999998,0.0,0.11466661999999998
436,0.1,0.055999982999999996,0.1,0.065999983
436,0.2,0.055999982999999996,0.1,0.075999983
436,0.3,0.055999982999999996,0.1,0.085999983
436,0.4,0.055999982999999996,0.1,0.095999983
436,0.5,0.055999982999999996,0.1,0.10599998299999999
436,0.6,0.055999982999999996,0.1,0.11599998299999999
436,0.7,0.055999982999999996,0.1,0.12599998299999998
436,0.8,0.055999982999999996,0.1,0.135999983
436,0.9,0.055999982999999996,0.1,0.145999983
436,1.0,0.055999982999999996,0.1,0.155999983
437,0.1,0.0,1.0,0.1
437,0.2,0.0,1.0,0.2
437,0.3,0.0,1.0,0.3
437,0.4,0.0,1.0,0.4
437,0.5,0.21298567899999998,0.5,0.462985679
437,0.6,0.21298567899999998,0.5,0.512985679
437,0.7,0.21298567899999998,0.5,0.562985679
437,0.8,0.21298567899999998,0.5,0.612985679
437,0.9,0.21298567899999998,0.5,0.6629856789999999
437,1.0,0.21298567899999998,0.5,0.712985679
438,0.1,0.055999982999999996,0.3,0.085999983
438,0.2,0.0750216316,0.2,0.11502163159999998
438,0.3,0.0750216316,0.2,0.1350216316
438,0.4,0.0750216316,0.2,0.1550216316
438,0.5,0.0750216316,0.2,0.1750216316
438,0.6,0.0750216316,0.2,0.1950216316
438,0.7,0.0750216316,0.2,0.21502163159999998
438,0.8,0.0750216316,0.2,0.2350216316
438,0.9,0.0750216316,0.2,0.2550216316
438,1.0,0.0750216316,0.2,0.2750216316
439,0.1,0.055999982999999996,0.2,0.075999983
439,0.2,0.055999982999999996,0.2,0.095999983
439,0.3,0.055999982999999996,0.2,0.11599998299999999
439,0.4,0.055999982999999996,0.2,0.135999983
439,0.5,0.055999982999999996,0.2,0.155999983
439,0.6,0.055999982999999996,0.2,0.175999983
439,0.7,0.055999982999999996,0.2,0.195999983
439,0.8,0.055999982999999996,0.2,0.21599998300000003
439,0.9,0.055999982999999996,0.2,0.235999983
439,1.0,0.055999982999999996,0.2,0.255999983
440,0.1,0.055999982999999996,0.3,0.085999983
440,0.2,0.055999982999999996,0.3,0.115999983
440,0.3,0.055999982999999996,0.3,0.145999983
440,0.4,0.055999982999999996,0.3,0.17599998300000003
440,0.5,0.055999982999999996,0.3,0.20599998299999997
440,0.6,0.055999982999999996,0.3,0.23599998299999997
440,0.7,0.12153852279999999,0.2,0.2615385228
440,0.8,0.12153852279999999,0.2,0.2815385228
440,0.9,0.204933066,0.1,0.29493306599999997
440,1.0,0.204933066,0.1,0.304933066
441,0.1,0.055999982999999996,0.3,0.085999983
441,0.2,0.055999982999999996,0.3,0.115999983
441,0.3,0.055999982999999996,0.3,0.145999983
441,0.4,0.055999982999999996,0.3,0.17599998300000003
441,0.5,0.055999982999999996,0.3,0.20599998299999997
441,0.6,0.055999982999999996,0.3,0.23599998299999997
441,0.7,0.12153852279999999,0.2,0.2615385228
441,0.8,0.12153852279999999,0.2,0.2815385228
441,0.9,0.204933066,0.1,0.29493306599999997
441,1.0,0.204933066,0.1,0.304933066
442,0.1,0.0628629048,0.2,0.0828629048
442,0.2,0.0628629048,0.2,0.1028629048
442,0.3,0.0628629048,0.2,0.12286290479999999
442,0.4,0.0628629048,0.2,0.1428629048
442,0.5,0.0628629048,0.2,0.1628629048
442,0.6,0.0628629048,0.2,0.18286290479999998
442,0.7,0.0628629048,0.2,0.2028629048
442,0.8,0.0628629048,0.2,0.2228629048
442,0.9,0.0628629048,0.2,0.2428629048
442,1.0,0.0628629048,0.2,0.2628629048
443,0.1,0.055999982999999996,0.2,0.075999983
443,0.2,0.055999982999999996,0.2,0.095999983
443,0.3,0.055999982999999996,0.2,0.11599998299999999
443,0.4,0.055999982999999996,0.2,0.135999983
443,0.5,0.055999982999999996,0.2,0.155999983
443,0.6,0.11482017940000003,0.1,0.17482017940000003
443,0.7,0.11482017940000003,0.1,0.1848201794
443,0.8,0.11482017940000003,0.1,0.19482017940000002
443,0.9,0.11482017940000003,0.1,0.20482017940000002
443,1.0,0.11482017940000003,0.1,0.21482017940000003
444,0.1,0.055999982999999996,0.4,0.095999983
444,0.2,0.0822233956,0.2,0.12222339559999999
444,0.3,0.0822233956,0.2,0.1422233956
444,0.4,0.0822233956,0.2,0.16222339560000001
444,0.5,0.0822233956,0.2,0.18222339559999998
444,0.6,0.0822233956,0.2,0.2022233956
444,0.7,0.0822233956,0.2,0.22222339559999998
444,0.8,0.0822233956,0.2,0.2422233956
444,0.9,0.0822233956,0.2,0.2622233956
444,1.0,0.0822233956,0.2,0.2822233956
445,0.1,0.0628629048,0.2,0.0828629048
445,0.2,0.0628629048,0.2,0.1028629048
445,0.3,0.0628629048,0.2,0.12286290479999999
445,0.4,0.0628629048,0.2,0.1428629048
445,0.5,0.0628629048,0.2,0.1628629048
445,0.6,0.0628629048,0.2,0.18286290479999998
445,0.7,0.0628629048,0.2,0.2028629048
445,0.8,0.0628629048,0.2,0.2228629048
445,0.9,0.0628629048,0.2,0.2428629048
445,1.0,0.0628629048,0.2,0.2628629048
446,0.1,0.055999982999999996,0.3,0.085999983
446,0.2,0.055999982999999996,0.3,0.115999983
446,0.3,0.055999982999999996,0.3,0.145999983
446,0.4,0.055999982999999996,0.3,0.17599998300000003
446,0.5,0.055999982999999996,0.3,0.20599998299999997
446,0.6,0.055999982999999996,0.3,0.23599998299999997
446,0.7,0.12153852279999999,0.2,0.2615385228
446,0.8,0.12153852279999999,0.2,0.2815385228
446,0.9,0.204933066,0.1,0.29493306599999997
446,1.0,0.204933066,0.1,0.304933066
447,0.1,0.055999982999999996,0.1,0.065999983
447,0.2,0.055999982999999996,0.1,0.075999983
447,0.3,0.055999982999999996,0.1,0.085999983
447,0.4,0.055999982999999996,0.1,0.095999983
447,0.5,0.055999982999999996,0.1,0.10599998299999999
447,0.6,0.055999982999999996,0.1,0.11599998299999999
447,0.7,0.055999982999999996,0.1,0.12599998299999998
447,0.8,0.055999982999999996,0.1,0.135999983
447,0.9,0.055999982999999996,0.1,0.145999983
447,1.0,0.055999982999999996,0.1,0.155999983
448,0.1,0.055999982999999996,0.2,0.075999983
448,0.2,0.055999982999999996,0.2,0.095999983
448,0.3,0.055999982999999996,0.2,0.11599998299999999
448,0.4,0.055999982999999996,0.2,0.135999983
448,0.5,0.055999982999999996,0.2,0.155999983
448,0.6,0.11482017940000003,0.1,0.17482017940000003
448,0.7,0.11482017940000003,0.1,0.1848201794
448,0.8,0.11482017940000003,0.1,0.19482017940000002
448,0.9,0.11482017940000003,0.1,0.20482017940000002
448,1.0,0.11482017940000003,0.1,0.21482017940000003
449,0.1,0.06184909000000001,0.2,0.08184909
449,0.2,0.06184909000000001,0.2,0.10184909000000002
449,0.3,0.06184909000000001,0.2,0.12184909
449,0.4,0.06184909000000001,0.2,0.14184909
449,0.5,0.06184909000000001,0.2,0.16184909
449,0.6,0.06184909000000001,0.2,0.18184909
449,0.7,0.06184909000000001,0.2,0.20184908999999998
449,0.8,0.06184909000000001,0.2,0.22184909
449,0.9,0.06184909000000001,0.2,0.24184909000000002
449,1.0,0.06184909000000001,0.2,0.26184909
450,0.1,0.0626267628,0.2,0.0826267628
450,0.2,0.07494338279999999,0.1,0.09494338279999999
450,0.3,0.07494338279999999,0.1,0.1049433828
450,0.4,0.07494338279999999,0.1,0.11494338279999998
450,0.5,0.07494338279999999,0.1,0.12494338279999999
450,0.6,0.07494338279999999,0.1,0.1349433828
450,0.7,0.07494338279999999,0.1,0.1449433828
450,0.8,0.07494338279999999,0.1,0.1549433828
450,0.9,0.07494338279999999,0.1,0.16494338279999998
450,1.0,0.07494338279999999,0.1,0.1749433828
451,0.1,0.055999982999999996,0.1,0.065999983
451,0.2,0.055999982999999996,0.1,0.075999983
451,0.3,0.055999982999999996,0.1,0.085999983
451,0.4,0.055999982999999996,0.1,0.095999983
451,0.5,0.055999982999999996,0.1,0.10599998299999999
451,0.6,0.055999982999999996,0.1,0.11599998299999999
451,0.7,0.055999982999999996,0.1,0.12599998299999998
451,0.8,0.055999982999999996,0.1,0.135999983
451,0.9,0.055999982999999996,0.1,0.145999983
451,1.0,0.055999982999999996,0.1,0.155999983
452,0.1,0.06184909000000001,0.2,0.08184909
452,0.2,0.06184909000000001,0.2,0.10184909000000002
452,0.3,0.06184909000000001,0.2,0.12184909
452,0.4,0.06184909000000001,0.2,0.14184909
452,0.5,0.06184909000000001,0.2,0.16184909
452,0.6,0.06184909000000001,0.2,0.18184909
452,0.7,0.06184909000000001,0.2,0.20184908999999998
452,0.8,0.06184909000000001,0.2,0.22184909
452,0.9,0.06184909000000001,0.2,0.24184909000000002
452,1.0,0.06184909000000001,0.2,0.26184909
453,0.1,0.055999982999999996,0.2,0.075999983
453,0.2,0.055999982999999996,0.2,0.095999983
453,0.3,0.055999982999999996,0.2,0.11599998299999999
453,0.4,0.055999982999999996,0.2,0.135999983
453,0.5,0.055999982999999996,0.2,0.155999983
453,0.6,0.1078777886,0.1,0.16787778859999997
453,0.7,0.1078777886,0.1,0.17787778859999998
453,0.8,0.1078777886,0.1,0.18787778859999998
453,0.9,0.1078777886,0.1,0.1978777886
453,1.0,0.1078777886,0.1,0.2078777886
454,0.1,0.0,1.0,0.1
454,0.2,0.0,1.0,0.2
454,0.3,0.0,1.0,0.3
454,0.4,0.30527308799999997,0.0,0.30527308799999997
454,0.5,0.30527308799999997,0.0,0.30527308799999997
454,0.6,0.30527308799999997,0.0,0.30527308799999997
454,0.7,0.30527308799999997,0.0,0.30527308799999997
454,0.8,0.30527308799999997,0.0,0.30527308799999997
454,0.9,0.30527308799999997,0.0,0.30527308799999997
454,1.0,0.30527308799999997,0.0,0.30527308799999997
455,0.1,0.055999982999999996,0.2,0.075999983
455,0.2,0.055999982999999996,0.2,0.095999983
455,0.3,0.055999982999999996,0.2,0.11599998299999999
455,0.4,0.055999982999999996,0.2,0.135999983
455,0.5,0.055999982999999996,0.2,0.155999983
455,0.6,0.055999982999999996,0.2,0.175999983
455,0.7,0.055999982999999996,0.2,0.195999983
455,0.8,0.055999982999999996,0.2,0.21599998300000003
455,0.9,0.055999982999999996,0.2,0.235999983
455,1.0,0.055999982999999996,0.2,0.255999983
456,0.1,0.055999982999999996,0.2,0.075999983
456,0.2,0.055999982999999996,0.2,0.095999983
456,0.3,0.07600296749999999,0.1,0.1060029675
456,0.4,0.07600296749999999,0.1,0.11600296750000001
456,0.5,0.07600296749999999,0.1,0.1260029675
456,0.6,0.07600296749999999,0.1,0.1360029675
456,0.7,0.07600296749999999,0.1,0.1460029675
456,0.8,0.07600296749999999,0.1,0.1560029675
456,0.9,0.07600296749999999,0.1,0.16600296750000001
456,1.0,0.07600296749999999,0.1,0.1760029675
457,0.1,0.055999982999999996,0.1,0.065999983
457,0.2,0.055999982999999996,0.1,0.075999983
457,0.3,0.055999982999999996,0.1,0.085999983
457,0.4,0.055999982999999996,0.1,0.095999983
457,0.5,0.055999982999999996,0.1,0.10599998299999999
457,0.6,0.055999982999999996,0.1,0.11599998299999999
457,0.7,0.055999982999999996,0.1,0.12599998299999998
457,0.8,0.055999982999999996,0.1,0.135999983
457,0.9,0.055999982999999996,0.1,0.145999983
457,1.0,0.055999982999999996,0.1,0.155999983
458,0.1,0.0628629048,0.2,0.0828629048
458,0.2,0.0628629048,0.2,0.1028629048
458,0.3,0.0628629048,0.2,0.12286290479999999
458,0.4,0.0628629048,0.2,0.1428629048
458,0.5,0.0628629048,0.2,0.1628629048
458,0.6,0.0628629048,0.2,0.18286290479999998
458,0.7,0.0628629048,0.2,0.2028629048
458,0.8,0.0628629048,0.2,0.2228629048
458,0.9,0.0628629048,0.2,0.2428629048
458,1.0,0.0628629048,0.2,0.2628629048
459,0.1,0.0,1.0,0.1
459,0.2,0.0,1.0,0.2
459,0.3,0.025952507000000003,0.9,0.295952507
459,0.4,0.29999982,0.1,0.33999981999999995
459,0.5,0.29999982,0.1,0.34999981999999996
459,0.6,0.29999982,0.1,0.35999981999999997
459,0.7,0.29999982,0.1,0.36999982
459,0.8,0.29999982,0.1,0.37999982
459,0.9,0.29999982,0.1,0.38999982
459,1.0,0.29999982,0.1,0.39999982
460,0.1,0.055999982999999996,0.2,0.075999983
460,0.2,0.055999982999999996,0.2,0.095999983
460,0.3,0.055999982999999996,0.2,0.11599998299999999
460,0.4,0.055999982999999996,0.2,0.135999983
460,0.5,0.055999982999999996,0.2,0.155999983
460,0.6,0.055999982999999996,0.2,0.175999983
460,0.7,0.055999982999999996,0.2,0.195999983
460,0.8,0.055999982999999996,0.2,0.21599998300000003
460,0.9,0.055999982999999996,0.2,0.235999983
460,1.0,0.055999982999999996,0.2,0.255999983
461,0.1,0.0625943045,0.1,0.0725943045
461,0.2,0.0625943045,0.1,0.08259430450000001
461,0.3,0.0625943045,0.1,0.09259430449999999
461,0.4,0.0625943045,0.1,0.1025943045
461,0.5,0.0625943045,0.1,0.1125943045
461,0.6,0.0625943045,0.1,0.1225943045
461,0.7,0.0625943045,0.1,0.13259430449999998
461,0.8,0.0625943045,0.1,0.1425943045
461,0.9,0.0625943045,0.1,0.1525943045
461,1.0,0.0625943045,0.1,0.1625943045
462,0.1,0.055999982999999996,0.3,0.085999983
462,0.2,0.055999982999999996,0.3,0.115999983
462,0.3,0.055999982999999996,0.3,0.145999983
462,0.4,0.055999982999999996,0.3,0.17599998300000003
462,0.5,0.055999982999999996,0.3,0.20599998299999997
462,0.6,0.055999982999999996,0.3,0.23599998299999997
462,0.7,0.183167252,0.1,0.253167252
462,0.8,0.183167252,0.1,0.263167252
462,0.9,0.183167252,0.1,0.273167252
462,1.0,0.183167252,0.1,0.28316725200000004
463,0.1,0.056276605300000004,0.3,0.0862766053
463,0.2,0.056276605300000004,0.3,0.11627660530000002
463,0.3,0.056276605300000004,0.3,0.1462766053
463,0.4,0.056276605300000004,0.3,0.17627660530000003
463,0.5,0.056276605300000004,0.3,0.20627660529999997
463,0.6,0.056276605300000004,0.3,0.23627660529999997
463,0.7,0.056276605300000004,0.3,0.26627660529999997
463,0.8,0.056276605300000004,0.3,0.2962766053
463,0.9,0.29999982,0.0,0.29999982
463,1.0,0.29999982,0.0,0.29999982
464,0.1,0.055999982999999996,0.2,0.075999983
464,0.2,0.055999982999999996,0.2,0.095999983
464,0.3,0.0799200077,0.1,0.10992000770000002
464,0.4,0.0799200077,0.1,0.1199200077
464,0.5,0.0799200077,0.1,0.1299200077
464,0.6,0.0799200077,0.1,0.13992000770000002
464,0.7,0.0799200077,0.1,0.1499200077
464,0.8,0.0799200077,0.1,0.1599200077
464,0.9,0.0799200077,0.1,0.1699200077
464,1.0,0.0799200077,0.1,0.1799200077
465,0.1,0.055999982999999996,0.3,0.085999983
465,0.2,0.055999982999999996,0.3,0.115999983
465,0.3,0.055999982999999996,0.3,0.145999983
465,0.4,0.055999982999999996,0.3,0.17599998300000003
465,0.5,0.055999982999999996,0.3,0.20599998299999997
465,0.6,0.055999982999999996,0.3,0.23599998299999997
465,0.7,0.12153852279999999,0.2,0.2615385228
465,0.8,0.12153852279999999,0.2,0.2815385228
465,0.9,0.204933066,0.1,0.29493306599999997
465,1.0,0.204933066,0.1,0.304933066
466,0.1,0.055999982999999996,0.2,0.075999983
466,0.2,0.055999982999999996,0.2,0.095999983
466,0.3,0.07600296749999999,0.1,0.1060029675
466,0.4,0.07600296749999999,0.1,0.11600296750000001
466,0.5,0.07600296749999999,0.1,0.1260029675
466,0.6,0.07600296749999999,0.1,0.1360029675
466,0.7,0.07600296749999999,0.1,0.1460029675
466,0.8,0.07600296749999999,0.1,0.1560029675
466,0.9,0.07600296749999999,0.1,0.16600296750000001
466,1.0,0.07600296749999999,0.1,0.1760029675
467,0.1,0.06488617049999999,0.1,0.07488617049999999
467,0.2,0.06488617049999999,0.1,0.0848861705
467,0.3,0.06488617049999999,0.1,0.09488617049999999
467,0.4,0.06488617049999999,0.1,0.1048861705
467,0.5,0.06488617049999999,0.1,0.11488617049999998
467,0.6,0.06488617049999999,0.1,0.12488617049999999
467,0.7,0.06488617049999999,0.1,0.1348861705
467,0.8,0.06488617049999999,0.1,0.14488617050000002
467,0.9,0.06488617049999999,0.1,0.1548861705
467,1.0,0.06488617049999999,0.1,0.16488617049999998
468,0.1,0.06184909000000001,0.2,0.08184909
468,0.2,0.06184909000000001,0.2,0.10184909000000002
468,0.3,0.06184909000000001,0.2,0.12184909
468,0.4,0.06184909000000001,0.2,0.14184909
468,0.5,0.06184909000000001,0.2,0.16184909
468,0.6,0.06184909000000001,0.2,0.18184909
468,0.7,0.06184909000000001,0.2,0.20184908999999998
468,0.8,0.06184909000000001,0.2,0.22184909
468,0.9,0.06184909000000001,0.2,0.24184909000000002
468,1.0,0.06184909000000001,0.2,0.26184909
469,0.1,0.0626267628,0.2,0.0826267628
469,0.2,0.07494338279999999,0.1,0.09494338279999999
469,0.3,0.07494338279999999,0.1,0.1049433828
469,0.4,0.07494338279999999,0.1,0.11494338279999998
469,0.5,0.07494338279999999,0.1,0.12494338279999999
469,0.6,0.07494338279999999,0.1,0.1349433828
469,0.7,0.07494338279999999,0.1,0.1449433828
469,0.8,0.07494338279999999,0.1,0.1549433828
469,0.9,0.07494338279999999,0.1,0.16494338279999998
469,1.0,0.07494338279999999,0.1,0.1749433828
470,0.1,0.06184909000000001,0.2,0.08184909
470,0.2,0.06184909000000001,0.2,0.10184909000000002
470,0.3,0.06184909000000001,0.2,0.12184909
470,0.4,0.06184909000000001,0.2,0.14184909
470,0.5,0.06184909000000001,0.2,0.16184909
470,0.6,0.06184909000000001,0.2,0.18184909
470,0.7,0.06184909000000001,0.2,0.20184908999999998
470,0.8,0.06184909000000001,0.2,0.22184909
470,0.9,0.06184909000000001,0.2,0.24184909000000002
470,1.0,0.06184909000000001,0.2,0.26184909
471,0.1,0.055999982999999996,0.2,0.075999983
471,0.2,0.055999982999999996,0.2,0.095999983
471,0.3,0.055999982999999996,0.2,0.11599998299999999
471,0.4,0.055999982999999996,0.2,0.135999983
471,0.5,0.055999982999999996,0.2,0.155999983
471,0.6,0.055999982999999996,0.2,0.175999983
471,0.7,0.055999982999999996,0.2,0.195999983
471,0.8,0.055999982999999996,0.2,0.21599998300000003
471,0.9,0.055999982999999996,0.2,0.235999983
471,1.0,0.055999982999999996,0.2,0.255999983
472,0.1,0.055999982999999996,0.2,0.075999983
472,0.2,0.055999982999999996,0.2,0.095999983
472,0.3,0.055999982999999996,0.2,0.11599998299999999
472,0.4,0.055999982999999996,0.2,0.135999983
472,0.5,0.055999982999999996,0.2,0.155999983
472,0.6,0.1078777886,0.1,0.16787778859999997
472,0.7,0.1078777886,0.1,0.17787778859999998
472,0.8,0.1078777886,0.1,0.18787778859999998
472,0.9,0.1078777886,0.1,0.1978777886
472,1.0,0.1078777886,0.1,0.2078777886
473,0.1,0.0625943045,0.1,0.0725943045
473,0.2,0.0625943045,0.1,0.08259430450000001
473,0.3,0.0625943045,0.1,0.09259430449999999
473,0.4,0.0625943045,0.1,0.1025943045
473,0.5,0.0625943045,0.1,0.1125943045
473,0.6,0.0625943045,0.1,0.1225943045
473,0.7,0.0625943045,0.1,0.13259430449999998
473,0.8,0.0625943045,0.1,0.1425943045
473,0.9,0.0625943045,0.1,0.1525943045
473,1.0,0.0625943045,0.1,0.1625943045
474,0.1,0.06184909000000001,0.2,0.08184909
474,0.2,0.06184909000000001,0.2,0.10184909000000002
474,0.3,0.06184909000000001,0.2,0.12184909
474,0.4,0.06184909000000001,0.2,0.14184909
474,0.5,0.06184909000000001,0.2,0.16184909
474,0.6,0.06184909000000001,0.2,0.18184909
474,0.7,0.06184909000000001,0.2,0.20184908999999998
474,0.8,0.06184909000000001,0.2,0.22184909
474,0.9,0.06184909000000001,0.2,0.24184909000000002
474,1.0,0.06184909000000001,0.2,0.26184909
475,0.1,0.055999982999999996,0.2,0.075999983
475,0.2,0.055999982999999996,0.2,0.095999983
475,0.3,0.07600296749999999,0.1,0.1060029675
475,0.4,0.07600296749999999,0.1,0.11600296750000001
475,0.5,0.07600296749999999,0.1,0.1260029675
475,0.6,0.07600296749999999,0.1,0.1360029675
475,0.7,0.07600296749999999,0.1,0.1460029675
475,0.8,0.07600296749999999,0.1,0.1560029675
475,0.9,0.07600296749999999,0.1,0.16600296750000001
475,1.0,0.07600296749999999,0.1,0.1760029675
476,0.1,0.0625943045,0.1,0.0725943045
476,0.2,0.0625943045,0.1,0.08259430450000001
476,0.3,0.0625943045,0.1,0.09259430449999999
476,0.4,0.0625943045,0.1,0.1025943045
476,0.5,0.0625943045,0.1,0.1125943045
476,0.6,0.0625943045,0.1,0.1225943045
476,0.7,0.0625943045,0.1,0.13259430449999998
476,0.8,0.0625943045,0.1,0.1425943045
476,0.9,0.0625943045,0.1,0.1525943045
476,1.0,0.0625943045,0.1,0.1625943045
477,0.1,0.0625943045,0.1,0.0725943045
477,0.2,0.0625943045,0.1,0.08259430450000001
477,0.3,0.0625943045,0.1,0.09259430449999999
477,0.4,0.0625943045,0.1,0.1025943045
477,0.5,0.0625943045,0.1,0.1125943045
477,0.6,0.0625943045,0.1,0.1225943045
477,0.7,0.0625943045,0.1,0.13259430449999998
477,0.8,0.0625943045,0.1,0.1425943045
477,0.9,0.0625943045,0.1,0.1525943045
477,1.0,0.0625943045,0.1,0.1625943045
478,0.1,0.055999982999999996,0.2,0.075999983
478,0.2,0.055999982999999996,0.2,0.095999983
478,0.3,0.07600296749999999,0.1,0.1060029675
478,0.4,0.07600296749999999,0.1,0.11600296750000001
478,0.5,0.07600296749999999,0.1,0.1260029675
478,0.6,0.07600296749999999,0.1,0.1360029675
478,0.7,0.07600296749999999,0.1,0.1460029675
478,0.8,0.07600296749999999,0.1,0.1560029675
478,0.9,0.07600296749999999,0.1,0.16600296750000001
478,1.0,0.07600296749999999,0.1,0.1760029675
479,0.1,0.055999982999999996,0.2,0.075999983
479,0.2,0.055999982999999996,0.2,0.095999983
479,0.3,0.055999982999999996,0.2,0.11599998299999999
479,0.4,0.055999982999999996,0.2,0.135999983
479,0.5,0.055999982999999996,0.2,0.155999983
479,0.6,0.055999982999999996,0.2,0.175999983
479,0.7,0.055999982999999996,0.2,0.195999983
479,0.8,0.055999982999999996,0.2,0.21599998300000003
479,0.9,0.055999982999999996,0.2,0.235999983
479,1.0,0.055999982999999996,0.2,0.255999983
480,0.1,0.055999982999999996,0.2,0.075999983
480,0.2,0.055999982999999996,0.2,0.095999983
480,0.3,0.055999982999999996,0.2,0.11599998299999999
480,0.4,0.055999982999999996,0.2,0.135999983
480,0.5,0.055999982999999996,0.2,0.155999983
480,0.6,0.055999982999999996,0.2,0.175999983
480,0.7,0.055999982999999996,0.2,0.195999983
480,0.8,0.055999982999999996,0.2,0.21599998300000003
480,0.9,0.055999982999999996,0.2,0.235999983
480,1.0,0.055999982999999996,0.2,0.255999983
481,0.1,0.06184909000000001,0.2,0.08184909
481,0.2,0.06184909000000001,0.2,0.10184909000000002
481,0.3,0.06184909000000001,0.2,0.12184909
481,0.4,0.06184909000000001,0.2,0.14184909
481,0.5,0.06184909000000001,0.2,0.16184909
481,0.6,0.06184909000000001,0.2,0.18184909
481,0.7,0.06184909000000001,0.2,0.20184908999999998
481,0.8,0.06184909000000001,0.2,0.22184909
481,0.9,0.06184909000000001,0.2,0.24184909000000002
481,1.0,0.06184909000000001,0.2,0.26184909
482,0.1,0.055999982999999996,0.3,0.085999983
482,0.2,0.0750216316,0.2,0.11502163159999998
482,0.3,0.0750216316,0.2,0.1350216316
482,0.4,0.0750216316,0.2,0.1550216316
482,0.5,0.0750216316,0.2,0.1750216316
482,0.6,0.0750216316,0.2,0.1950216316
482,0.7,0.0750216316,0.2,0.21502163159999998
482,0.8,0.0750216316,0.2,0.2350216316
482,0.9,0.0750216316,0.2,0.2550216316
482,1.0,0.0750216316,0.2,0.2750216316
483,0.1,0.055999982999999996,0.3,0.085999983
483,0.2,0.055999982999999996,0.3,0.115999983
483,0.3,0.055999982999999996,0.3,0.145999983
483,0.4,0.055999982999999996,0.3,0.17599998300000003
483,0.5,0.055999982999999996,0.3,0.20599998299999997
483,0.6,0.055999982999999996,0.3,0.23599998299999997
483,0.7,0.12153852279999999,0.2,0.2615385228
483,0.8,0.12153852279999999,0.2,0.2815385228
483,0.9,0.204933066,0.1,0.29493306599999997
483,1.0,0.204933066,0.1,0.304933066
484,0.1,0.055999982999999996,0.2,0.075999983
484,0.2,0.055999982999999996,0.2,0.095999983
484,0.3,0.055999982999999996,0.2,0.11599998299999999
484,0.4,0.055999982999999996,0.2,0.135999983
484,0.5,0.055999982999999996,0.2,0.155999983
484,0.6,0.11482017940000003,0.1,0.17482017940000003
484,0.7,0.11482017940000003,0.1,0.1848201794
484,0.8,0.11482017940000003,0.1,0.19482017940000002
484,0.9,0.11482017940000003,0.1,0.20482017940000002
484,1.0,0.11482017940000003,0.1,0.21482017940000003
485,0.1,0.0,1.0,0.1
485,0.2,0.0,1.0,0.2
485,0.3,0.0,1.0,0.3
485,0.4,0.14326828179999998,0.6,0.38326828180000005
485,0.5,0.190591298,0.5,0.440591298
485,0.6,0.190591298,0.5,0.490591298
485,0.7,0.190591298,0.5,0.540591298
485,0.8,0.190591298,0.5,0.590591298
485,0.9,0.190591298,0.5,0.640591298
485,1.0,0.190591298,0.5,0.690591298
486,0.1,0.06184909000000001,0.2,0.08184909
486,0.2,0.06184909000000001,0.2,0.10184909000000002
486,0.3,0.06184909000000001,0.2,0.12184909
486,0.4,0.06184909000000001,0.2,0.14184909
486,0.5,0.06184909000000001,0.2,0.16184909
486,0.6,0.06184909000000001,0.2,0.18184909
486,0.7,0.06184909000000001,0.2,0.20184908999999998
486,0.8,0.06184909000000001,0.2,0.22184909
486,0.9,0.06184909000000001,0.2,0.24184909000000002
486,1.0,0.06184909000000001,0.2,0.26184909
487,0.1,0.055999982999999996,0.2,0.075999983
487,0.2,0.055999982999999996,0.2,0.095999983
487,0.3,0.055999982999999996,0.2,0.11599998299999999
487,0.4,0.055999982999999996,0.2,0.135999983
487,0.5,0.055999982999999996,0.2,0.155999983
487,0.6,0.055999982999999996,0.2,0.175999983
487,0.7,0.055999982999999996,0.2,0.195999983
487,0.8,0.055999982999999996,0.2,0.21599998300000003
487,0.9,0.055999982999999996,0.2,0.235999983
487,1.0,0.055999982999999996,0.2,0.255999983
488,0.1,0.0628629048,0.2,0.0828629048
488,0.2,0.0628629048,0.2,0.1028629048
488,0.3,0.0628629048,0.2,0.12286290479999999
488,0.4,0.0628629048,0.2,0.1428629048
488,0.5,0.0628629048,0.2,0.1628629048
488,0.6,0.0628629048,0.2,0.18286290479999998
488,0.7,0.0628629048,0.2,0.2028629048
488,0.8,0.0628629048,0.2,0.2228629048
488,0.9,0.0628629048,0.2,0.2428629048
488,1.0,0.0628629048,0.2,0.2628629048
489,0.1,0.055999982999999996,0.4,0.095999983
489,0.2,0.0822233956,0.2,0.12222339559999999
489,0.3,0.0822233956,0.2,0.1422233956
489,0.4,0.0822233956,0.2,0.16222339560000001
489,0.5,0.0822233956,0.2,0.18222339559999998
489,0.6,0.0822233956,0.2,0.2022233956
489,0.7,0.0822233956,0.2,0.22222339559999998
489,0.8,0.0822233956,0.2,0.2422233956
489,0.9,0.0822233956,0.2,0.2622233956
489,1.0,0.0822233956,0.2,0.2822233956
490,0.1,0.055999982999999996,0.2,0.075999983
490,0.2,0.055999982999999996,0.2,0.095999983
490,0.3,0.055999982999999996,0.2,0.11599998299999999
490,0.4,0.055999982999999996,0.2,0.135999983
490,0.5,0.055999982999999996,0.2,0.155999983
490,0.6,0.055999982999999996,0.2,0.175999983
490,0.7,0.055999982999999996,0.2,0.195999983
490,0.8,0.055999982999999996,0.2,0.21599998300000003
490,0.9,0.055999982999999996,0.2,0.235999983
490,1.0,0.055999982999999996,0.2,0.255999983
491,0.1,0.0,1.0,0.1
491,0.2,0.0,1.0,0.2
491,0.3,0.0,1.0,0.3
491,0.4,0.14326828179999998,0.6,0.38326828180000005
491,0.5,0.190591298,0.5,0.440591298
491,0.6,0.190591298,0.5,0.490591298
491,0.7,0.190591298,0.5,0.540591298
491,0.8,0.190591298,0.5,0.590591298
491,0.9,0.190591298,0.5,0.640591298
491,1.0,0.190591298,0.5,0.690591298
492,0.1,0.0626267628,0.2,0.0826267628
492,0.2,0.07494338279999999,0.1,0.09494338279999999
492,0.3,0.07494338279999999,0.1,0.1049433828
492,0.4,0.07494338279999999,0.1,0.11494338279999998
492,0.5,0.07494338279999999,0.1,0.12494338279999999
492,0.6,0.07494338279999999,0.1,0.1349433828
492,0.7,0.07494338279999999,0.1,0.1449433828
492,0.8,0.07494338279999999,0.1,0.1549433828
492,0.9,0.07494338279999999,0.1,0.16494338279999998
492,1.0,0.07494338279999999,0.1,0.1749433828
493,0.1,0.055999982999999996,0.2,0.075999983
493,0.2,0.055999982999999996,0.2,0.095999983
493,0.3,0.055999982999999996,0.2,0.11599998299999999
493,0.4,0.055999982999999996,0.2,0.135999983
493,0.5,0.055999982999999996,0.2,0.155999983
493,0.6,0.055999982999999996,0.2,0.175999983
493,0.7,0.055999982999999996,0.2,0.195999983
493,0.8,0.055999982999999996,0.2,0.21599998300000003
493,0.9,0.055999982999999996,0.2,0.235999983
493,1.0,0.055999982999999996,0.2,0.255999983
494,0.1,0.0,1.0,0.1
494,0.2,0.0,1.0,0.2
494,0.3,0.0,1.0,0.3
494,0.4,0.30527308799999997,0.0,0.30527308799999997
494,0.5,0.30527308799999997,0.0,0.30527308799999997
494,0.6,0.30527308799999997,0.0,0.30527308799999997
494,0.7,0.30527308799999997,0.0,0.30527308799999997
494,0.8,0.30527308799999997,0.0,0.30527308799999997
494,0.9,0.30527308799999997,0.0,0.30527308799999997
494,1.0,0.30527308799999997,0.0,0.30527308799999997
495,0.1,0.06184909000000001,0.2,0.08184909
495,0.2,0.06184909000000001,0.2,0.10184909000000002
495,0.3,0.06184909000000001,0.2,0.12184909
495,0.4,0.06184909000000001,0.2,0.14184909
495,0.5,0.06184909000000001,0.2,0.16184909
495,0.6,0.06184909000000001,0.2,0.18184909
495,0.7,0.06184909000000001,0.2,0.20184908999999998
495,0.8,0.06184909000000001,0.2,0.22184909
495,0.9,0.06184909000000001,0.2,0.24184909000000002
495,1.0,0.06184909000000001,0.2,0.26184909
496,0.1,0.059329224699999995,0.3,0.0893292247
496,0.2,0.059329224699999995,0.3,0.1193292247
496,0.3,0.059329224699999995,0.3,0.14932922469999999
496,0.4,0.059329224699999995,0.3,0.1793292247
496,0.5,0.059329224699999995,0.3,0.20932922469999998
496,0.6,0.059329224699999995,0.3,0.23932922469999998
496,0.7,0.059329224699999995,0.3,0.2693292247
496,0.8,0.1305992647,0.2,0.2905992647
496,0.9,0.29999982,0.0,0.29999982
496,1.0,0.29999982,0.0,0.29999982
497,0.1,0.055999982999999996,0.2,0.075999983
497,0.2,0.055999982999999996,0.2,0.095999983
497,0.3,0.0799200077,0.1,0.10992000770000002
497,0.4,0.0799200077,0.1,0.1199200077
497,0.5,0.0799200077,0.1,0.1299200077
497,0.6,0.0799200077,0.1,0.13992000770000002
497,0.7,0.0799200077,0.1,0.1499200077
497,0.8,0.0799200077,0.1,0.1599200077
497,0.9,0.0799200077,0.1,0.1699200077
497,1.0,0.0799200077,0.1,0.1799200077
498,0.1,0.055999982999999996,0.2,0.075999983
498,0.2,0.055999982999999996,0.2,0.095999983
498,0.3,0.055999982999999996,0.2,0.11599998299999999
498,0.4,0.055999982999999996,0.2,0.135999983
498,0.5,0.055999982999999996,0.2,0.155999983
498,0.6,0.055999982999999996,0.2,0.175999983
498,0.7,0.055999982999999996,0.2,0.195999983
498,0.8,0.055999982999999996,0.2,0.21599998300000003
498,0.9,0.055999982999999996,0.2,0.235999983
498,1.0,0.055999982999999996,0.2,0.255999983
499,0.1,0.055999982999999996,0.3,0.085999983
499,0.2,0.055999982999999996,0.3,0.115999983
499,0.3,0.055999982999999996,0.3,0.145999983
499,0.4,0.055999982999999996,0.3,0.17599998300000003
499,0.5,0.055999982999999996,0.3,0.20599998299999997
499,0.6,0.055999982999999996,0.3,0.23599998299999997
499,0.7,0.183167252,0.1,0.253167252
499,0.8,0.183167252,0.1,0.263167252
499,0.9,0.183167252,0.1,0.273167252
499,1.0,0.183167252,0.1,0.283167252
500,0.1,0.0628629048,0.2,0.0828629048
500,0.2,0.0628629048,0.2,0.1028629048
500,0.3,0.0628629048,0.2,0.12286290479999999
500,0.4,0.0628629048,0.2,0.1428629048
500,0.5,0.0628629048,0.2,0.1628629048
500,0.6,0.0628629048,0.2,0.18286290479999998
500,0.7,0.0628629048,0.2,0.2028629048
500,0.8,0.0628629048,0.2,0.2228629048
500,0.9,0.0628629048,0.2,0.2428629048
500,1.0,0.0628629048,0.2,0.2628629048
501,0.1,0.055999982999999996,0.2,0.075999983
501,0.2,0.055999982999999996,0.2,0.095999983
501,0.3,0.055999982999999996,0.2,0.11599998299999999
501,0.4,0.055999982999999996,0.2,0.135999983
501,0.5,0.055999982999999996,0.2,0.155999983
501,0.6,0.055999982999999996,0.2,0.175999983
501,0.7,0.055999982999999996,0.2,0.195999983
501,0.8,0.055999982999999996,0.2,0.21599998300000003
501,0.9,0.055999982999999996,0.2,0.235999983
501,1.0,0.055999982999999996,0.2,0.255999983
502,0.1,0.055999982999999996,0.1,0.065999983
502,0.2,0.055999982999999996,0.1,0.075999983
502,0.3,0.055999982999999996,0.1,0.085999983
502,0.4,0.055999982999999996,0.1,0.095999983
502,0.5,0.055999982999999996,0.1,0.10599998299999999
502,0.6,0.11466661999999998,0.0,0.11466661999999998
502,0.7,0.11466661999999998,0.0,0.11466661999999998
502,0.8,0.11466661999999998,0.0,0.11466661999999998
502,0.9,0.11466661999999998,0.0,0.11466661999999998
502,1.0,0.11466661999999998,0.0,0.11466661999999998
503,0.1,0.0,1.0,0.1
503,0.2,0.0,1.0,0.2
503,0.3,0.0,1.0,0.3
503,0.4,0.14326828179999998,0.6,0.38326828180000005
503,0.5,0.190591298,0.5,0.440591298
503,0.6,0.190591298,0.5,0.490591298
503,0.7,0.190591298,0.5,0.540591298
503,0.8,0.190591298,0.5,0.590591298
503,0.9,0.190591298,0.5,0.640591298
503,1.0,0.190591298,0.5,0.690591298
504,0.1,0.0628629048,0.2,0.0828629048
504,0.2,0.0628629048,0.2,0.1028629048
504,0.3,0.0628629048,0.2,0.12286290479999999
504,0.4,0.0628629048,0.2,0.1428629048
504,0.5,0.0628629048,0.2,0.1628629048
504,0.6,0.0628629048,0.2,0.18286290479999998
504,0.7,0.0628629048,0.2,0.2028629048
504,0.8,0.0628629048,0.2,0.2228629048
504,0.9,0.0628629048,0.2,0.2428629048
504,1.0,0.0628629048,0.2,0.2628629048
505,0.1,0.06184909000000001,0.2,0.08184909
505,0.2,0.06184909000000001,0.2,0.10184909000000002
505,0.3,0.06184909000000001,0.2,0.12184909
505,0.4,0.06184909000000001,0.2,0.14184909
505,0.5,0.06184909000000001,0.2,0.16184909
505,0.6,0.06184909000000001,0.2,0.18184909
505,0.7,0.06184909000000001,0.2,0.20184908999999998
505,0.8,0.06184909000000001,0.2,0.22184909
505,0.9,0.06184909000000001,0.2,0.24184909000000002
505,1.0,0.06184909000000001,0.2,0.26184909
506,0.1,0.055999982999999996,0.2,0.075999983
506,0.2,0.055999982999999996,0.2,0.095999983
506,0.3,0.055999982999999996,0.2,0.11599998299999999
506,0.4,0.055999982999999996,0.2,0.135999983
506,0.5,0.055999982999999996,0.2,0.155999983
506,0.6,0.1078777886,0.1,0.16787778859999997
506,0.7,0.1078777886,0.1,0.17787778859999998
506,0.8,0.1078777886,0.1,0.18787778859999998
506,0.9,0.1078777886,0.1,0.1978777886
506,1.0,0.1078777886,0.1,0.2078777886
507,0.1,0.056276605300000004,0.3,0.0862766053
507,0.2,0.056276605300000004,0.3,0.11627660530000002
507,0.3,0.056276605300000004,0.3,0.1462766053
507,0.4,0.056276605300000004,0.3,0.17627660530000003
507,0.5,0.056276605300000004,0.3,0.20627660529999997
507,0.6,0.056276605300000004,0.3,0.23627660529999997
507,0.7,0.056276605300000004,0.3,0.26627660529999997
507,0.8,0.056276605300000004,0.3,0.2962766053
507,0.9,0.29999982,0.0,0.29999982
507,1.0,0.29999982,0.0,0.29999982
508,0.1,0.055999982999999996,0.1,0.065999983
508,0.2,0.055999982999999996,0.1,0.075999983
508,0.3,0.055999982999999996,0.1,0.085999983
508,0.4,0.055999982999999996,0.1,0.095999983
508,0.5,0.055999982999999996,0.1,0.10599998299999999
508,0.6,0.055999982999999996,0.1,0.11599998299999999
508,0.7,0.055999982999999996,0.1,0.12599998299999998
508,0.8,0.055999982999999996,0.1,0.135999983
508,0.9,0.055999982999999996,0.1,0.145999983
508,1.0,0.055999982999999996,0.1,0.155999983
509,0.1,0.055999982999999996,0.3,0.085999983
509,0.2,0.0750216316,0.2,0.11502163159999998
509,0.3,0.0750216316,0.2,0.1350216316
509,0.4,0.0750216316,0.2,0.1550216316
509,0.5,0.0750216316,0.2,0.1750216316
509,0.6,0.0750216316,0.2,0.1950216316
509,0.7,0.0750216316,0.2,0.21502163159999998
509,0.8,0.0750216316,0.2,0.2350216316
509,0.9,0.0750216316,0.2,0.2550216316
509,1.0,0.0750216316,0.2,0.2750216316
510,0.1,0.055999982999999996,0.2,0.075999983
510,0.2,0.055999982999999996,0.2,0.095999983
510,0.3,0.07600296749999999,0.1,0.1060029675
510,0.4,0.07600296749999999,0.1,0.11600296750000001
510,0.5,0.07600296749999999,0.1,0.1260029675
510,0.6,0.07600296749999999,0.1,0.1360029675
510,0.7,0.07600296749999999,0.1,0.1460029675
510,0.8,0.07600296749999999,0.1,0.1560029675
510,0.9,0.07600296749999999,0.1,0.16600296750000001
510,1.0,0.07600296749999999,0.1,0.1760029675
511,0.1,0.055999982999999996,0.3,0.085999983
511,0.2,0.0750216316,0.2,0.11502163159999998
511,0.3,0.0750216316,0.2,0.1350216316
511,0.4,0.0750216316,0.2,0.1550216316
511,0.5,0.0750216316,0.2,0.1750216316
511,0.6,0.0750216316,0.2,0.1950216316
511,0.7,0.0750216316,0.2,0.21502163159999998
511,0.8,0.0750216316,0.2,0.2350216316
511,0.9,0.0750216316,0.2,0.2550216316
511,1.0,0.0750216316,0.2,0.2750216316
512,0.1,0.055999982999999996,0.1,0.065999983
512,0.2,0.055999982999999996,0.1,0.075999983
512,0.3,0.055999982999999996,0.1,0.085999983
512,0.4,0.055999982999999996,0.1,0.095999983
512,0.5,0.055999982999999996,0.1,0.10599998299999999
512,0.6,0.11466661999999998,0.0,0.11466661999999998
512,0.7,0.11466661999999998,0.0,0.11466661999999998
512,0.8,0.11466661999999998,0.0,0.11466661999999998
512,0.9,0.11466661999999998,0.0,0.11466661999999998
512,1.0,0.11466661999999998,0.0,0.11466661999999998
513,0.1,0.055999982999999996,0.4,0.095999983
513,0.2,0.0822233956,0.2,0.12222339559999999
513,0.3,0.0822233956,0.2,0.1422233956
513,0.4,0.0822233956,0.2,0.16222339560000001
513,0.5,0.0822233956,0.2,0.18222339559999998
513,0.6,0.0822233956,0.2,0.2022233956
513,0.7,0.0822233956,0.2,0.22222339559999998
513,0.8,0.0822233956,0.2,0.2422233956
513,0.9,0.0822233956,0.2,0.2622233956
513,1.0,0.0822233956,0.2,0.2822233956
514,0.1,0.0,1.0,0.1
514,0.2,0.0,1.0,0.2
514,0.3,0.025952507000000003,0.9,0.295952507
514,0.4,0.29999982,0.1,0.33999981999999995
514,0.5,0.29999982,0.1,0.34999981999999996
514,0.6,0.29999982,0.1,0.35999981999999997
514,0.7,0.29999982,0.1,0.36999982
514,0.8,0.29999982,0.1,0.37999982
514,0.9,0.29999982,0.1,0.38999982
514,1.0,0.29999982,0.1,0.39999982
515,0.1,0.06488617049999999,0.1,0.07488617049999999
515,0.2,0.06488617049999999,0.1,0.0848861705
515,0.3,0.06488617049999999,0.1,0.09488617049999999
515,0.4,0.06488617049999999,0.1,0.1048861705
515,0.5,0.06488617049999999,0.1,0.11488617049999998
515,0.6,0.06488617049999999,0.1,0.12488617049999999
515,0.7,0.06488617049999999,0.1,0.1348861705
515,0.8,0.06488617049999999,0.1,0.14488617050000002
515,0.9,0.06488617049999999,0.1,0.1548861705
515,1.0,0.06488617049999999,0.1,0.16488617049999998
516,0.1,0.06184909000000001,0.2,0.08184909
516,0.2,0.06184909000000001,0.2,0.10184909000000002
516,0.3,0.06184909000000001,0.2,0.12184909
516,0.4,0.06184909000000001,0.2,0.14184909
516,0.5,0.06184909000000001,0.2,0.16184909
516,0.6,0.06184909000000001,0.2,0.18184909
516,0.7,0.06184909000000001,0.2,0.20184908999999998
516,0.8,0.06184909000000001,0.2,0.22184909
516,0.9,0.06184909000000001,0.2,0.24184909000000002
516,1.0,0.06184909000000001,0.2,0.26184909
517,0.1,0.0625943045,0.1,0.0725943045
517,0.2,0.0625943045,0.1,0.08259430450000001
517,0.3,0.0625943045,0.1,0.09259430449999999
517,0.4,0.0625943045,0.1,0.1025943045
517,0.5,0.0625943045,0.1,0.1125943045
517,0.6,0.0625943045,0.1,0.1225943045
517,0.7,0.0625943045,0.1,0.13259430449999998
517,0.8,0.0625943045,0.1,0.1425943045
517,0.9,0.0625943045,0.1,0.1525943045
517,1.0,0.0625943045,0.1,0.1625943045
518,0.1,0.0,1.0,0.1
518,0.2,0.0,1.0,0.2
518,0.3,0.0,1.0,0.3
518,0.4,0.14326828179999998,0.6,0.38326828180000005
518,0.5,0.190591298,0.5,0.440591298
518,0.6,0.190591298,0.5,0.490591298
518,0.7,0.190591298,0.5,0.540591298
518,0.8,0.190591298,0.5,0.590591298
518,0.9,0.190591298,0.5,0.640591298
518,1.0,0.190591298,0.5,0.690591298
519,0.1,0.055999982999999996,0.3,0.085999983
519,0.2,0.055999982999999996,0.3,0.115999983
519,0.3,0.055999982999999996,0.3,0.145999983
519,0.4,0.055999982999999996,0.3,0.17599998300000003
519,0.5,0.055999982999999996,0.3,0.20599998299999997
519,0.6,0.055999982999999996,0.3,0.23599998299999997
519,0.7,0.12153852279999999,0.2,0.2615385228
519,0.8,0.12153852279999999,0.2,0.2815385228
519,0.9,0.204933066,0.1,0.29493306599999997
519,1.0,0.204933066,0.1,0.304933066
520,0.1,0.059329224699999995,0.3,0.0893292247
520,0.2,0.059329224699999995,0.3,0.1193292247
520,0.3,0.059329224699999995,0.3,0.14932922469999999
520,0.4,0.059329224699999995,0.3,0.1793292247
520,0.5,0.059329224699999995,0.3,0.20932922469999998
520,0.6,0.059329224699999995,0.3,0.23932922469999998
520,0.7,0.059329224699999995,0.3,0.2693292247
520,0.8,0.1305992647,0.2,0.2905992647
520,0.9,0.29999982,0.0,0.29999982
520,1.0,0.29999982,0.0,0.29999982
521,0.1,0.0,1.0,0.1
521,0.2,0.0,1.0,0.2
521,0.3,0.0,1.0,0.3
521,0.4,0.1404649498,0.6,0.3804649498
521,0.5,0.1404649498,0.6,0.44046494979999995
521,0.6,0.1404649498,0.6,0.5004649497999999
521,0.7,0.1404649498,0.6,0.5604649497999998
521,0.8,0.1404649498,0.6,0.6204649498
521,0.9,0.223982078,0.5,0.6739820780000001
521,1.0,0.41329030099999997,0.3,0.713290301
522,0.1,0.056276605300000004,0.3,0.0862766053
522,0.2,0.056276605300000004,0.3,0.11627660530000002
522,0.3,0.056276605300000004,0.3,0.1462766053
522,0.4,0.056276605300000004,0.3,0.17627660530000003
522,0.5,0.056276605300000004,0.3,0.20627660529999997
522,0.6,0.056276605300000004,0.3,0.23627660529999997
522,0.7,0.056276605300000004,0.3,0.26627660529999997
522,0.8,0.056276605300000004,0.3,0.2962766053
522,0.9,0.29999982,0.0,0.29999982
522,1.0,0.29999982,0.0,0.29999982
523,0.1,0.055999982999999996,0.3,0.085999983
523,0.2,0.055999982999999996,0.3,0.115999983
523,0.3,0.055999982999999996,0.3,0.145999983
523,0.4,0.055999982999999996,0.3,0.17599998300000003
523,0.5,0.055999982999999996,0.3,0.20599998299999997
523,0.6,0.055999982999999996,0.3,0.23599998299999997
523,0.7,0.18453590579999996,0.1,0.25453590579999996
523,0.8,0.18453590579999996,0.1,0.26453590579999997
523,0.9,0.18453590579999996,0.1,0.2745359058
523,1.0,0.18453590579999996,0.1,0.2845359058
524,0.1,0.055999982999999996,0.3,0.085999983
524,0.2,0.055999982999999996,0.3,0.115999983
524,0.3,0.055999982999999996,0.3,0.145999983
524,0.4,0.055999982999999996,0.3,0.17599998300000003
524,0.5,0.055999982999999996,0.3,0.20599998299999997
524,0.6,0.055999982999999996,0.3,0.23599998299999997
524,0.7,0.18453590579999996,0.1,0.25453590579999996
524,0.8,0.18453590579999996,0.1,0.26453590579999997
524,0.9,0.18453590579999996,0.1,0.2745359058
524,1.0,0.18453590579999996,0.1,0.2845359058
525,0.1,0.055999982999999996,0.2,0.075999983
525,0.2,0.055999982999999996,0.2,0.095999983
525,0.3,0.055999982999999996,0.2,0.11599998299999999
525,0.4,0.055999982999999996,0.2,0.135999983
525,0.5,0.055999982999999996,0.2,0.155999983
525,0.6,0.1078777886,0.1,0.16787778859999997
525,0.7,0.1078777886,0.1,0.17787778859999998
525,0.8,0.1078777886,0.1,0.18787778859999998
525,0.9,0.1078777886,0.1,0.1978777886
525,1.0,0.1078777886,0.1,0.2078777886
526,0.1,0.055999982999999996,0.2,0.075999983
526,0.2,0.055999982999999996,0.2,0.095999983
526,0.3,0.07600296749999999,0.1,0.1060029675
526,0.4,0.07600296749999999,0.1,0.11600296750000001
526,0.5,0.07600296749999999,0.1,0.1260029675
526,0.6,0.07600296749999999,0.1,0.1360029675
526,0.7,0.07600296749999999,0.1,0.1460029675
526,0.8,0.07600296749999999,0.1,0.1560029675
526,0.9,0.07600296749999999,0.1,0.16600296750000001
526,1.0,0.07600296749999999,0.1,0.1760029675
527,0.1,0.055999982999999996,0.2,0.075999983
527,0.2,0.055999982999999996,0.2,0.095999983
527,0.3,0.055999982999999996,0.2,0.11599998299999999
527,0.4,0.055999982999999996,0.2,0.135999983
527,0.5,0.055999982999999996,0.2,0.155999983
527,0.6,0.055999982999999996,0.2,0.175999983
527,0.7,0.055999982999999996,0.2,0.195999983
527,0.8,0.055999982999999996,0.2,0.21599998300000003
527,0.9,0.055999982999999996,0.2,0.235999983
527,1.0,0.055999982999999996,0.2,0.255999983
528,0.1,0.055999982999999996,0.3,0.085999983
528,0.2,0.0750216316,0.2,0.11502163159999998
528,0.3,0.0750216316,0.2,0.1350216316
528,0.4,0.0750216316,0.2,0.1550216316
528,0.5,0.0750216316,0.2,0.1750216316
528,0.6,0.0750216316,0.2,0.1950216316
528,0.7,0.0750216316,0.2,0.21502163159999998
528,0.8,0.0750216316,0.2,0.2350216316
528,0.9,0.0750216316,0.2,0.2550216316
528,1.0,0.0750216316,0.2,0.2750216316
529,0.1,0.055999982999999996,0.2,0.075999983
529,0.2,0.055999982999999996,0.2,0.095999983
529,0.3,0.055999982999999996,0.2,0.11599998299999999
529,0.4,0.055999982999999996,0.2,0.135999983
529,0.5,0.055999982999999996,0.2,0.155999983
529,0.6,0.11482017940000003,0.1,0.17482017940000003
529,0.7,0.11482017940000003,0.1,0.1848201794
529,0.8,0.11482017940000003,0.1,0.19482017940000002
529,0.9,0.11482017940000003,0.1,0.20482017940000002
529,1.0,0.11482017940000003,0.1,0.21482017940000003
530,0.1,0.055999982999999996,0.2,0.075999983
530,0.2,0.055999982999999996,0.2,0.095999983
530,0.3,0.055999982999999996,0.2,0.11599998299999999
530,0.4,0.055999982999999996,0.2,0.135999983
530,0.5,0.055999982999999996,0.2,0.155999983
530,0.6,0.11102154039999998,0.1,0.1710215404
530,0.7,0.11102154039999998,0.1,0.1810215404
530,0.8,0.11102154039999998,0.1,0.1910215404
530,0.9,0.11102154039999998,0.1,0.20102154039999998
530,1.0,0.11102154039999998,0.1,0.21102154039999999
531,0.1,0.055999982999999996,0.3,0.085999983
531,0.2,0.055999982999999996,0.3,0.115999983
531,0.3,0.055999982999999996,0.3,0.145999983
531,0.4,0.055999982999999996,0.3,0.17599998300000003
531,0.5,0.055999982999999996,0.3,0.20599998299999997
531,0.6,0.055999982999999996,0.3,0.23599998299999997
531,0.7,0.12153852279999999,0.2,0.2615385228
531,0.8,0.12153852279999999,0.2,0.2815385228
531,0.9,0.204933066,0.1,0.29493306599999997
531,1.0,0.204933066,0.1,0.304933066
532,0.1,0.055999982999999996,0.2,0.075999983
532,0.2,0.055999982999999996,0.2,0.095999983
532,0.3,0.055999982999999996,0.2,0.11599998299999999
532,0.4,0.055999982999999996,0.2,0.135999983
532,0.5,0.055999982999999996,0.2,0.155999983
532,0.6,0.055999982999999996,0.2,0.175999983
532,0.7,0.055999982999999996,0.2,0.195999983
532,0.8,0.055999982999999996,0.2,0.21599998300000003
532,0.9,0.055999982999999996,0.2,0.235999983
532,1.0,0.055999982999999996,0.2,0.255999983
533,0.1,0.0,1.0,0.1
533,0.2,0.0,1.0,0.2
533,0.3,0.0,1.0,0.3
533,0.4,0.0,1.0,0.4
533,0.5,0.21298567899999998,0.5,0.462985679
533,0.6,0.21298567899999998,0.5,0.512985679
533,0.7,0.21298567899999998,0.5,0.562985679
533,0.8,0.21298567899999998,0.5,0.612985679
533,0.9,0.21298567899999998,0.5,0.6629856789999999
533,1.0,0.21298567899999998,0.5,0.712985679
534,0.1,0.055999982999999996,0.2,0.075999983
534,0.2,0.055999982999999996,0.2,0.095999983
534,0.3,0.07600296749999999,0.1,0.1060029675
534,0.4,0.07600296749999999,0.1,0.11600296750000001
534,0.5,0.07600296749999999,0.1,0.1260029675
534,0.6,0.07600296749999999,0.1,0.1360029675
534,0.7,0.07600296749999999,0.1,0.1460029675
534,0.8,0.07600296749999999,0.1,0.1560029675
534,0.9,0.07600296749999999,0.1,0.16600296750000001
534,1.0,0.07600296749999999,0.1,0.1760029675
535,0.1,0.055999982999999996,0.3,0.085999983
535,0.2,0.0750216316,0.2,0.11502163159999998
535,0.3,0.0750216316,0.2,0.1350216316
535,0.4,0.0750216316,0.2,0.1550216316
535,0.5,0.0750216316,0.2,0.1750216316
535,0.6,0.0750216316,0.2,0.1950216316
535,0.7,0.0750216316,0.2,0.21502163159999998
535,0.8,0.0750216316,0.2,0.2350216316
535,0.9,0.0750216316,0.2,0.2550216316
535,1.0,0.0750216316,0.2,0.2750216316
536,0.1,0.0,1.0,0.1
536,0.2,0.0,1.0,0.2
536,0.3,0.0,1.0,0.3
536,0.4,0.14326828179999998,0.6,0.38326828180000005
536,0.5,0.190591298,0.5,0.440591298
536,0.6,0.190591298,0.5,0.490591298
536,0.7,0.190591298,0.5,0.540591298
536,0.8,0.190591298,0.5,0.590591298
536,0.9,0.190591298,0.5,0.640591298
536,1.0,0.190591298,0.5,0.690591298
537,0.1,0.06184909000000001,0.2,0.08184909
537,0.2,0.06184909000000001,0.2,0.10184909000000002
537,0.3,0.06184909000000001,0.2,0.12184909
537,0.4,0.06184909000000001,0.2,0.14184909
537,0.5,0.06184909000000001,0.2,0.16184909
537,0.6,0.06184909000000001,0.2,0.18184909
537,0.7,0.06184909000000001,0.2,0.20184908999999998
537,0.8,0.06184909000000001,0.2,0.22184909
537,0.9,0.06184909000000001,0.2,0.24184909000000002
537,1.0,0.06184909000000001,0.2,0.26184909
538,0.1,0.055999982999999996,0.2,0.075999983
538,0.2,0.055999982999999996,0.2,0.095999983
538,0.3,0.07600296749999999,0.1,0.1060029675
538,0.4,0.07600296749999999,0.1,0.11600296750000001
538,0.5,0.07600296749999999,0.1,0.1260029675
538,0.6,0.07600296749999999,0.1,0.1360029675
538,0.7,0.07600296749999999,0.1,0.1460029675
538,0.8,0.07600296749999999,0.1,0.1560029675
538,0.9,0.07600296749999999,0.1,0.16600296750000001
538,1.0,0.07600296749999999,0.1,0.1760029675
539,0.1,0.0626267628,0.2,0.0826267628
539,0.2,0.07494338279999999,0.1,0.09494338279999999
539,0.3,0.07494338279999999,0.1,0.1049433828
539,0.4,0.07494338279999999,0.1,0.11494338279999998
539,0.5,0.07494338279999999,0.1,0.12494338279999999
539,0.6,0.07494338279999999,0.1,0.1349433828
539,0.7,0.07494338279999999,0.1,0.1449433828
539,0.8,0.07494338279999999,0.1,0.1549433828
539,0.9,0.07494338279999999,0.1,0.16494338279999998
539,1.0,0.07494338279999999,0.1,0.1749433828
540,0.1,0.055999982999999996,0.1,0.065999983
540,0.2,0.055999982999999996,0.1,0.075999983
540,0.3,0.055999982999999996,0.1,0.085999983
540,0.4,0.055999982999999996,0.1,0.095999983
540,0.5,0.055999982999999996,0.1,0.10599998299999999
540,0.6,0.055999982999999996,0.1,0.11599998299999999
540,0.7,0.055999982999999996,0.1,0.12599998299999998
540,0.8,0.055999982999999996,0.1,0.135999983
540,0.9,0.055999982999999996,0.1,0.145999983
540,1.0,0.055999982999999996,0.1,0.155999983
541,0.1,0.0,1.0,0.1
541,0.2,0.0,1.0,0.2
541,0.3,0.0,1.0,0.3
541,0.4,0.14326828179999998,0.6,0.38326828180000005
541,0.5,0.190591298,0.5,0.440591298
541,0.6,0.190591298,0.5,0.490591298
541,0.7,0.190591298,0.5,0.540591298
541,0.8,0.190591298,0.5,0.590591298
541,0.9,0.190591298,0.5,0.640591298
541,1.0,0.190591298,0.5,0.690591298
542,0.1,0.055999982999999996,0.3,0.085999983
542,0.2,0.055999982999999996,0.3,0.115999983
542,0.3,0.055999982999999996,0.3,0.145999983
542,0.4,0.055999982999999996,0.3,0.17599998300000003
542,0.5,0.055999982999999996,0.3,0.20599998299999997
542,0.6,0.055999982999999996,0.3,0.23599998299999997
542,0.7,0.12153852279999999,0.2,0.2615385228
542,0.8,0.12153852279999999,0.2,0.2815385228
542,0.9,0.204933066,0.1,0.29493306599999997
542,1.0,0.204933066,0.1,0.304933066
543,0.1,0.055999982999999996,0.1,0.065999983
543,0.2,0.055999982999999996,0.1,0.075999983
543,0.3,0.055999982999999996,0.1,0.085999983
543,0.4,0.055999982999999996,0.1,0.095999983
543,0.5,0.055999982999999996,0.1,0.10599998299999999
543,0.6,0.055999982999999996,0.1,0.11599998299999999
543,0.7,0.055999982999999996,0.1,0.12599998299999998
543,0.8,0.055999982999999996,0.1,0.135999983
543,0.9,0.055999982999999996,0.1,0.145999983
543,1.0,0.055999982999999996,0.1,0.155999983
544,0.1,0.055999982999999996,0.3,0.085999983
544,0.2,0.055999982999999996,0.3,0.115999983
544,0.3,0.055999982999999996,0.3,0.145999983
544,0.4,0.055999982999999996,0.3,0.17599998300000003
544,0.5,0.055999982999999996,0.3,0.20599998299999997
544,0.6,0.055999982999999996,0.3,0.23599998299999997
544,0.7,0.1845359058,0.1,0.25453590579999996
544,0.8,0.1845359058,0.1,0.2645359058
544,0.9,0.1845359058,0.1,0.2745359058
544,1.0,0.1845359058,0.1,0.2845359058
545,0.1,0.055999982999999996,0.2,0.075999983
545,0.2,0.055999982999999996,0.2,0.095999983
545,0.3,0.055999982999999996,0.2,0.11599998299999999
545,0.4,0.055999982999999996,0.2,0.135999983
545,0.5,0.055999982999999996,0.2,0.155999983
545,0.6,0.1078777886,0.1,0.16787778859999997
545,0.7,0.1078777886,0.1,0.17787778859999998
545,0.8,0.1078777886,0.1,0.18787778859999998
545,0.9,0.1078777886,0.1,0.1978777886
545,1.0,0.1078777886,0.1,0.2078777886
546,0.1,0.055999982999999996,0.4,0.095999983
546,0.2,0.0822233956,0.2,0.12222339559999999
546,0.3,0.0822233956,0.2,0.1422233956
546,0.4,0.0822233956,0.2,0.16222339560000001
546,0.5,0.0822233956,0.2,0.18222339559999998
546,0.6,0.0822233956,0.2,0.2022233956
546,0.7,0.0822233956,0.2,0.22222339559999998
546,0.8,0.0822233956,0.2,0.2422233956
546,0.9,0.0822233956,0.2,0.2622233956
546,1.0,0.0822233956,0.2,0.2822233956
547,0.1,0.055999982999999996,0.3,0.085999983
547,0.2,0.055999982999999996,0.3,0.115999983
547,0.3,0.055999982999999996,0.3,0.145999983
547,0.4,0.055999982999999996,0.3,0.17599998300000003
547,0.5,0.055999982999999996,0.3,0.20599998299999997
547,0.6,0.055999982999999996,0.3,0.23599998299999997
547,0.7,0.1845359058,0.1,0.25453590579999996
547,0.8,0.1845359058,0.1,0.2645359058
547,0.9,0.1845359058,0.1,0.2745359058
547,1.0,0.1845359058,0.1,0.2845359058
548,0.1,0.055999982999999996,0.2,0.075999983
548,0.2,0.055999982999999996,0.2,0.095999983
548,0.3,0.055999982999999996,0.2,0.11599998299999999
548,0.4,0.055999982999999996,0.2,0.135999983
548,0.5,0.055999982999999996,0.2,0.155999983
548,0.6,0.055999982999999996,0.2,0.175999983
548,0.7,0.055999982999999996,0.2,0.195999983
548,0.8,0.055999982999999996,0.2,0.21599998300000003
548,0.9,0.055999982999999996,0.2,0.235999983
548,1.0,0.055999982999999996,0.2,0.255999983
549,0.1,0.055999982999999996,0.2,0.075999983
549,0.2,0.055999982999999996,0.2,0.095999983
549,0.3,0.055999982999999996,0.2,0.11599998299999999
549,0.4,0.055999982999999996,0.2,0.135999983
549,0.5,0.055999982999999996,0.2,0.155999983
549,0.6,0.055999982999999996,0.2,0.175999983
549,0.7,0.055999982999999996,0.2,0.195999983
549,0.8,0.055999982999999996,0.2,0.21599998300000003
549,0.9,0.055999982999999996,0.2,0.235999983
549,1.0,0.055999982999999996,0.2,0.255999983
550,0.1,0.055999982999999996,0.3,0.085999983
550,0.2,0.055999982999999996,0.3,0.115999983
550,0.3,0.055999982999999996,0.3,0.145999983
550,0.4,0.055999982999999996,0.3,0.17599998300000003
550,0.5,0.055999982999999996,0.3,0.20599998299999997
550,0.6,0.055999982999999996,0.3,0.23599998299999997
550,0.7,0.12153852279999999,0.2,0.2615385228
550,0.8,0.12153852279999999,0.2,0.2815385228
550,0.9,0.204933066,0.1,0.29493306599999997
550,1.0,0.204933066,0.1,0.304933066
551,0.1,0.055999982999999996,0.4,0.095999983
551,0.2,0.0822233956,0.2,0.12222339559999999
551,0.3,0.0822233956,0.2,0.1422233956
551,0.4,0.0822233956,0.2,0.16222339560000001
551,0.5,0.0822233956,0.2,0.18222339559999998
551,0.6,0.0822233956,0.2,0.2022233956
551,0.7,0.0822233956,0.2,0.22222339559999998
551,0.8,0.0822233956,0.2,0.2422233956
551,0.9,0.0822233956,0.2,0.2622233956
551,1.0,0.0822233956,0.2,0.2822233956
552,0.1,0.0,1.0,0.1
552,0.2,0.0,1.0,0.2
552,0.3,0.0,1.0,0.3
552,0.4,0.14326828179999998,0.6,0.38326828180000005
552,0.5,0.190591298,0.5,0.440591298
552,0.6,0.190591298,0.5,0.490591298
552,0.7,0.190591298,0.5,0.540591298
552,0.8,0.190591298,0.5,0.590591298
552,0.9,0.190591298,0.5,0.640591298
552,1.0,0.190591298,0.5,0.690591298
553,0.1,0.0,1.0,0.1
553,0.2,0.0,1.0,0.2
553,0.3,0.0,1.0,0.3
553,0.4,0.1432682818,0.6,0.38326828180000005
553,0.5,0.19059129799999996,0.5,0.440591298
553,0.6,0.19059129799999996,0.5,0.490591298
553,0.7,0.19059129799999996,0.5,0.540591298
553,0.8,0.19059129799999996,0.5,0.590591298
553,0.9,0.19059129799999996,0.5,0.640591298
553,1.0,0.19059129799999996,0.5,0.690591298
554,0.1,0.055999982999999996,0.2,0.075999983
554,0.2,0.055999982999999996,0.2,0.095999983
554,0.3,0.07600296749999999,0.1,0.1060029675
554,0.4,0.07600296749999999,0.1,0.11600296750000001
554,0.5,0.07600296749999999,0.1,0.1260029675
554,0.6,0.07600296749999999,0.1,0.1360029675
554,0.7,0.07600296749999999,0.1,0.1460029675
554,0.8,0.07600296749999999,0.1,0.1560029675
554,0.9,0.07600296749999999,0.1,0.16600296750000001
554,1.0,0.07600296749999999,0.1,0.1760029675
555,0.1,0.059329224699999995,0.3,0.0893292247
555,0.2,0.059329224699999995,0.3,0.1193292247
555,0.3,0.059329224699999995,0.3,0.14932922469999999
555,0.4,0.059329224699999995,0.3,0.1793292247
555,0.5,0.059329224699999995,0.3,0.20932922469999998
555,0.6,0.059329224699999995,0.3,0.23932922469999998
555,0.7,0.059329224699999995,0.3,0.2693292247
555,0.8,0.1305992647,0.2,0.2905992647
555,0.9,0.29999982,0.0,0.29999982
555,1.0,0.29999982,0.0,0.29999982
556,0.1,0.055999982999999996,0.1,0.065999983
556,0.2,0.055999982999999996,0.1,0.075999983
556,0.3,0.055999982999999996,0.1,0.085999983
556,0.4,0.055999982999999996,0.1,0.095999983
556,0.5,0.055999982999999996,0.1,0.10599998299999999
556,0.6,0.055999982999999996,0.1,0.11599998299999999
556,0.7,0.055999982999999996,0.1,0.12599998299999998
556,0.8,0.055999982999999996,0.1,0.135999983
556,0.9,0.055999982999999996,0.1,0.145999983
556,1.0,0.055999982999999996,0.1,0.155999983
557,0.1,0.055999982999999996,0.2,0.075999983
557,0.2,0.055999982999999996,0.2,0.095999983
557,0.3,0.055999982999999996,0.2,0.11599998299999999
557,0.4,0.055999982999999996,0.2,0.135999983
557,0.5,0.055999982999999996,0.2,0.155999983
557,0.6,0.1078777886,0.1,0.16787778859999997
557,0.7,0.1078777886,0.1,0.17787778859999998
557,0.8,0.1078777886,0.1,0.18787778859999998
557,0.9,0.1078777886,0.1,0.1978777886
557,1.0,0.1078777886,0.1,0.2078777886
558,0.1,0.055999982999999996,0.2,0.075999983
558,0.2,0.0714686752,0.1,0.09146867519999999
558,0.3,0.0714686752,0.1,0.1014686752
558,0.4,0.0714686752,0.1,0.11146867519999999
558,0.5,0.0714686752,0.1,0.1214686752
558,0.6,0.0714686752,0.1,0.1314686752
558,0.7,0.0714686752,0.1,0.1414686752
558,0.8,0.0714686752,0.1,0.1514686752
558,0.9,0.0714686752,0.1,0.1614686752
558,1.0,0.0714686752,0.1,0.1714686752
559,0.1,0.055999982999999996,0.2,0.075999983
559,0.2,0.055999982999999996,0.2,0.095999983
559,0.3,0.055999982999999996,0.2,0.11599998299999999
559,0.4,0.055999982999999996,0.2,0.135999983
559,0.5,0.055999982999999996,0.2,0.155999983
559,0.6,0.055999982999999996,0.2,0.175999983
559,0.7,0.055999982999999996,0.2,0.195999983
559,0.8,0.055999982999999996,0.2,0.21599998300000003
559,0.9,0.055999982999999996,0.2,0.235999983
559,1.0,0.055999982999999996,0.2,0.255999983
560,0.1,0.055999982999999996,0.3,0.085999983
560,0.2,0.055999982999999996,0.3,0.115999983
560,0.3,0.055999982999999996,0.3,0.145999983
560,0.4,0.055999982999999996,0.3,0.17599998300000003
560,0.5,0.055999982999999996,0.3,0.20599998299999997
560,0.6,0.055999982999999996,0.3,0.23599998299999997
560,0.7,0.12153852279999999,0.2,0.2615385228
560,0.8,0.12153852279999999,0.2,0.2815385228
560,0.9,0.204933066,0.1,0.29493306599999997
560,1.0,0.204933066,0.1,0.304933066
561,0.1,0.0,1.0,0.1
561,0.2,0.0,1.0,0.2
561,0.3,0.0,1.0,0.3
561,0.4,0.14326828179999998,0.6,0.38326828180000005
561,0.5,0.190591298,0.5,0.440591298
561,0.6,0.190591298,0.5,0.490591298
561,0.7,0.190591298,0.5,0.540591298
561,0.8,0.190591298,0.5,0.590591298
561,0.9,0.190591298,0.5,0.640591298
561,1.0,0.190591298,0.5,0.690591298
562,0.1,0.055999982999999996,0.3,0.085999983
562,0.2,0.055999982999999996,0.3,0.115999983
562,0.3,0.055999982999999996,0.3,0.145999983
562,0.4,0.055999982999999996,0.3,0.17599998300000003
562,0.5,0.055999982999999996,0.3,0.20599998299999997
562,0.6,0.055999982999999996,0.3,0.23599998299999997
562,0.7,0.12153852279999999,0.2,0.2615385228
562,0.8,0.12153852279999999,0.2,0.2815385228
562,0.9,0.204933066,0.1,0.29493306599999997
562,1.0,0.204933066,0.1,0.304933066
563,0.1,0.055999982999999996,0.3,0.085999983
563,0.2,0.055999982999999996,0.3,0.115999983
563,0.3,0.055999982999999996,0.3,0.145999983
563,0.4,0.055999982999999996,0.3,0.17599998300000003
563,0.5,0.055999982999999996,0.3,0.20599998299999997
563,0.6,0.055999982999999996,0.3,0.23599998299999997
563,0.7,0.183167252,0.1,0.253167252
563,0.8,0.183167252,0.1,0.263167252
563,0.9,0.183167252,0.1,0.273167252
563,1.0,0.183167252,0.1,0.28316725200000004
564,0.1,0.055999982999999996,0.2,0.075999983
564,0.2,0.055999982999999996,0.2,0.095999983
564,0.3,0.055999982999999996,0.2,0.11599998299999999
564,0.4,0.055999982999999996,0.2,0.135999983
564,0.5,0.055999982999999996,0.2,0.155999983
564,0.6,0.055999982999999996,0.2,0.175999983
564,0.7,0.055999982999999996,0.2,0.195999983
564,0.8,0.055999982999999996,0.2,0.21599998300000003
564,0.9,0.055999982999999996,0.2,0.235999983
564,1.0,0.055999982999999996,0.2,0.255999983
565,0.1,0.0,1.0,0.1
565,0.2,0.0,1.0,0.2
565,0.3,0.0,1.0,0.3
565,0.4,0.1404649498,0.6,0.3804649498
565,0.5,0.1404649498,0.6,0.44046494979999995
565,0.6,0.1404649498,0.6,0.5004649497999999
565,0.7,0.1404649498,0.6,0.5604649497999998
565,0.8,0.1404649498,0.6,0.6204649498
565,0.9,0.223982078,0.5,0.6739820780000001
565,1.0,0.41329030099999997,0.3,0.713290301
566,0.1,0.055999982999999996,0.4,0.095999983
566,0.2,0.0822233956,0.2,0.12222339559999999
566,0.3,0.0822233956,0.2,0.1422233956
566,0.4,0.0822233956,0.2,0.16222339560000001
566,0.5,0.0822233956,0.2,0.18222339559999998
566,0.6,0.0822233956,0.2,0.2022233956
566,0.7,0.0822233956,0.2,0.22222339559999998
566,0.8,0.0822233956,0.2,0.2422233956
566,0.9,0.0822233956,0.2,0.2622233956
566,1.0,0.0822233956,0.2,0.2822233956
567,0.1,0.0626267628,0.2,0.0826267628
567,0.2,0.07494338279999999,0.1,0.09494338279999999
567,0.3,0.07494338279999999,0.1,0.1049433828
567,0.4,0.07494338279999999,0.1,0.11494338279999998
567,0.5,0.07494338279999999,0.1,0.12494338279999999
567,0.6,0.07494338279999999,0.1,0.1349433828
567,0.7,0.07494338279999999,0.1,0.1449433828
567,0.8,0.07494338279999999,0.1,0.1549433828
567,0.9,0.07494338279999999,0.1,0.16494338279999998
567,1.0,0.07494338279999999,0.1,0.1749433828
568,0.1,0.055999982999999996,0.3,0.085999983
568,0.2,0.055999982999999996,0.3,0.115999983
568,0.3,0.055999982999999996,0.3,0.145999983
568,0.4,0.055999982999999996,0.3,0.17599998300000003
568,0.5,0.055999982999999996,0.3,0.20599998299999997
568,0.6,0.055999982999999996,0.3,0.23599998299999997
568,0.7,0.12153852279999999,0.2,0.2615385228
568,0.8,0.12153852279999999,0.2,0.2815385228
568,0.9,0.204933066,0.1,0.29493306599999997
568,1.0,0.204933066,0.1,0.304933066
569,0.1,0.0,1.0,0.1
569,0.2,0.0,1.0,0.2
569,0.3,0.0,1.0,0.3
569,0.4,0.14326828179999998,0.6,0.38326828180000005
569,0.5,0.190591298,0.5,0.440591298
569,0.6,0.190591298,0.5,0.490591298
569,0.7,0.190591298,0.5,0.540591298
569,0.8,0.190591298,0.5,0.590591298
569,0.9,0.190591298,0.5,0.640591298
569,1.0,0.190591298,0.5,0.690591298
570,0.1,0.0578251427,0.1,0.0678251427
570,0.2,0.0578251427,0.1,0.0778251427
570,0.3,0.0578251427,0.1,0.0878251427
570,0.4,0.0578251427,0.1,0.0978251427
570,0.5,0.0578251427,0.1,0.10782514270000002
570,0.6,0.11345931000000001,0.0,0.11345931000000001
570,0.7,0.11345931000000001,0.0,0.11345931000000001
570,0.8,0.11345931000000001,0.0,0.11345931000000001
570,0.9,0.11345931000000001,0.0,0.11345931000000001
570,1.0,0.11345931000000001,0.0,0.11345931000000001
571,0.1,0.0,1.0,0.1
571,0.2,0.0,1.0,0.2
571,0.3,0.025952507000000003,0.9,0.295952507
571,0.4,0.29999982,0.1,0.33999981999999995
571,0.5,0.29999982,0.1,0.34999981999999996
571,0.6,0.29999982,0.1,0.35999981999999997
571,0.7,0.29999982,0.1,0.36999982
571,0.8,0.29999982,0.1,0.37999982
571,0.9,0.29999982,0.1,0.38999982
571,1.0,0.29999982,0.1,0.39999982
572,0.1,0.055999982999999996,0.2,0.075999983
572,0.2,0.055999982999999996,0.2,0.095999983
572,0.3,0.055999982999999996,0.2,0.11599998299999999
572,0.4,0.055999982999999996,0.2,0.135999983
572,0.5,0.055999982999999996,0.2,0.155999983
572,0.6,0.055999982999999996,0.2,0.175999983
572,0.7,0.055999982999999996,0.2,0.195999983
572,0.8,0.055999982999999996,0.2,0.21599998300000003
572,0.9,0.055999982999999996,0.2,0.235999983
572,1.0,0.055999982999999996,0.2,0.255999983
573,0.1,0.055999982999999996,0.2,0.075999983
573,0.2,0.055999982999999996,0.2,0.095999983
573,0.3,0.055999982999999996,0.2,0.11599998299999999
573,0.4,0.055999982999999996,0.2,0.135999983
573,0.5,0.055999982999999996,0.2,0.155999983
573,0.6,0.1078777886,0.1,0.16787778859999997
573,0.7,0.1078777886,0.1,0.17787778859999998
573,0.8,0.1078777886,0.1,0.18787778859999998
573,0.9,0.1078777886,0.1,0.1978777886
573,1.0,0.1078777886,0.1,0.2078777886
574,0.1,0.055999982999999996,0.2,0.075999983
574,0.2,0.055999982999999996,0.2,0.095999983
574,0.3,0.055999982999999996,0.2,0.11599998299999999
574,0.4,0.055999982999999996,0.2,0.135999983
574,0.5,0.055999982999999996,0.2,0.155999983
574,0.6,0.055999982999999996,0.2,0.175999983
574,0.7,0.055999982999999996,0.2,0.195999983
574,0.8,0.055999982999999996,0.2,0.21599998300000003
574,0.9,0.055999982999999996,0.2,0.235999983
574,1.0,0.055999982999999996,0.2,0.255999983
575,0.1,0.055999982999999996,0.2,0.075999983
575,0.2,0.055999982999999996,0.2,0.095999983
575,0.3,0.055999982999999996,0.2,0.11599998299999999
575,0.4,0.055999982999999996,0.2,0.135999983
575,0.5,0.055999982999999996,0.2,0.155999983
575,0.6,0.055999982999999996,0.2,0.175999983
575,0.7,0.055999982999999996,0.2,0.195999983
575,0.8,0.055999982999999996,0.2,0.21599998300000003
575,0.9,0.055999982999999996,0.2,0.235999983
575,1.0,0.055999982999999996,0.2,0.255999983
576,0.1,0.055999982999999996,0.1,0.065999983
576,0.2,0.055999982999999996,0.1,0.075999983
576,0.3,0.055999982999999996,0.1,0.085999983
576,0.4,0.055999982999999996,0.1,0.095999983
576,0.5,0.055999982999999996,0.1,0.10599998299999999
576,0.6,0.11466661999999998,0.0,0.11466661999999998
576,0.7,0.11466661999999998,0.0,0.11466661999999998
576,0.8,0.11466661999999998,0.0,0.11466661999999998
576,0.9,0.11466661999999998,0.0,0.11466661999999998
576,1.0,0.11466661999999998,0.0,0.11466661999999998
577,0.1,0.055999982999999996,0.3,0.085999983
577,0.2,0.055999982999999996,0.3,0.115999983
577,0.3,0.055999982999999996,0.3,0.145999983
577,0.4,0.055999982999999996,0.3,0.17599998300000003
577,0.5,0.055999982999999996,0.3,0.20599998299999997
577,0.6,0.055999982999999996,0.3,0.23599998299999997
577,0.7,0.12153852279999999,0.2,0.2615385228
577,0.8,0.12153852279999999,0.2,0.2815385228
577,0.9,0.204933066,0.1,0.29493306599999997
577,1.0,0.204933066,0.1,0.304933066
578,0.1,0.055999982999999996,0.3,0.085999983
578,0.2,0.055999982999999996,0.3,0.115999983
578,0.3,0.055999982999999996,0.3,0.145999983
578,0.4,0.055999982999999996,0.3,0.17599998300000003
578,0.5,0.055999982999999996,0.3,0.20599998299999997
578,0.6,0.055999982999999996,0.3,0.23599998299999997
578,0.7,0.12153852279999999,0.2,0.2615385228
578,0.8,0.12153852279999999,0.2,0.2815385228
578,0.9,0.204933066,0.1,0.29493306599999997
578,1.0,0.204933066,0.1,0.304933066
579,0.1,0.055999982999999996,0.3,0.085999983
579,0.2,0.055999982999999996,0.3,0.115999983
579,0.3,0.055999982999999996,0.3,0.145999983
579,0.4,0.055999982999999996,0.3,0.17599998300000003
579,0.5,0.055999982999999996,0.3,0.20599998299999997
579,0.6,0.055999982999999996,0.3,0.23599998299999997
579,0.7,0.12153852279999999,0.2,0.2615385228
579,0.8,0.12153852279999999,0.2,0.2815385228
579,0.9,0.204933066,0.1,0.29493306599999997
579,1.0,0.204933066,0.1,0.304933066
580,0.1,0.0,1.0,0.1
580,0.2,0.0,1.0,0.2
580,0.3,0.0,1.0,0.3
580,0.4,0.1432682818,0.6,0.38326828180000005
580,0.5,0.19059129799999996,0.5,0.440591298
580,0.6,0.19059129799999996,0.5,0.490591298
580,0.7,0.19059129799999996,0.5,0.540591298
580,0.8,0.19059129799999996,0.5,0.590591298
580,0.9,0.19059129799999996,0.5,0.640591298
580,1.0,0.19059129799999996,0.5,0.690591298
581,0.1,0.0626267628,0.2,0.0826267628
581,0.2,0.07494338279999999,0.1,0.09494338279999999
581,0.3,0.07494338279999999,0.1,0.1049433828
581,0.4,0.07494338279999999,0.1,0.11494338279999998
581,0.5,0.07494338279999999,0.1,0.12494338279999999
581,0.6,0.07494338279999999,0.1,0.1349433828
581,0.7,0.07494338279999999,0.1,0.1449433828
581,0.8,0.07494338279999999,0.1,0.1549433828
581,0.9,0.07494338279999999,0.1,0.16494338279999998
581,1.0,0.07494338279999999,0.1,0.1749433828
582,0.1,0.055999982999999996,0.2,0.075999983
582,0.2,0.055999982999999996,0.2,0.095999983
582,0.3,0.055999982999999996,0.2,0.11599998299999999
582,0.4,0.055999982999999996,0.2,0.135999983
582,0.5,0.055999982999999996,0.2,0.155999983
582,0.6,0.055999982999999996,0.2,0.175999983
582,0.7,0.055999982999999996,0.2,0.195999983
582,0.8,0.055999982999999996,0.2,0.21599998300000003
582,0.9,0.055999982999999996,0.2,0.235999983
582,1.0,0.055999982999999996,0.2,0.255999983
583,0.1,0.06184909000000001,0.2,0.08184909
583,0.2,0.06184909000000001,0.2,0.10184909000000002
583,0.3,0.06184909000000001,0.2,0.12184909
583,0.4,0.06184909000000001,0.2,0.14184909
583,0.5,0.06184909000000001,0.2,0.16184909
583,0.6,0.06184909000000001,0.2,0.18184909
583,0.7,0.06184909000000001,0.2,0.20184908999999998
583,0.8,0.06184909000000001,0.2,0.22184909
583,0.9,0.06184909000000001,0.2,0.24184909000000002
583,1.0,0.06184909000000001,0.2,0.26184909
584,0.1,0.06184909000000001,0.2,0.08184909
584,0.2,0.06184909000000001,0.2,0.10184909000000002
584,0.3,0.06184909000000001,0.2,0.12184909
584,0.4,0.06184909000000001,0.2,0.14184909
584,0.5,0.06184909000000001,0.2,0.16184909
584,0.6,0.06184909000000001,0.2,0.18184909
584,0.7,0.06184909000000001,0.2,0.20184908999999998
584,0.8,0.06184909000000001,0.2,0.22184909
584,0.9,0.06184909000000001,0.2,0.24184909000000002
584,1.0,0.06184909000000001,0.2,0.26184909
585,0.1,0.0,1.0,0.1
585,0.2,0.0,1.0,0.2
585,0.3,0.0,1.0,0.3
585,0.4,0.1404649498,0.6,0.3804649498
585,0.5,0.1404649498,0.6,0.44046494979999995
585,0.6,0.1404649498,0.6,0.5004649497999999
585,0.7,0.1404649498,0.6,0.5604649497999998
585,0.8,0.1404649498,0.6,0.6204649498
585,0.9,0.223982078,0.5,0.6739820780000001
585,1.0,0.41329030099999997,0.3,0.713290301
586,0.1,0.055999982999999996,0.4,0.095999983
586,0.2,0.0822233956,0.2,0.12222339559999999
586,0.3,0.0822233956,0.2,0.1422233956
586,0.4,0.0822233956,0.2,0.16222339560000001
586,0.5,0.0822233956,0.2,0.18222339559999998
586,0.6,0.0822233956,0.2,0.2022233956
586,0.7,0.0822233956,0.2,0.22222339559999998
586,0.8,0.0822233956,0.2,0.2422233956
586,0.9,0.0822233956,0.2,0.2622233956
586,1.0,0.0822233956,0.2,0.2822233956
587,0.1,0.0626267628,0.2,0.0826267628
587,0.2,0.07494338279999999,0.1,0.09494338279999999
587,0.3,0.07494338279999999,0.1,0.1049433828
587,0.4,0.07494338279999999,0.1,0.11494338279999998
587,0.5,0.07494338279999999,0.1,0.12494338279999999
587,0.6,0.07494338279999999,0.1,0.1349433828
587,0.7,0.07494338279999999,0.1,0.1449433828
587,0.8,0.07494338279999999,0.1,0.1549433828
587,0.9,0.07494338279999999,0.1,0.16494338279999998
587,1.0,0.07494338279999999,0.1,0.1749433828
588,0.1,0.055999982999999996,0.3,0.085999983
588,0.2,0.055999982999999996,0.3,0.115999983
588,0.3,0.055999982999999996,0.3,0.145999983
588,0.4,0.055999982999999996,0.3,0.17599998300000003
588,0.5,0.055999982999999996,0.3,0.20599998299999997
588,0.6,0.055999982999999996,0.3,0.23599998299999997
588,0.7,0.12153852279999999,0.2,0.2615385228
588,0.8,0.12153852279999999,0.2,0.2815385228
588,0.9,0.204933066,0.1,0.29493306599999997
588,1.0,0.204933066,0.1,0.304933066
589,0.1,0.055999982999999996,0.3,0.085999983
589,0.2,0.055999982999999996,0.3,0.115999983
589,0.3,0.055999982999999996,0.3,0.145999983
589,0.4,0.055999982999999996,0.3,0.17599998300000003
589,0.5,0.055999982999999996,0.3,0.20599998299999997
589,0.6,0.055999982999999996,0.3,0.23599998299999997
589,0.7,0.12153852279999999,0.2,0.2615385228
589,0.8,0.12153852279999999,0.2,0.2815385228
589,0.9,0.204933066,0.1,0.29493306599999997
589,1.0,0.204933066,0.1,0.304933066
590,0.1,0.0625943045,0.1,0.0725943045
590,0.2,0.0625943045,0.1,0.08259430450000001
590,0.3,0.0625943045,0.1,0.09259430449999999
590,0.4,0.0625943045,0.1,0.1025943045
590,0.5,0.0625943045,0.1,0.1125943045
590,0.6,0.0625943045,0.1,0.1225943045
590,0.7,0.0625943045,0.1,0.13259430449999998
590,0.8,0.0625943045,0.1,0.1425943045
590,0.9,0.0625943045,0.1,0.1525943045
590,1.0,0.0625943045,0.1,0.1625943045
591,0.1,0.055999982999999996,0.2,0.075999983
591,0.2,0.055999982999999996,0.2,0.095999983
591,0.3,0.055999982999999996,0.2,0.11599998299999999
591,0.4,0.055999982999999996,0.2,0.135999983
591,0.5,0.055999982999999996,0.2,0.155999983
591,0.6,0.11102154039999998,0.1,0.1710215404
591,0.7,0.11102154039999998,0.1,0.1810215404
591,0.8,0.11102154039999998,0.1,0.1910215404
591,0.9,0.11102154039999998,0.1,0.20102154039999998
591,1.0,0.11102154039999998,0.1,0.21102154039999999
592,0.1,0.055999982999999996,0.2,0.075999983
592,0.2,0.055999982999999996,0.2,0.095999983
592,0.3,0.07600296749999999,0.1,0.1060029675
592,0.4,0.07600296749999999,0.1,0.11600296750000001
592,0.5,0.07600296749999999,0.1,0.1260029675
592,0.6,0.07600296749999999,0.1,0.1360029675
592,0.7,0.07600296749999999,0.1,0.1460029675
592,0.8,0.07600296749999999,0.1,0.1560029675
592,0.9,0.07600296749999999,0.1,0.16600296750000001
592,1.0,0.07600296749999999,0.1,0.1760029675
593,0.1,0.055999982999999996,0.2,0.075999983
593,0.2,0.055999982999999996,0.2,0.095999983
593,0.3,0.055999982999999996,0.2,0.11599998299999999
593,0.4,0.055999982999999996,0.2,0.135999983
593,0.5,0.055999982999999996,0.2,0.155999983
593,0.6,0.1078777886,0.1,0.16787778859999997
593,0.7,0.1078777886,0.1,0.17787778859999998
593,0.8,0.1078777886,0.1,0.18787778859999998
593,0.9,0.1078777886,0.1,0.1978777886
593,1.0,0.1078777886,0.1,0.2078777886
594,0.1,0.0,1.0,0.1
594,0.2,0.0,1.0,0.2
594,0.3,0.0,1.0,0.3
594,0.4,0.0,1.0,0.4
594,0.5,0.21298567899999998,0.5,0.462985679
594,0.6,0.21298567899999998,0.5,0.512985679
594,0.7,0.21298567899999998,0.5,0.562985679
594,0.8,0.21298567899999998,0.5,0.612985679
594,0.9,0.21298567899999998,0.5,0.6629856789999999
594,1.0,0.21298567899999998,0.5,0.712985679
595,0.1,0.055999982999999996,0.3,0.085999983
595,0.2,0.055999982999999996,0.3,0.115999983
595,0.3,0.055999982999999996,0.3,0.145999983
595,0.4,0.055999982999999996,0.3,0.17599998300000003
595,0.5,0.055999982999999996,0.3,0.20599998299999997
595,0.6,0.055999982999999996,0.3,0.23599998299999997
595,0.7,0.12153852279999999,0.2,0.2615385228
595,0.8,0.12153852279999999,0.2,0.2815385228
595,0.9,0.204933066,0.1,0.29493306599999997
595,1.0,0.204933066,0.1,0.304933066
596,0.1,0.0626267628,0.2,0.0826267628
596,0.2,0.07494338279999999,0.1,0.09494338279999999
596,0.3,0.07494338279999999,0.1,0.1049433828
596,0.4,0.07494338279999999,0.1,0.11494338279999998
596,0.5,0.07494338279999999,0.1,0.12494338279999999
596,0.6,0.07494338279999999,0.1,0.1349433828
596,0.7,0.07494338279999999,0.1,0.1449433828
596,0.8,0.07494338279999999,0.1,0.1549433828
596,0.9,0.07494338279999999,0.1,0.16494338279999998
596,1.0,0.07494338279999999,0.1,0.1749433828
597,0.1,0.055999982999999996,0.2,0.075999983
597,0.2,0.055999982999999996,0.2,0.095999983
597,0.3,0.055999982999999996,0.2,0.11599998299999999
597,0.4,0.055999982999999996,0.2,0.135999983
597,0.5,0.055999982999999996,0.2,0.155999983
597,0.6,0.055999982999999996,0.2,0.175999983
597,0.7,0.055999982999999996,0.2,0.195999983
597,0.8,0.055999982999999996,0.2,0.21599998300000003
597,0.9,0.055999982999999996,0.2,0.235999983
597,1.0,0.055999982999999996,0.2,0.255999983
598,0.1,0.0,1.0,0.1
598,0.2,0.0,1.0,0.2
598,0.3,0.0,1.0,0.3
598,0.4,0.14326828179999998,0.6,0.38326828180000005
598,0.5,0.190591298,0.5,0.440591298
598,0.6,0.190591298,0.5,0.490591298
598,0.7,0.190591298,0.5,0.540591298
598,0.8,0.190591298,0.5,0.590591298
598,0.9,0.190591298,0.5,0.640591298
598,1.0,0.190591298,0.5,0.690591298
599,0.1,0.055999982999999996,0.1,0.065999983
599,0.2,0.055999982999999996,0.1,0.075999983
599,0.3,0.055999982999999996,0.1,0.085999983
599,0.4,0.055999982999999996,0.1,0.095999983
599,0.5,0.055999982999999996,0.1,0.10599998299999999
599,0.6,0.055999982999999996,0.1,0.11599998299999999
599,0.7,0.055999982999999996,0.1,0.12599998299999998
599,0.8,0.055999982999999996,0.1,0.135999983
599,0.9,0.055999982999999996,0.1,0.145999983
599,1.0,0.055999982999999996,0.1,0.155999983
600,0.1,0.0,1.0,0.1
600,0.2,0.0,1.0,0.2
600,0.3,0.0,1.0,0.3
600,0.4,0.1404649498,0.6,0.3804649498
600,0.5,0.1404649498,0.6,0.44046494979999995
600,0.6,0.1404649498,0.6,0.5004649497999999
600,0.7,0.1404649498,0.6,0.5604649497999998
600,0.8,0.1404649498,0.6,0.6204649498
600,0.9,0.223982078,0.5,0.6739820780000001
600,1.0,0.41329030099999997,0.3,0.713290301
601,0.1,0.0628629048,0.2,0.0828629048
601,0.2,0.0628629048,0.2,0.1028629048
601,0.3,0.0628629048,0.2,0.12286290479999999
601,0.4,0.0628629048,0.2,0.1428629048
601,0.5,0.0628629048,0.2,0.1628629048
601,0.6,0.0628629048,0.2,0.18286290479999998
601,0.7,0.0628629048,0.2,0.2028629048
601,0.8,0.0628629048,0.2,0.2228629048
601,0.9,0.0628629048,0.2,0.2428629048
601,1.0,0.0628629048,0.2,0.2628629048
602,0.1,0.0,1.0,0.1
602,0.2,0.0,1.0,0.2
602,0.3,0.0,1.0,0.3
602,0.4,0.14326828179999998,0.6,0.38326828180000005
602,0.5,0.190591298,0.5,0.440591298
602,0.6,0.190591298,0.5,0.490591298
602,0.7,0.190591298,0.5,0.540591298
602,0.8,0.190591298,0.5,0.590591298
602,0.9,0.190591298,0.5,0.640591298
602,1.0,0.190591298,0.5,0.690591298
603,0.1,0.055999982999999996,0.4,0.095999983
603,0.2,0.0822233956,0.2,0.12222339559999999
603,0.3,0.0822233956,0.2,0.1422233956
603,0.4,0.0822233956,0.2,0.16222339560000001
603,0.5,0.0822233956,0.2,0.18222339559999998
603,0.6,0.0822233956,0.2,0.2022233956
603,0.7,0.0822233956,0.2,0.22222339559999998
603,0.8,0.0822233956,0.2,0.2422233956
603,0.9,0.0822233956,0.2,0.2622233956
603,1.0,0.0822233956,0.2,0.2822233956
604,0.1,0.055999982999999996,0.2,0.075999983
604,0.2,0.055999982999999996,0.2,0.095999983
604,0.3,0.055999982999999996,0.2,0.11599998299999999
604,0.4,0.055999982999999996,0.2,0.135999983
604,0.5,0.055999982999999996,0.2,0.155999983
604,0.6,0.055999982999999996,0.2,0.175999983
604,0.7,0.055999982999999996,0.2,0.195999983
604,0.8,0.055999982999999996,0.2,0.21599998300000003
604,0.9,0.055999982999999996,0.2,0.235999983
604,1.0,0.055999982999999996,0.2,0.255999983
605,0.1,0.0626267628,0.2,0.0826267628
605,0.2,0.07494338279999999,0.1,0.09494338279999999
605,0.3,0.07494338279999999,0.1,0.1049433828
605,0.4,0.07494338279999999,0.1,0.11494338279999998
605,0.5,0.07494338279999999,0.1,0.12494338279999999
605,0.6,0.07494338279999999,0.1,0.1349433828
605,0.7,0.07494338279999999,0.1,0.1449433828
605,0.8,0.07494338279999999,0.1,0.1549433828
605,0.9,0.07494338279999999,0.1,0.16494338279999998
605,1.0,0.07494338279999999,0.1,0.1749433828
606,0.1,0.055999982999999996,0.3,0.085999983
606,0.2,0.055999982999999996,0.3,0.115999983
606,0.3,0.055999982999999996,0.3,0.145999983
606,0.4,0.055999982999999996,0.3,0.17599998300000003
606,0.5,0.055999982999999996,0.3,0.20599998299999997
606,0.6,0.055999982999999996,0.3,0.23599998299999997
606,0.7,0.183167252,0.1,0.253167252
606,0.8,0.183167252,0.1,0.263167252
606,0.9,0.183167252,0.1,0.273167252
606,1.0,0.183167252,0.1,0.28316725200000004
607,0.1,0.0628629048,0.2,0.0828629048
607,0.2,0.0628629048,0.2,0.1028629048
607,0.3,0.0628629048,0.2,0.12286290479999999
607,0.4,0.0628629048,0.2,0.1428629048
607,0.5,0.0628629048,0.2,0.1628629048
607,0.6,0.0628629048,0.2,0.18286290479999998
607,0.7,0.0628629048,0.2,0.2028629048
607,0.8,0.0628629048,0.2,0.2228629048
607,0.9,0.0628629048,0.2,0.2428629048
607,1.0,0.0628629048,0.2,0.2628629048
608,0.1,0.055999982999999996,0.2,0.075999983
608,0.2,0.055999982999999996,0.2,0.095999983
608,0.3,0.055999982999999996,0.2,0.11599998299999999
608,0.4,0.055999982999999996,0.2,0.135999983
608,0.5,0.055999982999999996,0.2,0.155999983
608,0.6,0.055999982999999996,0.2,0.175999983
608,0.7,0.055999982999999996,0.2,0.195999983
608,0.8,0.055999982999999996,0.2,0.21599998300000003
608,0.9,0.055999982999999996,0.2,0.235999983
608,1.0,0.15276290099999998,0.1,0.252762901
609,0.1,0.055999982999999996,0.1,0.065999983
609,0.2,0.055999982999999996,0.1,0.075999983
609,0.3,0.055999982999999996,0.1,0.085999983
609,0.4,0.055999982999999996,0.1,0.095999983
609,0.5,0.055999982999999996,0.1,0.10599998299999999
609,0.6,0.11466661999999998,0.0,0.11466661999999998
609,0.7,0.11466661999999998,0.0,0.11466661999999998
609,0.8,0.11466661999999998,0.0,0.11466661999999998
609,0.9,0.11466661999999998,0.0,0.11466661999999998
609,1.0,0.11466661999999998,0.0,0.11466661999999998
610,0.1,0.055999982999999996,0.2,0.075999983
610,0.2,0.055999982999999996,0.2,0.095999983
610,0.3,0.055999982999999996,0.2,0.11599998299999999
610,0.4,0.055999982999999996,0.2,0.135999983
610,0.5,0.055999982999999996,0.2,0.155999983
610,0.6,0.1078777886,0.1,0.16787778859999997
610,0.7,0.1078777886,0.1,0.17787778859999998
610,0.8,0.1078777886,0.1,0.18787778859999998
610,0.9,0.1078777886,0.1,0.1978777886
610,1.0,0.1078777886,0.1,0.2078777886
611,0.1,0.055999982999999996,0.3,0.085999983
611,0.2,0.055999982999999996,0.3,0.115999983
611,0.3,0.055999982999999996,0.3,0.145999983
611,0.4,0.055999982999999996,0.3,0.17599998300000003
611,0.5,0.055999982999999996,0.3,0.20599998299999997
611,0.6,0.055999982999999996,0.3,0.23599998299999997
611,0.7,0.1845359058,0.1,0.25453590579999996
611,0.8,0.1845359058,0.1,0.2645359058
611,0.9,0.1845359058,0.1,0.2745359058
611,1.0,0.1845359058,0.1,0.2845359058
612,0.1,0.055999982999999996,0.1,0.065999983
612,0.2,0.055999982999999996,0.1,0.075999983
612,0.3,0.055999982999999996,0.1,0.085999983
612,0.4,0.055999982999999996,0.1,0.095999983
612,0.5,0.055999982999999996,0.1,0.10599998299999999
612,0.6,0.055999982999999996,0.1,0.11599998299999999
612,0.7,0.055999982999999996,0.1,0.12599998299999998
612,0.8,0.055999982999999996,0.1,0.135999983
612,0.9,0.055999982999999996,0.1,0.145999983
612,1.0,0.055999982999999996,0.1,0.155999983
613,0.1,0.055999982999999996,0.3,0.085999983
613,0.2,0.055999982999999996,0.3,0.115999983
613,0.3,0.055999982999999996,0.3,0.145999983
613,0.4,0.055999982999999996,0.3,0.17599998300000003
613,0.5,0.055999982999999996,0.3,0.20599998299999997
613,0.6,0.055999982999999996,0.3,0.23599998299999997
613,0.7,0.12153852279999999,0.2,0.2615385228
613,0.8,0.12153852279999999,0.2,0.2815385228
613,0.9,0.204933066,0.1,0.29493306599999997
613,1.0,0.204933066,0.1,0.304933066
614,0.1,0.055999982999999996,0.3,0.085999983
614,0.2,0.055999982999999996,0.3,0.115999983
614,0.3,0.055999982999999996,0.3,0.145999983
614,0.4,0.055999982999999996,0.3,0.17599998300000003
614,0.5,0.055999982999999996,0.3,0.20599998299999997
614,0.6,0.055999982999999996,0.3,0.23599998299999997
614,0.7,0.183167252,0.1,0.253167252
614,0.8,0.183167252,0.1,0.263167252
614,0.9,0.183167252,0.1,0.273167252
614,1.0,0.183167252,0.1,0.28316725200000004
615,0.1,0.055999982999999996,0.3,0.085999983
615,0.2,0.055999982999999996,0.3,0.115999983
615,0.3,0.055999982999999996,0.3,0.145999983
615,0.4,0.055999982999999996,0.3,0.17599998300000003
615,0.5,0.055999982999999996,0.3,0.20599998299999997
615,0.6,0.055999982999999996,0.3,0.23599998299999997
615,0.7,0.12153852279999999,0.2,0.2615385228
615,0.8,0.12153852279999999,0.2,0.2815385228
615,0.9,0.204933066,0.1,0.29493306599999997
615,1.0,0.204933066,0.1,0.304933066
616,0.1,0.0,1.0,0.1
616,0.2,0.0,1.0,0.2
616,0.3,0.0,1.0,0.3
616,0.4,0.14326828179999998,0.6,0.38326828180000005
616,0.5,0.190591298,0.5,0.440591298
616,0.6,0.190591298,0.5,0.490591298
616,0.7,0.190591298,0.5,0.540591298
616,0.8,0.190591298,0.5,0.590591298
616,0.9,0.190591298,0.5,0.640591298
616,1.0,0.190591298,0.5,0.690591298
617,0.1,0.055999982999999996,0.1,0.065999983
617,0.2,0.055999982999999996,0.1,0.075999983
617,0.3,0.055999982999999996,0.1,0.085999983
617,0.4,0.055999982999999996,0.1,0.095999983
617,0.5,0.055999982999999996,0.1,0.10599998299999999
617,0.6,0.055999982999999996,0.1,0.11599998299999999
617,0.7,0.055999982999999996,0.1,0.12599998299999998
617,0.8,0.055999982999999996,0.1,0.135999983
617,0.9,0.055999982999999996,0.1,0.145999983
617,1.0,0.055999982999999996,0.1,0.155999983
618,0.1,0.055999982999999996,0.3,0.085999983
618,0.2,0.055999982999999996,0.3,0.115999983
618,0.3,0.055999982999999996,0.3,0.145999983
618,0.4,0.055999982999999996,0.3,0.17599998300000003
618,0.5,0.055999982999999996,0.3,0.20599998299999997
618,0.6,0.055999982999999996,0.3,0.23599998299999997
618,0.7,0.12153852279999999,0.2,0.2615385228
618,0.8,0.12153852279999999,0.2,0.2815385228
618,0.9,0.204933066,0.1,0.29493306599999997
618,1.0,0.204933066,0.1,0.304933066
619,0.1,0.055999982999999996,0.2,0.075999983
619,0.2,0.055999982999999996,0.2,0.095999983
619,0.3,0.0799200077,0.1,0.10992000770000002
619,0.4,0.0799200077,0.1,0.1199200077
619,0.5,0.0799200077,0.1,0.1299200077
619,0.6,0.0799200077,0.1,0.13992000770000002
619,0.7,0.0799200077,0.1,0.1499200077
619,0.8,0.0799200077,0.1,0.1599200077
619,0.9,0.0799200077,0.1,0.1699200077
619,1.0,0.0799200077,0.1,0.1799200077
620,0.1,0.055999982999999996,0.1,0.065999983
620,0.2,0.055999982999999996,0.1,0.075999983
620,0.3,0.055999982999999996,0.1,0.085999983
620,0.4,0.055999982999999996,0.1,0.095999983
620,0.5,0.055999982999999996,0.1,0.10599998299999999
620,0.6,0.055999982999999996,0.1,0.11599998299999999
620,0.7,0.055999982999999996,0.1,0.12599998299999998
620,0.8,0.055999982999999996,0.1,0.135999983
620,0.9,0.055999982999999996,0.1,0.145999983
620,1.0,0.055999982999999996,0.1,0.155999983
621,0.1,0.055999982999999996,0.2,0.075999983
621,0.2,0.055999982999999996,0.2,0.095999983
621,0.3,0.055999982999999996,0.2,0.11599998299999999
621,0.4,0.055999982999999996,0.2,0.135999983
621,0.5,0.055999982999999996,0.2,0.155999983
621,0.6,0.055999982999999996,0.2,0.175999983
621,0.7,0.055999982999999996,0.2,0.195999983
621,0.8,0.055999982999999996,0.2,0.21599998300000003
621,0.9,0.055999982999999996,0.2,0.235999983
621,1.0,0.055999982999999996,0.2,0.255999983
622,0.1,0.06184909000000001,0.2,0.08184909
622,0.2,0.06184909000000001,0.2,0.10184909000000002
622,0.3,0.06184909000000001,0.2,0.12184909
622,0.4,0.06184909000000001,0.2,0.14184909
622,0.5,0.06184909000000001,0.2,0.16184909
622,0.6,0.06184909000000001,0.2,0.18184909
622,0.7,0.06184909000000001,0.2,0.20184908999999998
622,0.8,0.06184909000000001,0.2,0.22184909
622,0.9,0.06184909000000001,0.2,0.24184909000000002
622,1.0,0.06184909000000001,0.2,0.26184909
623,0.1,0.06184909000000001,0.2,0.08184909
623,0.2,0.06184909000000001,0.2,0.10184909000000002
623,0.3,0.06184909000000001,0.2,0.12184909
623,0.4,0.06184909000000001,0.2,0.14184909
623,0.5,0.06184909000000001,0.2,0.16184909
623,0.6,0.06184909000000001,0.2,0.18184909
623,0.7,0.06184909000000001,0.2,0.20184908999999998
623,0.8,0.06184909000000001,0.2,0.22184909
623,0.9,0.06184909000000001,0.2,0.24184909000000002
623,1.0,0.06184909000000001,0.2,0.26184909
624,0.1,0.055999982999999996,0.1,0.065999983
624,0.2,0.055999982999999996,0.1,0.075999983
624,0.3,0.055999982999999996,0.1,0.085999983
624,0.4,0.055999982999999996,0.1,0.095999983
624,0.5,0.055999982999999996,0.1,0.10599998299999999
624,0.6,0.055999982999999996,0.1,0.11599998299999999
624,0.7,0.055999982999999996,0.1,0.12599998299999998
624,0.8,0.055999982999999996,0.1,0.135999983
624,0.9,0.055999982999999996,0.1,0.145999983
624,1.0,0.055999982999999996,0.1,0.155999983
625,0.1,0.055999982999999996,0.3,0.085999983
625,0.2,0.0750216316,0.2,0.11502163159999998
625,0.3,0.0750216316,0.2,0.1350216316
625,0.4,0.0750216316,0.2,0.1550216316
625,0.5,0.0750216316,0.2,0.1750216316
625,0.6,0.0750216316,0.2,0.1950216316
625,0.7,0.0750216316,0.2,0.21502163159999998
625,0.8,0.0750216316,0.2,0.2350216316
625,0.9,0.0750216316,0.2,0.2550216316
625,1.0,0.0750216316,0.2,0.2750216316
626,0.1,0.0626267628,0.2,0.0826267628
626,0.2,0.07494338279999999,0.1,0.09494338279999999
626,0.3,0.07494338279999999,0.1,0.1049433828
626,0.4,0.07494338279999999,0.1,0.11494338279999998
626,0.5,0.07494338279999999,0.1,0.12494338279999999
626,0.6,0.07494338279999999,0.1,0.1349433828
626,0.7,0.07494338279999999,0.1,0.1449433828
626,0.8,0.07494338279999999,0.1,0.1549433828
626,0.9,0.07494338279999999,0.1,0.16494338279999998
626,1.0,0.07494338279999999,0.1,0.1749433828
627,0.1,0.06184909000000001,0.2,0.08184909
627,0.2,0.06184909000000001,0.2,0.10184909000000002
627,0.3,0.06184909000000001,0.2,0.12184909
627,0.4,0.06184909000000001,0.2,0.14184909
627,0.5,0.06184909000000001,0.2,0.16184909
627,0.6,0.06184909000000001,0.2,0.18184909
627,0.7,0.06184909000000001,0.2,0.20184908999999998
627,0.8,0.06184909000000001,0.2,0.22184909
627,0.9,0.06184909000000001,0.2,0.24184909000000002
627,1.0,0.06184909000000001,0.2,0.26184909
628,0.1,0.0,1.0,0.1
628,0.2,0.0,1.0,0.2
628,0.3,0.0,1.0,0.3
628,0.4,0.14326828179999998,0.6,0.38326828180000005
628,0.5,0.190591298,0.5,0.440591298
628,0.6,0.190591298,0.5,0.490591298
628,0.7,0.190591298,0.5,0.540591298
628,0.8,0.190591298,0.5,0.590591298
628,0.9,0.190591298,0.5,0.640591298
628,1.0,0.190591298,0.5,0.690591298
629,0.1,0.0,1.0,0.1
629,0.2,0.0,1.0,0.2
629,0.3,0.0,1.0,0.3
629,0.4,0.1404649498,0.6,0.3804649498
629,0.5,0.1404649498,0.6,0.44046494979999995
629,0.6,0.1404649498,0.6,0.5004649497999999
629,0.7,0.1404649498,0.6,0.5604649497999998
629,0.8,0.1404649498,0.6,0.6204649498
629,0.9,0.223982078,0.5,0.6739820780000001
629,1.0,0.41329030099999997,0.3,0.713290301
630,0.1,0.055999982999999996,0.1,0.065999983
630,0.2,0.055999982999999996,0.1,0.075999983
630,0.3,0.055999982999999996,0.1,0.085999983
630,0.4,0.055999982999999996,0.1,0.095999983
630,0.5,0.055999982999999996,0.1,0.10599998299999999
630,0.6,0.055999982999999996,0.1,0.11599998299999999
630,0.7,0.055999982999999996,0.1,0.12599998299999998
630,0.8,0.055999982999999996,0.1,0.135999983
630,0.9,0.055999982999999996,0.1,0.145999983
630,1.0,0.055999982999999996,0.1,0.155999983
631,0.1,0.0,1.0,0.1
631,0.2,0.0,1.0,0.2
631,0.3,0.0,1.0,0.3
631,0.4,0.14326828179999998,0.6,0.38326828180000005
631,0.5,0.190591298,0.5,0.440591298
631,0.6,0.190591298,0.5,0.490591298
631,0.7,0.190591298,0.5,0.540591298
631,0.8,0.190591298,0.5,0.590591298
631,0.9,0.190591298,0.5,0.640591298
631,1.0,0.190591298,0.5,0.690591298
632,0.1,0.055999982999999996,0.3,0.085999983
632,0.2,0.055999982999999996,0.3,0.115999983
632,0.3,0.055999982999999996,0.3,0.145999983
632,0.4,0.055999982999999996,0.3,0.17599998300000003
632,0.5,0.055999982999999996,0.3,0.20599998299999997
632,0.6,0.055999982999999996,0.3,0.23599998299999997
632,0.7,0.12153852279999999,0.2,0.2615385228
632,0.8,0.12153852279999999,0.2,0.2815385228
632,0.9,0.204933066,0.1,0.29493306599999997
632,1.0,0.204933066,0.1,0.304933066
633,0.1,0.0,1.0,0.1
633,0.2,0.0,1.0,0.2
633,0.3,0.025952507000000003,0.9,0.295952507
633,0.4,0.29999982,0.1,0.33999981999999995
633,0.5,0.29999982,0.1,0.34999981999999996
633,0.6,0.29999982,0.1,0.35999981999999997
633,0.7,0.29999982,0.1,0.36999982
633,0.8,0.29999982,0.1,0.37999982
633,0.9,0.29999982,0.1,0.38999982
633,1.0,0.29999982,0.1,0.39999982
634,0.1,0.06184909000000001,0.2,0.08184909
634,0.2,0.06184909000000001,0.2,0.10184909000000002
634,0.3,0.06184909000000001,0.2,0.12184909
634,0.4,0.06184909000000001,0.2,0.14184909
634,0.5,0.06184909000000001,0.2,0.16184909
634,0.6,0.06184909000000001,0.2,0.18184909
634,0.7,0.06184909000000001,0.2,0.20184908999999998
634,0.8,0.06184909000000001,0.2,0.22184909
634,0.9,0.06184909000000001,0.2,0.24184909000000002
634,1.0,0.06184909000000001,0.2,0.26184909
635,0.1,0.055999982999999996,0.2,0.075999983
635,0.2,0.055999982999999996,0.2,0.095999983
635,0.3,0.07600296749999999,0.1,0.1060029675
635,0.4,0.07600296749999999,0.1,0.11600296750000001
635,0.5,0.07600296749999999,0.1,0.1260029675
635,0.6,0.07600296749999999,0.1,0.1360029675
635,0.7,0.07600296749999999,0.1,0.1460029675
635,0.8,0.07600296749999999,0.1,0.1560029675
635,0.9,0.07600296749999999,0.1,0.16600296750000001
635,1.0,0.07600296749999999,0.1,0.1760029675
636,0.1,0.055999982999999996,0.3,0.085999983
636,0.2,0.055999982999999996,0.3,0.115999983
636,0.3,0.055999982999999996,0.3,0.145999983
636,0.4,0.055999982999999996,0.3,0.17599998300000003
636,0.5,0.055999982999999996,0.3,0.20599998299999997
636,0.6,0.055999982999999996,0.3,0.23599998299999997
636,0.7,0.12153852279999999,0.2,0.2615385228
636,0.8,0.12153852279999999,0.2,0.2815385228
636,0.9,0.204933066,0.1,0.29493306599999997
636,1.0,0.204933066,0.1,0.304933066
637,0.1,0.055999982999999996,0.3,0.085999983
637,0.2,0.055999982999999996,0.3,0.115999983
637,0.3,0.055999982999999996,0.3,0.145999983
637,0.4,0.055999982999999996,0.3,0.17599998300000003
637,0.5,0.055999982999999996,0.3,0.20599998299999997
637,0.6,0.055999982999999996,0.3,0.23599998299999997
637,0.7,0.183167252,0.1,0.253167252
637,0.8,0.183167252,0.1,0.263167252
637,0.9,0.183167252,0.1,0.273167252
637,1.0,0.183167252,0.1,0.283167252
638,0.1,0.055999982999999996,0.3,0.085999983
638,0.2,0.0750216316,0.2,0.11502163159999998
638,0.3,0.0750216316,0.2,0.1350216316
638,0.4,0.0750216316,0.2,0.1550216316
638,0.5,0.0750216316,0.2,0.1750216316
638,0.6,0.0750216316,0.2,0.1950216316
638,0.7,0.0750216316,0.2,0.21502163159999998
638,0.8,0.0750216316,0.2,0.2350216316
638,0.9,0.0750216316,0.2,0.2550216316
638,1.0,0.0750216316,0.2,0.2750216316
639,0.1,0.055999982999999996,0.2,0.075999983
639,0.2,0.055999982999999996,0.2,0.095999983
639,0.3,0.0799200077,0.1,0.10992000770000002
639,0.4,0.0799200077,0.1,0.1199200077
639,0.5,0.0799200077,0.1,0.1299200077
639,0.6,0.0799200077,0.1,0.13992000770000002
639,0.7,0.0799200077,0.1,0.1499200077
639,0.8,0.0799200077,0.1,0.1599200077
639,0.9,0.0799200077,0.1,0.1699200077
639,1.0,0.0799200077,0.1,0.1799200077
640,0.1,0.055999982999999996,0.4,0.095999983
640,0.2,0.0805328488,0.2,0.12053284880000001
640,0.3,0.0805328488,0.2,0.1405328488
640,0.4,0.0805328488,0.2,0.16053284880000002
640,0.5,0.0805328488,0.2,0.1805328488
640,0.6,0.0805328488,0.2,0.2005328488
640,0.7,0.0805328488,0.2,0.22053284880000001
640,0.8,0.0805328488,0.2,0.24053284880000003
640,0.9,0.0805328488,0.2,0.2605328488
640,1.0,0.0805328488,0.2,0.28053284879999996
641,0.1,0.055999982999999996,0.3,0.085999983
641,0.2,0.055999982999999996,0.3,0.115999983
641,0.3,0.055999982999999996,0.3,0.145999983
641,0.4,0.055999982999999996,0.3,0.17599998300000003
641,0.5,0.055999982999999996,0.3,0.20599998299999997
641,0.6,0.055999982999999996,0.3,0.23599998299999997
641,0.7,0.12153852279999999,0.2,0.2615385228
641,0.8,0.12153852279999999,0.2,0.2815385228
641,0.9,0.204933066,0.1,0.29493306599999997
641,1.0,0.204933066,0.1,0.304933066
642,0.1,0.055999982999999996,0.3,0.085999983
642,0.2,0.0750216316,0.2,0.11502163159999998
642,0.3,0.0750216316,0.2,0.1350216316
642,0.4,0.0750216316,0.2,0.1550216316
642,0.5,0.0750216316,0.2,0.1750216316
642,0.6,0.0750216316,0.2,0.1950216316
642,0.7,0.0750216316,0.2,0.21502163159999998
642,0.8,0.0750216316,0.2,0.2350216316
642,0.9,0.0750216316,0.2,0.2550216316
642,1.0,0.0750216316,0.2,0.2750216316
643,0.1,0.055999982999999996,0.3,0.085999983
643,0.2,0.055999982999999996,0.3,0.115999983
643,0.3,0.055999982999999996,0.3,0.145999983
643,0.4,0.055999982999999996,0.3,0.17599998300000003
643,0.5,0.055999982999999996,0.3,0.20599998299999997
643,0.6,0.055999982999999996,0.3,0.23599998299999997
643,0.7,0.12153852279999999,0.2,0.2615385228
643,0.8,0.12153852279999999,0.2,0.2815385228
643,0.9,0.204933066,0.1,0.29493306599999997
643,1.0,0.204933066,0.1,0.304933066
644,0.1,0.0,1.0,0.1
644,0.2,0.0,1.0,0.2
644,0.3,0.0,1.0,0.3
644,0.4,0.0,1.0,0.4
644,0.5,0.21298567899999998,0.5,0.462985679
644,0.6,0.21298567899999998,0.5,0.512985679
644,0.7,0.21298567899999998,0.5,0.562985679
644,0.8,0.21298567899999998,0.5,0.612985679
644,0.9,0.21298567899999998,0.5,0.6629856789999999
644,1.0,0.21298567899999998,0.5,0.712985679
645,0.1,0.059329224699999995,0.3,0.0893292247
645,0.2,0.059329224699999995,0.3,0.1193292247
645,0.3,0.059329224699999995,0.3,0.14932922469999999
645,0.4,0.059329224699999995,0.3,0.1793292247
645,0.5,0.059329224699999995,0.3,0.20932922469999998
645,0.6,0.059329224699999995,0.3,0.23932922469999998
645,0.7,0.059329224699999995,0.3,0.2693292247
645,0.8,0.1305992647,0.2,0.2905992647
645,0.9,0.29999982,0.0,0.29999982
645,1.0,0.29999982,0.0,0.29999982
646,0.1,0.056276605300000004,0.3,0.0862766053
646,0.2,0.056276605300000004,0.3,0.11627660530000002
646,0.3,0.056276605300000004,0.3,0.1462766053
646,0.4,0.056276605300000004,0.3,0.17627660530000003
646,0.5,0.056276605300000004,0.3,0.20627660529999997
646,0.6,0.056276605300000004,0.3,0.23627660529999997
646,0.7,0.056276605300000004,0.3,0.26627660529999997
646,0.8,0.056276605300000004,0.3,0.2962766053
646,0.9,0.29999982,0.0,0.29999982
646,1.0,0.29999982,0.0,0.29999982
647,0.1,0.0626267628,0.2,0.0826267628
647,0.2,0.07494338279999999,0.1,0.09494338279999999
647,0.3,0.07494338279999999,0.1,0.1049433828
647,0.4,0.07494338279999999,0.1,0.11494338279999998
647,0.5,0.07494338279999999,0.1,0.12494338279999999
647,0.6,0.07494338279999999,0.1,0.1349433828
647,0.7,0.07494338279999999,0.1,0.1449433828
647,0.8,0.07494338279999999,0.1,0.1549433828
647,0.9,0.07494338279999999,0.1,0.16494338279999998
647,1.0,0.07494338279999999,0.1,0.1749433828
648,0.1,0.055999982999999996,0.3,0.085999983
648,0.2,0.055999982999999996,0.3,0.115999983
648,0.3,0.055999982999999996,0.3,0.145999983
648,0.4,0.055999982999999996,0.3,0.17599998300000003
648,0.5,0.055999982999999996,0.3,0.20599998299999997
648,0.6,0.055999982999999996,0.3,0.23599998299999997
648,0.7,0.12153852279999999,0.2,0.2615385228
648,0.8,0.12153852279999999,0.2,0.2815385228
648,0.9,0.204933066,0.1,0.29493306599999997
648,1.0,0.204933066,0.1,0.304933066
649,0.1,0.0,1.0,0.1
649,0.2,0.0,1.0,0.2
649,0.3,0.0,1.0,0.3
649,0.4,0.14326828179999998,0.6,0.38326828180000005
649,0.5,0.190591298,0.5,0.440591298
649,0.6,0.190591298,0.5,0.490591298
649,0.7,0.190591298,0.5,0.540591298
649,0.8,0.190591298,0.5,0.590591298
649,0.9,0.190591298,0.5,0.640591298
649,1.0,0.190591298,0.5,0.690591298
650,0.1,0.055999982999999996,0.4,0.095999983
650,0.2,0.0805328488,0.2,0.12053284880000001
650,0.3,0.0805328488,0.2,0.1405328488
650,0.4,0.0805328488,0.2,0.16053284880000002
650,0.5,0.0805328488,0.2,0.1805328488
650,0.6,0.0805328488,0.2,0.2005328488
650,0.7,0.0805328488,0.2,0.22053284880000001
650,0.8,0.0805328488,0.2,0.24053284880000003
650,0.9,0.0805328488,0.2,0.2605328488
650,1.0,0.0805328488,0.2,0.28053284879999996
651,0.1,0.055999982999999996,0.3,0.085999983
651,0.2,0.055999982999999996,0.3,0.115999983
651,0.3,0.055999982999999996,0.3,0.145999983
651,0.4,0.055999982999999996,0.3,0.17599998300000003
651,0.5,0.055999982999999996,0.3,0.20599998299999997
651,0.6,0.055999982999999996,0.3,0.23599998299999997
651,0.7,0.12153852279999999,0.2,0.2615385228
651,0.8,0.12153852279999999,0.2,0.2815385228
651,0.9,0.204933066,0.1,0.29493306599999997
651,1.0,0.204933066,0.1,0.304933066
652,0.1,0.0,1.0,0.1
652,0.2,0.0,1.0,0.2
652,0.3,0.0,1.0,0.3
652,0.4,0.1432682818,0.6,0.38326828180000005
652,0.5,0.19059129799999996,0.5,0.440591298
652,0.6,0.19059129799999996,0.5,0.490591298
652,0.7,0.19059129799999996,0.5,0.540591298
652,0.8,0.19059129799999996,0.5,0.590591298
652,0.9,0.19059129799999996,0.5,0.640591298
652,1.0,0.19059129799999996,0.5,0.690591298
653,0.1,0.059329224699999995,0.3,0.0893292247
653,0.2,0.059329224699999995,0.3,0.1193292247
653,0.3,0.059329224699999995,0.3,0.14932922469999999
653,0.4,0.059329224699999995,0.3,0.1793292247
653,0.5,0.059329224699999995,0.3,0.20932922469999998
653,0.6,0.059329224699999995,0.3,0.23932922469999998
653,0.7,0.059329224699999995,0.3,0.2693292247
653,0.8,0.1305992647,0.2,0.2905992647
653,0.9,0.29999982,0.0,0.29999982
653,1.0,0.29999982,0.0,0.29999982
654,0.1,0.055999982999999996,0.2,0.075999983
654,0.2,0.055999982999999996,0.2,0.095999983
654,0.3,0.07600296749999999,0.1,0.1060029675
654,0.4,0.07600296749999999,0.1,0.11600296750000001
654,0.5,0.07600296749999999,0.1,0.1260029675
654,0.6,0.07600296749999999,0.1,0.1360029675
654,0.7,0.07600296749999999,0.1,0.1460029675
654,0.8,0.07600296749999999,0.1,0.1560029675
654,0.9,0.07600296749999999,0.1,0.16600296750000001
654,1.0,0.07600296749999999,0.1,0.1760029675
655,0.1,0.055999982999999996,0.3,0.085999983
655,0.2,0.055999982999999996,0.3,0.115999983
655,0.3,0.055999982999999996,0.3,0.145999983
655,0.4,0.055999982999999996,0.3,0.17599998300000003
655,0.5,0.055999982999999996,0.3,0.20599998299999997
655,0.6,0.055999982999999996,0.3,0.23599998299999997
655,0.7,0.12153852279999999,0.2,0.2615385228
655,0.8,0.12153852279999999,0.2,0.2815385228
655,0.9,0.204933066,0.1,0.29493306599999997
655,1.0,0.204933066,0.1,0.304933066
656,0.1,0.055999982999999996,0.1,0.065999983
656,0.2,0.055999982999999996,0.1,0.075999983
656,0.3,0.055999982999999996,0.1,0.085999983
656,0.4,0.055999982999999996,0.1,0.095999983
656,0.5,0.055999982999999996,0.1,0.10599998299999999
656,0.6,0.055999982999999996,0.1,0.11599998299999999
656,0.7,0.055999982999999996,0.1,0.12599998299999998
656,0.8,0.055999982999999996,0.1,0.135999983
656,0.9,0.055999982999999996,0.1,0.145999983
656,1.0,0.055999982999999996,0.1,0.155999983
657,0.1,0.055999982999999996,0.2,0.075999983
657,0.2,0.055999982999999996,0.2,0.095999983
657,0.3,0.055999982999999996,0.2,0.11599998299999999
657,0.4,0.055999982999999996,0.2,0.135999983
657,0.5,0.055999982999999996,0.2,0.155999983
657,0.6,0.055999982999999996,0.2,0.175999983
657,0.7,0.055999982999999996,0.2,0.195999983
657,0.8,0.055999982999999996,0.2,0.21599998300000003
657,0.9,0.055999982999999996,0.2,0.235999983
657,1.0,0.15276290099999998,0.1,0.252762901
658,0.1,0.055999982999999996,0.3,0.085999983
658,0.2,0.055999982999999996,0.3,0.115999983
658,0.3,0.055999982999999996,0.3,0.145999983
658,0.4,0.055999982999999996,0.3,0.17599998300000003
658,0.5,0.055999982999999996,0.3,0.20599998299999997
658,0.6,0.055999982999999996,0.3,0.23599998299999997
658,0.7,0.12153852279999999,0.2,0.2615385228
658,0.8,0.12153852279999999,0.2,0.2815385228
658,0.9,0.204933066,0.1,0.29493306599999997
658,1.0,0.204933066,0.1,0.304933066
659,0.1,0.055999982999999996,0.3,0.085999983
659,0.2,0.055999982999999996,0.3,0.115999983
659,0.3,0.055999982999999996,0.3,0.145999983
659,0.4,0.055999982999999996,0.3,0.17599998300000003
659,0.5,0.055999982999999996,0.3,0.20599998299999997
659,0.6,0.055999982999999996,0.3,0.23599998299999997
659,0.7,0.183167252,0.1,0.253167252
659,0.8,0.183167252,0.1,0.263167252
659,0.9,0.183167252,0.1,0.273167252
659,1.0,0.183167252,0.1,0.28316725200000004
660,0.1,0.055999982999999996,0.4,0.095999983
660,0.2,0.0822233956,0.2,0.12222339559999999
660,0.3,0.0822233956,0.2,0.1422233956
660,0.4,0.0822233956,0.2,0.16222339560000001
660,0.5,0.0822233956,0.2,0.18222339559999998
660,0.6,0.0822233956,0.2,0.2022233956
660,0.7,0.0822233956,0.2,0.22222339559999998
660,0.8,0.0822233956,0.2,0.2422233956
660,0.9,0.0822233956,0.2,0.2622233956
660,1.0,0.0822233956,0.2,0.2822233956
661,0.1,0.055999982999999996,0.2,0.075999983
661,0.2,0.055999982999999996,0.2,0.095999983
661,0.3,0.055999982999999996,0.2,0.11599998299999999
661,0.4,0.055999982999999996,0.2,0.135999983
661,0.5,0.055999982999999996,0.2,0.155999983
661,0.6,0.055999982999999996,0.2,0.175999983
661,0.7,0.055999982999999996,0.2,0.195999983
661,0.8,0.055999982999999996,0.2,0.21599998300000003
661,0.9,0.055999982999999996,0.2,0.235999983
661,1.0,0.055999982999999996,0.2,0.255999983
662,0.1,0.055999982999999996,0.2,0.075999983
662,0.2,0.055999982999999996,0.2,0.095999983
662,0.3,0.055999982999999996,0.2,0.11599998299999999
662,0.4,0.055999982999999996,0.2,0.135999983
662,0.5,0.055999982999999996,0.2,0.155999983
662,0.6,0.055999982999999996,0.2,0.175999983
662,0.7,0.055999982999999996,0.2,0.195999983
662,0.8,0.055999982999999996,0.2,0.21599998300000003
662,0.9,0.055999982999999996,0.2,0.235999983
662,1.0,0.15276290099999998,0.1,0.252762901
663,0.1,0.055999982999999996,0.4,0.095999983
663,0.2,0.0822233956,0.2,0.12222339559999999
663,0.3,0.0822233956,0.2,0.1422233956
663,0.4,0.0822233956,0.2,0.16222339560000001
663,0.5,0.0822233956,0.2,0.18222339559999998
663,0.6,0.0822233956,0.2,0.2022233956
663,0.7,0.0822233956,0.2,0.22222339559999998
663,0.8,0.0822233956,0.2,0.2422233956
663,0.9,0.0822233956,0.2,0.2622233956
663,1.0,0.0822233956,0.2,0.2822233956
664,0.1,0.055999982999999996,0.3,0.085999983
664,0.2,0.055999982999999996,0.3,0.115999983
664,0.3,0.055999982999999996,0.3,0.145999983
664,0.4,0.055999982999999996,0.3,0.17599998300000003
664,0.5,0.055999982999999996,0.3,0.20599998299999997
664,0.6,0.055999982999999996,0.3,0.23599998299999997
664,0.7,0.18453590579999996,0.1,0.25453590579999996
664,0.8,0.18453590579999996,0.1,0.26453590579999997
664,0.9,0.18453590579999996,0.1,0.2745359058
664,1.0,0.18453590579999996,0.1,0.2845359058
665,0.1,0.055999982999999996,0.2,0.075999983
665,0.2,0.055999982999999996,0.2,0.095999983
665,0.3,0.055999982999999996,0.2,0.11599998299999999
665,0.4,0.055999982999999996,0.2,0.135999983
665,0.5,0.055999982999999996,0.2,0.155999983
665,0.6,0.055999982999999996,0.2,0.175999983
665,0.7,0.055999982999999996,0.2,0.195999983
665,0.8,0.055999982999999996,0.2,0.21599998300000003
665,0.9,0.055999982999999996,0.2,0.235999983
665,1.0,0.055999982999999996,0.2,0.255999983
666,0.1,0.0,1.0,0.1
666,0.2,0.0,1.0,0.2
666,0.3,0.0,1.0,0.3
666,0.4,0.1404649498,0.6,0.3804649498
666,0.5,0.1404649498,0.6,0.44046494979999995
666,0.6,0.1404649498,0.6,0.5004649497999999
666,0.7,0.1404649498,0.6,0.5604649497999998
666,0.8,0.1404649498,0.6,0.6204649498
666,0.9,0.223982078,0.5,0.6739820780000001
666,1.0,0.41329030099999997,0.3,0.713290301
667,0.1,0.059329224699999995,0.3,0.0893292247
667,0.2,0.059329224699999995,0.3,0.1193292247
667,0.3,0.059329224699999995,0.3,0.14932922469999999
667,0.4,0.059329224699999995,0.3,0.1793292247
667,0.5,0.059329224699999995,0.3,0.20932922469999998
667,0.6,0.059329224699999995,0.3,0.23932922469999998
667,0.7,0.059329224699999995,0.3,0.2693292247
667,0.8,0.1305992647,0.2,0.2905992647
667,0.9,0.29999982,0.0,0.29999982
667,1.0,0.29999982,0.0,0.29999982
668,0.1,0.0,1.0,0.1
668,0.2,0.0,1.0,0.2
668,0.3,0.0,1.0,0.3
668,0.4,0.30527308799999997,0.0,0.30527308799999997
668,0.5,0.30527308799999997,0.0,0.30527308799999997
668,0.6,0.30527308799999997,0.0,0.30527308799999997
668,0.7,0.30527308799999997,0.0,0.30527308799999997
668,0.8,0.30527308799999997,0.0,0.30527308799999997
668,0.9,0.30527308799999997,0.0,0.30527308799999997
668,1.0,0.30527308799999997,0.0,0.30527308799999997
669,0.1,0.0,1.0,0.1
669,0.2,0.0,1.0,0.2
669,0.3,0.0,1.0,0.3
669,0.4,0.14326828179999998,0.6,0.38326828180000005
669,0.5,0.190591298,0.5,0.440591298
669,0.6,0.190591298,0.5,0.490591298
669,0.7,0.190591298,0.5,0.540591298
669,0.8,0.190591298,0.5,0.590591298
669,0.9,0.190591298,0.5,0.640591298
669,1.0,0.190591298,0.5,0.690591298
670,0.1,0.055999982999999996,0.2,0.075999983
670,0.2,0.055999982999999996,0.2,0.095999983
670,0.3,0.055999982999999996,0.2,0.11599998299999999
670,0.4,0.055999982999999996,0.2,0.135999983
670,0.5,0.055999982999999996,0.2,0.155999983
670,0.6,0.11482017940000003,0.1,0.17482017940000003
670,0.7,0.11482017940000003,0.1,0.1848201794
670,0.8,0.11482017940000003,0.1,0.19482017940000002
670,0.9,0.11482017940000003,0.1,0.20482017940000002
670,1.0,0.11482017940000003,0.1,0.21482017940000003
671,0.1,0.055999982999999996,0.2,0.075999983
671,0.2,0.055999982999999996,0.2,0.095999983
671,0.3,0.055999982999999996,0.2,0.11599998299999999
671,0.4,0.055999982999999996,0.2,0.135999983
671,0.5,0.055999982999999996,0.2,0.155999983
671,0.6,0.055999982999999996,0.2,0.175999983
671,0.7,0.055999982999999996,0.2,0.195999983
671,0.8,0.055999982999999996,0.2,0.21599998300000003
671,0.9,0.055999982999999996,0.2,0.235999983
671,1.0,0.055999982999999996,0.2,0.255999983
672,0.1,0.059329224699999995,0.3,0.0893292247
672,0.2,0.059329224699999995,0.3,0.1193292247
672,0.3,0.059329224699999995,0.3,0.14932922469999999
672,0.4,0.059329224699999995,0.3,0.1793292247
672,0.5,0.059329224699999995,0.3,0.20932922469999998
672,0.6,0.059329224699999995,0.3,0.23932922469999998
672,0.7,0.059329224699999995,0.3,0.2693292247
672,0.8,0.1305992647,0.2,0.2905992647
672,0.9,0.29999982,0.0,0.29999982
672,1.0,0.29999982,0.0,0.29999982
673,0.1,0.055999982999999996,0.1,0.065999983
673,0.2,0.055999982999999996,0.1,0.075999983
673,0.3,0.055999982999999996,0.1,0.085999983
673,0.4,0.055999982999999996,0.1,0.095999983
673,0.5,0.055999982999999996,0.1,0.10599998299999999
673,0.6,0.11466661999999998,0.0,0.11466661999999998
673,0.7,0.11466661999999998,0.0,0.11466661999999998
673,0.8,0.11466661999999998,0.0,0.11466661999999998
673,0.9,0.11466661999999998,0.0,0.11466661999999998
673,1.0,0.11466661999999998,0.0,0.11466661999999998
674,0.1,0.055999982999999996,0.3,0.085999983
674,0.2,0.0750216316,0.2,0.11502163159999998
674,0.3,0.0750216316,0.2,0.1350216316
674,0.4,0.0750216316,0.2,0.1550216316
674,0.5,0.0750216316,0.2,0.1750216316
674,0.6,0.0750216316,0.2,0.1950216316
674,0.7,0.0750216316,0.2,0.21502163159999998
674,0.8,0.0750216316,0.2,0.2350216316
674,0.9,0.0750216316,0.2,0.2550216316
674,1.0,0.0750216316,0.2,0.2750216316
675,0.1,0.059329224699999995,0.3,0.0893292247
675,0.2,0.059329224699999995,0.3,0.1193292247
675,0.3,0.059329224699999995,0.3,0.14932922469999999
675,0.4,0.059329224699999995,0.3,0.1793292247
675,0.5,0.059329224699999995,0.3,0.20932922469999998
675,0.6,0.059329224699999995,0.3,0.23932922469999998
675,0.7,0.059329224699999995,0.3,0.2693292247
675,0.8,0.1305992647,0.2,0.2905992647
675,0.9,0.29999982,0.0,0.29999982
675,1.0,0.29999982,0.0,0.29999982
676,0.1,0.059329224699999995,0.3,0.0893292247
676,0.2,0.059329224699999995,0.3,0.1193292247
676,0.3,0.059329224699999995,0.3,0.14932922469999999
676,0.4,0.059329224699999995,0.3,0.1793292247
676,0.5,0.059329224699999995,0.3,0.20932922469999998
676,0.6,0.059329224699999995,0.3,0.23932922469999998
676,0.7,0.059329224699999995,0.3,0.2693292247
676,0.8,0.1305992647,0.2,0.2905992647
676,0.9,0.29999982,0.0,0.29999982
676,1.0,0.29999982,0.0,0.29999982
677,0.1,0.06184909000000001,0.2,0.08184909
677,0.2,0.06184909000000001,0.2,0.10184909000000002
677,0.3,0.06184909000000001,0.2,0.12184909
677,0.4,0.06184909000000001,0.2,0.14184909
677,0.5,0.06184909000000001,0.2,0.16184909
677,0.6,0.06184909000000001,0.2,0.18184909
677,0.7,0.06184909000000001,0.2,0.20184908999999998
677,0.8,0.06184909000000001,0.2,0.22184909
677,0.9,0.06184909000000001,0.2,0.24184909000000002
677,1.0,0.06184909000000001,0.2,0.26184909
678,0.1,0.055999982999999996,0.4,0.095999983
678,0.2,0.0822233956,0.2,0.12222339559999999
678,0.3,0.0822233956,0.2,0.1422233956
678,0.4,0.0822233956,0.2,0.16222339560000001
678,0.5,0.0822233956,0.2,0.18222339559999998
678,0.6,0.0822233956,0.2,0.2022233956
678,0.7,0.0822233956,0.2,0.22222339559999998
678,0.8,0.0822233956,0.2,0.2422233956
678,0.9,0.0822233956,0.2,0.2622233956
678,1.0,0.0822233956,0.2,0.2822233956
679,0.1,0.055999982999999996,0.1,0.065999983
679,0.2,0.055999982999999996,0.1,0.075999983
679,0.3,0.055999982999999996,0.1,0.085999983
679,0.4,0.055999982999999996,0.1,0.095999983
679,0.5,0.055999982999999996,0.1,0.10599998299999999
679,0.6,0.055999982999999996,0.1,0.11599998299999999
679,0.7,0.055999982999999996,0.1,0.12599998299999998
679,0.8,0.055999982999999996,0.1,0.135999983
679,0.9,0.055999982999999996,0.1,0.145999983
679,1.0,0.055999982999999996,0.1,0.155999983
680,0.1,0.06184909000000001,0.2,0.08184909
680,0.2,0.06184909000000001,0.2,0.10184909000000002
680,0.3,0.06184909000000001,0.2,0.12184909
680,0.4,0.06184909000000001,0.2,0.14184909
680,0.5,0.06184909000000001,0.2,0.16184909
680,0.6,0.06184909000000001,0.2,0.18184909
680,0.7,0.06184909000000001,0.2,0.20184908999999998
680,0.8,0.06184909000000001,0.2,0.22184909
680,0.9,0.06184909000000001,0.2,0.24184909000000002
680,1.0,0.06184909000000001,0.2,0.26184909
681,0.1,0.055999982999999996,0.2,0.075999983
681,0.2,0.055999982999999996,0.2,0.095999983
681,0.3,0.07600296749999999,0.1,0.1060029675
681,0.4,0.07600296749999999,0.1,0.11600296750000001
681,0.5,0.07600296749999999,0.1,0.1260029675
681,0.6,0.07600296749999999,0.1,0.1360029675
681,0.7,0.07600296749999999,0.1,0.1460029675
681,0.8,0.07600296749999999,0.1,0.1560029675
681,0.9,0.07600296749999999,0.1,0.16600296750000001
681,1.0,0.07600296749999999,0.1,0.1760029675
682,0.1,0.059329224699999995,0.3,0.0893292247
682,0.2,0.059329224699999995,0.3,0.1193292247
682,0.3,0.059329224699999995,0.3,0.14932922469999999
682,0.4,0.059329224699999995,0.3,0.1793292247
682,0.5,0.059329224699999995,0.3,0.20932922469999998
682,0.6,0.059329224699999995,0.3,0.23932922469999998
682,0.7,0.059329224699999995,0.3,0.2693292247
682,0.8,0.1305992647,0.2,0.2905992647
682,0.9,0.29999982,0.0,0.29999982
682,1.0,0.29999982,0.0,0.29999982
683,0.1,0.055999982999999996,0.2,0.075999983
683,0.2,0.0714686752,0.1,0.09146867519999999
683,0.3,0.0714686752,0.1,0.1014686752
683,0.4,0.0714686752,0.1,0.11146867519999999
683,0.5,0.0714686752,0.1,0.1214686752
683,0.6,0.0714686752,0.1,0.1314686752
683,0.7,0.0714686752,0.1,0.1414686752
683,0.8,0.0714686752,0.1,0.1514686752
683,0.9,0.0714686752,0.1,0.1614686752
683,1.0,0.0714686752,0.1,0.1714686752
684,0.1,0.055999982999999996,0.3,0.085999983
684,0.2,0.055999982999999996,0.3,0.115999983
684,0.3,0.055999982999999996,0.3,0.145999983
684,0.4,0.055999982999999996,0.3,0.17599998300000003
684,0.5,0.055999982999999996,0.3,0.20599998299999997
684,0.6,0.055999982999999996,0.3,0.23599998299999997
684,0.7,0.18453590579999996,0.1,0.25453590579999996
684,0.8,0.18453590579999996,0.1,0.26453590579999997
684,0.9,0.18453590579999996,0.1,0.2745359058
684,1.0,0.18453590579999996,0.1,0.2845359058
685,0.1,0.055999982999999996,0.2,0.075999983
685,0.2,0.055999982999999996,0.2,0.095999983
685,0.3,0.055999982999999996,0.2,0.11599998299999999
685,0.4,0.055999982999999996,0.2,0.135999983
685,0.5,0.055999982999999996,0.2,0.155999983
685,0.6,0.11482017940000003,0.1,0.17482017940000003
685,0.7,0.11482017940000003,0.1,0.1848201794
685,0.8,0.11482017940000003,0.1,0.19482017940000002
685,0.9,0.11482017940000003,0.1,0.20482017940000002
685,1.0,0.11482017940000003,0.1,0.21482017940000003
686,0.1,0.055999982999999996,0.2,0.075999983
686,0.2,0.055999982999999996,0.2,0.095999983
686,0.3,0.055999982999999996,0.2,0.11599998299999999
686,0.4,0.055999982999999996,0.2,0.135999983
686,0.5,0.055999982999999996,0.2,0.155999983
686,0.6,0.055999982999999996,0.2,0.175999983
686,0.7,0.055999982999999996,0.2,0.195999983
686,0.8,0.055999982999999996,0.2,0.21599998300000003
686,0.9,0.055999982999999996,0.2,0.235999983
686,1.0,0.055999982999999996,0.2,0.255999983
687,0.1,0.0628629048,0.2,0.0828629048
687,0.2,0.0628629048,0.2,0.1028629048
687,0.3,0.0628629048,0.2,0.12286290479999999
687,0.4,0.0628629048,0.2,0.1428629048
687,0.5,0.0628629048,0.2,0.1628629048
687,0.6,0.0628629048,0.2,0.18286290479999998
687,0.7,0.0628629048,0.2,0.2028629048
687,0.8,0.0628629048,0.2,0.2228629048
687,0.9,0.0628629048,0.2,0.2428629048
687,1.0,0.0628629048,0.2,0.2628629048
688,0.1,0.055999982999999996,0.2,0.075999983
688,0.2,0.055999982999999996,0.2,0.095999983
688,0.3,0.07600296749999999,0.1,0.1060029675
688,0.4,0.07600296749999999,0.1,0.11600296750000001
688,0.5,0.07600296749999999,0.1,0.1260029675
688,0.6,0.07600296749999999,0.1,0.1360029675
688,0.7,0.07600296749999999,0.1,0.1460029675
688,0.8,0.07600296749999999,0.1,0.1560029675
688,0.9,0.07600296749999999,0.1,0.16600296750000001
688,1.0,0.07600296749999999,0.1,0.1760029675
689,0.1,0.06184909000000001,0.2,0.08184909
689,0.2,0.06184909000000001,0.2,0.10184909000000002
689,0.3,0.06184909000000001,0.2,0.12184909
689,0.4,0.06184909000000001,0.2,0.14184909
689,0.5,0.06184909000000001,0.2,0.16184909
689,0.6,0.06184909000000001,0.2,0.18184909
689,0.7,0.06184909000000001,0.2,0.20184908999999998
689,0.8,0.06184909000000001,0.2,0.22184909
689,0.9,0.06184909000000001,0.2,0.24184909000000002
689,1.0,0.06184909000000001,0.2,0.26184909
690,0.1,0.055999982999999996,0.4,0.095999983
690,0.2,0.0822233956,0.2,0.12222339559999999
690,0.3,0.0822233956,0.2,0.1422233956
690,0.4,0.0822233956,0.2,0.16222339560000001
690,0.5,0.0822233956,0.2,0.18222339559999998
690,0.6,0.0822233956,0.2,0.2022233956
690,0.7,0.0822233956,0.2,0.22222339559999998
690,0.8,0.0822233956,0.2,0.2422233956
690,0.9,0.0822233956,0.2,0.2622233956
690,1.0,0.0822233956,0.2,0.2822233956
691,0.1,0.0,1.0,0.1
691,0.2,0.0,1.0,0.2
691,0.3,0.0,1.0,0.3
691,0.4,0.14326828179999998,0.6,0.38326828180000005
691,0.5,0.190591298,0.5,0.440591298
691,0.6,0.190591298,0.5,0.490591298
691,0.7,0.190591298,0.5,0.540591298
691,0.8,0.190591298,0.5,0.590591298
691,0.9,0.190591298,0.5,0.640591298
691,1.0,0.190591298,0.5,0.690591298
692,0.1,0.0625943045,0.1,0.0725943045
692,0.2,0.0625943045,0.1,0.08259430450000001
692,0.3,0.0625943045,0.1,0.09259430449999999
692,0.4,0.0625943045,0.1,0.1025943045
692,0.5,0.0625943045,0.1,0.1125943045
692,0.6,0.0625943045,0.1,0.1225943045
692,0.7,0.0625943045,0.1,0.13259430449999998
692,0.8,0.0625943045,0.1,0.1425943045
692,0.9,0.0625943045,0.1,0.1525943045
692,1.0,0.0625943045,0.1,0.1625943045
693,0.1,0.055999982999999996,0.1,0.065999983
693,0.2,0.055999982999999996,0.1,0.075999983
693,0.3,0.055999982999999996,0.1,0.085999983
693,0.4,0.055999982999999996,0.1,0.095999983
693,0.5,0.055999982999999996,0.1,0.10599998299999999
693,0.6,0.055999982999999996,0.1,0.11599998299999999
693,0.7,0.055999982999999996,0.1,0.12599998299999998
693,0.8,0.055999982999999996,0.1,0.135999983
693,0.9,0.055999982999999996,0.1,0.145999983
693,1.0,0.055999982999999996,0.1,0.155999983
694,0.1,0.0,1.0,0.1
694,0.2,0.0,1.0,0.2
694,0.3,0.0,1.0,0.3
694,0.4,0.14326828179999998,0.6,0.38326828180000005
694,0.5,0.190591298,0.5,0.440591298
694,0.6,0.190591298,0.5,0.490591298
694,0.7,0.190591298,0.5,0.540591298
694,0.8,0.190591298,0.5,0.590591298
694,0.9,0.190591298,0.5,0.640591298
694,1.0,0.190591298,0.5,0.690591298
695,0.1,0.055999982999999996,0.4,0.095999983
695,0.2,0.0822233956,0.2,0.12222339559999999
695,0.3,0.0822233956,0.2,0.1422233956
695,0.4,0.0822233956,0.2,0.16222339560000001
695,0.5,0.0822233956,0.2,0.18222339559999998
695,0.6,0.0822233956,0.2,0.2022233956
695,0.7,0.0822233956,0.2,0.22222339559999998
695,0.8,0.0822233956,0.2,0.2422233956
695,0.9,0.0822233956,0.2,0.2622233956
695,1.0,0.0822233956,0.2,0.2822233956
696,0.1,0.055999982999999996,0.2,0.075999983
696,0.2,0.055999982999999996,0.2,0.095999983
696,0.3,0.055999982999999996,0.2,0.11599998299999999
696,0.4,0.055999982999999996,0.2,0.135999983
696,0.5,0.055999982999999996,0.2,0.155999983
696,0.6,0.11482017940000003,0.1,0.17482017940000003
696,0.7,0.11482017940000003,0.1,0.1848201794
696,0.8,0.11482017940000003,0.1,0.19482017940000002
696,0.9,0.11482017940000003,0.1,0.20482017940000002
696,1.0,0.11482017940000003,0.1,0.21482017940000003
697,0.1,0.055999982999999996,0.4,0.095999983
697,0.2,0.0805328488,0.2,0.12053284880000001
697,0.3,0.0805328488,0.2,0.1405328488
697,0.4,0.0805328488,0.2,0.16053284880000002
697,0.5,0.0805328488,0.2,0.1805328488
697,0.6,0.0805328488,0.2,0.2005328488
697,0.7,0.0805328488,0.2,0.22053284880000001
697,0.8,0.0805328488,0.2,0.24053284880000003
697,0.9,0.0805328488,0.2,0.2605328488
697,1.0,0.0805328488,0.2,0.28053284879999996
698,0.1,0.055999982999999996,0.3,0.085999983
698,0.2,0.055999982999999996,0.3,0.115999983
698,0.3,0.055999982999999996,0.3,0.145999983
698,0.4,0.055999982999999996,0.3,0.17599998300000003
698,0.5,0.055999982999999996,0.3,0.20599998299999997
698,0.6,0.055999982999999996,0.3,0.23599998299999997
698,0.7,0.12153852279999999,0.2,0.2615385228
698,0.8,0.12153852279999999,0.2,0.2815385228
698,0.9,0.204933066,0.1,0.29493306599999997
698,1.0,0.204933066,0.1,0.304933066
699,0.1,0.055999982999999996,0.1,0.065999983
699,0.2,0.055999982999999996,0.1,0.075999983
699,0.3,0.055999982999999996,0.1,0.085999983
699,0.4,0.055999982999999996,0.1,0.095999983
699,0.5,0.055999982999999996,0.1,0.10599998299999999
699,0.6,0.055999982999999996,0.1,0.11599998299999999
699,0.7,0.055999982999999996,0.1,0.12599998299999998
699,0.8,0.055999982999999996,0.1,0.135999983
699,0.9,0.055999982999999996,0.1,0.145999983
699,1.0,0.055999982999999996,0.1,0.155999983
700,0.1,0.0626267628,0.2,0.0826267628
700,0.2,0.07494338279999999,0.1,0.09494338279999999
700,0.3,0.07494338279999999,0.1,0.1049433828
700,0.4,0.07494338279999999,0.1,0.11494338279999998
700,0.5,0.07494338279999999,0.1,0.12494338279999999
700,0.6,0.07494338279999999,0.1,0.1349433828
700,0.7,0.07494338279999999,0.1,0.1449433828
700,0.8,0.07494338279999999,0.1,0.1549433828
700,0.9,0.07494338279999999,0.1,0.16494338279999998
700,1.0,0.07494338279999999,0.1,0.1749433828
701,0.1,0.055999982999999996,0.2,0.075999983
701,0.2,0.0714686752,0.1,0.09146867519999999
701,0.3,0.0714686752,0.1,0.1014686752
701,0.4,0.0714686752,0.1,0.11146867519999999
701,0.5,0.0714686752,0.1,0.1214686752
701,0.6,0.0714686752,0.1,0.1314686752
701,0.7,0.0714686752,0.1,0.1414686752
701,0.8,0.0714686752,0.1,0.1514686752
701,0.9,0.0714686752,0.1,0.1614686752
701,1.0,0.0714686752,0.1,0.1714686752
702,0.1,0.055999982999999996,0.3,0.085999983
702,0.2,0.055999982999999996,0.3,0.115999983
702,0.3,0.055999982999999996,0.3,0.145999983
702,0.4,0.055999982999999996,0.3,0.17599998300000003
702,0.5,0.055999982999999996,0.3,0.20599998299999997
702,0.6,0.055999982999999996,0.3,0.23599998299999997
702,0.7,0.183167252,0.1,0.253167252
702,0.8,0.183167252,0.1,0.263167252
702,0.9,0.183167252,0.1,0.273167252
702,1.0,0.183167252,0.1,0.28316725200000004
703,0.1,0.0626267628,0.2,0.0826267628
703,0.2,0.07494338279999999,0.1,0.09494338279999999
703,0.3,0.07494338279999999,0.1,0.1049433828
703,0.4,0.07494338279999999,0.1,0.11494338279999998
703,0.5,0.07494338279999999,0.1,0.12494338279999999
703,0.6,0.07494338279999999,0.1,0.1349433828
703,0.7,0.07494338279999999,0.1,0.1449433828
703,0.8,0.07494338279999999,0.1,0.1549433828
703,0.9,0.07494338279999999,0.1,0.16494338279999998
703,1.0,0.07494338279999999,0.1,0.1749433828
704,0.1,0.055999982999999996,0.4,0.095999983
704,0.2,0.0822233956,0.2,0.12222339559999999
704,0.3,0.0822233956,0.2,0.1422233956
704,0.4,0.0822233956,0.2,0.16222339560000001
704,0.5,0.0822233956,0.2,0.18222339559999998
704,0.6,0.0822233956,0.2,0.2022233956
704,0.7,0.0822233956,0.2,0.22222339559999998
704,0.8,0.0822233956,0.2,0.2422233956
704,0.9,0.0822233956,0.2,0.2622233956
704,1.0,0.0822233956,0.2,0.2822233956
705,0.1,0.055999982999999996,0.3,0.085999983
705,0.2,0.055999982999999996,0.3,0.115999983
705,0.3,0.055999982999999996,0.3,0.145999983
705,0.4,0.055999982999999996,0.3,0.17599998300000003
705,0.5,0.055999982999999996,0.3,0.20599998299999997
705,0.6,0.055999982999999996,0.3,0.23599998299999997
705,0.7,0.183167252,0.1,0.253167252
705,0.8,0.183167252,0.1,0.263167252
705,0.9,0.183167252,0.1,0.273167252
705,1.0,0.183167252,0.1,0.283167252
706,0.1,0.055999982999999996,0.2,0.075999983
706,0.2,0.055999982999999996,0.2,0.095999983
706,0.3,0.055999982999999996,0.2,0.11599998299999999
706,0.4,0.055999982999999996,0.2,0.135999983
706,0.5,0.055999982999999996,0.2,0.155999983
706,0.6,0.11102154039999998,0.1,0.1710215404
706,0.7,0.11102154039999998,0.1,0.1810215404
706,0.8,0.11102154039999998,0.1,0.1910215404
706,0.9,0.11102154039999998,0.1,0.20102154039999998
706,1.0,0.11102154039999998,0.1,0.21102154039999999
707,0.1,0.0,1.0,0.1
707,0.2,0.0,1.0,0.2
707,0.3,0.0,1.0,0.3
707,0.4,0.1404649498,0.6,0.3804649498
707,0.5,0.1404649498,0.6,0.44046494979999995
707,0.6,0.1404649498,0.6,0.5004649497999999
707,0.7,0.1404649498,0.6,0.5604649497999998
707,0.8,0.1404649498,0.6,0.6204649498
707,0.9,0.223982078,0.5,0.6739820780000001
707,1.0,0.41329030099999997,0.3,0.713290301
708,0.1,0.055999982999999996,0.1,0.065999983
708,0.2,0.055999982999999996,0.1,0.075999983
708,0.3,0.055999982999999996,0.1,0.085999983
708,0.4,0.055999982999999996,0.1,0.095999983
708,0.5,0.055999982999999996,0.1,0.10599998299999999
708,0.6,0.055999982999999996,0.1,0.11599998299999999
708,0.7,0.055999982999999996,0.1,0.12599998299999998
708,0.8,0.055999982999999996,0.1,0.135999983
708,0.9,0.055999982999999996,0.1,0.145999983
708,1.0,0.055999982999999996,0.1,0.155999983
709,0.1,0.055999982999999996,0.2,0.075999983
709,0.2,0.055999982999999996,0.2,0.095999983
709,0.3,0.055999982999999996,0.2,0.11599998299999999
709,0.4,0.055999982999999996,0.2,0.135999983
709,0.5,0.055999982999999996,0.2,0.155999983
709,0.6,0.055999982999999996,0.2,0.175999983
709,0.7,0.055999982999999996,0.2,0.195999983
709,0.8,0.055999982999999996,0.2,0.21599998300000003
709,0.9,0.055999982999999996,0.2,0.235999983
709,1.0,0.055999982999999996,0.2,0.255999983
710,0.1,0.055999982999999996,0.2,0.075999983
710,0.2,0.055999982999999996,0.2,0.095999983
710,0.3,0.055999982999999996,0.2,0.11599998299999999
710,0.4,0.055999982999999996,0.2,0.135999983
710,0.5,0.055999982999999996,0.2,0.155999983
710,0.6,0.11482017940000003,0.1,0.17482017940000003
710,0.7,0.11482017940000003,0.1,0.1848201794
710,0.8,0.11482017940000003,0.1,0.19482017940000002
710,0.9,0.11482017940000003,0.1,0.20482017940000002
710,1.0,0.11482017940000003,0.1,0.21482017940000003
711,0.1,0.0,1.0,0.1
711,0.2,0.0,1.0,0.2
711,0.3,0.0,1.0,0.3
711,0.4,0.1404649498,0.6,0.3804649498
711,0.5,0.1404649498,0.6,0.44046494979999995
711,0.6,0.1404649498,0.6,0.5004649497999999
711,0.7,0.1404649498,0.6,0.5604649497999998
711,0.8,0.1404649498,0.6,0.6204649498
711,0.9,0.223982078,0.5,0.6739820780000001
711,1.0,0.41329030099999997,0.3,0.713290301
712,0.1,0.059329224699999995,0.3,0.0893292247
712,0.2,0.059329224699999995,0.3,0.1193292247
712,0.3,0.059329224699999995,0.3,0.14932922469999999
712,0.4,0.059329224699999995,0.3,0.1793292247
712,0.5,0.059329224699999995,0.3,0.20932922469999998
712,0.6,0.059329224699999995,0.3,0.23932922469999998
712,0.7,0.059329224699999995,0.3,0.2693292247
712,0.8,0.1305992647,0.2,0.2905992647
712,0.9,0.29999982,0.0,0.29999982
712,1.0,0.29999982,0.0,0.29999982
713,0.1,0.06184909000000001,0.2,0.08184909
713,0.2,0.06184909000000001,0.2,0.10184909000000002
713,0.3,0.06184909000000001,0.2,0.12184909
713,0.4,0.06184909000000001,0.2,0.14184909
713,0.5,0.06184909000000001,0.2,0.16184909
713,0.6,0.06184909000000001,0.2,0.18184909
713,0.7,0.06184909000000001,0.2,0.20184908999999998
713,0.8,0.06184909000000001,0.2,0.22184909
713,0.9,0.06184909000000001,0.2,0.24184909000000002
713,1.0,0.06184909000000001,0.2,0.26184909
714,0.1,0.055999982999999996,0.3,0.085999983
714,0.2,0.055999982999999996,0.3,0.115999983
714,0.3,0.055999982999999996,0.3,0.145999983
714,0.4,0.055999982999999996,0.3,0.17599998300000003
714,0.5,0.055999982999999996,0.3,0.20599998299999997
714,0.6,0.055999982999999996,0.3,0.23599998299999997
714,0.7,0.183167252,0.1,0.253167252
714,0.8,0.183167252,0.1,0.263167252
714,0.9,0.183167252,0.1,0.273167252
714,1.0,0.183167252,0.1,0.28316725200000004
715,0.1,0.0,1.0,0.1
715,0.2,0.0,1.0,0.2
715,0.3,0.0,1.0,0.3
715,0.4,0.1432682818,0.6,0.38326828180000005
715,0.5,0.19059129799999996,0.5,0.440591298
715,0.6,0.19059129799999996,0.5,0.490591298
715,0.7,0.19059129799999996,0.5,0.540591298
715,0.8,0.19059129799999996,0.5,0.590591298
715,0.9,0.19059129799999996,0.5,0.640591298
715,1.0,0.19059129799999996,0.5,0.690591298
716,0.1,0.0,1.0,0.1
716,0.2,0.0,1.0,0.2
716,0.3,0.0,1.0,0.3
716,0.4,0.0,1.0,0.4
716,0.5,0.21298567899999998,0.5,0.462985679
716,0.6,0.21298567899999998,0.5,0.512985679
716,0.7,0.21298567899999998,0.5,0.562985679
716,0.8,0.21298567899999998,0.5,0.612985679
716,0.9,0.21298567899999998,0.5,0.6629856789999999
716,1.0,0.21298567899999998,0.5,0.712985679
717,0.1,0.0,1.0,0.1
717,0.2,0.0,1.0,0.2
717,0.3,0.0,1.0,0.3
717,0.4,0.14326828179999998,0.6,0.38326828180000005
717,0.5,0.190591298,0.5,0.440591298
717,0.6,0.190591298,0.5,0.490591298
717,0.7,0.190591298,0.5,0.540591298
717,0.8,0.190591298,0.5,0.590591298
717,0.9,0.190591298,0.5,0.640591298
717,1.0,0.190591298,0.5,0.690591298
718,0.1,0.0,1.0,0.1
718,0.2,0.0,1.0,0.2
718,0.3,0.0,1.0,0.3
718,0.4,0.1404649498,0.6,0.3804649498
718,0.5,0.1404649498,0.6,0.44046494979999995
718,0.6,0.1404649498,0.6,0.5004649497999999
718,0.7,0.1404649498,0.6,0.5604649497999998
718,0.8,0.1404649498,0.6,0.6204649498
718,0.9,0.223982078,0.5,0.6739820780000001
718,1.0,0.41329030099999997,0.3,0.713290301
719,0.1,0.055999982999999996,0.2,0.075999983
719,0.2,0.055999982999999996,0.2,0.095999983
719,0.3,0.055999982999999996,0.2,0.11599998299999999
719,0.4,0.055999982999999996,0.2,0.135999983
719,0.5,0.055999982999999996,0.2,0.155999983
719,0.6,0.055999982999999996,0.2,0.175999983
719,0.7,0.055999982999999996,0.2,0.195999983
719,0.8,0.055999982999999996,0.2,0.21599998300000003
719,0.9,0.055999982999999996,0.2,0.235999983
719,1.0,0.055999982999999996,0.2,0.255999983
720,0.1,0.055999982999999996,0.2,0.075999983
720,0.2,0.055999982999999996,0.2,0.095999983
720,0.3,0.055999982999999996,0.2,0.11599998299999999
720,0.4,0.055999982999999996,0.2,0.135999983
720,0.5,0.055999982999999996,0.2,0.155999983
720,0.6,0.055999982999999996,0.2,0.175999983
720,0.7,0.055999982999999996,0.2,0.195999983
720,0.8,0.055999982999999996,0.2,0.21599998300000003
720,0.9,0.055999982999999996,0.2,0.235999983
720,1.0,0.055999982999999996,0.2,0.255999983
721,0.1,0.055999982999999996,0.1,0.065999983
721,0.2,0.055999982999999996,0.1,0.075999983
721,0.3,0.055999982999999996,0.1,0.085999983
721,0.4,0.055999982999999996,0.1,0.095999983
721,0.5,0.055999982999999996,0.1,0.10599998299999999
721,0.6,0.11466661999999998,0.0,0.11466661999999998
721,0.7,0.11466661999999998,0.0,0.11466661999999998
721,0.8,0.11466661999999998,0.0,0.11466661999999998
721,0.9,0.11466661999999998,0.0,0.11466661999999998
721,1.0,0.11466661999999998,0.0,0.11466661999999998
722,0.1,0.06184909000000001,0.2,0.08184909
722,0.2,0.06184909000000001,0.2,0.10184909000000002
722,0.3,0.06184909000000001,0.2,0.12184909
722,0.4,0.06184909000000001,0.2,0.14184909
722,0.5,0.06184909000000001,0.2,0.16184909
722,0.6,0.06184909000000001,0.2,0.18184909
722,0.7,0.06184909000000001,0.2,0.20184908999999998
722,0.8,0.06184909000000001,0.2,0.22184909
722,0.9,0.06184909000000001,0.2,0.24184909000000002
722,1.0,0.06184909000000001,0.2,0.26184909
723,0.1,0.055999982999999996,0.2,0.075999983
723,0.2,0.055999982999999996,0.2,0.095999983
723,0.3,0.055999982999999996,0.2,0.11599998299999999
723,0.4,0.055999982999999996,0.2,0.135999983
723,0.5,0.055999982999999996,0.2,0.155999983
723,0.6,0.11482017940000003,0.1,0.17482017940000003
723,0.7,0.11482017940000003,0.1,0.1848201794
723,0.8,0.11482017940000003,0.1,0.19482017940000002
723,0.9,0.11482017940000003,0.1,0.20482017940000002
723,1.0,0.11482017940000003,0.1,0.21482017940000003
724,0.1,0.0,1.0,0.1
724,0.2,0.0,1.0,0.2
724,0.3,0.0,1.0,0.3
724,0.4,0.1432682818,0.6,0.38326828180000005
724,0.5,0.19059129799999996,0.5,0.440591298
724,0.6,0.19059129799999996,0.5,0.490591298
724,0.7,0.19059129799999996,0.5,0.540591298
724,0.8,0.19059129799999996,0.5,0.590591298
724,0.9,0.19059129799999996,0.5,0.640591298
724,1.0,0.19059129799999996,0.5,0.690591298
725,0.1,0.055999982999999996,0.3,0.085999983
725,0.2,0.055999982999999996,0.3,0.115999983
725,0.3,0.055999982999999996,0.3,0.145999983
725,0.4,0.055999982999999996,0.3,0.17599998300000003
725,0.5,0.055999982999999996,0.3,0.20599998299999997
725,0.6,0.055999982999999996,0.3,0.23599998299999997
725,0.7,0.183167252,0.1,0.253167252
725,0.8,0.183167252,0.1,0.263167252
725,0.9,0.183167252,0.1,0.273167252
725,1.0,0.183167252,0.1,0.283167252
726,0.1,0.06184909000000001,0.2,0.08184909
726,0.2,0.06184909000000001,0.2,0.10184909000000002
726,0.3,0.06184909000000001,0.2,0.12184909
726,0.4,0.06184909000000001,0.2,0.14184909
726,0.5,0.06184909000000001,0.2,0.16184909
726,0.6,0.06184909000000001,0.2,0.18184909
726,0.7,0.06184909000000001,0.2,0.20184908999999998
726,0.8,0.06184909000000001,0.2,0.22184909
726,0.9,0.06184909000000001,0.2,0.24184909000000002
726,1.0,0.06184909000000001,0.2,0.26184909
727,0.1,0.055999982999999996,0.1,0.065999983
727,0.2,0.055999982999999996,0.1,0.075999983
727,0.3,0.055999982999999996,0.1,0.085999983
727,0.4,0.055999982999999996,0.1,0.095999983
727,0.5,0.055999982999999996,0.1,0.10599998299999999
727,0.6,0.11466661999999998,0.0,0.11466661999999998
727,0.7,0.11466661999999998,0.0,0.11466661999999998
727,0.8,0.11466661999999998,0.0,0.11466661999999998
727,0.9,0.11466661999999998,0.0,0.11466661999999998
727,1.0,0.11466661999999998,0.0,0.11466661999999998
728,0.1,0.055999982999999996,0.3,0.085999983
728,0.2,0.055999982999999996,0.3,0.115999983
728,0.3,0.055999982999999996,0.3,0.145999983
728,0.4,0.055999982999999996,0.3,0.17599998300000003
728,0.5,0.055999982999999996,0.3,0.20599998299999997
728,0.6,0.055999982999999996,0.3,0.23599998299999997
728,0.7,0.12153852279999999,0.2,0.2615385228
728,0.8,0.12153852279999999,0.2,0.2815385228
728,0.9,0.204933066,0.1,0.29493306599999997
728,1.0,0.204933066,0.1,0.304933066
729,0.1,0.055999982999999996,0.3,0.085999983
729,0.2,0.0750216316,0.2,0.11502163159999998
729,0.3,0.0750216316,0.2,0.1350216316
729,0.4,0.0750216316,0.2,0.1550216316
729,0.5,0.0750216316,0.2,0.1750216316
729,0.6,0.0750216316,0.2,0.1950216316
729,0.7,0.0750216316,0.2,0.21502163159999998
729,0.8,0.0750216316,0.2,0.2350216316
729,0.9,0.0750216316,0.2,0.2550216316
729,1.0,0.0750216316,0.2,0.2750216316
730,0.1,0.055999982999999996,0.2,0.075999983
730,0.2,0.055999982999999996,0.2,0.095999983
730,0.3,0.055999982999999996,0.2,0.11599998299999999
730,0.4,0.055999982999999996,0.2,0.135999983
730,0.5,0.055999982999999996,0.2,0.155999983
730,0.6,0.055999982999999996,0.2,0.175999983
730,0.7,0.055999982999999996,0.2,0.195999983
730,0.8,0.055999982999999996,0.2,0.21599998300000003
730,0.9,0.055999982999999996,0.2,0.235999983
730,1.0,0.055999982999999996,0.2,0.255999983
731,0.1,0.055999982999999996,0.3,0.085999983
731,0.2,0.055999982999999996,0.3,0.115999983
731,0.3,0.055999982999999996,0.3,0.145999983
731,0.4,0.055999982999999996,0.3,0.17599998300000003
731,0.5,0.055999982999999996,0.3,0.20599998299999997
731,0.6,0.055999982999999996,0.3,0.23599998299999997
731,0.7,0.12153852279999999,0.2,0.2615385228
731,0.8,0.12153852279999999,0.2,0.2815385228
731,0.9,0.204933066,0.1,0.29493306599999997
731,1.0,0.204933066,0.1,0.304933066
732,0.1,0.0628629048,0.2,0.0828629048
732,0.2,0.0628629048,0.2,0.1028629048
732,0.3,0.0628629048,0.2,0.12286290479999999
732,0.4,0.0628629048,0.2,0.1428629048
732,0.5,0.0628629048,0.2,0.1628629048
732,0.6,0.0628629048,0.2,0.18286290479999998
732,0.7,0.0628629048,0.2,0.2028629048
732,0.8,0.0628629048,0.2,0.2228629048
732,0.9,0.0628629048,0.2,0.2428629048
732,1.0,0.0628629048,0.2,0.2628629048
733,0.1,0.06184909000000001,0.2,0.08184909
733,0.2,0.06184909000000001,0.2,0.10184909000000002
733,0.3,0.06184909000000001,0.2,0.12184909
733,0.4,0.06184909000000001,0.2,0.14184909
733,0.5,0.06184909000000001,0.2,0.16184909
733,0.6,0.06184909000000001,0.2,0.18184909
733,0.7,0.06184909000000001,0.2,0.20184908999999998
733,0.8,0.06184909000000001,0.2,0.22184909
733,0.9,0.06184909000000001,0.2,0.24184909000000002
733,1.0,0.06184909000000001,0.2,0.26184909
734,0.1,0.055999982999999996,0.3,0.085999983
734,0.2,0.055999982999999996,0.3,0.115999983
734,0.3,0.055999982999999996,0.3,0.145999983
734,0.4,0.055999982999999996,0.3,0.17599998300000003
734,0.5,0.055999982999999996,0.3,0.20599998299999997
734,0.6,0.055999982999999996,0.3,0.23599998299999997
734,0.7,0.12153852279999999,0.2,0.2615385228
734,0.8,0.12153852279999999,0.2,0.2815385228
734,0.9,0.204933066,0.1,0.29493306599999997
734,1.0,0.204933066,0.1,0.304933066
735,0.1,0.055999982999999996,0.3,0.085999983
735,0.2,0.055999982999999996,0.3,0.115999983
735,0.3,0.055999982999999996,0.3,0.145999983
735,0.4,0.055999982999999996,0.3,0.17599998300000003
735,0.5,0.055999982999999996,0.3,0.20599998299999997
735,0.6,0.055999982999999996,0.3,0.23599998299999997
735,0.7,0.183167252,0.1,0.253167252
735,0.8,0.183167252,0.1,0.263167252
735,0.9,0.183167252,0.1,0.273167252
735,1.0,0.183167252,0.1,0.283167252
736,0.1,0.0578251427,0.1,0.0678251427
736,0.2,0.0578251427,0.1,0.0778251427
736,0.3,0.0578251427,0.1,0.0878251427
736,0.4,0.0578251427,0.1,0.0978251427
736,0.5,0.0578251427,0.1,0.10782514270000002
736,0.6,0.11345931000000001,0.0,0.11345931000000001
736,0.7,0.11345931000000001,0.0,0.11345931000000001
736,0.8,0.11345931000000001,0.0,0.11345931000000001
736,0.9,0.11345931000000001,0.0,0.11345931000000001
736,1.0,0.11345931000000001,0.0,0.11345931000000001
737,0.1,0.059329224699999995,0.3,0.0893292247
737,0.2,0.059329224699999995,0.3,0.1193292247
737,0.3,0.059329224699999995,0.3,0.14932922469999999
737,0.4,0.059329224699999995,0.3,0.1793292247
737,0.5,0.059329224699999995,0.3,0.20932922469999998
737,0.6,0.059329224699999995,0.3,0.23932922469999998
737,0.7,0.059329224699999995,0.3,0.2693292247
737,0.8,0.1305992647,0.2,0.2905992647
737,0.9,0.29999982,0.0,0.29999982
737,1.0,0.29999982,0.0,0.29999982
738,0.1,0.0,1.0,0.1
738,0.2,0.0,1.0,0.2
738,0.3,0.0,1.0,0.3
738,0.4,0.1432682818,0.6,0.38326828180000005
738,0.5,0.19059129799999996,0.5,0.440591298
738,0.6,0.19059129799999996,0.5,0.490591298
738,0.7,0.19059129799999996,0.5,0.540591298
738,0.8,0.19059129799999996,0.5,0.590591298
738,0.9,0.19059129799999996,0.5,0.640591298
738,1.0,0.19059129799999996,0.5,0.690591298
739,0.1,0.055999982999999996,0.3,0.085999983
739,0.2,0.055999982999999996,0.3,0.115999983
739,0.3,0.055999982999999996,0.3,0.145999983
739,0.4,0.055999982999999996,0.3,0.17599998300000003
739,0.5,0.055999982999999996,0.3,0.20599998299999997
739,0.6,0.055999982999999996,0.3,0.23599998299999997
739,0.7,0.183167252,0.1,0.253167252
739,0.8,0.183167252,0.1,0.263167252
739,0.9,0.183167252,0.1,0.273167252
739,1.0,0.183167252,0.1,0.283167252
740,0.1,0.055999982999999996,0.2,0.075999983
740,0.2,0.055999982999999996,0.2,0.095999983
740,0.3,0.055999982999999996,0.2,0.11599998299999999
740,0.4,0.055999982999999996,0.2,0.135999983
740,0.5,0.055999982999999996,0.2,0.155999983
740,0.6,0.055999982999999996,0.2,0.175999983
740,0.7,0.055999982999999996,0.2,0.195999983
740,0.8,0.055999982999999996,0.2,0.21599998300000003
740,0.9,0.055999982999999996,0.2,0.235999983
740,1.0,0.055999982999999996,0.2,0.255999983
741,0.1,0.06184909000000001,0.2,0.08184909
741,0.2,0.06184909000000001,0.2,0.10184909000000002
741,0.3,0.06184909000000001,0.2,0.12184909
741,0.4,0.06184909000000001,0.2,0.14184909
741,0.5,0.06184909000000001,0.2,0.16184909
741,0.6,0.06184909000000001,0.2,0.18184909
741,0.7,0.06184909000000001,0.2,0.20184908999999998
741,0.8,0.06184909000000001,0.2,0.22184909
741,0.9,0.06184909000000001,0.2,0.24184909000000002
741,1.0,0.06184909000000001,0.2,0.26184909
742,0.1,0.055999982999999996,0.2,0.075999983
742,0.2,0.0714686752,0.1,0.09146867519999999
742,0.3,0.0714686752,0.1,0.1014686752
742,0.4,0.0714686752,0.1,0.11146867519999999
742,0.5,0.0714686752,0.1,0.1214686752
742,0.6,0.0714686752,0.1,0.1314686752
742,0.7,0.0714686752,0.1,0.1414686752
742,0.8,0.0714686752,0.1,0.1514686752
742,0.9,0.0714686752,0.1,0.1614686752
742,1.0,0.0714686752,0.1,0.1714686752
743,0.1,0.055999982999999996,0.4,0.095999983
743,0.2,0.0805328488,0.2,0.12053284880000001
743,0.3,0.0805328488,0.2,0.1405328488
743,0.4,0.0805328488,0.2,0.16053284880000002
743,0.5,0.0805328488,0.2,0.1805328488
743,0.6,0.0805328488,0.2,0.2005328488
743,0.7,0.0805328488,0.2,0.22053284880000001
743,0.8,0.0805328488,0.2,0.24053284880000003
743,0.9,0.0805328488,0.2,0.2605328488
743,1.0,0.0805328488,0.2,0.28053284879999996
744,0.1,0.055999982999999996,0.2,0.075999983
744,0.2,0.055999982999999996,0.2,0.095999983
744,0.3,0.055999982999999996,0.2,0.11599998299999999
744,0.4,0.055999982999999996,0.2,0.135999983
744,0.5,0.055999982999999996,0.2,0.155999983
744,0.6,0.055999982999999996,0.2,0.175999983
744,0.7,0.055999982999999996,0.2,0.195999983
744,0.8,0.055999982999999996,0.2,0.21599998300000003
744,0.9,0.055999982999999996,0.2,0.235999983
744,1.0,0.055999982999999996,0.2,0.255999983
745,0.1,0.06184909000000001,0.2,0.08184909
745,0.2,0.06184909000000001,0.2,0.10184909000000002
745,0.3,0.06184909000000001,0.2,0.12184909
745,0.4,0.06184909000000001,0.2,0.14184909
745,0.5,0.06184909000000001,0.2,0.16184909
745,0.6,0.06184909000000001,0.2,0.18184909
745,0.7,0.06184909000000001,0.2,0.20184908999999998
745,0.8,0.06184909000000001,0.2,0.22184909
745,0.9,0.06184909000000001,0.2,0.24184909000000002
745,1.0,0.06184909000000001,0.2,0.26184909
746,0.1,0.055999982999999996,0.3,0.085999983
746,0.2,0.055999982999999996,0.3,0.115999983
746,0.3,0.055999982999999996,0.3,0.145999983
746,0.4,0.055999982999999996,0.3,0.17599998300000003
746,0.5,0.055999982999999996,0.3,0.20599998299999997
746,0.6,0.055999982999999996,0.3,0.23599998299999997
746,0.7,0.12153852279999999,0.2,0.2615385228
746,0.8,0.12153852279999999,0.2,0.2815385228
746,0.9,0.204933066,0.1,0.29493306599999997
746,1.0,0.204933066,0.1,0.304933066
747,0.1,0.0,1.0,0.1
747,0.2,0.0,1.0,0.2
747,0.3,0.025952507000000003,0.9,0.295952507
747,0.4,0.29999982,0.1,0.33999981999999995
747,0.5,0.29999982,0.1,0.34999981999999996
747,0.6,0.29999982,0.1,0.35999981999999997
747,0.7,0.29999982,0.1,0.36999982
747,0.8,0.29999982,0.1,0.37999982
747,0.9,0.29999982,0.1,0.38999982
747,1.0,0.29999982,0.1,0.39999982
748,0.1,0.055999982999999996,0.3,0.085999983
748,0.2,0.055999982999999996,0.3,0.115999983
748,0.3,0.055999982999999996,0.3,0.145999983
748,0.4,0.055999982999999996,0.3,0.17599998300000003
748,0.5,0.055999982999999996,0.3,0.20599998299999997
748,0.6,0.055999982999999996,0.3,0.23599998299999997
748,0.7,0.12153852279999999,0.2,0.2615385228
748,0.8,0.12153852279999999,0.2,0.2815385228
748,0.9,0.204933066,0.1,0.29493306599999997
748,1.0,0.204933066,0.1,0.304933066
749,0.1,0.055999982999999996,0.2,0.075999983
749,0.2,0.055999982999999996,0.2,0.095999983
749,0.3,0.055999982999999996,0.2,0.11599998299999999
749,0.4,0.055999982999999996,0.2,0.135999983
749,0.5,0.055999982999999996,0.2,0.155999983
749,0.6,0.055999982999999996,0.2,0.175999983
749,0.7,0.055999982999999996,0.2,0.195999983
749,0.8,0.055999982999999996,0.2,0.21599998300000003
749,0.9,0.055999982999999996,0.2,0.235999983
749,1.0,0.055999982999999996,0.2,0.255999983
750,0.1,0.055999982999999996,0.2,0.075999983
750,0.2,0.055999982999999996,0.2,0.095999983
750,0.3,0.055999982999999996,0.2,0.11599998299999999
750,0.4,0.055999982999999996,0.2,0.135999983
750,0.5,0.055999982999999996,0.2,0.155999983
750,0.6,0.11102154039999998,0.1,0.1710215404
750,0.7,0.11102154039999998,0.1,0.1810215404
750,0.8,0.11102154039999998,0.1,0.1910215404
750,0.9,0.11102154039999998,0.1,0.20102154039999998
750,1.0,0.11102154039999998,0.1,0.21102154039999999
751,0.1,0.055999982999999996,0.2,0.075999983
751,0.2,0.055999982999999996,0.2,0.095999983
751,0.3,0.055999982999999996,0.2,0.11599998299999999
751,0.4,0.055999982999999996,0.2,0.135999983
751,0.5,0.055999982999999996,0.2,0.155999983
751,0.6,0.11102154039999998,0.1,0.1710215404
751,0.7,0.11102154039999998,0.1,0.1810215404
751,0.8,0.11102154039999998,0.1,0.1910215404
751,0.9,0.11102154039999998,0.1,0.20102154039999998
751,1.0,0.11102154039999998,0.1,0.21102154039999999
752,0.1,0.0,1.0,0.1
752,0.2,0.0,1.0,0.2
752,0.3,0.0,1.0,0.3
752,0.4,0.30527308799999997,0.0,0.30527308799999997
752,0.5,0.30527308799999997,0.0,0.30527308799999997
752,0.6,0.30527308799999997,0.0,0.30527308799999997
752,0.7,0.30527308799999997,0.0,0.30527308799999997
752,0.8,0.30527308799999997,0.0,0.30527308799999997
752,0.9,0.30527308799999997,0.0,0.30527308799999997
752,1.0,0.30527308799999997,0.0,0.30527308799999997
753,0.1,0.055999982999999996,0.2,0.075999983
753,0.2,0.055999982999999996,0.2,0.095999983
753,0.3,0.055999982999999996,0.2,0.11599998299999999
753,0.4,0.055999982999999996,0.2,0.135999983
753,0.5,0.055999982999999996,0.2,0.155999983
753,0.6,0.055999982999999996,0.2,0.175999983
753,0.7,0.055999982999999996,0.2,0.195999983
753,0.8,0.055999982999999996,0.2,0.21599998300000003
753,0.9,0.055999982999999996,0.2,0.235999983
753,1.0,0.055999982999999996,0.2,0.255999983
754,0.1,0.055999982999999996,0.3,0.085999983
754,0.2,0.055999982999999996,0.3,0.115999983
754,0.3,0.055999982999999996,0.3,0.145999983
754,0.4,0.055999982999999996,0.3,0.17599998300000003
754,0.5,0.055999982999999996,0.3,0.20599998299999997
754,0.6,0.055999982999999996,0.3,0.23599998299999997
754,0.7,0.18453590579999996,0.1,0.25453590579999996
754,0.8,0.18453590579999996,0.1,0.26453590579999997
754,0.9,0.18453590579999996,0.1,0.2745359058
754,1.0,0.18453590579999996,0.1,0.2845359058
755,0.1,0.0,1.0,0.1
755,0.2,0.0,1.0,0.2
755,0.3,0.0,1.0,0.3
755,0.4,0.14326828179999998,0.6,0.38326828180000005
755,0.5,0.190591298,0.5,0.440591298
755,0.6,0.190591298,0.5,0.490591298
755,0.7,0.190591298,0.5,0.540591298
755,0.8,0.190591298,0.5,0.590591298
755,0.9,0.190591298,0.5,0.640591298
755,1.0,0.190591298,0.5,0.690591298
756,0.1,0.0,1.0,0.1
756,0.2,0.0,1.0,0.2
756,0.3,0.025952507000000003,0.9,0.295952507
756,0.4,0.29999982,0.1,0.33999981999999995
756,0.5,0.29999982,0.1,0.34999981999999996
756,0.6,0.29999982,0.1,0.35999981999999997
756,0.7,0.29999982,0.1,0.36999982
756,0.8,0.29999982,0.1,0.37999982
756,0.9,0.29999982,0.1,0.38999982
756,1.0,0.29999982,0.1,0.39999982
757,0.1,0.055999982999999996,0.2,0.075999983
757,0.2,0.055999982999999996,0.2,0.095999983
757,0.3,0.055999982999999996,0.2,0.11599998299999999
757,0.4,0.055999982999999996,0.2,0.135999983
757,0.5,0.055999982999999996,0.2,0.155999983
757,0.6,0.055999982999999996,0.2,0.175999983
757,0.7,0.055999982999999996,0.2,0.195999983
757,0.8,0.055999982999999996,0.2,0.21599998300000003
757,0.9,0.055999982999999996,0.2,0.235999983
757,1.0,0.055999982999999996,0.2,0.255999983
758,0.1,0.055999982999999996,0.2,0.075999983
758,0.2,0.055999982999999996,0.2,0.095999983
758,0.3,0.055999982999999996,0.2,0.11599998299999999
758,0.4,0.055999982999999996,0.2,0.135999983
758,0.5,0.055999982999999996,0.2,0.155999983
758,0.6,0.055999982999999996,0.2,0.175999983
758,0.7,0.055999982999999996,0.2,0.195999983
758,0.8,0.055999982999999996,0.2,0.21599998300000003
758,0.9,0.055999982999999996,0.2,0.235999983
758,1.0,0.055999982999999996,0.2,0.255999983
759,0.1,0.055999982999999996,0.2,0.075999983
759,0.2,0.055999982999999996,0.2,0.095999983
759,0.3,0.055999982999999996,0.2,0.11599998299999999
759,0.4,0.055999982999999996,0.2,0.135999983
759,0.5,0.055999982999999996,0.2,0.155999983
759,0.6,0.055999982999999996,0.2,0.175999983
759,0.7,0.055999982999999996,0.2,0.195999983
759,0.8,0.055999982999999996,0.2,0.21599998300000003
759,0.9,0.055999982999999996,0.2,0.235999983
759,1.0,0.055999982999999996,0.2,0.255999983
760,0.1,0.055999982999999996,0.1,0.065999983
760,0.2,0.055999982999999996,0.1,0.075999983
760,0.3,0.055999982999999996,0.1,0.085999983
760,0.4,0.055999982999999996,0.1,0.095999983
760,0.5,0.055999982999999996,0.1,0.10599998299999999
760,0.6,0.11466661999999998,0.0,0.11466661999999998
760,0.7,0.11466661999999998,0.0,0.11466661999999998
760,0.8,0.11466661999999998,0.0,0.11466661999999998
760,0.9,0.11466661999999998,0.0,0.11466661999999998
760,1.0,0.11466661999999998,0.0,0.11466661999999998
761,0.1,0.055999982999999996,0.3,0.085999983
761,0.2,0.055999982999999996,0.3,0.115999983
761,0.3,0.055999982999999996,0.3,0.145999983
761,0.4,0.055999982999999996,0.3,0.17599998300000003
761,0.5,0.055999982999999996,0.3,0.20599998299999997
761,0.6,0.055999982999999996,0.3,0.23599998299999997
761,0.7,0.12153852279999999,0.2,0.2615385228
761,0.8,0.12153852279999999,0.2,0.2815385228
761,0.9,0.204933066,0.1,0.29493306599999997
761,1.0,0.204933066,0.1,0.304933066
762,0.1,0.0628629048,0.2,0.0828629048
762,0.2,0.0628629048,0.2,0.1028629048
762,0.3,0.0628629048,0.2,0.12286290479999999
762,0.4,0.0628629048,0.2,0.1428629048
762,0.5,0.0628629048,0.2,0.1628629048
762,0.6,0.0628629048,0.2,0.18286290479999998
762,0.7,0.0628629048,0.2,0.2028629048
762,0.8,0.0628629048,0.2,0.2228629048
762,0.9,0.0628629048,0.2,0.2428629048
762,1.0,0.0628629048,0.2,0.2628629048
763,0.1,0.055999982999999996,0.2,0.075999983
763,0.2,0.055999982999999996,0.2,0.095999983
763,0.3,0.055999982999999996,0.2,0.11599998299999999
763,0.4,0.055999982999999996,0.2,0.135999983
763,0.5,0.055999982999999996,0.2,0.155999983
763,0.6,0.055999982999999996,0.2,0.175999983
763,0.7,0.055999982999999996,0.2,0.195999983
763,0.8,0.055999982999999996,0.2,0.21599998300000003
763,0.9,0.055999982999999996,0.2,0.235999983
763,1.0,0.055999982999999996,0.2,0.255999983
764,0.1,0.059329224699999995,0.3,0.0893292247
764,0.2,0.059329224699999995,0.3,0.1193292247
764,0.3,0.059329224699999995,0.3,0.14932922469999999
764,0.4,0.059329224699999995,0.3,0.1793292247
764,0.5,0.059329224699999995,0.3,0.20932922469999998
764,0.6,0.059329224699999995,0.3,0.23932922469999998
764,0.7,0.059329224699999995,0.3,0.2693292247
764,0.8,0.1305992647,0.2,0.2905992647
764,0.9,0.29999982,0.0,0.29999982
764,1.0,0.29999982,0.0,0.29999982
765,0.1,0.0628629048,0.2,0.0828629048
765,0.2,0.0628629048,0.2,0.1028629048
765,0.3,0.0628629048,0.2,0.12286290479999999
765,0.4,0.0628629048,0.2,0.1428629048
765,0.5,0.0628629048,0.2,0.1628629048
765,0.6,0.0628629048,0.2,0.18286290479999998
765,0.7,0.0628629048,0.2,0.2028629048
765,0.8,0.0628629048,0.2,0.2228629048
765,0.9,0.0628629048,0.2,0.2428629048
765,1.0,0.0628629048,0.2,0.2628629048
766,0.1,0.0625943045,0.1,0.0725943045
766,0.2,0.0625943045,0.1,0.08259430450000001
766,0.3,0.0625943045,0.1,0.09259430449999999
766,0.4,0.0625943045,0.1,0.1025943045
766,0.5,0.0625943045,0.1,0.1125943045
766,0.6,0.0625943045,0.1,0.1225943045
766,0.7,0.0625943045,0.1,0.13259430449999998
766,0.8,0.0625943045,0.1,0.1425943045
766,0.9,0.0625943045,0.1,0.1525943045
766,1.0,0.0625943045,0.1,0.1625943045
767,0.1,0.0626267628,0.2,0.0826267628
767,0.2,0.07494338279999999,0.1,0.09494338279999999
767,0.3,0.07494338279999999,0.1,0.1049433828
767,0.4,0.07494338279999999,0.1,0.11494338279999998
767,0.5,0.07494338279999999,0.1,0.12494338279999999
767,0.6,0.07494338279999999,0.1,0.1349433828
767,0.7,0.07494338279999999,0.1,0.1449433828
767,0.8,0.07494338279999999,0.1,0.1549433828
767,0.9,0.07494338279999999,0.1,0.16494338279999998
767,1.0,0.07494338279999999,0.1,0.1749433828
768,0.1,0.0,1.0,0.1
768,0.2,0.0,1.0,0.2
768,0.3,0.0,1.0,0.3
768,0.4,0.1432682818,0.6,0.38326828180000005
768,0.5,0.19059129799999996,0.5,0.440591298
768,0.6,0.19059129799999996,0.5,0.490591298
768,0.7,0.19059129799999996,0.5,0.540591298
768,0.8,0.19059129799999996,0.5,0.590591298
768,0.9,0.19059129799999996,0.5,0.640591298
768,1.0,0.19059129799999996,0.5,0.690591298
769,0.1,0.055999982999999996,0.4,0.095999983
769,0.2,0.0822233956,0.2,0.12222339559999999
769,0.3,0.0822233956,0.2,0.1422233956
769,0.4,0.0822233956,0.2,0.16222339560000001
769,0.5,0.0822233956,0.2,0.18222339559999998
769,0.6,0.0822233956,0.2,0.2022233956
769,0.7,0.0822233956,0.2,0.22222339559999998
769,0.8,0.0822233956,0.2,0.2422233956
769,0.9,0.0822233956,0.2,0.2622233956
769,1.0,0.0822233956,0.2,0.2822233956
770,0.1,0.055999982999999996,0.3,0.085999983
770,0.2,0.055999982999999996,0.3,0.115999983
770,0.3,0.055999982999999996,0.3,0.145999983
770,0.4,0.055999982999999996,0.3,0.17599998300000003
770,0.5,0.055999982999999996,0.3,0.20599998299999997
770,0.6,0.055999982999999996,0.3,0.23599998299999997
770,0.7,0.1845359058,0.1,0.25453590579999996
770,0.8,0.1845359058,0.1,0.2645359058
770,0.9,0.1845359058,0.1,0.2745359058
770,1.0,0.1845359058,0.1,0.2845359058
771,0.1,0.055999982999999996,0.1,0.065999983
771,0.2,0.055999982999999996,0.1,0.075999983
771,0.3,0.055999982999999996,0.1,0.085999983
771,0.4,0.055999982999999996,0.1,0.095999983
771,0.5,0.055999982999999996,0.1,0.10599998299999999
771,0.6,0.055999982999999996,0.1,0.11599998299999999
771,0.7,0.055999982999999996,0.1,0.12599998299999998
771,0.8,0.055999982999999996,0.1,0.135999983
771,0.9,0.055999982999999996,0.1,0.145999983
771,1.0,0.055999982999999996,0.1,0.155999983
772,0.1,0.0,1.0,0.1
772,0.2,0.0,1.0,0.2
772,0.3,0.0,1.0,0.3
772,0.4,0.1432682818,0.6,0.38326828180000005
772,0.5,0.19059129799999996,0.5,0.440591298
772,0.6,0.19059129799999996,0.5,0.490591298
772,0.7,0.19059129799999996,0.5,0.540591298
772,0.8,0.19059129799999996,0.5,0.590591298
772,0.9,0.19059129799999996,0.5,0.640591298
772,1.0,0.19059129799999996,0.5,0.690591298
773,0.1,0.055999982999999996,0.2,0.075999983
773,0.2,0.055999982999999996,0.2,0.095999983
773,0.3,0.055999982999999996,0.2,0.11599998299999999
773,0.4,0.055999982999999996,0.2,0.135999983
773,0.5,0.055999982999999996,0.2,0.155999983
773,0.6,0.055999982999999996,0.2,0.175999983
773,0.7,0.055999982999999996,0.2,0.195999983
773,0.8,0.055999982999999996,0.2,0.21599998300000003
773,0.9,0.055999982999999996,0.2,0.235999983
773,1.0,0.055999982999999996,0.2,0.255999983
774,0.1,0.0,1.0,0.1
774,0.2,0.0,1.0,0.2
774,0.3,0.025952507000000003,0.9,0.295952507
774,0.4,0.29999982,0.1,0.33999981999999995
774,0.5,0.29999982,0.1,0.34999981999999996
774,0.6,0.29999982,0.1,0.35999981999999997
774,0.7,0.29999982,0.1,0.36999982
774,0.8,0.29999982,0.1,0.37999982
774,0.9,0.29999982,0.1,0.38999982
774,1.0,0.29999982,0.1,0.39999982
775,0.1,0.0625943045,0.1,0.0725943045
775,0.2,0.0625943045,0.1,0.08259430450000001
775,0.3,0.0625943045,0.1,0.09259430449999999
775,0.4,0.0625943045,0.1,0.1025943045
775,0.5,0.0625943045,0.1,0.1125943045
775,0.6,0.0625943045,0.1,0.1225943045
775,0.7,0.0625943045,0.1,0.13259430449999998
775,0.8,0.0625943045,0.1,0.1425943045
775,0.9,0.0625943045,0.1,0.1525943045
775,1.0,0.0625943045,0.1,0.1625943045
776,0.1,0.056276605300000004,0.3,0.0862766053
776,0.2,0.056276605300000004,0.3,0.11627660530000002
776,0.3,0.056276605300000004,0.3,0.1462766053
776,0.4,0.056276605300000004,0.3,0.17627660530000003
776,0.5,0.056276605300000004,0.3,0.20627660529999997
776,0.6,0.056276605300000004,0.3,0.23627660529999997
776,0.7,0.056276605300000004,0.3,0.26627660529999997
776,0.8,0.056276605300000004,0.3,0.2962766053
776,0.9,0.29999982,0.0,0.29999982
776,1.0,0.29999982,0.0,0.29999982
777,0.1,0.055999982999999996,0.3,0.085999983
777,0.2,0.0750216316,0.2,0.11502163159999998
777,0.3,0.0750216316,0.2,0.1350216316
777,0.4,0.0750216316,0.2,0.1550216316
777,0.5,0.0750216316,0.2,0.1750216316
777,0.6,0.0750216316,0.2,0.1950216316
777,0.7,0.0750216316,0.2,0.21502163159999998
777,0.8,0.0750216316,0.2,0.2350216316
777,0.9,0.0750216316,0.2,0.2550216316
777,1.0,0.0750216316,0.2,0.2750216316
778,0.1,0.0,1.0,0.1
778,0.2,0.0,1.0,0.2
778,0.3,0.0,1.0,0.3
778,0.4,0.14326828179999998,0.6,0.38326828180000005
778,0.5,0.190591298,0.5,0.440591298
778,0.6,0.190591298,0.5,0.490591298
778,0.7,0.190591298,0.5,0.540591298
778,0.8,0.190591298,0.5,0.590591298
778,0.9,0.190591298,0.5,0.640591298
778,1.0,0.190591298,0.5,0.690591298
779,0.1,0.055999982999999996,0.3,0.085999983
779,0.2,0.055999982999999996,0.3,0.115999983
779,0.3,0.055999982999999996,0.3,0.145999983
779,0.4,0.055999982999999996,0.3,0.17599998300000003
779,0.5,0.055999982999999996,0.3,0.20599998299999997
779,0.6,0.055999982999999996,0.3,0.23599998299999997
779,0.7,0.12153852279999999,0.2,0.2615385228
779,0.8,0.12153852279999999,0.2,0.2815385228
779,0.9,0.204933066,0.1,0.29493306599999997
779,1.0,0.204933066,0.1,0.304933066
780,0.1,0.0578251427,0.1,0.0678251427
780,0.2,0.0578251427,0.1,0.0778251427
780,0.3,0.0578251427,0.1,0.0878251427
780,0.4,0.0578251427,0.1,0.0978251427
780,0.5,0.0578251427,0.1,0.10782514270000002
780,0.6,0.11345931000000001,0.0,0.11345931000000001
780,0.7,0.11345931000000001,0.0,0.11345931000000001
780,0.8,0.11345931000000001,0.0,0.11345931000000001
780,0.9,0.11345931000000001,0.0,0.11345931000000001
780,1.0,0.11345931000000001,0.0,0.11345931000000001
781,0.1,0.059329224699999995,0.3,0.0893292247
781,0.2,0.059329224699999995,0.3,0.1193292247
781,0.3,0.059329224699999995,0.3,0.14932922469999999
781,0.4,0.059329224699999995,0.3,0.1793292247
781,0.5,0.059329224699999995,0.3,0.20932922469999998
781,0.6,0.059329224699999995,0.3,0.23932922469999998
781,0.7,0.059329224699999995,0.3,0.2693292247
781,0.8,0.1305992647,0.2,0.2905992647
781,0.9,0.29999982,0.0,0.29999982
781,1.0,0.29999982,0.0,0.29999982
782,0.1,0.06184909000000001,0.2,0.08184909
782,0.2,0.06184909000000001,0.2,0.10184909000000002
782,0.3,0.06184909000000001,0.2,0.12184909
782,0.4,0.06184909000000001,0.2,0.14184909
782,0.5,0.06184909000000001,0.2,0.16184909
782,0.6,0.06184909000000001,0.2,0.18184909
782,0.7,0.06184909000000001,0.2,0.20184908999999998
782,0.8,0.06184909000000001,0.2,0.22184909
782,0.9,0.06184909000000001,0.2,0.24184909000000002
782,1.0,0.06184909000000001,0.2,0.26184909
783,0.1,0.0626267628,0.2,0.0826267628
783,0.2,0.07494338279999999,0.1,0.09494338279999999
783,0.3,0.07494338279999999,0.1,0.1049433828
783,0.4,0.07494338279999999,0.1,0.11494338279999998
783,0.5,0.07494338279999999,0.1,0.12494338279999999
783,0.6,0.07494338279999999,0.1,0.1349433828
783,0.7,0.07494338279999999,0.1,0.1449433828
783,0.8,0.07494338279999999,0.1,0.1549433828
783,0.9,0.07494338279999999,0.1,0.16494338279999998
783,1.0,0.07494338279999999,0.1,0.1749433828
784,0.1,0.055999982999999996,0.2,0.075999983
784,0.2,0.055999982999999996,0.2,0.095999983
784,0.3,0.055999982999999996,0.2,0.11599998299999999
784,0.4,0.055999982999999996,0.2,0.135999983
784,0.5,0.055999982999999996,0.2,0.155999983
784,0.6,0.055999982999999996,0.2,0.175999983
784,0.7,0.055999982999999996,0.2,0.195999983
784,0.8,0.055999982999999996,0.2,0.21599998300000003
784,0.9,0.055999982999999996,0.2,0.235999983
784,1.0,0.055999982999999996,0.2,0.255999983
785,0.1,0.055999982999999996,0.1,0.065999983
785,0.2,0.055999982999999996,0.1,0.075999983
785,0.3,0.055999982999999996,0.1,0.085999983
785,0.4,0.055999982999999996,0.1,0.095999983
785,0.5,0.055999982999999996,0.1,0.10599998299999999
785,0.6,0.055999982999999996,0.1,0.11599998299999999
785,0.7,0.055999982999999996,0.1,0.12599998299999998
785,0.8,0.055999982999999996,0.1,0.135999983
785,0.9,0.055999982999999996,0.1,0.145999983
785,1.0,0.055999982999999996,0.1,0.155999983
786,0.1,0.055999982999999996,0.4,0.095999983
786,0.2,0.0822233956,0.2,0.12222339559999999
786,0.3,0.0822233956,0.2,0.1422233956
786,0.4,0.0822233956,0.2,0.16222339560000001
786,0.5,0.0822233956,0.2,0.18222339559999998
786,0.6,0.0822233956,0.2,0.2022233956
786,0.7,0.0822233956,0.2,0.22222339559999998
786,0.8,0.0822233956,0.2,0.2422233956
786,0.9,0.0822233956,0.2,0.2622233956
786,1.0,0.0822233956,0.2,0.2822233956
787,0.1,0.055999982999999996,0.3,0.085999983
787,0.2,0.055999982999999996,0.3,0.115999983
787,0.3,0.055999982999999996,0.3,0.145999983
787,0.4,0.055999982999999996,0.3,0.17599998300000003
787,0.5,0.055999982999999996,0.3,0.20599998299999997
787,0.6,0.055999982999999996,0.3,0.23599998299999997
787,0.7,0.1845359058,0.1,0.25453590579999996
787,0.8,0.1845359058,0.1,0.2645359058
787,0.9,0.1845359058,0.1,0.2745359058
787,1.0,0.1845359058,0.1,0.2845359058
788,0.1,0.059329224699999995,0.3,0.0893292247
788,0.2,0.059329224699999995,0.3,0.1193292247
788,0.3,0.059329224699999995,0.3,0.14932922469999999
788,0.4,0.059329224699999995,0.3,0.1793292247
788,0.5,0.059329224699999995,0.3,0.20932922469999998
788,0.6,0.059329224699999995,0.3,0.23932922469999998
788,0.7,0.059329224699999995,0.3,0.2693292247
788,0.8,0.1305992647,0.2,0.2905992647
788,0.9,0.29999982,0.0,0.29999982
788,1.0,0.29999982,0.0,0.29999982
789,0.1,0.059329224699999995,0.3,0.0893292247
789,0.2,0.059329224699999995,0.3,0.1193292247
789,0.3,0.059329224699999995,0.3,0.14932922469999999
789,0.4,0.059329224699999995,0.3,0.1793292247
789,0.5,0.059329224699999995,0.3,0.20932922469999998
789,0.6,0.059329224699999995,0.3,0.23932922469999998
789,0.7,0.059329224699999995,0.3,0.2693292247
789,0.8,0.1305992647,0.2,0.2905992647
789,0.9,0.29999982,0.0,0.29999982
789,1.0,0.29999982,0.0,0.29999982
790,0.1,0.055999982999999996,0.2,0.075999983
790,0.2,0.055999982999999996,0.2,0.095999983
790,0.3,0.055999982999999996,0.2,0.11599998299999999
790,0.4,0.055999982999999996,0.2,0.135999983
790,0.5,0.055999982999999996,0.2,0.155999983
790,0.6,0.055999982999999996,0.2,0.175999983
790,0.7,0.055999982999999996,0.2,0.195999983
790,0.8,0.055999982999999996,0.2,0.21599998300000003
790,0.9,0.055999982999999996,0.2,0.235999983
790,1.0,0.055999982999999996,0.2,0.255999983
791,0.1,0.055999982999999996,0.3,0.085999983
791,0.2,0.055999982999999996,0.3,0.115999983
791,0.3,0.055999982999999996,0.3,0.145999983
791,0.4,0.055999982999999996,0.3,0.17599998300000003
791,0.5,0.055999982999999996,0.3,0.20599998299999997
791,0.6,0.055999982999999996,0.3,0.23599998299999997
791,0.7,0.183167252,0.1,0.253167252
791,0.8,0.183167252,0.1,0.263167252
791,0.9,0.183167252,0.1,0.273167252
791,1.0,0.183167252,0.1,0.283167252
792,0.1,0.0,1.0,0.1
792,0.2,0.0,1.0,0.2
792,0.3,0.0,1.0,0.3
792,0.4,0.0,1.0,0.4
792,0.5,0.21298567899999998,0.5,0.462985679
792,0.6,0.21298567899999998,0.5,0.512985679
792,0.7,0.21298567899999998,0.5,0.562985679
792,0.8,0.21298567899999998,0.5,0.612985679
792,0.9,0.21298567899999998,0.5,0.6629856789999999
792,1.0,0.21298567899999998,0.5,0.712985679
793,0.1,0.055999982999999996,0.1,0.065999983
793,0.2,0.055999982999999996,0.1,0.075999983
793,0.3,0.055999982999999996,0.1,0.085999983
793,0.4,0.055999982999999996,0.1,0.095999983
793,0.5,0.055999982999999996,0.1,0.10599998299999999
793,0.6,0.055999982999999996,0.1,0.11599998299999999
793,0.7,0.055999982999999996,0.1,0.12599998299999998
793,0.8,0.055999982999999996,0.1,0.135999983
793,0.9,0.055999982999999996,0.1,0.145999983
793,1.0,0.055999982999999996,0.1,0.155999983
794,0.1,0.055999982999999996,0.2,0.075999983
794,0.2,0.055999982999999996,0.2,0.095999983
794,0.3,0.055999982999999996,0.2,0.11599998299999999
794,0.4,0.055999982999999996,0.2,0.135999983
794,0.5,0.055999982999999996,0.2,0.155999983
794,0.6,0.11482017940000003,0.1,0.17482017940000003
794,0.7,0.11482017940000003,0.1,0.1848201794
794,0.8,0.11482017940000003,0.1,0.19482017940000002
794,0.9,0.11482017940000003,0.1,0.20482017940000002
794,1.0,0.11482017940000003,0.1,0.21482017940000003
795,0.1,0.056276605300000004,0.3,0.0862766053
795,0.2,0.056276605300000004,0.3,0.11627660530000002
795,0.3,0.056276605300000004,0.3,0.1462766053
795,0.4,0.056276605300000004,0.3,0.17627660530000003
795,0.5,0.056276605300000004,0.3,0.20627660529999997
795,0.6,0.056276605300000004,0.3,0.23627660529999997
795,0.7,0.056276605300000004,0.3,0.26627660529999997
795,0.8,0.056276605300000004,0.3,0.2962766053
795,0.9,0.29999982,0.0,0.29999982
795,1.0,0.29999982,0.0,0.29999982
796,0.1,0.0625943045,0.1,0.0725943045
796,0.2,0.0625943045,0.1,0.08259430450000001
796,0.3,0.0625943045,0.1,0.09259430449999999
796,0.4,0.0625943045,0.1,0.1025943045
796,0.5,0.0625943045,0.1,0.1125943045
796,0.6,0.0625943045,0.1,0.1225943045
796,0.7,0.0625943045,0.1,0.13259430449999998
796,0.8,0.0625943045,0.1,0.1425943045
796,0.9,0.0625943045,0.1,0.1525943045
796,1.0,0.0625943045,0.1,0.1625943045
797,0.1,0.055999982999999996,0.1,0.065999983
797,0.2,0.055999982999999996,0.1,0.075999983
797,0.3,0.055999982999999996,0.1,0.085999983
797,0.4,0.055999982999999996,0.1,0.095999983
797,0.5,0.055999982999999996,0.1,0.10599998299999999
797,0.6,0.055999982999999996,0.1,0.11599998299999999
797,0.7,0.055999982999999996,0.1,0.12599998299999998
797,0.8,0.055999982999999996,0.1,0.135999983
797,0.9,0.055999982999999996,0.1,0.145999983
797,1.0,0.055999982999999996,0.1,0.155999983
798,0.1,0.055999982999999996,0.4,0.095999983
798,0.2,0.0822233956,0.2,0.12222339559999999
798,0.3,0.0822233956,0.2,0.1422233956
798,0.4,0.0822233956,0.2,0.16222339560000001
798,0.5,0.0822233956,0.2,0.18222339559999998
798,0.6,0.0822233956,0.2,0.2022233956
798,0.7,0.0822233956,0.2,0.22222339559999998
798,0.8,0.0822233956,0.2,0.2422233956
798,0.9,0.0822233956,0.2,0.2622233956
798,1.0,0.0822233956,0.2,0.2822233956
799,0.1,0.055999982999999996,0.3,0.085999983
799,0.2,0.055999982999999996,0.3,0.115999983
799,0.3,0.055999982999999996,0.3,0.145999983
799,0.4,0.055999982999999996,0.3,0.17599998300000003
799,0.5,0.055999982999999996,0.3,0.20599998299999997
799,0.6,0.055999982999999996,0.3,0.23599998299999997
799,0.7,0.12153852279999999,0.2,0.2615385228
799,0.8,0.12153852279999999,0.2,0.2815385228
799,0.9,0.204933066,0.1,0.29493306599999997
799,1.0,0.204933066,0.1,0.304933066
800,0.1,0.055999982999999996,0.1,0.065999983
800,0.2,0.055999982999999996,0.1,0.075999983
800,0.3,0.055999982999999996,0.1,0.085999983
800,0.4,0.055999982999999996,0.1,0.095999983
800,0.5,0.055999982999999996,0.1,0.10599998299999999
800,0.6,0.11466661999999998,0.0,0.11466661999999998
800,0.7,0.11466661999999998,0.0,0.11466661999999998
800,0.8,0.11466661999999998,0.0,0.11466661999999998
800,0.9,0.11466661999999998,0.0,0.11466661999999998
800,1.0,0.11466661999999998,0.0,0.11466661999999998
801,0.1,0.0628629048,0.2,0.0828629048
801,0.2,0.0628629048,0.2,0.1028629048
801,0.3,0.0628629048,0.2,0.12286290479999999
801,0.4,0.0628629048,0.2,0.1428629048
801,0.5,0.0628629048,0.2,0.1628629048
801,0.6,0.0628629048,0.2,0.18286290479999998
801,0.7,0.0628629048,0.2,0.2028629048
801,0.8,0.0628629048,0.2,0.2228629048
801,0.9,0.0628629048,0.2,0.2428629048
801,1.0,0.0628629048,0.2,0.2628629048
802,0.1,0.055999982999999996,0.3,0.085999983
802,0.2,0.055999982999999996,0.3,0.115999983
802,0.3,0.055999982999999996,0.3,0.145999983
802,0.4,0.055999982999999996,0.3,0.17599998300000003
802,0.5,0.055999982999999996,0.3,0.20599998299999997
802,0.6,0.055999982999999996,0.3,0.23599998299999997
802,0.7,0.12153852279999999,0.2,0.2615385228
802,0.8,0.12153852279999999,0.2,0.2815385228
802,0.9,0.204933066,0.1,0.29493306599999997
802,1.0,0.204933066,0.1,0.304933066
803,0.1,0.059329224699999995,0.3,0.0893292247
803,0.2,0.059329224699999995,0.3,0.1193292247
803,0.3,0.059329224699999995,0.3,0.14932922469999999
803,0.4,0.059329224699999995,0.3,0.1793292247
803,0.5,0.059329224699999995,0.3,0.20932922469999998
803,0.6,0.059329224699999995,0.3,0.23932922469999998
803,0.7,0.059329224699999995,0.3,0.2693292247
803,0.8,0.1305992647,0.2,0.2905992647
803,0.9,0.29999982,0.0,0.29999982
803,1.0,0.29999982,0.0,0.29999982
804,0.1,0.0,1.0,0.1
804,0.2,0.0,1.0,0.2
804,0.3,0.0,1.0,0.3
804,0.4,0.30527308799999997,0.0,0.30527308799999997
804,0.5,0.30527308799999997,0.0,0.30527308799999997
804,0.6,0.30527308799999997,0.0,0.30527308799999997
804,0.7,0.30527308799999997,0.0,0.30527308799999997
804,0.8,0.30527308799999997,0.0,0.30527308799999997
804,0.9,0.30527308799999997,0.0,0.30527308799999997
804,1.0,0.30527308799999997,0.0,0.30527308799999997
805,0.1,0.06488617049999999,0.1,0.07488617049999999
805,0.2,0.06488617049999999,0.1,0.0848861705
805,0.3,0.06488617049999999,0.1,0.09488617049999999
805,0.4,0.06488617049999999,0.1,0.1048861705
805,0.5,0.06488617049999999,0.1,0.11488617049999998
805,0.6,0.06488617049999999,0.1,0.12488617049999999
805,0.7,0.06488617049999999,0.1,0.1348861705
805,0.8,0.06488617049999999,0.1,0.14488617050000002
805,0.9,0.06488617049999999,0.1,0.1548861705
805,1.0,0.06488617049999999,0.1,0.16488617049999998
806,0.1,0.055999982999999996,0.2,0.075999983
806,0.2,0.055999982999999996,0.2,0.095999983
806,0.3,0.055999982999999996,0.2,0.11599998299999999
806,0.4,0.055999982999999996,0.2,0.135999983
806,0.5,0.055999982999999996,0.2,0.155999983
806,0.6,0.055999982999999996,0.2,0.175999983
806,0.7,0.055999982999999996,0.2,0.195999983
806,0.8,0.055999982999999996,0.2,0.21599998300000003
806,0.9,0.055999982999999996,0.2,0.235999983
806,1.0,0.055999982999999996,0.2,0.255999983
807,0.1,0.055999982999999996,0.1,0.065999983
807,0.2,0.055999982999999996,0.1,0.075999983
807,0.3,0.055999982999999996,0.1,0.085999983
807,0.4,0.055999982999999996,0.1,0.095999983
807,0.5,0.055999982999999996,0.1,0.10599998299999999
807,0.6,0.11466661999999998,0.0,0.11466661999999998
807,0.7,0.11466661999999998,0.0,0.11466661999999998
807,0.8,0.11466661999999998,0.0,0.11466661999999998
807,0.9,0.11466661999999998,0.0,0.11466661999999998
807,1.0,0.11466661999999998,0.0,0.11466661999999998
808,0.1,0.055999982999999996,0.2,0.075999983
808,0.2,0.055999982999999996,0.2,0.095999983
808,0.3,0.055999982999999996,0.2,0.11599998299999999
808,0.4,0.055999982999999996,0.2,0.135999983
808,0.5,0.055999982999999996,0.2,0.155999983
808,0.6,0.055999982999999996,0.2,0.175999983
808,0.7,0.055999982999999996,0.2,0.195999983
808,0.8,0.055999982999999996,0.2,0.21599998300000003
808,0.9,0.055999982999999996,0.2,0.235999983
808,1.0,0.055999982999999996,0.2,0.255999983
809,0.1,0.055999982999999996,0.3,0.085999983
809,0.2,0.055999982999999996,0.3,0.115999983
809,0.3,0.055999982999999996,0.3,0.145999983
809,0.4,0.055999982999999996,0.3,0.17599998300000003
809,0.5,0.055999982999999996,0.3,0.20599998299999997
809,0.6,0.055999982999999996,0.3,0.23599998299999997
809,0.7,0.18453590579999996,0.1,0.25453590579999996
809,0.8,0.18453590579999996,0.1,0.26453590579999997
809,0.9,0.18453590579999996,0.1,0.2745359058
809,1.0,0.18453590579999996,0.1,0.2845359058
810,0.1,0.055999982999999996,0.2,0.075999983
810,0.2,0.055999982999999996,0.2,0.095999983
810,0.3,0.055999982999999996,0.2,0.11599998299999999
810,0.4,0.055999982999999996,0.2,0.135999983
810,0.5,0.055999982999999996,0.2,0.155999983
810,0.6,0.1078777886,0.1,0.16787778859999997
810,0.7,0.1078777886,0.1,0.17787778859999998
810,0.8,0.1078777886,0.1,0.18787778859999998
810,0.9,0.1078777886,0.1,0.1978777886
810,1.0,0.1078777886,0.1,0.2078777886
811,0.1,0.055999982999999996,0.1,0.065999983
811,0.2,0.055999982999999996,0.1,0.075999983
811,0.3,0.055999982999999996,0.1,0.085999983
811,0.4,0.055999982999999996,0.1,0.095999983
811,0.5,0.055999982999999996,0.1,0.10599998299999999
811,0.6,0.11466661999999998,0.0,0.11466661999999998
811,0.7,0.11466661999999998,0.0,0.11466661999999998
811,0.8,0.11466661999999998,0.0,0.11466661999999998
811,0.9,0.11466661999999998,0.0,0.11466661999999998
811,1.0,0.11466661999999998,0.0,0.11466661999999998
812,0.1,0.055999982999999996,0.3,0.085999983
812,0.2,0.055999982999999996,0.3,0.115999983
812,0.3,0.055999982999999996,0.3,0.145999983
812,0.4,0.055999982999999996,0.3,0.17599998300000003
812,0.5,0.055999982999999996,0.3,0.20599998299999997
812,0.6,0.055999982999999996,0.3,0.23599998299999997
812,0.7,0.183167252,0.1,0.253167252
812,0.8,0.183167252,0.1,0.263167252
812,0.9,0.183167252,0.1,0.273167252
812,1.0,0.183167252,0.1,0.28316725200000004
813,0.1,0.0626267628,0.2,0.0826267628
813,0.2,0.07494338279999999,0.1,0.09494338279999999
813,0.3,0.07494338279999999,0.1,0.1049433828
813,0.4,0.07494338279999999,0.1,0.11494338279999998
813,0.5,0.07494338279999999,0.1,0.12494338279999999
813,0.6,0.07494338279999999,0.1,0.1349433828
813,0.7,0.07494338279999999,0.1,0.1449433828
813,0.8,0.07494338279999999,0.1,0.1549433828
813,0.9,0.07494338279999999,0.1,0.16494338279999998
813,1.0,0.07494338279999999,0.1,0.1749433828
814,0.1,0.0,1.0,0.1
814,0.2,0.0,1.0,0.2
814,0.3,0.0,1.0,0.3
814,0.4,0.14326828179999998,0.6,0.38326828180000005
814,0.5,0.190591298,0.5,0.440591298
814,0.6,0.190591298,0.5,0.490591298
814,0.7,0.190591298,0.5,0.540591298
814,0.8,0.190591298,0.5,0.590591298
814,0.9,0.190591298,0.5,0.640591298
814,1.0,0.190591298,0.5,0.690591298
815,0.1,0.0,1.0,0.1
815,0.2,0.0,1.0,0.2
815,0.3,0.0,1.0,0.3
815,0.4,0.14326828179999998,0.6,0.38326828180000005
815,0.5,0.190591298,0.5,0.440591298
815,0.6,0.190591298,0.5,0.490591298
815,0.7,0.190591298,0.5,0.540591298
815,0.8,0.190591298,0.5,0.590591298
815,0.9,0.190591298,0.5,0.640591298
815,1.0,0.190591298,0.5,0.690591298
816,0.1,0.0,1.0,0.1
816,0.2,0.0,1.0,0.2
816,0.3,0.0,1.0,0.3
816,0.4,0.30527308799999997,0.0,0.30527308799999997
816,0.5,0.30527308799999997,0.0,0.30527308799999997
816,0.6,0.30527308799999997,0.0,0.30527308799999997
816,0.7,0.30527308799999997,0.0,0.30527308799999997
816,0.8,0.30527308799999997,0.0,0.30527308799999997
816,0.9,0.30527308799999997,0.0,0.30527308799999997
816,1.0,0.30527308799999997,0.0,0.30527308799999997
817,0.1,0.055999982999999996,0.2,0.075999983
817,0.2,0.055999982999999996,0.2,0.095999983
817,0.3,0.055999982999999996,0.2,0.11599998299999999
817,0.4,0.055999982999999996,0.2,0.135999983
817,0.5,0.055999982999999996,0.2,0.155999983
817,0.6,0.1078777886,0.1,0.16787778859999997
817,0.7,0.1078777886,0.1,0.17787778859999998
817,0.8,0.1078777886,0.1,0.18787778859999998
817,0.9,0.1078777886,0.1,0.1978777886
817,1.0,0.1078777886,0.1,0.2078777886
818,0.1,0.0,1.0,0.1
818,0.2,0.0,1.0,0.2
818,0.3,0.0,1.0,0.3
818,0.4,0.14326828179999998,0.6,0.38326828180000005
818,0.5,0.190591298,0.5,0.440591298
818,0.6,0.190591298,0.5,0.490591298
818,0.7,0.190591298,0.5,0.540591298
818,0.8,0.190591298,0.5,0.590591298
818,0.9,0.190591298,0.5,0.640591298
818,1.0,0.190591298,0.5,0.690591298
819,0.1,0.0,1.0,0.1
819,0.2,0.0,1.0,0.2
819,0.3,0.0,1.0,0.3
819,0.4,0.1432682818,0.6,0.38326828180000005
819,0.5,0.19059129799999996,0.5,0.440591298
819,0.6,0.19059129799999996,0.5,0.490591298
819,0.7,0.19059129799999996,0.5,0.540591298
819,0.8,0.19059129799999996,0.5,0.590591298
819,0.9,0.19059129799999996,0.5,0.640591298
819,1.0,0.19059129799999996,0.5,0.690591298
820,0.1,0.059329224699999995,0.3,0.0893292247
820,0.2,0.059329224699999995,0.3,0.1193292247
820,0.3,0.059329224699999995,0.3,0.14932922469999999
820,0.4,0.059329224699999995,0.3,0.1793292247
820,0.5,0.059329224699999995,0.3,0.20932922469999998
820,0.6,0.059329224699999995,0.3,0.23932922469999998
820,0.7,0.059329224699999995,0.3,0.2693292247
820,0.8,0.1305992647,0.2,0.2905992647
820,0.9,0.29999982,0.0,0.29999982
820,1.0,0.29999982,0.0,0.29999982
821,0.1,0.055999982999999996,0.2,0.075999983
821,0.2,0.055999982999999996,0.2,0.095999983
821,0.3,0.0799200077,0.1,0.10992000770000002
821,0.4,0.0799200077,0.1,0.1199200077
821,0.5,0.0799200077,0.1,0.1299200077
821,0.6,0.0799200077,0.1,0.13992000770000002
821,0.7,0.0799200077,0.1,0.1499200077
821,0.8,0.0799200077,0.1,0.1599200077
821,0.9,0.0799200077,0.1,0.1699200077
821,1.0,0.0799200077,0.1,0.1799200077
822,0.1,0.0,1.0,0.1
822,0.2,0.0,1.0,0.2
822,0.3,0.025952507000000003,0.9,0.295952507
822,0.4,0.29999982,0.1,0.33999981999999995
822,0.5,0.29999982,0.1,0.34999981999999996
822,0.6,0.29999982,0.1,0.35999981999999997
822,0.7,0.29999982,0.1,0.36999982
822,0.8,0.29999982,0.1,0.37999982
822,0.9,0.29999982,0.1,0.38999982
822,1.0,0.29999982,0.1,0.39999982
823,0.1,0.0626267628,0.2,0.0826267628
823,0.2,0.07494338279999999,0.1,0.09494338279999999
823,0.3,0.07494338279999999,0.1,0.1049433828
823,0.4,0.07494338279999999,0.1,0.11494338279999998
823,0.5,0.07494338279999999,0.1,0.12494338279999999
823,0.6,0.07494338279999999,0.1,0.1349433828
823,0.7,0.07494338279999999,0.1,0.1449433828
823,0.8,0.07494338279999999,0.1,0.1549433828
823,0.9,0.07494338279999999,0.1,0.16494338279999998
823,1.0,0.07494338279999999,0.1,0.1749433828
824,0.1,0.055999982999999996,0.2,0.075999983
824,0.2,0.055999982999999996,0.2,0.095999983
824,0.3,0.055999982999999996,0.2,0.11599998299999999
824,0.4,0.055999982999999996,0.2,0.135999983
824,0.5,0.055999982999999996,0.2,0.155999983
824,0.6,0.055999982999999996,0.2,0.175999983
824,0.7,0.055999982999999996,0.2,0.195999983
824,0.8,0.055999982999999996,0.2,0.21599998300000003
824,0.9,0.055999982999999996,0.2,0.235999983
824,1.0,0.055999982999999996,0.2,0.255999983
825,0.1,0.059329224699999995,0.3,0.0893292247
825,0.2,0.059329224699999995,0.3,0.1193292247
825,0.3,0.059329224699999995,0.3,0.14932922469999999
825,0.4,0.059329224699999995,0.3,0.1793292247
825,0.5,0.059329224699999995,0.3,0.20932922469999998
825,0.6,0.059329224699999995,0.3,0.23932922469999998
825,0.7,0.059329224699999995,0.3,0.2693292247
825,0.8,0.1305992647,0.2,0.2905992647
825,0.9,0.29999982,0.0,0.29999982
825,1.0,0.29999982,0.0,0.29999982
826,0.1,0.0,1.0,0.1
826,0.2,0.0,1.0,0.2
826,0.3,0.025952507000000003,0.9,0.295952507
826,0.4,0.29999982,0.1,0.33999981999999995
826,0.5,0.29999982,0.1,0.34999981999999996
826,0.6,0.29999982,0.1,0.35999981999999997
826,0.7,0.29999982,0.1,0.36999982
826,0.8,0.29999982,0.1,0.37999982
826,0.9,0.29999982,0.1,0.38999982
826,1.0,0.29999982,0.1,0.39999982
827,0.1,0.06184909000000001,0.2,0.08184909
827,0.2,0.06184909000000001,0.2,0.10184909000000002
827,0.3,0.06184909000000001,0.2,0.12184909
827,0.4,0.06184909000000001,0.2,0.14184909
827,0.5,0.06184909000000001,0.2,0.16184909
827,0.6,0.06184909000000001,0.2,0.18184909
827,0.7,0.06184909000000001,0.2,0.20184908999999998
827,0.8,0.06184909000000001,0.2,0.22184909
827,0.9,0.06184909000000001,0.2,0.24184909000000002
827,1.0,0.06184909000000001,0.2,0.26184909
828,0.1,0.055999982999999996,0.3,0.085999983
828,0.2,0.0750216316,0.2,0.11502163159999998
828,0.3,0.0750216316,0.2,0.1350216316
828,0.4,0.0750216316,0.2,0.1550216316
828,0.5,0.0750216316,0.2,0.1750216316
828,0.6,0.0750216316,0.2,0.1950216316
828,0.7,0.0750216316,0.2,0.21502163159999998
828,0.8,0.0750216316,0.2,0.2350216316
828,0.9,0.0750216316,0.2,0.2550216316
828,1.0,0.0750216316,0.2,0.2750216316
829,0.1,0.055999982999999996,0.1,0.065999983
829,0.2,0.055999982999999996,0.1,0.075999983
829,0.3,0.055999982999999996,0.1,0.085999983
829,0.4,0.055999982999999996,0.1,0.095999983
829,0.5,0.055999982999999996,0.1,0.10599998299999999
829,0.6,0.11466661999999998,0.0,0.11466661999999998
829,0.7,0.11466661999999998,0.0,0.11466661999999998
829,0.8,0.11466661999999998,0.0,0.11466661999999998
829,0.9,0.11466661999999998,0.0,0.11466661999999998
829,1.0,0.11466661999999998,0.0,0.11466661999999998
830,0.1,0.0628629048,0.2,0.0828629048
830,0.2,0.0628629048,0.2,0.1028629048
830,0.3,0.0628629048,0.2,0.12286290479999999
830,0.4,0.0628629048,0.2,0.1428629048
830,0.5,0.0628629048,0.2,0.1628629048
830,0.6,0.0628629048,0.2,0.18286290479999998
830,0.7,0.0628629048,0.2,0.2028629048
830,0.8,0.0628629048,0.2,0.2228629048
830,0.9,0.0628629048,0.2,0.2428629048
830,1.0,0.0628629048,0.2,0.2628629048
831,0.1,0.055999982999999996,0.2,0.075999983
831,0.2,0.055999982999999996,0.2,0.095999983
831,0.3,0.055999982999999996,0.2,0.11599998299999999
831,0.4,0.055999982999999996,0.2,0.135999983
831,0.5,0.055999982999999996,0.2,0.155999983
831,0.6,0.11482017940000003,0.1,0.17482017940000003
831,0.7,0.11482017940000003,0.1,0.1848201794
831,0.8,0.11482017940000003,0.1,0.19482017940000002
831,0.9,0.11482017940000003,0.1,0.20482017940000002
831,1.0,0.11482017940000003,0.1,0.21482017940000003
832,0.1,0.055999982999999996,0.1,0.065999983
832,0.2,0.055999982999999996,0.1,0.075999983
832,0.3,0.055999982999999996,0.1,0.085999983
832,0.4,0.055999982999999996,0.1,0.095999983
832,0.5,0.055999982999999996,0.1,0.10599998299999999
832,0.6,0.055999982999999996,0.1,0.11599998299999999
832,0.7,0.055999982999999996,0.1,0.12599998299999998
832,0.8,0.055999982999999996,0.1,0.135999983
832,0.9,0.055999982999999996,0.1,0.145999983
832,1.0,0.055999982999999996,0.1,0.155999983
833,0.1,0.055999982999999996,0.2,0.075999983
833,0.2,0.055999982999999996,0.2,0.095999983
833,0.3,0.07600296749999999,0.1,0.1060029675
833,0.4,0.07600296749999999,0.1,0.11600296750000001
833,0.5,0.07600296749999999,0.1,0.1260029675
833,0.6,0.07600296749999999,0.1,0.1360029675
833,0.7,0.07600296749999999,0.1,0.1460029675
833,0.8,0.07600296749999999,0.1,0.1560029675
833,0.9,0.07600296749999999,0.1,0.16600296750000001
833,1.0,0.07600296749999999,0.1,0.1760029675
834,0.1,0.055999982999999996,0.2,0.075999983
834,0.2,0.055999982999999996,0.2,0.095999983
834,0.3,0.055999982999999996,0.2,0.11599998299999999
834,0.4,0.055999982999999996,0.2,0.135999983
834,0.5,0.055999982999999996,0.2,0.155999983
834,0.6,0.055999982999999996,0.2,0.175999983
834,0.7,0.055999982999999996,0.2,0.195999983
834,0.8,0.055999982999999996,0.2,0.21599998300000003
834,0.9,0.055999982999999996,0.2,0.235999983
834,1.0,0.055999982999999996,0.2,0.255999983
835,0.1,0.059329224699999995,0.3,0.0893292247
835,0.2,0.059329224699999995,0.3,0.1193292247
835,0.3,0.059329224699999995,0.3,0.14932922469999999
835,0.4,0.059329224699999995,0.3,0.1793292247
835,0.5,0.059329224699999995,0.3,0.20932922469999998
835,0.6,0.059329224699999995,0.3,0.23932922469999998
835,0.7,0.059329224699999995,0.3,0.2693292247
835,0.8,0.1305992647,0.2,0.2905992647
835,0.9,0.29999982,0.0,0.29999982
835,1.0,0.29999982,0.0,0.29999982
836,0.1,0.055999982999999996,0.3,0.085999983
836,0.2,0.055999982999999996,0.3,0.115999983
836,0.3,0.055999982999999996,0.3,0.145999983
836,0.4,0.055999982999999996,0.3,0.17599998300000003
836,0.5,0.055999982999999996,0.3,0.20599998299999997
836,0.6,0.055999982999999996,0.3,0.23599998299999997
836,0.7,0.12153852279999999,0.2,0.2615385228
836,0.8,0.12153852279999999,0.2,0.2815385228
836,0.9,0.204933066,0.1,0.29493306599999997
836,1.0,0.204933066,0.1,0.304933066
837,0.1,0.055999982999999996,0.3,0.085999983
837,0.2,0.055999982999999996,0.3,0.115999983
837,0.3,0.055999982999999996,0.3,0.145999983
837,0.4,0.055999982999999996,0.3,0.17599998300000003
837,0.5,0.055999982999999996,0.3,0.20599998299999997
837,0.6,0.055999982999999996,0.3,0.23599998299999997
837,0.7,0.1845359058,0.1,0.25453590579999996
837,0.8,0.1845359058,0.1,0.2645359058
837,0.9,0.1845359058,0.1,0.2745359058
837,1.0,0.1845359058,0.1,0.2845359058
838,0.1,0.055999982999999996,0.2,0.075999983
838,0.2,0.055999982999999996,0.2,0.095999983
838,0.3,0.055999982999999996,0.2,0.11599998299999999
838,0.4,0.055999982999999996,0.2,0.135999983
838,0.5,0.055999982999999996,0.2,0.155999983
838,0.6,0.1078777886,0.1,0.16787778859999997
838,0.7,0.1078777886,0.1,0.17787778859999998
838,0.8,0.1078777886,0.1,0.18787778859999998
838,0.9,0.1078777886,0.1,0.1978777886
838,1.0,0.1078777886,0.1,0.2078777886
839,0.1,0.055999982999999996,0.1,0.065999983
839,0.2,0.055999982999999996,0.1,0.075999983
839,0.3,0.055999982999999996,0.1,0.085999983
839,0.4,0.055999982999999996,0.1,0.095999983
839,0.5,0.055999982999999996,0.1,0.10599998299999999
839,0.6,0.055999982999999996,0.1,0.11599998299999999
839,0.7,0.055999982999999996,0.1,0.12599998299999998
839,0.8,0.055999982999999996,0.1,0.135999983
839,0.9,0.055999982999999996,0.1,0.145999983
839,1.0,0.055999982999999996,0.1,0.155999983
840,0.1,0.055999982999999996,0.1,0.065999983
840,0.2,0.055999982999999996,0.1,0.075999983
840,0.3,0.055999982999999996,0.1,0.085999983
840,0.4,0.055999982999999996,0.1,0.095999983
840,0.5,0.055999982999999996,0.1,0.10599998299999999
840,0.6,0.055999982999999996,0.1,0.11599998299999999
840,0.7,0.055999982999999996,0.1,0.12599998299999998
840,0.8,0.055999982999999996,0.1,0.135999983
840,0.9,0.055999982999999996,0.1,0.145999983
840,1.0,0.055999982999999996,0.1,0.155999983
841,0.1,0.055999982999999996,0.2,0.075999983
841,0.2,0.0714686752,0.1,0.09146867519999999
841,0.3,0.0714686752,0.1,0.1014686752
841,0.4,0.0714686752,0.1,0.11146867519999999
841,0.5,0.0714686752,0.1,0.1214686752
841,0.6,0.0714686752,0.1,0.1314686752
841,0.7,0.0714686752,0.1,0.1414686752
841,0.8,0.0714686752,0.1,0.1514686752
841,0.9,0.0714686752,0.1,0.1614686752
841,1.0,0.0714686752,0.1,0.1714686752
842,0.1,0.055999982999999996,0.2,0.075999983
842,0.2,0.055999982999999996,0.2,0.095999983
842,0.3,0.055999982999999996,0.2,0.11599998299999999
842,0.4,0.055999982999999996,0.2,0.135999983
842,0.5,0.055999982999999996,0.2,0.155999983
842,0.6,0.11102154039999998,0.1,0.1710215404
842,0.7,0.11102154039999998,0.1,0.1810215404
842,0.8,0.11102154039999998,0.1,0.1910215404
842,0.9,0.11102154039999998,0.1,0.20102154039999998
842,1.0,0.11102154039999998,0.1,0.21102154039999999
843,0.1,0.055999982999999996,0.2,0.075999983
843,0.2,0.055999982999999996,0.2,0.095999983
843,0.3,0.07600296749999999,0.1,0.1060029675
843,0.4,0.07600296749999999,0.1,0.11600296750000001
843,0.5,0.07600296749999999,0.1,0.1260029675
843,0.6,0.07600296749999999,0.1,0.1360029675
843,0.7,0.07600296749999999,0.1,0.1460029675
843,0.8,0.07600296749999999,0.1,0.1560029675
843,0.9,0.07600296749999999,0.1,0.16600296750000001
843,1.0,0.07600296749999999,0.1,0.1760029675
844,0.1,0.0,1.0,0.1
844,0.2,0.0,1.0,0.2
844,0.3,0.0,1.0,0.3
844,0.4,0.1404649498,0.6,0.3804649498
844,0.5,0.1404649498,0.6,0.44046494979999995
844,0.6,0.1404649498,0.6,0.5004649497999999
844,0.7,0.1404649498,0.6,0.5604649497999998
844,0.8,0.1404649498,0.6,0.6204649498
844,0.9,0.223982078,0.5,0.6739820780000001
844,1.0,0.41329030099999997,0.3,0.713290301
845,0.1,0.055999982999999996,0.4,0.095999983
845,0.2,0.0822233956,0.2,0.12222339559999999
845,0.3,0.0822233956,0.2,0.1422233956
845,0.4,0.0822233956,0.2,0.16222339560000001
845,0.5,0.0822233956,0.2,0.18222339559999998
845,0.6,0.0822233956,0.2,0.2022233956
845,0.7,0.0822233956,0.2,0.22222339559999998
845,0.8,0.0822233956,0.2,0.2422233956
845,0.9,0.0822233956,0.2,0.2622233956
845,1.0,0.0822233956,0.2,0.2822233956
846,0.1,0.0,1.0,0.1
846,0.2,0.0,1.0,0.2
846,0.3,0.0,1.0,0.3
846,0.4,0.0,1.0,0.4
846,0.5,0.21298567899999998,0.5,0.462985679
846,0.6,0.21298567899999998,0.5,0.512985679
846,0.7,0.21298567899999998,0.5,0.562985679
846,0.8,0.21298567899999998,0.5,0.612985679
846,0.9,0.21298567899999998,0.5,0.6629856789999999
846,1.0,0.21298567899999998,0.5,0.712985679
847,0.1,0.055999982999999996,0.3,0.085999983
847,0.2,0.055999982999999996,0.3,0.115999983
847,0.3,0.055999982999999996,0.3,0.145999983
847,0.4,0.055999982999999996,0.3,0.17599998300000003
847,0.5,0.055999982999999996,0.3,0.20599998299999997
847,0.6,0.055999982999999996,0.3,0.23599998299999997
847,0.7,0.183167252,0.1,0.253167252
847,0.8,0.183167252,0.1,0.263167252
847,0.9,0.183167252,0.1,0.273167252
847,1.0,0.183167252,0.1,0.28316725200000004
848,0.1,0.0,1.0,0.1
848,0.2,0.0,1.0,0.2
848,0.3,0.0,1.0,0.3
848,0.4,0.1432682818,0.6,0.38326828180000005
848,0.5,0.19059129799999996,0.5,0.440591298
848,0.6,0.19059129799999996,0.5,0.490591298
848,0.7,0.19059129799999996,0.5,0.540591298
848,0.8,0.19059129799999996,0.5,0.590591298
848,0.9,0.19059129799999996,0.5,0.640591298
848,1.0,0.19059129799999996,0.5,0.690591298
849,0.1,0.055999982999999996,0.2,0.075999983
849,0.2,0.055999982999999996,0.2,0.095999983
849,0.3,0.055999982999999996,0.2,0.11599998299999999
849,0.4,0.055999982999999996,0.2,0.135999983
849,0.5,0.055999982999999996,0.2,0.155999983
849,0.6,0.055999982999999996,0.2,0.175999983
849,0.7,0.055999982999999996,0.2,0.195999983
849,0.8,0.055999982999999996,0.2,0.21599998300000003
849,0.9,0.055999982999999996,0.2,0.235999983
849,1.0,0.055999982999999996,0.2,0.255999983
850,0.1,0.055999982999999996,0.3,0.085999983
850,0.2,0.0750216316,0.2,0.11502163159999998
850,0.3,0.0750216316,0.2,0.1350216316
850,0.4,0.0750216316,0.2,0.1550216316
850,0.5,0.0750216316,0.2,0.1750216316
850,0.6,0.0750216316,0.2,0.1950216316
850,0.7,0.0750216316,0.2,0.21502163159999998
850,0.8,0.0750216316,0.2,0.2350216316
850,0.9,0.0750216316,0.2,0.2550216316
850,1.0,0.0750216316,0.2,0.2750216316
851,0.1,0.055999982999999996,0.2,0.075999983
851,0.2,0.055999982999999996,0.2,0.095999983
851,0.3,0.07600296749999999,0.1,0.1060029675
851,0.4,0.07600296749999999,0.1,0.11600296750000001
851,0.5,0.07600296749999999,0.1,0.1260029675
851,0.6,0.07600296749999999,0.1,0.1360029675
851,0.7,0.07600296749999999,0.1,0.1460029675
851,0.8,0.07600296749999999,0.1,0.1560029675
851,0.9,0.07600296749999999,0.1,0.16600296750000001
851,1.0,0.07600296749999999,0.1,0.1760029675
852,0.1,0.055999982999999996,0.4,0.095999983
852,0.2,0.0822233956,0.2,0.12222339559999999
852,0.3,0.0822233956,0.2,0.1422233956
852,0.4,0.0822233956,0.2,0.16222339560000001
852,0.5,0.0822233956,0.2,0.18222339559999998
852,0.6,0.0822233956,0.2,0.2022233956
852,0.7,0.0822233956,0.2,0.22222339559999998
852,0.8,0.0822233956,0.2,0.2422233956
852,0.9,0.0822233956,0.2,0.2622233956
852,1.0,0.0822233956,0.2,0.2822233956
853,0.1,0.055999982999999996,0.2,0.075999983
853,0.2,0.055999982999999996,0.2,0.095999983
853,0.3,0.0799200077,0.1,0.10992000770000002
853,0.4,0.0799200077,0.1,0.1199200077
853,0.5,0.0799200077,0.1,0.1299200077
853,0.6,0.0799200077,0.1,0.13992000770000002
853,0.7,0.0799200077,0.1,0.1499200077
853,0.8,0.0799200077,0.1,0.1599200077
853,0.9,0.0799200077,0.1,0.1699200077
853,1.0,0.0799200077,0.1,0.1799200077
854,0.1,0.055999982999999996,0.2,0.075999983
854,0.2,0.055999982999999996,0.2,0.095999983
854,0.3,0.055999982999999996,0.2,0.11599998299999999
854,0.4,0.055999982999999996,0.2,0.135999983
854,0.5,0.055999982999999996,0.2,0.155999983
854,0.6,0.1078777886,0.1,0.16787778859999997
854,0.7,0.1078777886,0.1,0.17787778859999998
854,0.8,0.1078777886,0.1,0.18787778859999998
854,0.9,0.1078777886,0.1,0.1978777886
854,1.0,0.1078777886,0.1,0.2078777886
855,0.1,0.055999982999999996,0.2,0.075999983
855,0.2,0.055999982999999996,0.2,0.095999983
855,0.3,0.055999982999999996,0.2,0.11599998299999999
855,0.4,0.055999982999999996,0.2,0.135999983
855,0.5,0.055999982999999996,0.2,0.155999983
855,0.6,0.055999982999999996,0.2,0.175999983
855,0.7,0.055999982999999996,0.2,0.195999983
855,0.8,0.055999982999999996,0.2,0.21599998300000003
855,0.9,0.055999982999999996,0.2,0.235999983
855,1.0,0.055999982999999996,0.2,0.255999983
856,0.1,0.0,1.0,0.1
856,0.2,0.0,1.0,0.2
856,0.3,0.0,1.0,0.3
856,0.4,0.0,1.0,0.4
856,0.5,0.21298567899999998,0.5,0.462985679
856,0.6,0.21298567899999998,0.5,0.512985679
856,0.7,0.21298567899999998,0.5,0.562985679
856,0.8,0.21298567899999998,0.5,0.612985679
856,0.9,0.21298567899999998,0.5,0.6629856789999999
856,1.0,0.21298567899999998,0.5,0.712985679
857,0.1,0.0,1.0,0.1
857,0.2,0.0,1.0,0.2
857,0.3,0.0,1.0,0.3
857,0.4,0.0,1.0,0.4
857,0.5,0.21298567899999998,0.5,0.462985679
857,0.6,0.21298567899999998,0.5,0.512985679
857,0.7,0.21298567899999998,0.5,0.562985679
857,0.8,0.21298567899999998,0.5,0.612985679
857,0.9,0.21298567899999998,0.5,0.6629856789999999
857,1.0,0.21298567899999998,0.5,0.712985679
858,0.1,0.0626267628,0.2,0.0826267628
858,0.2,0.07494338279999999,0.1,0.09494338279999999
858,0.3,0.07494338279999999,0.1,0.1049433828
858,0.4,0.07494338279999999,0.1,0.11494338279999998
858,0.5,0.07494338279999999,0.1,0.12494338279999999
858,0.6,0.07494338279999999,0.1,0.1349433828
858,0.7,0.07494338279999999,0.1,0.1449433828
858,0.8,0.07494338279999999,0.1,0.1549433828
858,0.9,0.07494338279999999,0.1,0.16494338279999998
858,1.0,0.07494338279999999,0.1,0.1749433828
859,0.1,0.055999982999999996,0.2,0.075999983
859,0.2,0.055999982999999996,0.2,0.095999983
859,0.3,0.055999982999999996,0.2,0.11599998299999999
859,0.4,0.055999982999999996,0.2,0.135999983
859,0.5,0.055999982999999996,0.2,0.155999983
859,0.6,0.055999982999999996,0.2,0.175999983
859,0.7,0.055999982999999996,0.2,0.195999983
859,0.8,0.055999982999999996,0.2,0.21599998300000003
859,0.9,0.055999982999999996,0.2,0.235999983
859,1.0,0.055999982999999996,0.2,0.255999983
860,0.1,0.0,1.0,0.1
860,0.2,0.0,1.0,0.2
860,0.3,0.0,1.0,0.3
860,0.4,0.1432682818,0.6,0.38326828180000005
860,0.5,0.19059129799999996,0.5,0.440591298
860,0.6,0.19059129799999996,0.5,0.490591298
860,0.7,0.19059129799999996,0.5,0.540591298
860,0.8,0.19059129799999996,0.5,0.590591298
860,0.9,0.19059129799999996,0.5,0.640591298
860,1.0,0.19059129799999996,0.5,0.690591298
861,0.1,0.055999982999999996,0.2,0.075999983
861,0.2,0.055999982999999996,0.2,0.095999983
861,0.3,0.055999982999999996,0.2,0.11599998299999999
861,0.4,0.055999982999999996,0.2,0.135999983
861,0.5,0.055999982999999996,0.2,0.155999983
861,0.6,0.055999982999999996,0.2,0.175999983
861,0.7,0.055999982999999996,0.2,0.195999983
861,0.8,0.055999982999999996,0.2,0.21599998300000003
861,0.9,0.055999982999999996,0.2,0.235999983
861,1.0,0.055999982999999996,0.2,0.255999983
862,0.1,0.055999982999999996,0.2,0.075999983
862,0.2,0.055999982999999996,0.2,0.095999983
862,0.3,0.055999982999999996,0.2,0.11599998299999999
862,0.4,0.055999982999999996,0.2,0.135999983
862,0.5,0.055999982999999996,0.2,0.155999983
862,0.6,0.055999982999999996,0.2,0.175999983
862,0.7,0.055999982999999996,0.2,0.195999983
862,0.8,0.055999982999999996,0.2,0.21599998300000003
862,0.9,0.055999982999999996,0.2,0.235999983
862,1.0,0.055999982999999996,0.2,0.255999983
863,0.1,0.055999982999999996,0.2,0.075999983
863,0.2,0.055999982999999996,0.2,0.095999983
863,0.3,0.055999982999999996,0.2,0.11599998299999999
863,0.4,0.055999982999999996,0.2,0.135999983
863,0.5,0.055999982999999996,0.2,0.155999983
863,0.6,0.055999982999999996,0.2,0.175999983
863,0.7,0.055999982999999996,0.2,0.195999983
863,0.8,0.055999982999999996,0.2,0.21599998300000003
863,0.9,0.055999982999999996,0.2,0.235999983
863,1.0,0.055999982999999996,0.2,0.255999983
864,0.1,0.0,1.0,0.1
864,0.2,0.0,1.0,0.2
864,0.3,0.0,1.0,0.3
864,0.4,0.14326828179999998,0.6,0.38326828180000005
864,0.5,0.190591298,0.5,0.440591298
864,0.6,0.190591298,0.5,0.490591298
864,0.7,0.190591298,0.5,0.540591298
864,0.8,0.190591298,0.5,0.590591298
864,0.9,0.190591298,0.5,0.640591298
864,1.0,0.190591298,0.5,0.690591298
865,0.1,0.055999982999999996,0.1,0.065999983
865,0.2,0.055999982999999996,0.1,0.075999983
865,0.3,0.055999982999999996,0.1,0.085999983
865,0.4,0.055999982999999996,0.1,0.095999983
865,0.5,0.055999982999999996,0.1,0.10599998299999999
865,0.6,0.055999982999999996,0.1,0.11599998299999999
865,0.7,0.055999982999999996,0.1,0.12599998299999998
865,0.8,0.055999982999999996,0.1,0.135999983
865,0.9,0.055999982999999996,0.1,0.145999983
865,1.0,0.055999982999999996,0.1,0.155999983
866,0.1,0.055999982999999996,0.1,0.065999983
866,0.2,0.055999982999999996,0.1,0.075999983
866,0.3,0.055999982999999996,0.1,0.085999983
866,0.4,0.055999982999999996,0.1,0.095999983
866,0.5,0.055999982999999996,0.1,0.10599998299999999
866,0.6,0.11466661999999998,0.0,0.11466661999999998
866,0.7,0.11466661999999998,0.0,0.11466661999999998
866,0.8,0.11466661999999998,0.0,0.11466661999999998
866,0.9,0.11466661999999998,0.0,0.11466661999999998
866,1.0,0.11466661999999998,0.0,0.11466661999999998
867,0.1,0.06184909000000001,0.2,0.08184909
867,0.2,0.06184909000000001,0.2,0.10184909000000002
867,0.3,0.06184909000000001,0.2,0.12184909
867,0.4,0.06184909000000001,0.2,0.14184909
867,0.5,0.06184909000000001,0.2,0.16184909
867,0.6,0.06184909000000001,0.2,0.18184909
867,0.7,0.06184909000000001,0.2,0.20184908999999998
867,0.8,0.06184909000000001,0.2,0.22184909
867,0.9,0.06184909000000001,0.2,0.24184909000000002
867,1.0,0.06184909000000001,0.2,0.26184909
868,0.1,0.055999982999999996,0.2,0.075999983
868,0.2,0.055999982999999996,0.2,0.095999983
868,0.3,0.055999982999999996,0.2,0.11599998299999999
868,0.4,0.055999982999999996,0.2,0.135999983
868,0.5,0.055999982999999996,0.2,0.155999983
868,0.6,0.055999982999999996,0.2,0.175999983
868,0.7,0.055999982999999996,0.2,0.195999983
868,0.8,0.055999982999999996,0.2,0.21599998300000003
868,0.9,0.055999982999999996,0.2,0.235999983
868,1.0,0.15276290099999998,0.1,0.252762901
869,0.1,0.055999982999999996,0.2,0.075999983
869,0.2,0.055999982999999996,0.2,0.095999983
869,0.3,0.055999982999999996,0.2,0.11599998299999999
869,0.4,0.055999982999999996,0.2,0.135999983
869,0.5,0.055999982999999996,0.2,0.155999983
869,0.6,0.055999982999999996,0.2,0.175999983
869,0.7,0.055999982999999996,0.2,0.195999983
869,0.8,0.055999982999999996,0.2,0.21599998300000003
869,0.9,0.055999982999999996,0.2,0.235999983
869,1.0,0.055999982999999996,0.2,0.255999983
870,0.1,0.059329224699999995,0.3,0.0893292247
870,0.2,0.059329224699999995,0.3,0.1193292247
870,0.3,0.059329224699999995,0.3,0.14932922469999999
870,0.4,0.059329224699999995,0.3,0.1793292247
870,0.5,0.059329224699999995,0.3,0.20932922469999998
870,0.6,0.059329224699999995,0.3,0.23932922469999998
870,0.7,0.059329224699999995,0.3,0.2693292247
870,0.8,0.1305992647,0.2,0.2905992647
870,0.9,0.29999982,0.0,0.29999982
870,1.0,0.29999982,0.0,0.29999982
871,0.1,0.055999982999999996,0.2,0.075999983
871,0.2,0.055999982999999996,0.2,0.095999983
871,0.3,0.0799200077,0.1,0.10992000770000002
871,0.4,0.0799200077,0.1,0.1199200077
871,0.5,0.0799200077,0.1,0.1299200077
871,0.6,0.0799200077,0.1,0.13992000770000002
871,0.7,0.0799200077,0.1,0.1499200077
871,0.8,0.0799200077,0.1,0.1599200077
871,0.9,0.0799200077,0.1,0.1699200077
871,1.0,0.0799200077,0.1,0.1799200077
872,0.1,0.0625943045,0.1,0.0725943045
872,0.2,0.0625943045,0.1,0.08259430450000001
872,0.3,0.0625943045,0.1,0.09259430449999999
872,0.4,0.0625943045,0.1,0.1025943045
872,0.5,0.0625943045,0.1,0.1125943045
872,0.6,0.0625943045,0.1,0.1225943045
872,0.7,0.0625943045,0.1,0.13259430449999998
872,0.8,0.0625943045,0.1,0.1425943045
872,0.9,0.0625943045,0.1,0.1525943045
872,1.0,0.0625943045,0.1,0.1625943045
873,0.1,0.06184909000000001,0.2,0.08184909
873,0.2,0.06184909000000001,0.2,0.10184909000000002
873,0.3,0.06184909000000001,0.2,0.12184909
873,0.4,0.06184909000000001,0.2,0.14184909
873,0.5,0.06184909000000001,0.2,0.16184909
873,0.6,0.06184909000000001,0.2,0.18184909
873,0.7,0.06184909000000001,0.2,0.20184908999999998
873,0.8,0.06184909000000001,0.2,0.22184909
873,0.9,0.06184909000000001,0.2,0.24184909000000002
873,1.0,0.06184909000000001,0.2,0.26184909
874,0.1,0.055999982999999996,0.3,0.085999983
874,0.2,0.055999982999999996,0.3,0.115999983
874,0.3,0.055999982999999996,0.3,0.145999983
874,0.4,0.055999982999999996,0.3,0.17599998300000003
874,0.5,0.055999982999999996,0.3,0.20599998299999997
874,0.6,0.055999982999999996,0.3,0.23599998299999997
874,0.7,0.12153852279999999,0.2,0.2615385228
874,0.8,0.12153852279999999,0.2,0.2815385228
874,0.9,0.204933066,0.1,0.29493306599999997
874,1.0,0.204933066,0.1,0.304933066
875,0.1,0.055999982999999996,0.1,0.065999983
875,0.2,0.055999982999999996,0.1,0.075999983
875,0.3,0.055999982999999996,0.1,0.085999983
875,0.4,0.055999982999999996,0.1,0.095999983
875,0.5,0.055999982999999996,0.1,0.10599998299999999
875,0.6,0.055999982999999996,0.1,0.11599998299999999
875,0.7,0.055999982999999996,0.1,0.12599998299999998
875,0.8,0.055999982999999996,0.1,0.135999983
875,0.9,0.055999982999999996,0.1,0.145999983
875,1.0,0.055999982999999996,0.1,0.155999983
876,0.1,0.055999982999999996,0.3,0.085999983
876,0.2,0.055999982999999996,0.3,0.115999983
876,0.3,0.055999982999999996,0.3,0.145999983
876,0.4,0.055999982999999996,0.3,0.17599998300000003
876,0.5,0.055999982999999996,0.3,0.20599998299999997
876,0.6,0.055999982999999996,0.3,0.23599998299999997
876,0.7,0.183167252,0.1,0.253167252
876,0.8,0.183167252,0.1,0.263167252
876,0.9,0.183167252,0.1,0.273167252
876,1.0,0.183167252,0.1,0.283167252
877,0.1,0.055999982999999996,0.3,0.085999983
877,0.2,0.055999982999999996,0.3,0.115999983
877,0.3,0.055999982999999996,0.3,0.145999983
877,0.4,0.055999982999999996,0.3,0.17599998300000003
877,0.5,0.055999982999999996,0.3,0.20599998299999997
877,0.6,0.055999982999999996,0.3,0.23599998299999997
877,0.7,0.12153852279999999,0.2,0.2615385228
877,0.8,0.12153852279999999,0.2,0.2815385228
877,0.9,0.204933066,0.1,0.29493306599999997
877,1.0,0.204933066,0.1,0.304933066
878,0.1,0.055999982999999996,0.2,0.075999983
878,0.2,0.055999982999999996,0.2,0.095999983
878,0.3,0.055999982999999996,0.2,0.11599998299999999
878,0.4,0.055999982999999996,0.2,0.135999983
878,0.5,0.055999982999999996,0.2,0.155999983
878,0.6,0.055999982999999996,0.2,0.175999983
878,0.7,0.055999982999999996,0.2,0.195999983
878,0.8,0.055999982999999996,0.2,0.21599998300000003
878,0.9,0.055999982999999996,0.2,0.235999983
878,1.0,0.055999982999999996,0.2,0.255999983
879,0.1,0.055999982999999996,0.2,0.075999983
879,0.2,0.055999982999999996,0.2,0.095999983
879,0.3,0.055999982999999996,0.2,0.11599998299999999
879,0.4,0.055999982999999996,0.2,0.135999983
879,0.5,0.055999982999999996,0.2,0.155999983
879,0.6,0.055999982999999996,0.2,0.175999983
879,0.7,0.055999982999999996,0.2,0.195999983
879,0.8,0.055999982999999996,0.2,0.21599998300000003
879,0.9,0.055999982999999996,0.2,0.235999983
879,1.0,0.055999982999999996,0.2,0.255999983
880,0.1,0.055999982999999996,0.1,0.065999983
880,0.2,0.055999982999999996,0.1,0.075999983
880,0.3,0.055999982999999996,0.1,0.085999983
880,0.4,0.055999982999999996,0.1,0.095999983
880,0.5,0.055999982999999996,0.1,0.10599998299999999
880,0.6,0.055999982999999996,0.1,0.11599998299999999
880,0.7,0.055999982999999996,0.1,0.12599998299999998
880,0.8,0.055999982999999996,0.1,0.135999983
880,0.9,0.055999982999999996,0.1,0.145999983
880,1.0,0.055999982999999996,0.1,0.155999983
881,0.1,0.06184909000000001,0.2,0.08184909
881,0.2,0.06184909000000001,0.2,0.10184909000000002
881,0.3,0.06184909000000001,0.2,0.12184909
881,0.4,0.06184909000000001,0.2,0.14184909
881,0.5,0.06184909000000001,0.2,0.16184909
881,0.6,0.06184909000000001,0.2,0.18184909
881,0.7,0.06184909000000001,0.2,0.20184908999999998
881,0.8,0.06184909000000001,0.2,0.22184909
881,0.9,0.06184909000000001,0.2,0.24184909000000002
881,1.0,0.06184909000000001,0.2,0.26184909
882,0.1,0.06184909000000001,0.2,0.08184909
882,0.2,0.06184909000000001,0.2,0.10184909000000002
882,0.3,0.06184909000000001,0.2,0.12184909
882,0.4,0.06184909000000001,0.2,0.14184909
882,0.5,0.06184909000000001,0.2,0.16184909
882,0.6,0.06184909000000001,0.2,0.18184909
882,0.7,0.06184909000000001,0.2,0.20184908999999998
882,0.8,0.06184909000000001,0.2,0.22184909
882,0.9,0.06184909000000001,0.2,0.24184909000000002
882,1.0,0.06184909000000001,0.2,0.26184909
883,0.1,0.055999982999999996,0.2,0.075999983
883,0.2,0.055999982999999996,0.2,0.095999983
883,0.3,0.055999982999999996,0.2,0.11599998299999999
883,0.4,0.055999982999999996,0.2,0.135999983
883,0.5,0.055999982999999996,0.2,0.155999983
883,0.6,0.11482017940000003,0.1,0.17482017940000003
883,0.7,0.11482017940000003,0.1,0.1848201794
883,0.8,0.11482017940000003,0.1,0.19482017940000002
883,0.9,0.11482017940000003,0.1,0.20482017940000002
883,1.0,0.11482017940000003,0.1,0.21482017940000003
884,0.1,0.06184909000000001,0.2,0.08184909
884,0.2,0.06184909000000001,0.2,0.10184909000000002
884,0.3,0.06184909000000001,0.2,0.12184909
884,0.4,0.06184909000000001,0.2,0.14184909
884,0.5,0.06184909000000001,0.2,0.16184909
884,0.6,0.06184909000000001,0.2,0.18184909
884,0.7,0.06184909000000001,0.2,0.20184908999999998
884,0.8,0.06184909000000001,0.2,0.22184909
884,0.9,0.06184909000000001,0.2,0.24184909000000002
884,1.0,0.06184909000000001,0.2,0.26184909
885,0.1,0.0,1.0,0.1
885,0.2,0.0,1.0,0.2
885,0.3,0.0,1.0,0.3
885,0.4,0.1404649498,0.6,0.3804649498
885,0.5,0.1404649498,0.6,0.44046494979999995
885,0.6,0.1404649498,0.6,0.5004649497999999
885,0.7,0.1404649498,0.6,0.5604649497999998
885,0.8,0.1404649498,0.6,0.6204649498
885,0.9,0.223982078,0.5,0.6739820780000001
885,1.0,0.41329030099999997,0.3,0.713290301
886,0.1,0.055999982999999996,0.3,0.085999983
886,0.2,0.055999982999999996,0.3,0.115999983
886,0.3,0.055999982999999996,0.3,0.145999983
886,0.4,0.055999982999999996,0.3,0.17599998300000003
886,0.5,0.055999982999999996,0.3,0.20599998299999997
886,0.6,0.055999982999999996,0.3,0.23599998299999997
886,0.7,0.12153852279999999,0.2,0.2615385228
886,0.8,0.12153852279999999,0.2,0.2815385228
886,0.9,0.204933066,0.1,0.29493306599999997
886,1.0,0.204933066,0.1,0.304933066
887,0.1,0.055999982999999996,0.2,0.075999983
887,0.2,0.055999982999999996,0.2,0.095999983
887,0.3,0.055999982999999996,0.2,0.11599998299999999
887,0.4,0.055999982999999996,0.2,0.135999983
887,0.5,0.055999982999999996,0.2,0.155999983
887,0.6,0.1078777886,0.1,0.16787778859999997
887,0.7,0.1078777886,0.1,0.17787778859999998
887,0.8,0.1078777886,0.1,0.18787778859999998
887,0.9,0.1078777886,0.1,0.1978777886
887,1.0,0.1078777886,0.1,0.2078777886
888,0.1,0.055999982999999996,0.1,0.065999983
888,0.2,0.055999982999999996,0.1,0.075999983
888,0.3,0.055999982999999996,0.1,0.085999983
888,0.4,0.055999982999999996,0.1,0.095999983
888,0.5,0.055999982999999996,0.1,0.10599998299999999
888,0.6,0.055999982999999996,0.1,0.11599998299999999
888,0.7,0.055999982999999996,0.1,0.12599998299999998
888,0.8,0.055999982999999996,0.1,0.135999983
888,0.9,0.055999982999999996,0.1,0.145999983
888,1.0,0.055999982999999996,0.1,0.155999983
889,0.1,0.055999982999999996,0.2,0.075999983
889,0.2,0.055999982999999996,0.2,0.095999983
889,0.3,0.055999982999999996,0.2,0.11599998299999999
889,0.4,0.055999982999999996,0.2,0.135999983
889,0.5,0.055999982999999996,0.2,0.155999983
889,0.6,0.055999982999999996,0.2,0.175999983
889,0.7,0.055999982999999996,0.2,0.195999983
889,0.8,0.055999982999999996,0.2,0.21599998300000003
889,0.9,0.055999982999999996,0.2,0.235999983
889,1.0,0.055999982999999996,0.2,0.255999983
890,0.1,0.055999982999999996,0.2,0.075999983
890,0.2,0.055999982999999996,0.2,0.095999983
890,0.3,0.055999982999999996,0.2,0.11599998299999999
890,0.4,0.055999982999999996,0.2,0.135999983
890,0.5,0.055999982999999996,0.2,0.155999983
890,0.6,0.055999982999999996,0.2,0.175999983
890,0.7,0.055999982999999996,0.2,0.195999983
890,0.8,0.055999982999999996,0.2,0.21599998300000003
890,0.9,0.055999982999999996,0.2,0.235999983
890,1.0,0.055999982999999996,0.2,0.255999983
891,0.1,0.055999982999999996,0.1,0.065999983
891,0.2,0.055999982999999996,0.1,0.075999983
891,0.3,0.055999982999999996,0.1,0.085999983
891,0.4,0.055999982999999996,0.1,0.095999983
891,0.5,0.055999982999999996,0.1,0.10599998299999999
891,0.6,0.055999982999999996,0.1,0.11599998299999999
891,0.7,0.055999982999999996,0.1,0.12599998299999998
891,0.8,0.055999982999999996,0.1,0.135999983
891,0.9,0.055999982999999996,0.1,0.145999983
891,1.0,0.055999982999999996,0.1,0.155999983
892,0.1,0.055999982999999996,0.4,0.095999983
892,0.2,0.0805328488,0.2,0.12053284880000001
892,0.3,0.0805328488,0.2,0.1405328488
892,0.4,0.0805328488,0.2,0.16053284880000002
892,0.5,0.0805328488,0.2,0.1805328488
892,0.6,0.0805328488,0.2,0.2005328488
892,0.7,0.0805328488,0.2,0.22053284880000001
892,0.8,0.0805328488,0.2,0.24053284880000003
892,0.9,0.0805328488,0.2,0.2605328488
892,1.0,0.0805328488,0.2,0.28053284879999996
893,0.1,0.059329224699999995,0.3,0.0893292247
893,0.2,0.059329224699999995,0.3,0.1193292247
893,0.3,0.059329224699999995,0.3,0.14932922469999999
893,0.4,0.059329224699999995,0.3,0.1793292247
893,0.5,0.059329224699999995,0.3,0.20932922469999998
893,0.6,0.059329224699999995,0.3,0.23932922469999998
893,0.7,0.059329224699999995,0.3,0.2693292247
893,0.8,0.1305992647,0.2,0.2905992647
893,0.9,0.29999982,0.0,0.29999982
893,1.0,0.29999982,0.0,0.29999982
894,0.1,0.055999982999999996,0.1,0.065999983
894,0.2,0.055999982999999996,0.1,0.075999983
894,0.3,0.055999982999999996,0.1,0.085999983
894,0.4,0.055999982999999996,0.1,0.095999983
894,0.5,0.055999982999999996,0.1,0.10599998299999999
894,0.6,0.11466661999999998,0.0,0.11466661999999998
894,0.7,0.11466661999999998,0.0,0.11466661999999998
894,0.8,0.11466661999999998,0.0,0.11466661999999998
894,0.9,0.11466661999999998,0.0,0.11466661999999998
894,1.0,0.11466661999999998,0.0,0.11466661999999998
895,0.1,0.0626267628,0.2,0.0826267628
895,0.2,0.07494338279999999,0.1,0.09494338279999999
895,0.3,0.07494338279999999,0.1,0.1049433828
895,0.4,0.07494338279999999,0.1,0.11494338279999998
895,0.5,0.07494338279999999,0.1,0.12494338279999999
895,0.6,0.07494338279999999,0.1,0.1349433828
895,0.7,0.07494338279999999,0.1,0.1449433828
895,0.8,0.07494338279999999,0.1,0.1549433828
895,0.9,0.07494338279999999,0.1,0.16494338279999998
895,1.0,0.07494338279999999,0.1,0.1749433828
896,0.1,0.055999982999999996,0.3,0.085999983
896,0.2,0.055999982999999996,0.3,0.115999983
896,0.3,0.055999982999999996,0.3,0.145999983
896,0.4,0.055999982999999996,0.3,0.17599998300000003
896,0.5,0.055999982999999996,0.3,0.20599998299999997
896,0.6,0.055999982999999996,0.3,0.23599998299999997
896,0.7,0.12153852279999999,0.2,0.2615385228
896,0.8,0.12153852279999999,0.2,0.2815385228
896,0.9,0.204933066,0.1,0.29493306599999997
896,1.0,0.204933066,0.1,0.304933066
897,0.1,0.06184909000000001,0.2,0.08184909
897,0.2,0.06184909000000001,0.2,0.10184909000000002
897,0.3,0.06184909000000001,0.2,0.12184909
897,0.4,0.06184909000000001,0.2,0.14184909
897,0.5,0.06184909000000001,0.2,0.16184909
897,0.6,0.06184909000000001,0.2,0.18184909
897,0.7,0.06184909000000001,0.2,0.20184908999999998
897,0.8,0.06184909000000001,0.2,0.22184909
897,0.9,0.06184909000000001,0.2,0.24184909000000002
897,1.0,0.06184909000000001,0.2,0.26184909
898,0.1,0.055999982999999996,0.1,0.065999983
898,0.2,0.055999982999999996,0.1,0.075999983
898,0.3,0.055999982999999996,0.1,0.085999983
898,0.4,0.055999982999999996,0.1,0.095999983
898,0.5,0.055999982999999996,0.1,0.10599998299999999
898,0.6,0.055999982999999996,0.1,0.11599998299999999
898,0.7,0.055999982999999996,0.1,0.12599998299999998
898,0.8,0.055999982999999996,0.1,0.135999983
898,0.9,0.055999982999999996,0.1,0.145999983
898,1.0,0.055999982999999996,0.1,0.155999983
899,0.1,0.055999982999999996,0.3,0.085999983
899,0.2,0.055999982999999996,0.3,0.115999983
899,0.3,0.055999982999999996,0.3,0.145999983
899,0.4,0.055999982999999996,0.3,0.17599998300000003
899,0.5,0.055999982999999996,0.3,0.20599998299999997
899,0.6,0.055999982999999996,0.3,0.23599998299999997
899,0.7,0.12153852279999999,0.2,0.2615385228
899,0.8,0.12153852279999999,0.2,0.2815385228
899,0.9,0.204933066,0.1,0.29493306599999997
899,1.0,0.204933066,0.1,0.304933066
900,0.1,0.056276605300000004,0.3,0.0862766053
900,0.2,0.056276605300000004,0.3,0.11627660530000002
900,0.3,0.056276605300000004,0.3,0.1462766053
900,0.4,0.056276605300000004,0.3,0.17627660530000003
900,0.5,0.056276605300000004,0.3,0.20627660529999997
900,0.6,0.056276605300000004,0.3,0.23627660529999997
900,0.7,0.056276605300000004,0.3,0.26627660529999997
900,0.8,0.056276605300000004,0.3,0.2962766053
900,0.9,0.29999982,0.0,0.29999982
900,1.0,0.29999982,0.0,0.29999982
901,0.1,0.06184909000000001,0.2,0.08184909
901,0.2,0.06184909000000001,0.2,0.10184909000000002
901,0.3,0.06184909000000001,0.2,0.12184909
901,0.4,0.06184909000000001,0.2,0.14184909
901,0.5,0.06184909000000001,0.2,0.16184909
901,0.6,0.06184909000000001,0.2,0.18184909
901,0.7,0.06184909000000001,0.2,0.20184908999999998
901,0.8,0.06184909000000001,0.2,0.22184909
901,0.9,0.06184909000000001,0.2,0.24184909000000002
901,1.0,0.06184909000000001,0.2,0.26184909
902,0.1,0.059329224699999995,0.3,0.0893292247
902,0.2,0.059329224699999995,0.3,0.1193292247
902,0.3,0.059329224699999995,0.3,0.14932922469999999
902,0.4,0.059329224699999995,0.3,0.1793292247
902,0.5,0.059329224699999995,0.3,0.20932922469999998
902,0.6,0.059329224699999995,0.3,0.23932922469999998
902,0.7,0.059329224699999995,0.3,0.2693292247
902,0.8,0.1305992647,0.2,0.2905992647
902,0.9,0.29999982,0.0,0.29999982
902,1.0,0.29999982,0.0,0.29999982
903,0.1,0.055999982999999996,0.2,0.075999983
903,0.2,0.055999982999999996,0.2,0.095999983
903,0.3,0.055999982999999996,0.2,0.11599998299999999
903,0.4,0.055999982999999996,0.2,0.135999983
903,0.5,0.055999982999999996,0.2,0.155999983
903,0.6,0.055999982999999996,0.2,0.175999983
903,0.7,0.055999982999999996,0.2,0.195999983
903,0.8,0.055999982999999996,0.2,0.21599998300000003
903,0.9,0.055999982999999996,0.2,0.235999983
903,1.0,0.055999982999999996,0.2,0.255999983
904,0.1,0.0,1.0,0.1
904,0.2,0.0,1.0,0.2
904,0.3,0.0,1.0,0.3
904,0.4,0.14326828179999998,0.6,0.38326828180000005
904,0.5,0.190591298,0.5,0.440591298
904,0.6,0.190591298,0.5,0.490591298
904,0.7,0.190591298,0.5,0.540591298
904,0.8,0.190591298,0.5,0.590591298
904,0.9,0.190591298,0.5,0.640591298
904,1.0,0.190591298,0.5,0.690591298
905,0.1,0.055999982999999996,0.4,0.095999983
905,0.2,0.0805328488,0.2,0.12053284880000001
905,0.3,0.0805328488,0.2,0.1405328488
905,0.4,0.0805328488,0.2,0.16053284880000002
905,0.5,0.0805328488,0.2,0.1805328488
905,0.6,0.0805328488,0.2,0.2005328488
905,0.7,0.0805328488,0.2,0.22053284880000001
905,0.8,0.0805328488,0.2,0.24053284880000003
905,0.9,0.0805328488,0.2,0.2605328488
905,1.0,0.0805328488,0.2,0.28053284879999996
906,0.1,0.055999982999999996,0.1,0.065999983
906,0.2,0.055999982999999996,0.1,0.075999983
906,0.3,0.055999982999999996,0.1,0.085999983
906,0.4,0.055999982999999996,0.1,0.095999983
906,0.5,0.055999982999999996,0.1,0.10599998299999999
906,0.6,0.055999982999999996,0.1,0.11599998299999999
906,0.7,0.055999982999999996,0.1,0.12599998299999998
906,0.8,0.055999982999999996,0.1,0.135999983
906,0.9,0.055999982999999996,0.1,0.145999983
906,1.0,0.055999982999999996,0.1,0.155999983
907,0.1,0.055999982999999996,0.2,0.075999983
907,0.2,0.055999982999999996,0.2,0.095999983
907,0.3,0.055999982999999996,0.2,0.11599998299999999
907,0.4,0.055999982999999996,0.2,0.135999983
907,0.5,0.055999982999999996,0.2,0.155999983
907,0.6,0.11102154039999998,0.1,0.1710215404
907,0.7,0.11102154039999998,0.1,0.1810215404
907,0.8,0.11102154039999998,0.1,0.1910215404
907,0.9,0.11102154039999998,0.1,0.20102154039999998
907,1.0,0.11102154039999998,0.1,0.21102154039999999
908,0.1,0.055999982999999996,0.1,0.065999983
908,0.2,0.055999982999999996,0.1,0.075999983
908,0.3,0.055999982999999996,0.1,0.085999983
908,0.4,0.055999982999999996,0.1,0.095999983
908,0.5,0.055999982999999996,0.1,0.10599998299999999
908,0.6,0.055999982999999996,0.1,0.11599998299999999
908,0.7,0.055999982999999996,0.1,0.12599998299999998
908,0.8,0.055999982999999996,0.1,0.135999983
908,0.9,0.055999982999999996,0.1,0.145999983
908,1.0,0.055999982999999996,0.1,0.155999983
909,0.1,0.055999982999999996,0.2,0.075999983
909,0.2,0.055999982999999996,0.2,0.095999983
909,0.3,0.055999982999999996,0.2,0.11599998299999999
909,0.4,0.055999982999999996,0.2,0.135999983
909,0.5,0.055999982999999996,0.2,0.155999983
909,0.6,0.055999982999999996,0.2,0.175999983
909,0.7,0.055999982999999996,0.2,0.195999983
909,0.8,0.055999982999999996,0.2,0.21599998300000003
909,0.9,0.055999982999999996,0.2,0.235999983
909,1.0,0.055999982999999996,0.2,0.255999983
910,0.1,0.06184909000000001,0.2,0.08184909
910,0.2,0.06184909000000001,0.2,0.10184909000000002
910,0.3,0.06184909000000001,0.2,0.12184909
910,0.4,0.06184909000000001,0.2,0.14184909
910,0.5,0.06184909000000001,0.2,0.16184909
910,0.6,0.06184909000000001,0.2,0.18184909
910,0.7,0.06184909000000001,0.2,0.20184908999999998
910,0.8,0.06184909000000001,0.2,0.22184909
910,0.9,0.06184909000000001,0.2,0.24184909000000002
910,1.0,0.06184909000000001,0.2,0.26184909
911,0.1,0.055999982999999996,0.2,0.075999983
911,0.2,0.055999982999999996,0.2,0.095999983
911,0.3,0.055999982999999996,0.2,0.11599998299999999
911,0.4,0.055999982999999996,0.2,0.135999983
911,0.5,0.055999982999999996,0.2,0.155999983
911,0.6,0.055999982999999996,0.2,0.175999983
911,0.7,0.055999982999999996,0.2,0.195999983
911,0.8,0.055999982999999996,0.2,0.21599998300000003
911,0.9,0.055999982999999996,0.2,0.235999983
911,1.0,0.055999982999999996,0.2,0.255999983
912,0.1,0.055999982999999996,0.1,0.065999983
912,0.2,0.055999982999999996,0.1,0.075999983
912,0.3,0.055999982999999996,0.1,0.085999983
912,0.4,0.055999982999999996,0.1,0.095999983
912,0.5,0.055999982999999996,0.1,0.10599998299999999
912,0.6,0.11466661999999998,0.0,0.11466661999999998
912,0.7,0.11466661999999998,0.0,0.11466661999999998
912,0.8,0.11466661999999998,0.0,0.11466661999999998
912,0.9,0.11466661999999998,0.0,0.11466661999999998
912,1.0,0.11466661999999998,0.0,0.11466661999999998
913,0.1,0.055999982999999996,0.3,0.085999983
913,0.2,0.055999982999999996,0.3,0.115999983
913,0.3,0.055999982999999996,0.3,0.145999983
913,0.4,0.055999982999999996,0.3,0.17599998300000003
913,0.5,0.055999982999999996,0.3,0.20599998299999997
913,0.6,0.055999982999999996,0.3,0.23599998299999997
913,0.7,0.12153852279999999,0.2,0.2615385228
913,0.8,0.12153852279999999,0.2,0.2815385228
913,0.9,0.204933066,0.1,0.29493306599999997
913,1.0,0.204933066,0.1,0.304933066
914,0.1,0.0626267628,0.2,0.0826267628
914,0.2,0.07494338279999999,0.1,0.09494338279999999
914,0.3,0.07494338279999999,0.1,0.1049433828
914,0.4,0.07494338279999999,0.1,0.11494338279999998
914,0.5,0.07494338279999999,0.1,0.12494338279999999
914,0.6,0.07494338279999999,0.1,0.1349433828
914,0.7,0.07494338279999999,0.1,0.1449433828
914,0.8,0.07494338279999999,0.1,0.1549433828
914,0.9,0.07494338279999999,0.1,0.16494338279999998
914,1.0,0.07494338279999999,0.1,0.1749433828
915,0.1,0.0,1.0,0.1
915,0.2,0.0,1.0,0.2
915,0.3,0.0,1.0,0.3
915,0.4,0.1404649498,0.6,0.3804649498
915,0.5,0.1404649498,0.6,0.44046494979999995
915,0.6,0.1404649498,0.6,0.5004649497999999
915,0.7,0.1404649498,0.6,0.5604649497999998
915,0.8,0.1404649498,0.6,0.6204649498
915,0.9,0.223982078,0.5,0.6739820780000001
915,1.0,0.41329030099999997,0.3,0.713290301
916,0.1,0.0,1.0,0.1
916,0.2,0.0,1.0,0.2
916,0.3,0.0,1.0,0.3
916,0.4,0.14326828179999998,0.6,0.38326828180000005
916,0.5,0.190591298,0.5,0.440591298
916,0.6,0.190591298,0.5,0.490591298
916,0.7,0.190591298,0.5,0.540591298
916,0.8,0.190591298,0.5,0.590591298
916,0.9,0.190591298,0.5,0.640591298
916,1.0,0.190591298,0.5,0.690591298
917,0.1,0.0625943045,0.1,0.0725943045
917,0.2,0.0625943045,0.1,0.08259430450000001
917,0.3,0.0625943045,0.1,0.09259430449999999
917,0.4,0.0625943045,0.1,0.1025943045
917,0.5,0.0625943045,0.1,0.1125943045
917,0.6,0.0625943045,0.1,0.1225943045
917,0.7,0.0625943045,0.1,0.13259430449999998
917,0.8,0.0625943045,0.1,0.1425943045
917,0.9,0.0625943045,0.1,0.1525943045
917,1.0,0.0625943045,0.1,0.1625943045
918,0.1,0.0,1.0,0.1
918,0.2,0.0,1.0,0.2
918,0.3,0.0,1.0,0.3
918,0.4,0.30527308799999997,0.0,0.30527308799999997
918,0.5,0.30527308799999997,0.0,0.30527308799999997
918,0.6,0.30527308799999997,0.0,0.30527308799999997
918,0.7,0.30527308799999997,0.0,0.30527308799999997
918,0.8,0.30527308799999997,0.0,0.30527308799999997
918,0.9,0.30527308799999997,0.0,0.30527308799999997
918,1.0,0.30527308799999997,0.0,0.30527308799999997
919,0.1,0.0626267628,0.2,0.0826267628
919,0.2,0.07494338279999999,0.1,0.09494338279999999
919,0.3,0.07494338279999999,0.1,0.1049433828
919,0.4,0.07494338279999999,0.1,0.11494338279999998
919,0.5,0.07494338279999999,0.1,0.12494338279999999
919,0.6,0.07494338279999999,0.1,0.1349433828
919,0.7,0.07494338279999999,0.1,0.1449433828
919,0.8,0.07494338279999999,0.1,0.1549433828
919,0.9,0.07494338279999999,0.1,0.16494338279999998
919,1.0,0.07494338279999999,0.1,0.1749433828
920,0.1,0.0625943045,0.1,0.0725943045
920,0.2,0.0625943045,0.1,0.08259430450000001
920,0.3,0.0625943045,0.1,0.09259430449999999
920,0.4,0.0625943045,0.1,0.1025943045
920,0.5,0.0625943045,0.1,0.1125943045
920,0.6,0.0625943045,0.1,0.1225943045
920,0.7,0.0625943045,0.1,0.13259430449999998
920,0.8,0.0625943045,0.1,0.1425943045
920,0.9,0.0625943045,0.1,0.1525943045
920,1.0,0.0625943045,0.1,0.1625943045
921,0.1,0.055999982999999996,0.2,0.075999983
921,0.2,0.055999982999999996,0.2,0.095999983
921,0.3,0.055999982999999996,0.2,0.11599998299999999
921,0.4,0.055999982999999996,0.2,0.135999983
921,0.5,0.055999982999999996,0.2,0.155999983
921,0.6,0.055999982999999996,0.2,0.175999983
921,0.7,0.055999982999999996,0.2,0.195999983
921,0.8,0.055999982999999996,0.2,0.21599998300000003
921,0.9,0.055999982999999996,0.2,0.235999983
921,1.0,0.055999982999999996,0.2,0.255999983
922,0.1,0.055999982999999996,0.3,0.085999983
922,0.2,0.055999982999999996,0.3,0.115999983
922,0.3,0.055999982999999996,0.3,0.145999983
922,0.4,0.055999982999999996,0.3,0.17599998300000003
922,0.5,0.055999982999999996,0.3,0.20599998299999997
922,0.6,0.055999982999999996,0.3,0.23599998299999997
922,0.7,0.1845359058,0.1,0.25453590579999996
922,0.8,0.1845359058,0.1,0.2645359058
922,0.9,0.1845359058,0.1,0.2745359058
922,1.0,0.1845359058,0.1,0.2845359058
923,0.1,0.055999982999999996,0.2,0.075999983
923,0.2,0.055999982999999996,0.2,0.095999983
923,0.3,0.055999982999999996,0.2,0.11599998299999999
923,0.4,0.055999982999999996,0.2,0.135999983
923,0.5,0.055999982999999996,0.2,0.155999983
923,0.6,0.055999982999999996,0.2,0.175999983
923,0.7,0.055999982999999996,0.2,0.195999983
923,0.8,0.055999982999999996,0.2,0.21599998300000003
923,0.9,0.055999982999999996,0.2,0.235999983
923,1.0,0.055999982999999996,0.2,0.255999983
924,0.1,0.055999982999999996,0.2,0.075999983
924,0.2,0.0714686752,0.1,0.09146867519999999
924,0.3,0.0714686752,0.1,0.1014686752
924,0.4,0.0714686752,0.1,0.11146867519999999
924,0.5,0.0714686752,0.1,0.1214686752
924,0.6,0.0714686752,0.1,0.1314686752
924,0.7,0.0714686752,0.1,0.1414686752
924,0.8,0.0714686752,0.1,0.1514686752
924,0.9,0.0714686752,0.1,0.1614686752
924,1.0,0.0714686752,0.1,0.1714686752
925,0.1,0.055999982999999996,0.2,0.075999983
925,0.2,0.055999982999999996,0.2,0.095999983
925,0.3,0.0799200077,0.1,0.10992000770000002
925,0.4,0.0799200077,0.1,0.1199200077
925,0.5,0.0799200077,0.1,0.1299200077
925,0.6,0.0799200077,0.1,0.13992000770000002
925,0.7,0.0799200077,0.1,0.1499200077
925,0.8,0.0799200077,0.1,0.1599200077
925,0.9,0.0799200077,0.1,0.1699200077
925,1.0,0.0799200077,0.1,0.1799200077
926,0.1,0.055999982999999996,0.3,0.085999983
926,0.2,0.055999982999999996,0.3,0.115999983
926,0.3,0.055999982999999996,0.3,0.145999983
926,0.4,0.055999982999999996,0.3,0.17599998300000003
926,0.5,0.055999982999999996,0.3,0.20599998299999997
926,0.6,0.055999982999999996,0.3,0.23599998299999997
926,0.7,0.12153852279999999,0.2,0.2615385228
926,0.8,0.12153852279999999,0.2,0.2815385228
926,0.9,0.204933066,0.1,0.29493306599999997
926,1.0,0.204933066,0.1,0.304933066
927,0.1,0.055999982999999996,0.2,0.075999983
927,0.2,0.0714686752,0.1,0.09146867519999999
927,0.3,0.0714686752,0.1,0.1014686752
927,0.4,0.0714686752,0.1,0.11146867519999999
927,0.5,0.0714686752,0.1,0.1214686752
927,0.6,0.0714686752,0.1,0.1314686752
927,0.7,0.0714686752,0.1,0.1414686752
927,0.8,0.0714686752,0.1,0.1514686752
927,0.9,0.0714686752,0.1,0.1614686752
927,1.0,0.0714686752,0.1,0.1714686752
928,0.1,0.055999982999999996,0.1,0.065999983
928,0.2,0.055999982999999996,0.1,0.075999983
928,0.3,0.055999982999999996,0.1,0.085999983
928,0.4,0.055999982999999996,0.1,0.095999983
928,0.5,0.055999982999999996,0.1,0.10599998299999999
928,0.6,0.055999982999999996,0.1,0.11599998299999999
928,0.7,0.055999982999999996,0.1,0.12599998299999998
928,0.8,0.055999982999999996,0.1,0.135999983
928,0.9,0.055999982999999996,0.1,0.145999983
928,1.0,0.055999982999999996,0.1,0.155999983
929,0.1,0.055999982999999996,0.2,0.075999983
929,0.2,0.055999982999999996,0.2,0.095999983
929,0.3,0.055999982999999996,0.2,0.11599998299999999
929,0.4,0.055999982999999996,0.2,0.135999983
929,0.5,0.055999982999999996,0.2,0.155999983
929,0.6,0.055999982999999996,0.2,0.175999983
929,0.7,0.055999982999999996,0.2,0.195999983
929,0.8,0.055999982999999996,0.2,0.21599998300000003
929,0.9,0.055999982999999996,0.2,0.235999983
929,1.0,0.055999982999999996,0.2,0.255999983
930,0.1,0.059329224699999995,0.3,0.0893292247
930,0.2,0.059329224699999995,0.3,0.1193292247
930,0.3,0.059329224699999995,0.3,0.14932922469999999
930,0.4,0.059329224699999995,0.3,0.1793292247
930,0.5,0.059329224699999995,0.3,0.20932922469999998
930,0.6,0.059329224699999995,0.3,0.23932922469999998
930,0.7,0.059329224699999995,0.3,0.2693292247
930,0.8,0.1305992647,0.2,0.2905992647
930,0.9,0.29999982,0.0,0.29999982
930,1.0,0.29999982,0.0,0.29999982
931,0.1,0.055999982999999996,0.2,0.075999983
931,0.2,0.055999982999999996,0.2,0.095999983
931,0.3,0.055999982999999996,0.2,0.11599998299999999
931,0.4,0.055999982999999996,0.2,0.135999983
931,0.5,0.055999982999999996,0.2,0.155999983
931,0.6,0.055999982999999996,0.2,0.175999983
931,0.7,0.055999982999999996,0.2,0.195999983
931,0.8,0.055999982999999996,0.2,0.21599998300000003
931,0.9,0.055999982999999996,0.2,0.235999983
931,1.0,0.055999982999999996,0.2,0.255999983
932,0.1,0.055999982999999996,0.2,0.075999983
932,0.2,0.055999982999999996,0.2,0.095999983
932,0.3,0.07600296749999999,0.1,0.1060029675
932,0.4,0.07600296749999999,0.1,0.11600296750000001
932,0.5,0.07600296749999999,0.1,0.1260029675
932,0.6,0.07600296749999999,0.1,0.1360029675
932,0.7,0.07600296749999999,0.1,0.1460029675
932,0.8,0.07600296749999999,0.1,0.1560029675
932,0.9,0.07600296749999999,0.1,0.16600296750000001
932,1.0,0.07600296749999999,0.1,0.1760029675
933,0.1,0.055999982999999996,0.2,0.075999983
933,0.2,0.055999982999999996,0.2,0.095999983
933,0.3,0.055999982999999996,0.2,0.11599998299999999
933,0.4,0.055999982999999996,0.2,0.135999983
933,0.5,0.055999982999999996,0.2,0.155999983
933,0.6,0.055999982999999996,0.2,0.175999983
933,0.7,0.055999982999999996,0.2,0.195999983
933,0.8,0.055999982999999996,0.2,0.21599998300000003
933,0.9,0.055999982999999996,0.2,0.235999983
933,1.0,0.055999982999999996,0.2,0.255999983
934,0.1,0.0,1.0,0.1
934,0.2,0.0,1.0,0.2
934,0.3,0.025952507000000003,0.9,0.295952507
934,0.4,0.29999982,0.1,0.33999981999999995
934,0.5,0.29999982,0.1,0.34999981999999996
934,0.6,0.29999982,0.1,0.35999981999999997
934,0.7,0.29999982,0.1,0.36999982
934,0.8,0.29999982,0.1,0.37999982
934,0.9,0.29999982,0.1,0.38999982
934,1.0,0.29999982,0.1,0.39999982
935,0.1,0.0,1.0,0.1
935,0.2,0.0,1.0,0.2
935,0.3,0.0,1.0,0.3
935,0.4,0.1404649498,0.6,0.3804649498
935,0.5,0.1404649498,0.6,0.44046494979999995
935,0.6,0.1404649498,0.6,0.5004649497999999
935,0.7,0.1404649498,0.6,0.5604649497999998
935,0.8,0.1404649498,0.6,0.6204649498
935,0.9,0.223982078,0.5,0.6739820780000001
935,1.0,0.41329030099999997,0.3,0.713290301
936,0.1,0.055999982999999996,0.2,0.075999983
936,0.2,0.055999982999999996,0.2,0.095999983
936,0.3,0.0799200077,0.1,0.10992000770000002
936,0.4,0.0799200077,0.1,0.1199200077
936,0.5,0.0799200077,0.1,0.1299200077
936,0.6,0.0799200077,0.1,0.13992000770000002
936,0.7,0.0799200077,0.1,0.1499200077
936,0.8,0.0799200077,0.1,0.1599200077
936,0.9,0.0799200077,0.1,0.1699200077
936,1.0,0.0799200077,0.1,0.1799200077
937,0.1,0.055999982999999996,0.3,0.085999983
937,0.2,0.055999982999999996,0.3,0.115999983
937,0.3,0.055999982999999996,0.3,0.145999983
937,0.4,0.055999982999999996,0.3,0.17599998300000003
937,0.5,0.055999982999999996,0.3,0.20599998299999997
937,0.6,0.055999982999999996,0.3,0.23599998299999997
937,0.7,0.183167252,0.1,0.253167252
937,0.8,0.183167252,0.1,0.263167252
937,0.9,0.183167252,0.1,0.273167252
937,1.0,0.183167252,0.1,0.283167252
938,0.1,0.06184909000000001,0.2,0.08184909
938,0.2,0.06184909000000001,0.2,0.10184909000000002
938,0.3,0.06184909000000001,0.2,0.12184909
938,0.4,0.06184909000000001,0.2,0.14184909
938,0.5,0.06184909000000001,0.2,0.16184909
938,0.6,0.06184909000000001,0.2,0.18184909
938,0.7,0.06184909000000001,0.2,0.20184908999999998
938,0.8,0.06184909000000001,0.2,0.22184909
938,0.9,0.06184909000000001,0.2,0.24184909000000002
938,1.0,0.06184909000000001,0.2,0.26184909
939,0.1,0.06184909000000001,0.2,0.08184909
939,0.2,0.06184909000000001,0.2,0.10184909000000002
939,0.3,0.06184909000000001,0.2,0.12184909
939,0.4,0.06184909000000001,0.2,0.14184909
939,0.5,0.06184909000000001,0.2,0.16184909
939,0.6,0.06184909000000001,0.2,0.18184909
939,0.7,0.06184909000000001,0.2,0.20184908999999998
939,0.8,0.06184909000000001,0.2,0.22184909
939,0.9,0.06184909000000001,0.2,0.24184909000000002
939,1.0,0.06184909000000001,0.2,0.26184909
940,0.1,0.055999982999999996,0.3,0.085999983
940,0.2,0.055999982999999996,0.3,0.115999983
940,0.3,0.055999982999999996,0.3,0.145999983
940,0.4,0.055999982999999996,0.3,0.17599998300000003
940,0.5,0.055999982999999996,0.3,0.20599998299999997
940,0.6,0.055999982999999996,0.3,0.23599998299999997
940,0.7,0.12153852279999999,0.2,0.2615385228
940,0.8,0.12153852279999999,0.2,0.2815385228
940,0.9,0.204933066,0.1,0.29493306599999997
940,1.0,0.204933066,0.1,0.304933066
941,0.1,0.055999982999999996,0.1,0.065999983
941,0.2,0.055999982999999996,0.1,0.075999983
941,0.3,0.055999982999999996,0.1,0.085999983
941,0.4,0.055999982999999996,0.1,0.095999983
941,0.5,0.055999982999999996,0.1,0.10599998299999999
941,0.6,0.055999982999999996,0.1,0.11599998299999999
941,0.7,0.055999982999999996,0.1,0.12599998299999998
941,0.8,0.055999982999999996,0.1,0.135999983
941,0.9,0.055999982999999996,0.1,0.145999983
941,1.0,0.055999982999999996,0.1,0.155999983
942,0.1,0.0626267628,0.2,0.0826267628
942,0.2,0.07494338279999999,0.1,0.09494338279999999
942,0.3,0.07494338279999999,0.1,0.1049433828
942,0.4,0.07494338279999999,0.1,0.11494338279999998
942,0.5,0.07494338279999999,0.1,0.12494338279999999
942,0.6,0.07494338279999999,0.1,0.1349433828
942,0.7,0.07494338279999999,0.1,0.1449433828
942,0.8,0.07494338279999999,0.1,0.1549433828
942,0.9,0.07494338279999999,0.1,0.16494338279999998
942,1.0,0.07494338279999999,0.1,0.1749433828
943,0.1,0.0626267628,0.2,0.0826267628
943,0.2,0.07494338279999999,0.1,0.09494338279999999
943,0.3,0.07494338279999999,0.1,0.1049433828
943,0.4,0.07494338279999999,0.1,0.11494338279999998
943,0.5,0.07494338279999999,0.1,0.12494338279999999
943,0.6,0.07494338279999999,0.1,0.1349433828
943,0.7,0.07494338279999999,0.1,0.1449433828
943,0.8,0.07494338279999999,0.1,0.1549433828
943,0.9,0.07494338279999999,0.1,0.16494338279999998
943,1.0,0.07494338279999999,0.1,0.1749433828
944,0.1,0.055999982999999996,0.2,0.075999983
944,0.2,0.0714686752,0.1,0.09146867519999999
944,0.3,0.0714686752,0.1,0.1014686752
944,0.4,0.0714686752,0.1,0.11146867519999999
944,0.5,0.0714686752,0.1,0.1214686752
944,0.6,0.0714686752,0.1,0.1314686752
944,0.7,0.0714686752,0.1,0.1414686752
944,0.8,0.0714686752,0.1,0.1514686752
944,0.9,0.0714686752,0.1,0.1614686752
944,1.0,0.0714686752,0.1,0.1714686752
945,0.1,0.055999982999999996,0.4,0.095999983
945,0.2,0.0822233956,0.2,0.12222339559999999
945,0.3,0.0822233956,0.2,0.1422233956
945,0.4,0.0822233956,0.2,0.16222339560000001
945,0.5,0.0822233956,0.2,0.18222339559999998
945,0.6,0.0822233956,0.2,0.2022233956
945,0.7,0.0822233956,0.2,0.22222339559999998
945,0.8,0.0822233956,0.2,0.2422233956
945,0.9,0.0822233956,0.2,0.2622233956
945,1.0,0.0822233956,0.2,0.2822233956
946,0.1,0.055999982999999996,0.2,0.075999983
946,0.2,0.055999982999999996,0.2,0.095999983
946,0.3,0.07600296749999999,0.1,0.1060029675
946,0.4,0.07600296749999999,0.1,0.11600296750000001
946,0.5,0.07600296749999999,0.1,0.1260029675
946,0.6,0.07600296749999999,0.1,0.1360029675
946,0.7,0.07600296749999999,0.1,0.1460029675
946,0.8,0.07600296749999999,0.1,0.1560029675
946,0.9,0.07600296749999999,0.1,0.16600296750000001
946,1.0,0.07600296749999999,0.1,0.1760029675
947,0.1,0.055999982999999996,0.3,0.085999983
947,0.2,0.055999982999999996,0.3,0.115999983
947,0.3,0.055999982999999996,0.3,0.145999983
947,0.4,0.055999982999999996,0.3,0.17599998300000003
947,0.5,0.055999982999999996,0.3,0.20599998299999997
947,0.6,0.055999982999999996,0.3,0.23599998299999997
947,0.7,0.1845359058,0.1,0.25453590579999996
947,0.8,0.1845359058,0.1,0.2645359058
947,0.9,0.1845359058,0.1,0.2745359058
947,1.0,0.1845359058,0.1,0.2845359058
948,0.1,0.055999982999999996,0.3,0.085999983
948,0.2,0.055999982999999996,0.3,0.115999983
948,0.3,0.055999982999999996,0.3,0.145999983
948,0.4,0.055999982999999996,0.3,0.17599998300000003
948,0.5,0.055999982999999996,0.3,0.20599998299999997
948,0.6,0.055999982999999996,0.3,0.23599998299999997
948,0.7,0.18453590579999996,0.1,0.25453590579999996
948,0.8,0.18453590579999996,0.1,0.26453590579999997
948,0.9,0.18453590579999996,0.1,0.2745359058
948,1.0,0.18453590579999996,0.1,0.2845359058
949,0.1,0.055999982999999996,0.3,0.085999983
949,0.2,0.055999982999999996,0.3,0.115999983
949,0.3,0.055999982999999996,0.3,0.145999983
949,0.4,0.055999982999999996,0.3,0.17599998300000003
949,0.5,0.055999982999999996,0.3,0.20599998299999997
949,0.6,0.055999982999999996,0.3,0.23599998299999997
949,0.7,0.183167252,0.1,0.253167252
949,0.8,0.183167252,0.1,0.263167252
949,0.9,0.183167252,0.1,0.273167252
949,1.0,0.183167252,0.1,0.283167252
950,0.1,0.055999982999999996,0.2,0.075999983
950,0.2,0.055999982999999996,0.2,0.095999983
950,0.3,0.055999982999999996,0.2,0.11599998299999999
950,0.4,0.055999982999999996,0.2,0.135999983
950,0.5,0.055999982999999996,0.2,0.155999983
950,0.6,0.055999982999999996,0.2,0.175999983
950,0.7,0.055999982999999996,0.2,0.195999983
950,0.8,0.055999982999999996,0.2,0.21599998300000003
950,0.9,0.055999982999999996,0.2,0.235999983
950,1.0,0.055999982999999996,0.2,0.255999983
951,0.1,0.06184909000000001,0.2,0.08184909
951,0.2,0.06184909000000001,0.2,0.10184909000000002
951,0.3,0.06184909000000001,0.2,0.12184909
951,0.4,0.06184909000000001,0.2,0.14184909
951,0.5,0.06184909000000001,0.2,0.16184909
951,0.6,0.06184909000000001,0.2,0.18184909
951,0.7,0.06184909000000001,0.2,0.20184908999999998
951,0.8,0.06184909000000001,0.2,0.22184909
951,0.9,0.06184909000000001,0.2,0.24184909000000002
951,1.0,0.06184909000000001,0.2,0.26184909
952,0.1,0.055999982999999996,0.2,0.075999983
952,0.2,0.055999982999999996,0.2,0.095999983
952,0.3,0.055999982999999996,0.2,0.11599998299999999
952,0.4,0.055999982999999996,0.2,0.135999983
952,0.5,0.055999982999999996,0.2,0.155999983
952,0.6,0.055999982999999996,0.2,0.175999983
952,0.7,0.055999982999999996,0.2,0.195999983
952,0.8,0.055999982999999996,0.2,0.21599998300000003
952,0.9,0.055999982999999996,0.2,0.235999983
952,1.0,0.055999982999999996,0.2,0.255999983
953,0.1,0.055999982999999996,0.2,0.075999983
953,0.2,0.055999982999999996,0.2,0.095999983
953,0.3,0.055999982999999996,0.2,0.11599998299999999
953,0.4,0.055999982999999996,0.2,0.135999983
953,0.5,0.055999982999999996,0.2,0.155999983
953,0.6,0.055999982999999996,0.2,0.175999983
953,0.7,0.055999982999999996,0.2,0.195999983
953,0.8,0.055999982999999996,0.2,0.21599998300000003
953,0.9,0.055999982999999996,0.2,0.235999983
953,1.0,0.055999982999999996,0.2,0.255999983
954,0.1,0.055999982999999996,0.4,0.095999983
954,0.2,0.0822233956,0.2,0.12222339559999999
954,0.3,0.0822233956,0.2,0.1422233956
954,0.4,0.0822233956,0.2,0.16222339560000001
954,0.5,0.0822233956,0.2,0.18222339559999998
954,0.6,0.0822233956,0.2,0.2022233956
954,0.7,0.0822233956,0.2,0.22222339559999998
954,0.8,0.0822233956,0.2,0.2422233956
954,0.9,0.0822233956,0.2,0.2622233956
954,1.0,0.0822233956,0.2,0.2822233956
955,0.1,0.055999982999999996,0.3,0.085999983
955,0.2,0.055999982999999996,0.3,0.115999983
955,0.3,0.055999982999999996,0.3,0.145999983
955,0.4,0.055999982999999996,0.3,0.17599998300000003
955,0.5,0.055999982999999996,0.3,0.20599998299999997
955,0.6,0.055999982999999996,0.3,0.23599998299999997
955,0.7,0.12153852279999999,0.2,0.2615385228
955,0.8,0.12153852279999999,0.2,0.2815385228
955,0.9,0.204933066,0.1,0.29493306599999997
955,1.0,0.204933066,0.1,0.304933066
956,0.1,0.0625943045,0.1,0.0725943045
956,0.2,0.0625943045,0.1,0.08259430450000001
956,0.3,0.0625943045,0.1,0.09259430449999999
956,0.4,0.0625943045,0.1,0.1025943045
956,0.5,0.0625943045,0.1,0.1125943045
956,0.6,0.0625943045,0.1,0.1225943045
956,0.7,0.0625943045,0.1,0.13259430449999998
956,0.8,0.0625943045,0.1,0.1425943045
956,0.9,0.0625943045,0.1,0.1525943045
956,1.0,0.0625943045,0.1,0.1625943045
957,0.1,0.06184909000000001,0.2,0.08184909
957,0.2,0.06184909000000001,0.2,0.10184909000000002
957,0.3,0.06184909000000001,0.2,0.12184909
957,0.4,0.06184909000000001,0.2,0.14184909
957,0.5,0.06184909000000001,0.2,0.16184909
957,0.6,0.06184909000000001,0.2,0.18184909
957,0.7,0.06184909000000001,0.2,0.20184908999999998
957,0.8,0.06184909000000001,0.2,0.22184909
957,0.9,0.06184909000000001,0.2,0.24184909000000002
957,1.0,0.06184909000000001,0.2,0.26184909
958,0.1,0.059329224699999995,0.3,0.0893292247
958,0.2,0.059329224699999995,0.3,0.1193292247
958,0.3,0.059329224699999995,0.3,0.14932922469999999
958,0.4,0.059329224699999995,0.3,0.1793292247
958,0.5,0.059329224699999995,0.3,0.20932922469999998
958,0.6,0.059329224699999995,0.3,0.23932922469999998
958,0.7,0.059329224699999995,0.3,0.2693292247
958,0.8,0.1305992647,0.2,0.2905992647
958,0.9,0.29999982,0.0,0.29999982
958,1.0,0.29999982,0.0,0.29999982
959,0.1,0.0,1.0,0.1
959,0.2,0.0,1.0,0.2
959,0.3,0.0,1.0,0.3
959,0.4,0.1404649498,0.6,0.3804649498
959,0.5,0.1404649498,0.6,0.44046494979999995
959,0.6,0.1404649498,0.6,0.5004649497999999
959,0.7,0.1404649498,0.6,0.5604649497999998
959,0.8,0.1404649498,0.6,0.6204649498
959,0.9,0.223982078,0.5,0.6739820780000001
959,1.0,0.41329030099999997,0.3,0.713290301
960,0.1,0.055999982999999996,0.2,0.075999983
960,0.2,0.055999982999999996,0.2,0.095999983
960,0.3,0.055999982999999996,0.2,0.11599998299999999
960,0.4,0.055999982999999996,0.2,0.135999983
960,0.5,0.055999982999999996,0.2,0.155999983
960,0.6,0.055999982999999996,0.2,0.175999983
960,0.7,0.055999982999999996,0.2,0.195999983
960,0.8,0.055999982999999996,0.2,0.21599998300000003
960,0.9,0.055999982999999996,0.2,0.235999983
960,1.0,0.055999982999999996,0.2,0.255999983
961,0.1,0.055999982999999996,0.4,0.095999983
961,0.2,0.0805328488,0.2,0.12053284880000001
961,0.3,0.0805328488,0.2,0.1405328488
961,0.4,0.0805328488,0.2,0.16053284880000002
961,0.5,0.0805328488,0.2,0.1805328488
961,0.6,0.0805328488,0.2,0.2005328488
961,0.7,0.0805328488,0.2,0.22053284880000001
961,0.8,0.0805328488,0.2,0.24053284880000003
961,0.9,0.0805328488,0.2,0.2605328488
961,1.0,0.0805328488,0.2,0.28053284879999996
962,0.1,0.055999982999999996,0.3,0.085999983
962,0.2,0.055999982999999996,0.3,0.115999983
962,0.3,0.055999982999999996,0.3,0.145999983
962,0.4,0.055999982999999996,0.3,0.17599998300000003
962,0.5,0.055999982999999996,0.3,0.20599998299999997
962,0.6,0.055999982999999996,0.3,0.23599998299999997
962,0.7,0.12153852279999999,0.2,0.2615385228
962,0.8,0.12153852279999999,0.2,0.2815385228
962,0.9,0.204933066,0.1,0.29493306599999997
962,1.0,0.204933066,0.1,0.304933066
963,0.1,0.055999982999999996,0.3,0.085999983
963,0.2,0.055999982999999996,0.3,0.115999983
963,0.3,0.055999982999999996,0.3,0.145999983
963,0.4,0.055999982999999996,0.3,0.17599998300000003
963,0.5,0.055999982999999996,0.3,0.20599998299999997
963,0.6,0.055999982999999996,0.3,0.23599998299999997
963,0.7,0.12153852279999999,0.2,0.2615385228
963,0.8,0.12153852279999999,0.2,0.2815385228
963,0.9,0.204933066,0.1,0.29493306599999997
963,1.0,0.204933066,0.1,0.304933066
964,0.1,0.055999982999999996,0.2,0.075999983
964,0.2,0.055999982999999996,0.2,0.095999983
964,0.3,0.0799200077,0.1,0.10992000770000002
964,0.4,0.0799200077,0.1,0.1199200077
964,0.5,0.0799200077,0.1,0.1299200077
964,0.6,0.0799200077,0.1,0.13992000770000002
964,0.7,0.0799200077,0.1,0.1499200077
964,0.8,0.0799200077,0.1,0.1599200077
964,0.9,0.0799200077,0.1,0.1699200077
964,1.0,0.0799200077,0.1,0.1799200077
965,0.1,0.055999982999999996,0.3,0.085999983
965,0.2,0.055999982999999996,0.3,0.115999983
965,0.3,0.055999982999999996,0.3,0.145999983
965,0.4,0.055999982999999996,0.3,0.17599998300000003
965,0.5,0.055999982999999996,0.3,0.20599998299999997
965,0.6,0.055999982999999996,0.3,0.23599998299999997
965,0.7,0.12153852279999999,0.2,0.2615385228
965,0.8,0.12153852279999999,0.2,0.2815385228
965,0.9,0.204933066,0.1,0.29493306599999997
965,1.0,0.204933066,0.1,0.304933066
966,0.1,0.0628629048,0.2,0.0828629048
966,0.2,0.0628629048,0.2,0.1028629048
966,0.3,0.0628629048,0.2,0.12286290479999999
966,0.4,0.0628629048,0.2,0.1428629048
966,0.5,0.0628629048,0.2,0.1628629048
966,0.6,0.0628629048,0.2,0.18286290479999998
966,0.7,0.0628629048,0.2,0.2028629048
966,0.8,0.0628629048,0.2,0.2228629048
966,0.9,0.0628629048,0.2,0.2428629048
966,1.0,0.0628629048,0.2,0.2628629048
967,0.1,0.055999982999999996,0.2,0.075999983
967,0.2,0.055999982999999996,0.2,0.095999983
967,0.3,0.055999982999999996,0.2,0.11599998299999999
967,0.4,0.055999982999999996,0.2,0.135999983
967,0.5,0.055999982999999996,0.2,0.155999983
967,0.6,0.055999982999999996,0.2,0.175999983
967,0.7,0.055999982999999996,0.2,0.195999983
967,0.8,0.055999982999999996,0.2,0.21599998300000003
967,0.9,0.055999982999999996,0.2,0.235999983
967,1.0,0.15276290099999998,0.1,0.252762901
968,0.1,0.055999982999999996,0.1,0.065999983
968,0.2,0.055999982999999996,0.1,0.075999983
968,0.3,0.055999982999999996,0.1,0.085999983
968,0.4,0.055999982999999996,0.1,0.095999983
968,0.5,0.055999982999999996,0.1,0.10599998299999999
968,0.6,0.11466661999999998,0.0,0.11466661999999998
968,0.7,0.11466661999999998,0.0,0.11466661999999998
968,0.8,0.11466661999999998,0.0,0.11466661999999998
968,0.9,0.11466661999999998,0.0,0.11466661999999998
968,1.0,0.11466661999999998,0.0,0.11466661999999998
969,0.1,0.055999982999999996,0.3,0.085999983
969,0.2,0.0750216316,0.2,0.11502163159999998
969,0.3,0.0750216316,0.2,0.1350216316
969,0.4,0.0750216316,0.2,0.1550216316
969,0.5,0.0750216316,0.2,0.1750216316
969,0.6,0.0750216316,0.2,0.1950216316
969,0.7,0.0750216316,0.2,0.21502163159999998
969,0.8,0.0750216316,0.2,0.2350216316
969,0.9,0.0750216316,0.2,0.2550216316
969,1.0,0.0750216316,0.2,0.2750216316
970,0.1,0.055999982999999996,0.1,0.065999983
970,0.2,0.055999982999999996,0.1,0.075999983
970,0.3,0.055999982999999996,0.1,0.085999983
970,0.4,0.055999982999999996,0.1,0.095999983
970,0.5,0.055999982999999996,0.1,0.10599998299999999
970,0.6,0.11466661999999998,0.0,0.11466661999999998
970,0.7,0.11466661999999998,0.0,0.11466661999999998
970,0.8,0.11466661999999998,0.0,0.11466661999999998
970,0.9,0.11466661999999998,0.0,0.11466661999999998
970,1.0,0.11466661999999998,0.0,0.11466661999999998
971,0.1,0.055999982999999996,0.2,0.075999983
971,0.2,0.055999982999999996,0.2,0.095999983
971,0.3,0.055999982999999996,0.2,0.11599998299999999
971,0.4,0.055999982999999996,0.2,0.135999983
971,0.5,0.055999982999999996,0.2,0.155999983
971,0.6,0.11102154039999998,0.1,0.1710215404
971,0.7,0.11102154039999998,0.1,0.1810215404
971,0.8,0.11102154039999998,0.1,0.1910215404
971,0.9,0.11102154039999998,0.1,0.20102154039999998
971,1.0,0.11102154039999998,0.1,0.21102154039999999
972,0.1,0.055999982999999996,0.2,0.075999983
972,0.2,0.055999982999999996,0.2,0.095999983
972,0.3,0.055999982999999996,0.2,0.11599998299999999
972,0.4,0.055999982999999996,0.2,0.135999983
972,0.5,0.055999982999999996,0.2,0.155999983
972,0.6,0.055999982999999996,0.2,0.175999983
972,0.7,0.055999982999999996,0.2,0.195999983
972,0.8,0.055999982999999996,0.2,0.21599998300000003
972,0.9,0.055999982999999996,0.2,0.235999983
972,1.0,0.055999982999999996,0.2,0.255999983
973,0.1,0.055999982999999996,0.1,0.065999983
973,0.2,0.055999982999999996,0.1,0.075999983
973,0.3,0.055999982999999996,0.1,0.085999983
973,0.4,0.055999982999999996,0.1,0.095999983
973,0.5,0.055999982999999996,0.1,0.10599998299999999
973,0.6,0.055999982999999996,0.1,0.11599998299999999
973,0.7,0.055999982999999996,0.1,0.12599998299999998
973,0.8,0.055999982999999996,0.1,0.135999983
973,0.9,0.055999982999999996,0.1,0.145999983
973,1.0,0.055999982999999996,0.1,0.155999983
974,0.1,0.055999982999999996,0.2,0.075999983
974,0.2,0.0714686752,0.1,0.09146867519999999
974,0.3,0.0714686752,0.1,0.1014686752
974,0.4,0.0714686752,0.1,0.11146867519999999
974,0.5,0.0714686752,0.1,0.1214686752
974,0.6,0.0714686752,0.1,0.1314686752
974,0.7,0.0714686752,0.1,0.1414686752
974,0.8,0.0714686752,0.1,0.1514686752
974,0.9,0.0714686752,0.1,0.1614686752
974,1.0,0.0714686752,0.1,0.1714686752
975,0.1,0.055999982999999996,0.3,0.085999983
975,0.2,0.055999982999999996,0.3,0.115999983
975,0.3,0.055999982999999996,0.3,0.145999983
975,0.4,0.055999982999999996,0.3,0.17599998300000003
975,0.5,0.055999982999999996,0.3,0.20599998299999997
975,0.6,0.055999982999999996,0.3,0.23599998299999997
975,0.7,0.12153852279999999,0.2,0.2615385228
975,0.8,0.12153852279999999,0.2,0.2815385228
975,0.9,0.204933066,0.1,0.29493306599999997
975,1.0,0.204933066,0.1,0.304933066
976,0.1,0.06184909000000001,0.2,0.08184909
976,0.2,0.06184909000000001,0.2,0.10184909000000002
976,0.3,0.06184909000000001,0.2,0.12184909
976,0.4,0.06184909000000001,0.2,0.14184909
976,0.5,0.06184909000000001,0.2,0.16184909
976,0.6,0.06184909000000001,0.2,0.18184909
976,0.7,0.06184909000000001,0.2,0.20184908999999998
976,0.8,0.06184909000000001,0.2,0.22184909
976,0.9,0.06184909000000001,0.2,0.24184909000000002
976,1.0,0.06184909000000001,0.2,0.26184909
977,0.1,0.055999982999999996,0.2,0.075999983
977,0.2,0.055999982999999996,0.2,0.095999983
977,0.3,0.055999982999999996,0.2,0.11599998299999999
977,0.4,0.055999982999999996,0.2,0.135999983
977,0.5,0.055999982999999996,0.2,0.155999983
977,0.6,0.055999982999999996,0.2,0.175999983
977,0.7,0.055999982999999996,0.2,0.195999983
977,0.8,0.055999982999999996,0.2,0.21599998300000003
977,0.9,0.055999982999999996,0.2,0.235999983
977,1.0,0.055999982999999996,0.2,0.255999983
978,0.1,0.0626267628,0.2,0.0826267628
978,0.2,0.07494338279999999,0.1,0.09494338279999999
978,0.3,0.07494338279999999,0.1,0.1049433828
978,0.4,0.07494338279999999,0.1,0.11494338279999998
978,0.5,0.07494338279999999,0.1,0.12494338279999999
978,0.6,0.07494338279999999,0.1,0.1349433828
978,0.7,0.07494338279999999,0.1,0.1449433828
978,0.8,0.07494338279999999,0.1,0.1549433828
978,0.9,0.07494338279999999,0.1,0.16494338279999998
978,1.0,0.07494338279999999,0.1,0.1749433828
979,0.1,0.055999982999999996,0.2,0.075999983
979,0.2,0.055999982999999996,0.2,0.095999983
979,0.3,0.055999982999999996,0.2,0.11599998299999999
979,0.4,0.055999982999999996,0.2,0.135999983
979,0.5,0.055999982999999996,0.2,0.155999983
979,0.6,0.055999982999999996,0.2,0.175999983
979,0.7,0.055999982999999996,0.2,0.195999983
979,0.8,0.055999982999999996,0.2,0.21599998300000003
979,0.9,0.055999982999999996,0.2,0.235999983
979,1.0,0.055999982999999996,0.2,0.255999983
980,0.1,0.055999982999999996,0.1,0.065999983
980,0.2,0.055999982999999996,0.1,0.075999983
980,0.3,0.055999982999999996,0.1,0.085999983
980,0.4,0.055999982999999996,0.1,0.095999983
980,0.5,0.055999982999999996,0.1,0.10599998299999999
980,0.6,0.11466661999999998,0.0,0.11466661999999998
980,0.7,0.11466661999999998,0.0,0.11466661999999998
980,0.8,0.11466661999999998,0.0,0.11466661999999998
980,0.9,0.11466661999999998,0.0,0.11466661999999998
980,1.0,0.11466661999999998,0.0,0.11466661999999998
981,0.1,0.0,1.0,0.1
981,0.2,0.0,1.0,0.2
981,0.3,0.0,1.0,0.3
981,0.4,0.14326828179999998,0.6,0.38326828180000005
981,0.5,0.190591298,0.5,0.440591298
981,0.6,0.190591298,0.5,0.490591298
981,0.7,0.190591298,0.5,0.540591298
981,0.8,0.190591298,0.5,0.590591298
981,0.9,0.190591298,0.5,0.640591298
981,1.0,0.190591298,0.5,0.690591298
982,0.1,0.0628629048,0.2,0.0828629048
982,0.2,0.0628629048,0.2,0.1028629048
982,0.3,0.0628629048,0.2,0.12286290479999999
982,0.4,0.0628629048,0.2,0.1428629048
982,0.5,0.0628629048,0.2,0.1628629048
982,0.6,0.0628629048,0.2,0.18286290479999998
982,0.7,0.0628629048,0.2,0.2028629048
982,0.8,0.0628629048,0.2,0.2228629048
982,0.9,0.0628629048,0.2,0.2428629048
982,1.0,0.0628629048,0.2,0.2628629048
983,0.1,0.055999982999999996,0.2,0.075999983
983,0.2,0.055999982999999996,0.2,0.095999983
983,0.3,0.055999982999999996,0.2,0.11599998299999999
983,0.4,0.055999982999999996,0.2,0.135999983
983,0.5,0.055999982999999996,0.2,0.155999983
983,0.6,0.055999982999999996,0.2,0.175999983
983,0.7,0.055999982999999996,0.2,0.195999983
983,0.8,0.055999982999999996,0.2,0.21599998300000003
983,0.9,0.055999982999999996,0.2,0.235999983
983,1.0,0.055999982999999996,0.2,0.255999983
984,0.1,0.055999982999999996,0.2,0.075999983
984,0.2,0.0714686752,0.1,0.09146867519999999
984,0.3,0.0714686752,0.1,0.1014686752
984,0.4,0.0714686752,0.1,0.11146867519999999
984,0.5,0.0714686752,0.1,0.1214686752
984,0.6,0.0714686752,0.1,0.1314686752
984,0.7,0.0714686752,0.1,0.1414686752
984,0.8,0.0714686752,0.1,0.1514686752
984,0.9,0.0714686752,0.1,0.1614686752
984,1.0,0.0714686752,0.1,0.1714686752
985,0.1,0.055999982999999996,0.1,0.065999983
985,0.2,0.055999982999999996,0.1,0.075999983
985,0.3,0.055999982999999996,0.1,0.085999983
985,0.4,0.055999982999999996,0.1,0.095999983
985,0.5,0.055999982999999996,0.1,0.10599998299999999
985,0.6,0.055999982999999996,0.1,0.11599998299999999
985,0.7,0.055999982999999996,0.1,0.12599998299999998
985,0.8,0.055999982999999996,0.1,0.135999983
985,0.9,0.055999982999999996,0.1,0.145999983
985,1.0,0.055999982999999996,0.1,0.155999983
986,0.1,0.055999982999999996,0.2,0.075999983
986,0.2,0.055999982999999996,0.2,0.095999983
986,0.3,0.055999982999999996,0.2,0.11599998299999999
986,0.4,0.055999982999999996,0.2,0.135999983
986,0.5,0.055999982999999996,0.2,0.155999983
986,0.6,0.055999982999999996,0.2,0.175999983
986,0.7,0.055999982999999996,0.2,0.195999983
986,0.8,0.055999982999999996,0.2,0.21599998300000003
986,0.9,0.055999982999999996,0.2,0.235999983
986,1.0,0.055999982999999996,0.2,0.255999983
987,0.1,0.0626267628,0.2,0.0826267628
987,0.2,0.07494338279999999,0.1,0.09494338279999999
987,0.3,0.07494338279999999,0.1,0.1049433828
987,0.4,0.07494338279999999,0.1,0.11494338279999998
987,0.5,0.07494338279999999,0.1,0.12494338279999999
987,0.6,0.07494338279999999,0.1,0.1349433828
987,0.7,0.07494338279999999,0.1,0.1449433828
987,0.8,0.07494338279999999,0.1,0.1549433828
987,0.9,0.07494338279999999,0.1,0.16494338279999998
987,1.0,0.07494338279999999,0.1,0.1749433828
988,0.1,0.055999982999999996,0.2,0.075999983
988,0.2,0.055999982999999996,0.2,0.095999983
988,0.3,0.055999982999999996,0.2,0.11599998299999999
988,0.4,0.055999982999999996,0.2,0.135999983
988,0.5,0.055999982999999996,0.2,0.155999983
988,0.6,0.055999982999999996,0.2,0.175999983
988,0.7,0.055999982999999996,0.2,0.195999983
988,0.8,0.055999982999999996,0.2,0.21599998300000003
988,0.9,0.055999982999999996,0.2,0.235999983
988,1.0,0.055999982999999996,0.2,0.255999983
989,0.1,0.055999982999999996,0.3,0.085999983
989,0.2,0.0750216316,0.2,0.11502163159999998
989,0.3,0.0750216316,0.2,0.1350216316
989,0.4,0.0750216316,0.2,0.1550216316
989,0.5,0.0750216316,0.2,0.1750216316
989,0.6,0.0750216316,0.2,0.1950216316
989,0.7,0.0750216316,0.2,0.21502163159999998
989,0.8,0.0750216316,0.2,0.2350216316
989,0.9,0.0750216316,0.2,0.2550216316
989,1.0,0.0750216316,0.2,0.2750216316
990,0.1,0.0,1.0,0.1
990,0.2,0.0,1.0,0.2
990,0.3,0.0,1.0,0.3
990,0.4,0.30527308799999997,0.0,0.30527308799999997
990,0.5,0.30527308799999997,0.0,0.30527308799999997
990,0.6,0.30527308799999997,0.0,0.30527308799999997
990,0.7,0.30527308799999997,0.0,0.30527308799999997
990,0.8,0.30527308799999997,0.0,0.30527308799999997
990,0.9,0.30527308799999997,0.0,0.30527308799999997
990,1.0,0.30527308799999997,0.0,0.30527308799999997
991,0.1,0.055999982999999996,0.3,0.085999983
991,0.2,0.055999982999999996,0.3,0.115999983
991,0.3,0.055999982999999996,0.3,0.145999983
991,0.4,0.055999982999999996,0.3,0.17599998300000003
991,0.5,0.055999982999999996,0.3,0.20599998299999997
991,0.6,0.055999982999999996,0.3,0.23599998299999997
991,0.7,0.18453590579999996,0.1,0.25453590579999996
991,0.8,0.18453590579999996,0.1,0.26453590579999997
991,0.9,0.18453590579999996,0.1,0.2745359058
991,1.0,0.18453590579999996,0.1,0.2845359058
992,0.1,0.055999982999999996,0.1,0.065999983
992,0.2,0.055999982999999996,0.1,0.075999983
992,0.3,0.055999982999999996,0.1,0.085999983
992,0.4,0.055999982999999996,0.1,0.095999983
992,0.5,0.055999982999999996,0.1,0.10599998299999999
992,0.6,0.11466661999999998,0.0,0.11466661999999998
992,0.7,0.11466661999999998,0.0,0.11466661999999998
992,0.8,0.11466661999999998,0.0,0.11466661999999998
992,0.9,0.11466661999999998,0.0,0.11466661999999998
992,1.0,0.11466661999999998,0.0,0.11466661999999998
993,0.1,0.055999982999999996,0.3,0.085999983
993,0.2,0.055999982999999996,0.3,0.115999983
993,0.3,0.055999982999999996,0.3,0.145999983
993,0.4,0.055999982999999996,0.3,0.17599998300000003
993,0.5,0.055999982999999996,0.3,0.20599998299999997
993,0.6,0.055999982999999996,0.3,0.23599998299999997
993,0.7,0.183167252,0.1,0.253167252
993,0.8,0.183167252,0.1,0.263167252
993,0.9,0.183167252,0.1,0.273167252
993,1.0,0.183167252,0.1,0.283167252
994,0.1,0.055999982999999996,0.4,0.095999983
994,0.2,0.0822233956,0.2,0.12222339559999999
994,0.3,0.0822233956,0.2,0.1422233956
994,0.4,0.0822233956,0.2,0.16222339560000001
994,0.5,0.0822233956,0.2,0.18222339559999998
994,0.6,0.0822233956,0.2,0.2022233956
994,0.7,0.0822233956,0.2,0.22222339559999998
994,0.8,0.0822233956,0.2,0.2422233956
994,0.9,0.0822233956,0.2,0.2622233956
994,1.0,0.0822233956,0.2,0.2822233956
995,0.1,0.055999982999999996,0.2,0.075999983
995,0.2,0.055999982999999996,0.2,0.095999983
995,0.3,0.055999982999999996,0.2,0.11599998299999999
995,0.4,0.055999982999999996,0.2,0.135999983
995,0.5,0.055999982999999996,0.2,0.155999983
995,0.6,0.055999982999999996,0.2,0.175999983
995,0.7,0.055999982999999996,0.2,0.195999983
995,0.8,0.055999982999999996,0.2,0.21599998300000003
995,0.9,0.055999982999999996,0.2,0.235999983
995,1.0,0.055999982999999996,0.2,0.255999983
996,0.1,0.0626267628,0.2,0.0826267628
996,0.2,0.07494338279999999,0.1,0.09494338279999999
996,0.3,0.07494338279999999,0.1,0.1049433828
996,0.4,0.07494338279999999,0.1,0.11494338279999998
996,0.5,0.07494338279999999,0.1,0.12494338279999999
996,0.6,0.07494338279999999,0.1,0.1349433828
996,0.7,0.07494338279999999,0.1,0.1449433828
996,0.8,0.07494338279999999,0.1,0.1549433828
996,0.9,0.07494338279999999,0.1,0.16494338279999998
996,1.0,0.07494338279999999,0.1,0.1749433828
997,0.1,0.055999982999999996,0.3,0.085999983
997,0.2,0.055999982999999996,0.3,0.115999983
997,0.3,0.055999982999999996,0.3,0.145999983
997,0.4,0.055999982999999996,0.3,0.17599998300000003
997,0.5,0.055999982999999996,0.3,0.20599998299999997
997,0.6,0.055999982999999996,0.3,0.23599998299999997
997,0.7,0.1845359058,0.1,0.25453590579999996
997,0.8,0.1845359058,0.1,0.2645359058
997,0.9,0.1845359058,0.1,0.2745359058
997,1.0,0.1845359058,0.1,0.2845359058
998,0.1,0.055999982999999996,0.2,0.075999983
998,0.2,0.055999982999999996,0.2,0.095999983
998,0.3,0.055999982999999996,0.2,0.11599998299999999
998,0.4,0.055999982999999996,0.2,0.135999983
998,0.5,0.055999982999999996,0.2,0.155999983
998,0.6,0.11482017940000003,0.1,0.17482017940000003
998,0.7,0.11482017940000003,0.1,0.1848201794
998,0.8,0.11482017940000003,0.1,0.19482017940000002
998,0.9,0.11482017940000003,0.1,0.20482017940000002
998,1.0,0.11482017940000003,0.1,0.21482017940000003
999,0.1,0.059329224699999995,0.3,0.0893292247
999,0.2,0.059329224699999995,0.3,0.1193292247
999,0.3,0.059329224699999995,0.3,0.14932922469999999
999,0.4,0.059329224699999995,0.3,0.1793292247
999,0.5,0.059329224699999995,0.3,0.20932922469999998
999,0.6,0.059329224699999995,0.3,0.23932922469999998
999,0.7,0.059329224699999995,0.3,0.2693292247
999,0.8,0.1305992647,0.2,0.2905992647
999,0.9,0.29999982,0.0,0.29999982
999,1.0,0.29999982,0.0,0.29999982
