iteration,gamma,cost,loss,obj
0,0.25,0.0530414148,0.6,0.20304141480000001
0,0.5,0.14641996070000002,0.4,0.34641996070000003
0,0.75,0.313905315,0.1,0.38890531500000003
0,1.0,0.313905315,0.1,0.41390531500000005
0,1.25,0.313905315,0.1,0.4389053150000001
0,1.5,0.313905315,0.1,0.46390531500000004
0,1.75,0.47140746600000005,0.0,0.47140746600000005
0,2.0,0.47140746600000005,0.0,0.47140746600000005
1,0.25,0.11880067420000003,0.2,0.16880067420000003
1,0.5,0.11880067420000003,0.2,0.21880067420000002
1,0.75,0.11880067420000003,0.2,0.26880067420000003
1,1.0,0.11880067420000003,0.2,0.3188006742
1,1.25,0.11880067420000003,0.2,0.3688006742
1,1.5,0.39399573400000004,0.0,0.39399573400000004
1,1.75,0.39399573400000004,0.0,0.39399573400000004
1,2.0,0.39399573400000004,0.0,0.39399573400000004
2,0.25,0.12848052400000004,0.2,0.17848052400000003
2,0.5,0.12848052400000004,0.2,0.22848052400000002
2,0.75,0.12848052400000004,0.2,0.278480524
2,1.0,0.12848052400000004,0.2,0.32848052400000005
2,1.25,0.12848052400000004,0.2,0.37848052400000004
2,1.5,0.12848052400000004,0.2,0.4284805240000001
2,1.75,0.12848052400000004,0.2,0.4784805240000001
2,2.0,0.48156339100000006,0.0,0.48156339100000006
3,0.25,0.030198316000000003,0.7,0.205198316
3,0.5,0.227325952,0.1,0.277325952
3,0.75,0.227325952,0.1,0.302325952
3,1.0,0.227325952,0.1,0.327325952
3,1.25,0.227325952,0.1,0.352325952
3,1.5,0.227325952,0.1,0.37732595199999996
3,1.75,0.37800241700000003,0.0,0.37800241700000003
3,2.0,0.37800241700000003,0.0,0.37800241700000003
4,0.25,0.0644952016,0.4,0.1644952016
4,0.5,0.13308569600000003,0.2,0.233085696
4,0.75,0.13308569600000003,0.2,0.283085696
4,1.0,0.13308569600000003,0.2,0.33308569600000004
4,1.25,0.13308569600000003,0.2,0.38308569600000003
4,1.5,0.13308569600000003,0.2,0.433085696
4,1.75,0.13308569600000003,0.2,0.483085696
4,2.0,0.506663135,0.0,0.506663135
5,0.25,0.0,1.0,0.25
5,0.5,0.274523734,0.2,0.374523734
5,0.75,0.389258682,0.0,0.389258682
5,1.0,0.389258682,0.0,0.389258682
5,1.25,0.389258682,0.0,0.389258682
5,1.5,0.389258682,0.0,0.389258682
5,1.75,0.389258682,0.0,0.389258682
5,2.0,0.389258682,0.0,0.389258682
6,0.25,0.034728842999999995,0.8,0.234728843
6,0.5,0.341645869,0.0,0.341645869
6,0.75,0.341645869,0.0,0.341645869
6,1.0,0.341645869,0.0,0.341645869
6,1.25,0.341645869,0.0,0.341645869
6,1.5,0.341645869,0.0,0.341645869
6,1.75,0.341645869,0.0,0.341645869
6,2.0,0.341645869,0.0,0.341645869
7,0.25,0.031708338,0.7,0.20670833800000002
7,0.5,0.1816136703,0.2,0.28161367029999995
7,0.75,0.233143682,0.1,0.308143682
7,1.0,0.233143682,0.1,0.333143682
7,1.25,0.233143682,0.1,0.358143682
7,1.5,0.233143682,0.1,0.383143682
7,1.75,0.400484593,0.0,0.400484593
7,2.0,0.400484593,0.0,0.400484593
8,0.25,0.0,1.0,0.25
8,0.5,0.32775878699999994,0.0,0.32775878699999994
8,0.75,0.32775878699999994,0.0,0.32775878699999994
8,1.0,0.32775878699999994,0.0,0.32775878699999994
8,1.25,0.32775878699999994,0.0,0.32775878699999994
8,1.5,0.32775878699999994,0.0,0.32775878699999994
8,1.75,0.32775878699999994,0.0,0.32775878699999994
8,2.0,0.32775878699999994,0.0,0.32775878699999994
9,0.25,0.13608008700000002,0.4,0.23608008700000002
9,0.5,0.26919004300000005,0.0,0.26919004300000005
9,0.75,0.26919004300000005,0.0,0.26919004300000005
9,1.0,0.26919004300000005,0.0,0.26919004300000005
9,1.25,0.26919004300000005,0.0,0.26919004300000005
9,1.5,0.26919004300000005,0.0,0.26919004300000005
9,1.75,0.26919004300000005,0.0,0.26919004300000005
9,2.0,0.26919004300000005,0.0,0.26919004300000005
10,0.25,0.13608008700000002,0.4,0.23608008700000002
10,0.5,0.26919004300000005,0.0,0.26919004300000005
10,0.75,0.26919004300000005,0.0,0.26919004300000005
10,1.0,0.26919004300000005,0.0,0.26919004300000005
10,1.25,0.26919004300000005,0.0,0.26919004300000005
10,1.5,0.26919004300000005,0.0,0.26919004300000005
10,1.75,0.26919004300000005,0.0,0.26919004300000005
10,2.0,0.26919004300000005,0.0,0.26919004300000005
11,0.25,0.030198316000000003,0.7,0.205198316
11,0.5,0.227325952,0.1,0.277325952
11,0.75,0.227325952,0.1,0.302325952
11,1.0,0.227325952,0.1,0.327325952
11,1.25,0.227325952,0.1,0.352325952
11,1.5,0.227325952,0.1,0.37732595199999996
11,1.75,0.37800241700000003,0.0,0.37800241700000003
11,2.0,0.37800241700000003,0.0,0.37800241700000003
12,0.25,0.0443772636,0.7,0.21937726359999998
12,0.5,0.296620097,0.0,0.296620097
12,0.75,0.296620097,0.0,0.296620097
12,1.0,0.296620097,0.0,0.296620097
12,1.25,0.296620097,0.0,0.296620097
12,1.5,0.296620097,0.0,0.296620097
12,1.75,0.296620097,0.0,0.296620097
12,2.0,0.296620097,0.0,0.296620097
13,0.25,0.170157678,0.1,0.195157678
13,0.5,0.170157678,0.1,0.220157678
13,0.75,0.170157678,0.1,0.245157678
13,1.0,0.170157678,0.1,0.270157678
13,1.25,0.282116643,0.0,0.282116643
13,1.5,0.282116643,0.0,0.282116643
13,1.75,0.282116643,0.0,0.282116643
13,2.0,0.282116643,0.0,0.282116643
14,0.25,0.11219274330000002,0.5,0.2371927433
14,0.5,0.1628265653,0.3,0.3128265653
14,0.75,0.323600093,0.0,0.323600093
14,1.0,0.323600093,0.0,0.323600093
14,1.25,0.323600093,0.0,0.323600093
14,1.5,0.323600093,0.0,0.323600093
14,1.75,0.323600093,0.0,0.323600093
14,2.0,0.323600093,0.0,0.323600093
15,0.25,0.0443772636,0.7,0.21937726359999998
15,0.5,0.296620097,0.0,0.296620097
15,0.75,0.296620097,0.0,0.296620097
15,1.0,0.296620097,0.0,0.296620097
15,1.25,0.296620097,0.0,0.296620097
15,1.5,0.296620097,0.0,0.296620097
15,1.75,0.296620097,0.0,0.296620097
15,2.0,0.296620097,0.0,0.296620097
16,0.25,0.0443772636,0.7,0.21937726359999998
16,0.5,0.296620097,0.0,0.296620097
16,0.75,0.296620097,0.0,0.296620097
16,1.0,0.296620097,0.0,0.296620097
16,1.25,0.296620097,0.0,0.296620097
16,1.5,0.296620097,0.0,0.296620097
16,1.75,0.296620097,0.0,0.296620097
16,2.0,0.296620097,0.0,0.296620097
17,0.25,0.05781304220000001,0.4,0.1578130422
17,0.5,0.05781304220000001,0.4,0.2578130422
17,0.75,0.128392695,0.3,0.35339269500000003
17,1.0,0.390461635,0.0,0.390461635
17,1.25,0.390461635,0.0,0.390461635
17,1.5,0.390461635,0.0,0.390461635
17,1.75,0.390461635,0.0,0.390461635
17,2.0,0.390461635,0.0,0.390461635
18,0.25,0.170157678,0.1,0.195157678
18,0.5,0.170157678,0.1,0.220157678
18,0.75,0.170157678,0.1,0.245157678
18,1.0,0.170157678,0.1,0.270157678
18,1.25,0.282116643,0.0,0.282116643
18,1.5,0.282116643,0.0,0.282116643
18,1.75,0.282116643,0.0,0.282116643
18,2.0,0.282116643,0.0,0.282116643
19,0.25,0.0,1.0,0.25
19,0.5,0.29554490499999997,0.0,0.29554490499999997
19,0.75,0.29554490499999997,0.0,0.29554490499999997
19,1.0,0.29554490499999997,0.0,0.29554490499999997
19,1.25,0.29554490499999997,0.0,0.29554490499999997
19,1.5,0.29554490499999997,0.0,0.29554490499999997
19,1.75,0.29554490499999997,0.0,0.29554490499999997
19,2.0,0.29554490499999997,0.0,0.29554490499999997
20,0.25,0.031708338,0.7,0.20670833800000002
20,0.5,0.1816136703,0.2,0.28161367029999995
20,0.75,0.233143682,0.1,0.308143682
20,1.0,0.233143682,0.1,0.333143682
20,1.25,0.233143682,0.1,0.358143682
20,1.5,0.233143682,0.1,0.383143682
20,1.75,0.400484593,0.0,0.400484593
20,2.0,0.400484593,0.0,0.400484593
21,0.25,0.11880067420000003,0.2,0.16880067420000003
21,0.5,0.11880067420000003,0.2,0.21880067420000002
21,0.75,0.11880067420000003,0.2,0.26880067420000003
21,1.0,0.11880067420000003,0.2,0.3188006742
21,1.25,0.11880067420000003,0.2,0.3688006742
21,1.5,0.39399573400000004,0.0,0.39399573400000004
21,1.75,0.39399573400000004,0.0,0.39399573400000004
21,2.0,0.39399573400000004,0.0,0.39399573400000004
22,0.25,0.033961062199999996,0.6,0.1839610622
22,0.5,0.22205753899999997,0.2,0.32205753899999995
22,0.75,0.275063253,0.1,0.35006325299999996
22,1.0,0.275063253,0.1,0.375063253
22,1.25,0.275063253,0.1,0.400063253
22,1.5,0.40391125299999997,0.0,0.40391125299999997
22,1.75,0.40391125299999997,0.0,0.40391125299999997
22,2.0,0.40391125299999997,0.0,0.40391125299999997
23,0.25,0.0317189265,0.7,0.2067189265
23,0.5,0.20550934,0.2,0.30550934
23,0.75,0.259466949,0.1,0.33446694899999996
23,1.0,0.259466949,0.1,0.359466949
23,1.25,0.259466949,0.1,0.384466949
23,1.5,0.259466949,0.1,0.4094669489999999
23,1.75,0.40985232099999996,0.0,0.40985232099999996
23,2.0,0.40985232099999996,0.0,0.40985232099999996
24,0.25,0.030198316000000003,0.7,0.205198316
24,0.5,0.227325952,0.1,0.277325952
24,0.75,0.227325952,0.1,0.302325952
24,1.0,0.227325952,0.1,0.327325952
24,1.25,0.227325952,0.1,0.352325952
24,1.5,0.227325952,0.1,0.37732595199999996
24,1.75,0.37800241700000003,0.0,0.37800241700000003
24,2.0,0.37800241700000003,0.0,0.37800241700000003
25,0.25,0.030198316000000003,0.7,0.205198316
25,0.5,0.227325952,0.1,0.277325952
25,0.75,0.227325952,0.1,0.302325952
25,1.0,0.227325952,0.1,0.327325952
25,1.25,0.227325952,0.1,0.352325952
25,1.5,0.227325952,0.1,0.37732595199999996
25,1.75,0.37800241700000003,0.0,0.37800241700000003
25,2.0,0.37800241700000003,0.0,0.37800241700000003
26,0.25,0.036044325599999996,0.6,0.1860443256
26,0.5,0.19220950200000003,0.2,0.29220950200000007
26,0.75,0.19220950200000003,0.2,0.34220950200000005
26,1.0,0.27659485699999997,0.1,0.376594857
26,1.25,0.27659485699999997,0.1,0.40159485699999997
26,1.5,0.414478235,0.0,0.414478235
26,1.75,0.414478235,0.0,0.414478235
26,2.0,0.414478235,0.0,0.414478235
27,0.25,0.12848052400000004,0.2,0.17848052400000003
27,0.5,0.12848052400000004,0.2,0.22848052400000002
27,0.75,0.12848052400000004,0.2,0.278480524
27,1.0,0.12848052400000004,0.2,0.32848052400000005
27,1.25,0.12848052400000004,0.2,0.37848052400000004
27,1.5,0.12848052400000004,0.2,0.4284805240000001
27,1.75,0.12848052400000004,0.2,0.4784805240000001
27,2.0,0.48156339100000006,0.0,0.48156339100000006
28,0.25,0.034728842999999995,0.8,0.234728843
28,0.5,0.341645869,0.0,0.341645869
28,0.75,0.341645869,0.0,0.341645869
28,1.0,0.341645869,0.0,0.341645869
28,1.25,0.341645869,0.0,0.341645869
28,1.5,0.341645869,0.0,0.341645869
28,1.75,0.341645869,0.0,0.341645869
28,2.0,0.341645869,0.0,0.341645869
29,0.25,0.055283731399999994,0.6,0.2052837314
29,0.5,0.1513441127,0.4,0.3513441127
29,0.75,0.31878079899999995,0.1,0.39378079899999996
29,1.0,0.31878079899999995,0.1,0.418780799
29,1.25,0.31878079899999995,0.1,0.44378079899999995
29,1.5,0.31878079899999995,0.1,0.46878079899999997
29,1.75,0.479857785,0.0,0.479857785
29,2.0,0.479857785,0.0,0.479857785
30,0.25,0.0,1.0,0.25
30,0.5,0.30518516600000006,0.2,0.40518516600000004
30,0.75,0.419970168,0.0,0.419970168
30,1.0,0.419970168,0.0,0.419970168
30,1.25,0.419970168,0.0,0.419970168
30,1.5,0.419970168,0.0,0.419970168
30,1.75,0.419970168,0.0,0.419970168
30,2.0,0.419970168,0.0,0.419970168
31,0.25,0.12848052400000004,0.2,0.17848052400000003
31,0.5,0.12848052400000004,0.2,0.22848052400000002
31,0.75,0.12848052400000004,0.2,0.278480524
31,1.0,0.12848052400000004,0.2,0.32848052400000005
31,1.25,0.12848052400000004,0.2,0.37848052400000004
31,1.5,0.12848052400000004,0.2,0.4284805240000001
31,1.75,0.12848052400000004,0.2,0.4784805240000001
31,2.0,0.48156339100000006,0.0,0.48156339100000006
32,0.25,0.06618503830000001,0.7,0.2411850383
32,0.5,0.3135843930000001,0.0,0.3135843930000001
32,0.75,0.3135843930000001,0.0,0.3135843930000001
32,1.0,0.3135843930000001,0.0,0.3135843930000001
32,1.25,0.3135843930000001,0.0,0.3135843930000001
32,1.5,0.3135843930000001,0.0,0.3135843930000001
32,1.75,0.3135843930000001,0.0,0.3135843930000001
32,2.0,0.3135843930000001,0.0,0.3135843930000001
33,0.25,0.161229081,0.1,0.186229081
33,0.5,0.161229081,0.1,0.211229081
33,0.75,0.161229081,0.1,0.236229081
33,1.0,0.161229081,0.1,0.26122908100000003
33,1.25,0.275691584,0.0,0.275691584
33,1.5,0.275691584,0.0,0.275691584
33,1.75,0.275691584,0.0,0.275691584
33,2.0,0.275691584,0.0,0.275691584
34,0.25,0.024624390700000002,0.9,0.24962439070000003
34,0.5,0.30108552200000005,0.0,0.30108552200000005
34,0.75,0.30108552200000005,0.0,0.30108552200000005
34,1.0,0.30108552200000005,0.0,0.30108552200000005
34,1.25,0.30108552200000005,0.0,0.30108552200000005
34,1.5,0.30108552200000005,0.0,0.30108552200000005
34,1.75,0.30108552200000005,0.0,0.30108552200000005
34,2.0,0.30108552200000005,0.0,0.30108552200000005
35,0.25,0.030198316000000003,0.7,0.205198316
35,0.5,0.227325952,0.1,0.277325952
35,0.75,0.227325952,0.1,0.302325952
35,1.0,0.227325952,0.1,0.327325952
35,1.25,0.227325952,0.1,0.352325952
35,1.5,0.227325952,0.1,0.37732595199999996
35,1.75,0.37800241700000003,0.0,0.37800241700000003
35,2.0,0.37800241700000003,0.0,0.37800241700000003
36,0.25,0.055283731399999994,0.6,0.2052837314
36,0.5,0.1513441127,0.4,0.3513441127
36,0.75,0.31878079899999995,0.1,0.39378079899999996
36,1.0,0.31878079899999995,0.1,0.418780799
36,1.25,0.31878079899999995,0.1,0.44378079899999995
36,1.5,0.31878079899999995,0.1,0.46878079899999997
36,1.75,0.479857785,0.0,0.479857785
36,2.0,0.479857785,0.0,0.479857785
37,0.25,0.062066006900000005,0.4,0.1620660069
37,0.5,0.062066006900000005,0.4,0.2620660069
37,0.75,0.1293120456,0.3,0.3543120456
37,1.0,0.383244249,0.0,0.383244249
37,1.25,0.383244249,0.0,0.383244249
37,1.5,0.383244249,0.0,0.383244249
37,1.75,0.383244249,0.0,0.383244249
37,2.0,0.383244249,0.0,0.383244249
38,0.25,0.062066006900000005,0.4,0.1620660069
38,0.5,0.062066006900000005,0.4,0.2620660069
38,0.75,0.1293120456,0.3,0.3543120456
38,1.0,0.383244249,0.0,0.383244249
38,1.25,0.383244249,0.0,0.383244249
38,1.5,0.383244249,0.0,0.383244249
38,1.75,0.383244249,0.0,0.383244249
38,2.0,0.383244249,0.0,0.383244249
39,0.25,0.0694079921,0.3,0.1444079921
39,0.5,0.1200750344,0.1,0.1700750344
39,0.75,0.1200750344,0.1,0.1950750344
39,1.0,0.1200750344,0.1,0.22007503440000004
39,1.25,0.1200750344,0.1,0.24507503440000003
39,1.5,0.251829514,0.0,0.251829514
39,1.75,0.251829514,0.0,0.251829514
39,2.0,0.251829514,0.0,0.251829514
40,0.25,0.034728842999999995,0.8,0.234728843
40,0.5,0.341645869,0.0,0.341645869
40,0.75,0.341645869,0.0,0.341645869
40,1.0,0.341645869,0.0,0.341645869
40,1.25,0.341645869,0.0,0.341645869
40,1.5,0.341645869,0.0,0.341645869
40,1.75,0.341645869,0.0,0.341645869
40,2.0,0.341645869,0.0,0.341645869
41,0.25,0.033961062199999996,0.6,0.1839610622
41,0.5,0.22205753899999997,0.2,0.32205753899999995
41,0.75,0.275063253,0.1,0.35006325299999996
41,1.0,0.275063253,0.1,0.375063253
41,1.25,0.275063253,0.1,0.400063253
41,1.5,0.40391125299999997,0.0,0.40391125299999997
41,1.75,0.40391125299999997,0.0,0.40391125299999997
41,2.0,0.40391125299999997,0.0,0.40391125299999997
42,0.25,0.150175755,0.3,0.22517575499999998
42,0.5,0.29340551,0.0,0.29340551
42,0.75,0.29340551,0.0,0.29340551
42,1.0,0.29340551,0.0,0.29340551
42,1.25,0.29340551,0.0,0.29340551
42,1.5,0.29340551,0.0,0.29340551
42,1.75,0.29340551,0.0,0.29340551
42,2.0,0.29340551,0.0,0.29340551
43,0.25,0.024624390700000002,0.9,0.24962439070000003
43,0.5,0.30108552200000005,0.0,0.30108552200000005
43,0.75,0.30108552200000005,0.0,0.30108552200000005
43,1.0,0.30108552200000005,0.0,0.30108552200000005
43,1.25,0.30108552200000005,0.0,0.30108552200000005
43,1.5,0.30108552200000005,0.0,0.30108552200000005
43,1.75,0.30108552200000005,0.0,0.30108552200000005
43,2.0,0.30108552200000005,0.0,0.30108552200000005
44,0.25,0.12245510070000001,0.4,0.22245510070000002
44,0.5,0.21253698000000001,0.1,0.26253698000000003
44,0.75,0.21253698000000001,0.1,0.28753698
44,1.0,0.21253698000000001,0.1,0.31253698
44,1.25,0.21253698000000001,0.1,0.33753698
44,1.5,0.21253698000000001,0.1,0.36253698
44,1.75,0.372147429,0.0,0.372147429
44,2.0,0.372147429,0.0,0.372147429
45,0.25,0.161229081,0.1,0.186229081
45,0.5,0.161229081,0.1,0.211229081
45,0.75,0.161229081,0.1,0.236229081
45,1.0,0.161229081,0.1,0.26122908100000003
45,1.25,0.275691584,0.0,0.275691584
45,1.5,0.275691584,0.0,0.275691584
45,1.75,0.275691584,0.0,0.275691584
45,2.0,0.275691584,0.0,0.275691584
46,0.25,0.05781304220000001,0.4,0.1578130422
46,0.5,0.05781304220000001,0.4,0.2578130422
46,0.75,0.128392695,0.3,0.35339269500000003
46,1.0,0.390461635,0.0,0.390461635
46,1.25,0.390461635,0.0,0.390461635
46,1.5,0.390461635,0.0,0.390461635
46,1.75,0.390461635,0.0,0.390461635
46,2.0,0.390461635,0.0,0.390461635
47,0.25,0.0633120825,0.4,0.1633120825
47,0.5,0.131969144,0.2,0.23196914400000002
47,0.75,0.131969144,0.2,0.281969144
47,1.0,0.22146553600000002,0.1,0.321465536
47,1.25,0.22146553600000002,0.1,0.346465536
47,1.5,0.22146553600000002,0.1,0.371465536
47,1.75,0.382647187,0.0,0.382647187
47,2.0,0.382647187,0.0,0.382647187
48,0.25,0.12848052400000004,0.2,0.17848052400000003
48,0.5,0.12848052400000004,0.2,0.22848052400000002
48,0.75,0.12848052400000004,0.2,0.278480524
48,1.0,0.12848052400000004,0.2,0.32848052400000005
48,1.25,0.12848052400000004,0.2,0.37848052400000004
48,1.5,0.12848052400000004,0.2,0.4284805240000001
48,1.75,0.12848052400000004,0.2,0.4784805240000001
48,2.0,0.48156339100000006,0.0,0.48156339100000006
49,0.25,0.12993209860000002,0.3,0.2049320986
49,0.5,0.12993209860000002,0.3,0.2799320986
49,0.75,0.12993209860000002,0.3,0.3549320986
49,1.0,0.358460153,0.0,0.358460153
49,1.25,0.358460153,0.0,0.358460153
49,1.5,0.358460153,0.0,0.358460153
49,1.75,0.358460153,0.0,0.358460153
49,2.0,0.358460153,0.0,0.358460153
50,0.25,0.0443772636,0.7,0.21937726359999998
50,0.5,0.296620097,0.0,0.296620097
50,0.75,0.296620097,0.0,0.296620097
50,1.0,0.296620097,0.0,0.296620097
50,1.25,0.296620097,0.0,0.296620097
50,1.5,0.296620097,0.0,0.296620097
50,1.75,0.296620097,0.0,0.296620097
50,2.0,0.296620097,0.0,0.296620097
51,0.25,0.0443772636,0.7,0.21937726359999998
51,0.5,0.296620097,0.0,0.296620097
51,0.75,0.296620097,0.0,0.296620097
51,1.0,0.296620097,0.0,0.296620097
51,1.25,0.296620097,0.0,0.296620097
51,1.5,0.296620097,0.0,0.296620097
51,1.75,0.296620097,0.0,0.296620097
51,2.0,0.296620097,0.0,0.296620097
52,0.25,0.030198316000000003,0.7,0.205198316
52,0.5,0.227325952,0.1,0.277325952
52,0.75,0.227325952,0.1,0.302325952
52,1.0,0.227325952,0.1,0.327325952
52,1.25,0.227325952,0.1,0.352325952
52,1.5,0.227325952,0.1,0.37732595199999996
52,1.75,0.37800241700000003,0.0,0.37800241700000003
52,2.0,0.37800241700000003,0.0,0.37800241700000003
53,0.25,0.0,1.0,0.25
53,0.5,0.2745237340000001,0.2,0.37452373400000005
53,0.75,0.389258682,0.0,0.389258682
53,1.0,0.389258682,0.0,0.389258682
53,1.25,0.389258682,0.0,0.389258682
53,1.5,0.389258682,0.0,0.389258682
53,1.75,0.389258682,0.0,0.389258682
53,2.0,0.389258682,0.0,0.389258682
54,0.25,0.0443772636,0.7,0.21937726359999998
54,0.5,0.296620097,0.0,0.296620097
54,0.75,0.296620097,0.0,0.296620097
54,1.0,0.296620097,0.0,0.296620097
54,1.25,0.296620097,0.0,0.296620097
54,1.5,0.296620097,0.0,0.296620097
54,1.75,0.296620097,0.0,0.296620097
54,2.0,0.296620097,0.0,0.296620097
55,0.25,0.0,1.0,0.25
55,0.5,0.283286965,0.0,0.283286965
55,0.75,0.283286965,0.0,0.283286965
55,1.0,0.283286965,0.0,0.283286965
55,1.25,0.283286965,0.0,0.283286965
55,1.5,0.283286965,0.0,0.283286965
55,1.75,0.283286965,0.0,0.283286965
55,2.0,0.283286965,0.0,0.283286965
56,0.25,0.0,1.0,0.25
56,0.5,0.29554490499999997,0.0,0.29554490499999997
56,0.75,0.29554490499999997,0.0,0.29554490499999997
56,1.0,0.29554490499999997,0.0,0.29554490499999997
56,1.25,0.29554490499999997,0.0,0.29554490499999997
56,1.5,0.29554490499999997,0.0,0.29554490499999997
56,1.75,0.29554490499999997,0.0,0.29554490499999997
56,2.0,0.29554490499999997,0.0,0.29554490499999997
57,0.25,0.15017575499999997,0.3,0.22517575499999998
57,0.5,0.29340551000000004,0.0,0.29340551000000004
57,0.75,0.29340551000000004,0.0,0.29340551000000004
57,1.0,0.29340551000000004,0.0,0.29340551000000004
57,1.25,0.29340551000000004,0.0,0.29340551000000004
57,1.5,0.29340551000000004,0.0,0.29340551000000004
57,1.75,0.29340551000000004,0.0,0.29340551000000004
57,2.0,0.29340551000000004,0.0,0.29340551000000004
58,0.25,0.09630425000000001,0.5,0.22130425000000004
58,0.5,0.12205264949999999,0.4,0.32205264949999995
58,0.75,0.34456913299999997,0.0,0.34456913299999997
58,1.0,0.34456913299999997,0.0,0.34456913299999997
58,1.25,0.34456913299999997,0.0,0.34456913299999997
58,1.5,0.34456913299999997,0.0,0.34456913299999997
58,1.75,0.34456913299999997,0.0,0.34456913299999997
58,2.0,0.34456913299999997,0.0,0.34456913299999997
59,0.25,0.05781304220000001,0.4,0.1578130422
59,0.5,0.05781304220000001,0.4,0.2578130422
59,0.75,0.128392695,0.3,0.35339269500000003
59,1.0,0.390461635,0.0,0.390461635
59,1.25,0.390461635,0.0,0.390461635
59,1.5,0.390461635,0.0,0.390461635
59,1.75,0.390461635,0.0,0.390461635
59,2.0,0.390461635,0.0,0.390461635
60,0.25,0.0279208024,0.8,0.22792080239999998
60,0.5,0.22303630800000002,0.1,0.273036308
60,0.75,0.22303630800000002,0.1,0.298036308
60,1.0,0.22303630800000002,0.1,0.323036308
60,1.25,0.22303630800000002,0.1,0.348036308
60,1.5,0.22303630800000002,0.1,0.373036308
60,1.75,0.373885816,0.0,0.373885816
60,2.0,0.373885816,0.0,0.373885816
61,0.25,0.036044325599999996,0.6,0.1860443256
61,0.5,0.19220950200000003,0.2,0.29220950200000007
61,0.75,0.19220950200000003,0.2,0.34220950200000005
61,1.0,0.27659485699999997,0.1,0.376594857
61,1.25,0.27659485699999997,0.1,0.40159485699999997
61,1.5,0.414478235,0.0,0.414478235
61,1.75,0.414478235,0.0,0.414478235
61,2.0,0.414478235,0.0,0.414478235
62,0.25,0.1322857997,0.4,0.2322857997
62,0.5,0.24931318600000002,0.1,0.299313186
62,0.75,0.24931318600000002,0.1,0.32431318600000003
62,1.0,0.24931318600000002,0.1,0.349313186
62,1.25,0.363035726,0.0,0.363035726
62,1.5,0.363035726,0.0,0.363035726
62,1.75,0.363035726,0.0,0.363035726
62,2.0,0.363035726,0.0,0.363035726
63,0.25,0.0644952016,0.4,0.1644952016
63,0.5,0.13308569600000003,0.2,0.233085696
63,0.75,0.13308569600000003,0.2,0.283085696
63,1.0,0.13308569600000003,0.2,0.33308569600000004
63,1.25,0.13308569600000003,0.2,0.38308569600000003
63,1.5,0.13308569600000003,0.2,0.433085696
63,1.75,0.13308569600000003,0.2,0.483085696
63,2.0,0.506663135,0.0,0.506663135
64,0.25,0.0279208024,0.8,0.22792080239999998
64,0.5,0.22303630800000002,0.1,0.273036308
64,0.75,0.22303630800000002,0.1,0.298036308
64,1.0,0.22303630800000002,0.1,0.323036308
64,1.25,0.22303630800000002,0.1,0.348036308
64,1.5,0.22303630800000002,0.1,0.373036308
64,1.75,0.373885816,0.0,0.373885816
64,2.0,0.373885816,0.0,0.373885816
65,0.25,0.030198316000000003,0.7,0.205198316
65,0.5,0.227325952,0.1,0.277325952
65,0.75,0.227325952,0.1,0.302325952
65,1.0,0.227325952,0.1,0.327325952
65,1.25,0.227325952,0.1,0.352325952
65,1.5,0.227325952,0.1,0.37732595199999996
65,1.75,0.37800241700000003,0.0,0.37800241700000003
65,2.0,0.37800241700000003,0.0,0.37800241700000003
66,0.25,0.11880067420000003,0.2,0.16880067420000003
66,0.5,0.11880067420000003,0.2,0.21880067420000002
66,0.75,0.11880067420000003,0.2,0.26880067420000003
66,1.0,0.11880067420000003,0.2,0.3188006742
66,1.25,0.11880067420000003,0.2,0.3688006742
66,1.5,0.39399573400000004,0.0,0.39399573400000004
66,1.75,0.39399573400000004,0.0,0.39399573400000004
66,2.0,0.39399573400000004,0.0,0.39399573400000004
67,0.25,0.036044325599999996,0.6,0.1860443256
67,0.5,0.19220950200000003,0.2,0.29220950200000007
67,0.75,0.19220950200000003,0.2,0.34220950200000005
67,1.0,0.27659485699999997,0.1,0.376594857
67,1.25,0.27659485699999997,0.1,0.40159485699999997
67,1.5,0.414478235,0.0,0.414478235
67,1.75,0.414478235,0.0,0.414478235
67,2.0,0.414478235,0.0,0.414478235
68,0.25,0.06618503830000001,0.7,0.2411850383
68,0.5,0.3135843930000001,0.0,0.3135843930000001
68,0.75,0.3135843930000001,0.0,0.3135843930000001
68,1.0,0.3135843930000001,0.0,0.3135843930000001
68,1.25,0.3135843930000001,0.0,0.3135843930000001
68,1.5,0.3135843930000001,0.0,0.3135843930000001
68,1.75,0.3135843930000001,0.0,0.3135843930000001
68,2.0,0.3135843930000001,0.0,0.3135843930000001
69,0.25,0.024624390700000002,0.9,0.24962439070000003
69,0.5,0.30108552200000005,0.0,0.30108552200000005
69,0.75,0.30108552200000005,0.0,0.30108552200000005
69,1.0,0.30108552200000005,0.0,0.30108552200000005
69,1.25,0.30108552200000005,0.0,0.30108552200000005
69,1.5,0.30108552200000005,0.0,0.30108552200000005
69,1.75,0.30108552200000005,0.0,0.30108552200000005
69,2.0,0.30108552200000005,0.0,0.30108552200000005
70,0.25,0.0,1.0,0.25
70,0.5,0.283286965,0.0,0.283286965
70,0.75,0.283286965,0.0,0.283286965
70,1.0,0.283286965,0.0,0.283286965
70,1.25,0.283286965,0.0,0.283286965
70,1.5,0.283286965,0.0,0.283286965
70,1.75,0.283286965,0.0,0.283286965
70,2.0,0.283286965,0.0,0.283286965
71,0.25,0.030198316000000003,0.7,0.205198316
71,0.5,0.227325952,0.1,0.277325952
71,0.75,0.227325952,0.1,0.302325952
71,1.0,0.227325952,0.1,0.327325952
71,1.25,0.227325952,0.1,0.352325952
71,1.5,0.227325952,0.1,0.37732595199999996
71,1.75,0.37800241700000003,0.0,0.37800241700000003
71,2.0,0.37800241700000003,0.0,0.37800241700000003
72,0.25,0.11219274330000002,0.5,0.2371927433
72,0.5,0.1628265653,0.3,0.3128265653
72,0.75,0.323600093,0.0,0.323600093
72,1.0,0.323600093,0.0,0.323600093
72,1.25,0.323600093,0.0,0.323600093
72,1.5,0.323600093,0.0,0.323600093
72,1.75,0.323600093,0.0,0.323600093
72,2.0,0.323600093,0.0,0.323600093
73,0.25,0.15017575500000002,0.3,0.22517575500000003
73,0.5,0.29340551,0.0,0.29340551
73,0.75,0.29340551,0.0,0.29340551
73,1.0,0.29340551,0.0,0.29340551
73,1.25,0.29340551,0.0,0.29340551
73,1.5,0.29340551,0.0,0.29340551
73,1.75,0.29340551,0.0,0.29340551
73,2.0,0.29340551,0.0,0.29340551
74,0.25,0.0,1.0,0.25
74,0.5,0.32775878699999994,0.0,0.32775878699999994
74,0.75,0.32775878699999994,0.0,0.32775878699999994
74,1.0,0.32775878699999994,0.0,0.32775878699999994
74,1.25,0.32775878699999994,0.0,0.32775878699999994
74,1.5,0.32775878699999994,0.0,0.32775878699999994
74,1.75,0.32775878699999994,0.0,0.32775878699999994
74,2.0,0.32775878699999994,0.0,0.32775878699999994
75,0.25,0.13608008700000002,0.4,0.23608008700000002
75,0.5,0.26919004300000005,0.0,0.26919004300000005
75,0.75,0.26919004300000005,0.0,0.26919004300000005
75,1.0,0.26919004300000005,0.0,0.26919004300000005
75,1.25,0.26919004300000005,0.0,0.26919004300000005
75,1.5,0.26919004300000005,0.0,0.26919004300000005
75,1.75,0.26919004300000005,0.0,0.26919004300000005
75,2.0,0.26919004300000005,0.0,0.26919004300000005
76,0.25,0.06618503830000001,0.7,0.2411850383
76,0.5,0.3135843930000001,0.0,0.3135843930000001
76,0.75,0.3135843930000001,0.0,0.3135843930000001
76,1.0,0.3135843930000001,0.0,0.3135843930000001
76,1.25,0.3135843930000001,0.0,0.3135843930000001
76,1.5,0.3135843930000001,0.0,0.3135843930000001
76,1.75,0.3135843930000001,0.0,0.3135843930000001
76,2.0,0.3135843930000001,0.0,0.3135843930000001
77,0.25,0.0443772636,0.7,0.21937726359999998
77,0.5,0.296620097,0.0,0.296620097
77,0.75,0.296620097,0.0,0.296620097
77,1.0,0.296620097,0.0,0.296620097
77,1.25,0.296620097,0.0,0.296620097
77,1.5,0.296620097,0.0,0.296620097
77,1.75,0.296620097,0.0,0.296620097
77,2.0,0.296620097,0.0,0.296620097
78,0.25,0.0644952016,0.4,0.1644952016
78,0.5,0.13308569600000003,0.2,0.233085696
78,0.75,0.13308569600000003,0.2,0.283085696
78,1.0,0.13308569600000003,0.2,0.33308569600000004
78,1.25,0.13308569600000003,0.2,0.38308569600000003
78,1.5,0.13308569600000003,0.2,0.433085696
78,1.75,0.13308569600000003,0.2,0.483085696
78,2.0,0.506663135,0.0,0.506663135
79,0.25,0.0640676957,0.3,0.1390676957
79,0.5,0.0640676957,0.3,0.2140676957
79,0.75,0.13319579800000003,0.2,0.28319579800000005
79,1.0,0.22298175000000003,0.1,0.32298175
79,1.25,0.22298175000000003,0.1,0.34798175000000003
79,1.5,0.22298175000000003,0.1,0.37298175
79,1.75,0.39098180099999996,0.0,0.39098180099999996
79,2.0,0.39098180099999996,0.0,0.39098180099999996
80,0.25,0.036044325599999996,0.6,0.1860443256
80,0.5,0.19220950200000003,0.2,0.29220950200000007
80,0.75,0.19220950200000003,0.2,0.34220950200000005
80,1.0,0.27659485699999997,0.1,0.376594857
80,1.25,0.27659485699999997,0.1,0.40159485699999997
80,1.5,0.414478235,0.0,0.414478235
80,1.75,0.414478235,0.0,0.414478235
80,2.0,0.414478235,0.0,0.414478235
81,0.25,0.05781304220000001,0.4,0.1578130422
81,0.5,0.05781304220000001,0.4,0.2578130422
81,0.75,0.128392695,0.3,0.35339269500000003
81,1.0,0.390461635,0.0,0.390461635
81,1.25,0.390461635,0.0,0.390461635
81,1.5,0.390461635,0.0,0.390461635
81,1.75,0.390461635,0.0,0.390461635
81,2.0,0.390461635,0.0,0.390461635
82,0.25,0.036044325599999996,0.6,0.1860443256
82,0.5,0.19220950200000003,0.2,0.29220950200000007
82,0.75,0.19220950200000003,0.2,0.34220950200000005
82,1.0,0.27659485699999997,0.1,0.376594857
82,1.25,0.27659485699999997,0.1,0.40159485699999997
82,1.5,0.414478235,0.0,0.414478235
82,1.75,0.414478235,0.0,0.414478235
82,2.0,0.414478235,0.0,0.414478235
83,0.25,0.15017575500000002,0.3,0.22517575500000003
83,0.5,0.29340551,0.0,0.29340551
83,0.75,0.29340551,0.0,0.29340551
83,1.0,0.29340551,0.0,0.29340551
83,1.25,0.29340551,0.0,0.29340551
83,1.5,0.29340551,0.0,0.29340551
83,1.75,0.29340551,0.0,0.29340551
83,2.0,0.29340551,0.0,0.29340551
84,0.25,0.024624390700000002,0.9,0.24962439070000003
84,0.5,0.30108552200000005,0.0,0.30108552200000005
84,0.75,0.30108552200000005,0.0,0.30108552200000005
84,1.0,0.30108552200000005,0.0,0.30108552200000005
84,1.25,0.30108552200000005,0.0,0.30108552200000005
84,1.5,0.30108552200000005,0.0,0.30108552200000005
84,1.75,0.30108552200000005,0.0,0.30108552200000005
84,2.0,0.30108552200000005,0.0,0.30108552200000005
85,0.25,0.0644952016,0.4,0.1644952016
85,0.5,0.13308569600000003,0.2,0.233085696
85,0.75,0.13308569600000003,0.2,0.283085696
85,1.0,0.13308569600000003,0.2,0.33308569600000004
85,1.25,0.13308569600000003,0.2,0.38308569600000003
85,1.5,0.13308569600000003,0.2,0.433085696
85,1.75,0.13308569600000003,0.2,0.483085696
85,2.0,0.506663135,0.0,0.506663135
86,0.25,0.0317189265,0.7,0.2067189265
86,0.5,0.20550934,0.2,0.30550934
86,0.75,0.259466949,0.1,0.33446694899999996
86,1.0,0.259466949,0.1,0.359466949
86,1.25,0.259466949,0.1,0.384466949
86,1.5,0.259466949,0.1,0.4094669489999999
86,1.75,0.40985232099999996,0.0,0.40985232099999996
86,2.0,0.40985232099999996,0.0,0.40985232099999996
87,0.25,0.024624390700000002,0.9,0.24962439070000003
87,0.5,0.30108552200000005,0.0,0.30108552200000005
87,0.75,0.30108552200000005,0.0,0.30108552200000005
87,1.0,0.30108552200000005,0.0,0.30108552200000005
87,1.25,0.30108552200000005,0.0,0.30108552200000005
87,1.5,0.30108552200000005,0.0,0.30108552200000005
87,1.75,0.30108552200000005,0.0,0.30108552200000005
87,2.0,0.30108552200000005,0.0,0.30108552200000005
88,0.25,0.0,1.0,0.25
88,0.5,0.30518516600000006,0.2,0.40518516600000004
88,0.75,0.419970168,0.0,0.419970168
88,1.0,0.419970168,0.0,0.419970168
88,1.25,0.419970168,0.0,0.419970168
88,1.5,0.419970168,0.0,0.419970168
88,1.75,0.419970168,0.0,0.419970168
88,2.0,0.419970168,0.0,0.419970168
89,0.25,0.0443772636,0.7,0.21937726359999998
89,0.5,0.296620097,0.0,0.296620097
89,0.75,0.296620097,0.0,0.296620097
89,1.0,0.296620097,0.0,0.296620097
89,1.25,0.296620097,0.0,0.296620097
89,1.5,0.296620097,0.0,0.296620097
89,1.75,0.296620097,0.0,0.296620097
89,2.0,0.296620097,0.0,0.296620097
90,0.25,0.0427629918,0.6,0.1927629918
90,0.5,0.195655049,0.1,0.24565504899999996
90,0.75,0.195655049,0.1,0.270655049
90,1.0,0.195655049,0.1,0.29565504899999995
90,1.25,0.195655049,0.1,0.32065504899999997
90,1.5,0.195655049,0.1,0.345655049
90,1.75,0.195655049,0.1,0.37065504899999996
90,2.0,0.37199146200000005,0.0,0.37199146200000005
91,0.25,0.030198316000000003,0.7,0.205198316
91,0.5,0.227325952,0.1,0.277325952
91,0.75,0.227325952,0.1,0.302325952
91,1.0,0.227325952,0.1,0.327325952
91,1.25,0.227325952,0.1,0.352325952
91,1.5,0.227325952,0.1,0.37732595199999996
91,1.75,0.37800241700000003,0.0,0.37800241700000003
91,2.0,0.37800241700000003,0.0,0.37800241700000003
92,0.25,0.0633120825,0.4,0.1633120825
92,0.5,0.131969144,0.2,0.23196914400000002
92,0.75,0.131969144,0.2,0.281969144
92,1.0,0.22146553600000002,0.1,0.321465536
92,1.25,0.22146553600000002,0.1,0.346465536
92,1.5,0.22146553600000002,0.1,0.371465536
92,1.75,0.382647187,0.0,0.382647187
92,2.0,0.382647187,0.0,0.382647187
93,0.25,0.150175755,0.3,0.22517575499999998
93,0.5,0.29340551,0.0,0.29340551
93,0.75,0.29340551,0.0,0.29340551
93,1.0,0.29340551,0.0,0.29340551
93,1.25,0.29340551,0.0,0.29340551
93,1.5,0.29340551,0.0,0.29340551
93,1.75,0.29340551,0.0,0.29340551
93,2.0,0.29340551,0.0,0.29340551
94,0.25,0.0644952016,0.4,0.1644952016
94,0.5,0.13308569600000003,0.2,0.233085696
94,0.75,0.13308569600000003,0.2,0.283085696
94,1.0,0.13308569600000003,0.2,0.33308569600000004
94,1.25,0.13308569600000003,0.2,0.38308569600000003
94,1.5,0.13308569600000003,0.2,0.433085696
94,1.75,0.13308569600000003,0.2,0.483085696
94,2.0,0.506663135,0.0,0.506663135
95,0.25,0.1322857997,0.4,0.2322857997
95,0.5,0.24931318600000002,0.1,0.299313186
95,0.75,0.24931318600000002,0.1,0.32431318600000003
95,1.0,0.24931318600000002,0.1,0.349313186
95,1.25,0.363035726,0.0,0.363035726
95,1.5,0.363035726,0.0,0.363035726
95,1.75,0.363035726,0.0,0.363035726
95,2.0,0.363035726,0.0,0.363035726
96,0.25,0.034728842999999995,0.8,0.234728843
96,0.5,0.341645869,0.0,0.341645869
96,0.75,0.341645869,0.0,0.341645869
96,1.0,0.341645869,0.0,0.341645869
96,1.25,0.341645869,0.0,0.341645869
96,1.5,0.341645869,0.0,0.341645869
96,1.75,0.341645869,0.0,0.341645869
96,2.0,0.341645869,0.0,0.341645869
97,0.25,0.15017575499999997,0.3,0.22517575499999998
97,0.5,0.29340551000000004,0.0,0.29340551000000004
97,0.75,0.29340551000000004,0.0,0.29340551000000004
97,1.0,0.29340551000000004,0.0,0.29340551000000004
97,1.25,0.29340551000000004,0.0,0.29340551000000004
97,1.5,0.29340551000000004,0.0,0.29340551000000004
97,1.75,0.29340551000000004,0.0,0.29340551000000004
97,2.0,0.29340551000000004,0.0,0.29340551000000004
98,0.25,0.0,1.0,0.25
98,0.5,0.274523734,0.2,0.374523734
98,0.75,0.389258682,0.0,0.389258682
98,1.0,0.389258682,0.0,0.389258682
98,1.25,0.389258682,0.0,0.389258682
98,1.5,0.389258682,0.0,0.389258682
98,1.75,0.389258682,0.0,0.389258682
98,2.0,0.389258682,0.0,0.389258682
99,0.25,0.034728842999999995,0.8,0.234728843
99,0.5,0.341645869,0.0,0.341645869
99,0.75,0.341645869,0.0,0.341645869
99,1.0,0.341645869,0.0,0.341645869
99,1.25,0.341645869,0.0,0.341645869
99,1.5,0.341645869,0.0,0.341645869
99,1.75,0.341645869,0.0,0.341645869
99,2.0,0.341645869,0.0,0.341645869
100,0.25,0.0443772636,0.7,0.21937726359999998
100,0.5,0.296620097,0.0,0.296620097
100,0.75,0.296620097,0.0,0.296620097
100,1.0,0.296620097,0.0,0.296620097
100,1.25,0.296620097,0.0,0.296620097
100,1.5,0.296620097,0.0,0.296620097
100,1.75,0.296620097,0.0,0.296620097
100,2.0,0.296620097,0.0,0.296620097
101,0.25,0.062066006900000005,0.4,0.1620660069
101,0.5,0.062066006900000005,0.4,0.2620660069
101,0.75,0.1293120456,0.3,0.3543120456
101,1.0,0.383244249,0.0,0.383244249
101,1.25,0.383244249,0.0,0.383244249
101,1.5,0.383244249,0.0,0.383244249
101,1.75,0.383244249,0.0,0.383244249
101,2.0,0.383244249,0.0,0.383244249
102,0.25,0.12245510070000001,0.4,0.22245510070000002
102,0.5,0.21253698000000001,0.1,0.26253698000000003
102,0.75,0.21253698000000001,0.1,0.28753698
102,1.0,0.21253698000000001,0.1,0.31253698
102,1.25,0.21253698000000001,0.1,0.33753698
102,1.5,0.21253698000000001,0.1,0.36253698
102,1.75,0.372147429,0.0,0.372147429
102,2.0,0.372147429,0.0,0.372147429
103,0.25,0.0644272201,0.5,0.18942722010000002
103,0.5,0.17713626300000002,0.1,0.227136263
103,0.75,0.17713626300000002,0.1,0.252136263
103,1.0,0.25903007,0.0,0.25903007
103,1.25,0.25903007,0.0,0.25903007
103,1.5,0.25903007,0.0,0.25903007
103,1.75,0.25903007,0.0,0.25903007
103,2.0,0.25903007,0.0,0.25903007
104,0.25,0.0644272201,0.5,0.18942722010000002
104,0.5,0.17713626300000002,0.1,0.227136263
104,0.75,0.17713626300000002,0.1,0.252136263
104,1.0,0.25903007,0.0,0.25903007
104,1.25,0.25903007,0.0,0.25903007
104,1.5,0.25903007,0.0,0.25903007
104,1.75,0.25903007,0.0,0.25903007
104,2.0,0.25903007,0.0,0.25903007
105,0.25,0.0328724575,0.8,0.2328724575
105,0.5,0.30452869399999993,0.0,0.30452869399999993
105,0.75,0.30452869399999993,0.0,0.30452869399999993
105,1.0,0.30452869399999993,0.0,0.30452869399999993
105,1.25,0.30452869399999993,0.0,0.30452869399999993
105,1.5,0.30452869399999993,0.0,0.30452869399999993
105,1.75,0.30452869399999993,0.0,0.30452869399999993
105,2.0,0.30452869399999993,0.0,0.30452869399999993
106,0.25,0.0427629918,0.6,0.1927629918
106,0.5,0.195655049,0.1,0.24565504899999996
106,0.75,0.195655049,0.1,0.270655049
106,1.0,0.195655049,0.1,0.29565504899999995
106,1.25,0.195655049,0.1,0.32065504899999997
106,1.5,0.195655049,0.1,0.345655049
106,1.75,0.195655049,0.1,0.37065504899999996
106,2.0,0.37199146200000005,0.0,0.37199146200000005
107,0.25,0.031708338,0.7,0.20670833800000002
107,0.5,0.1816136703,0.2,0.28161367029999995
107,0.75,0.233143682,0.1,0.308143682
107,1.0,0.233143682,0.1,0.333143682
107,1.25,0.233143682,0.1,0.358143682
107,1.5,0.233143682,0.1,0.383143682
107,1.75,0.400484593,0.0,0.400484593
107,2.0,0.400484593,0.0,0.400484593
108,0.25,0.0443772636,0.7,0.21937726359999998
108,0.5,0.296620097,0.0,0.296620097
108,0.75,0.296620097,0.0,0.296620097
108,1.0,0.296620097,0.0,0.296620097
108,1.25,0.296620097,0.0,0.296620097
108,1.5,0.296620097,0.0,0.296620097
108,1.75,0.296620097,0.0,0.296620097
108,2.0,0.296620097,0.0,0.296620097
109,0.25,0.0640676957,0.3,0.1390676957
109,0.5,0.0640676957,0.3,0.2140676957
109,0.75,0.13319579800000003,0.2,0.28319579800000005
109,1.0,0.22298175000000003,0.1,0.32298175
109,1.25,0.22298175000000003,0.1,0.34798175000000003
109,1.5,0.22298175000000003,0.1,0.37298175
109,1.75,0.39098180099999996,0.0,0.39098180099999996
109,2.0,0.39098180099999996,0.0,0.39098180099999996
110,0.25,0.05781304220000001,0.4,0.1578130422
110,0.5,0.05781304220000001,0.4,0.2578130422
110,0.75,0.128392695,0.3,0.35339269500000003
110,1.0,0.390461635,0.0,0.390461635
110,1.25,0.390461635,0.0,0.390461635
110,1.5,0.390461635,0.0,0.390461635
110,1.75,0.390461635,0.0,0.390461635
110,2.0,0.390461635,0.0,0.390461635
111,0.25,0.030198316000000003,0.7,0.205198316
111,0.5,0.227325952,0.1,0.277325952
111,0.75,0.227325952,0.1,0.302325952
111,1.0,0.227325952,0.1,0.327325952
111,1.25,0.227325952,0.1,0.352325952
111,1.5,0.227325952,0.1,0.37732595199999996
111,1.75,0.37800241700000003,0.0,0.37800241700000003
111,2.0,0.37800241700000003,0.0,0.37800241700000003
112,0.25,0.0443772636,0.7,0.21937726359999998
112,0.5,0.296620097,0.0,0.296620097
112,0.75,0.296620097,0.0,0.296620097
112,1.0,0.296620097,0.0,0.296620097
112,1.25,0.296620097,0.0,0.296620097
112,1.5,0.296620097,0.0,0.296620097
112,1.75,0.296620097,0.0,0.296620097
112,2.0,0.296620097,0.0,0.296620097
113,0.25,0.0,1.0,0.25
113,0.5,0.29554490499999997,0.0,0.29554490499999997
113,0.75,0.29554490499999997,0.0,0.29554490499999997
113,1.0,0.29554490499999997,0.0,0.29554490499999997
113,1.25,0.29554490499999997,0.0,0.29554490499999997
113,1.5,0.29554490499999997,0.0,0.29554490499999997
113,1.75,0.29554490499999997,0.0,0.29554490499999997
113,2.0,0.29554490499999997,0.0,0.29554490499999997
114,0.25,0.0,1.0,0.25
114,0.5,0.30518516600000006,0.2,0.40518516600000004
114,0.75,0.419970168,0.0,0.419970168
114,1.0,0.419970168,0.0,0.419970168
114,1.25,0.419970168,0.0,0.419970168
114,1.5,0.419970168,0.0,0.419970168
114,1.75,0.419970168,0.0,0.419970168
114,2.0,0.419970168,0.0,0.419970168
115,0.25,0.0279208024,0.8,0.22792080239999998
115,0.5,0.22303630800000002,0.1,0.273036308
115,0.75,0.22303630800000002,0.1,0.298036308
115,1.0,0.22303630800000002,0.1,0.323036308
115,1.25,0.22303630800000002,0.1,0.348036308
115,1.5,0.22303630800000002,0.1,0.373036308
115,1.75,0.373885816,0.0,0.373885816
115,2.0,0.373885816,0.0,0.373885816
116,0.25,0.0,1.0,0.25
116,0.5,0.283286965,0.0,0.283286965
116,0.75,0.283286965,0.0,0.283286965
116,1.0,0.283286965,0.0,0.283286965
116,1.25,0.283286965,0.0,0.283286965
116,1.5,0.283286965,0.0,0.283286965
116,1.75,0.283286965,0.0,0.283286965
116,2.0,0.283286965,0.0,0.283286965
117,0.25,0.062066006900000005,0.4,0.1620660069
117,0.5,0.062066006900000005,0.4,0.2620660069
117,0.75,0.1293120456,0.3,0.3543120456
117,1.0,0.383244249,0.0,0.383244249
117,1.25,0.383244249,0.0,0.383244249
117,1.5,0.383244249,0.0,0.383244249
117,1.75,0.383244249,0.0,0.383244249
117,2.0,0.383244249,0.0,0.383244249
118,0.25,0.06618503830000001,0.7,0.2411850383
118,0.5,0.3135843930000001,0.0,0.3135843930000001
118,0.75,0.3135843930000001,0.0,0.3135843930000001
118,1.0,0.3135843930000001,0.0,0.3135843930000001
118,1.25,0.3135843930000001,0.0,0.3135843930000001
118,1.5,0.3135843930000001,0.0,0.3135843930000001
118,1.75,0.3135843930000001,0.0,0.3135843930000001
118,2.0,0.3135843930000001,0.0,0.3135843930000001
119,0.25,0.12993209860000002,0.3,0.2049320986
119,0.5,0.12993209860000002,0.3,0.2799320986
119,0.75,0.12993209860000002,0.3,0.3549320986
119,1.0,0.358460153,0.0,0.358460153
119,1.25,0.358460153,0.0,0.358460153
119,1.5,0.358460153,0.0,0.358460153
119,1.75,0.358460153,0.0,0.358460153
119,2.0,0.358460153,0.0,0.358460153
120,0.25,0.0694079921,0.3,0.1444079921
120,0.5,0.1200750344,0.1,0.1700750344
120,0.75,0.1200750344,0.1,0.1950750344
120,1.0,0.1200750344,0.1,0.22007503440000004
120,1.25,0.1200750344,0.1,0.24507503440000003
120,1.5,0.251829514,0.0,0.251829514
120,1.75,0.251829514,0.0,0.251829514
120,2.0,0.251829514,0.0,0.251829514
121,0.25,0.0694079921,0.3,0.1444079921
121,0.5,0.1200750344,0.1,0.1700750344
121,0.75,0.1200750344,0.1,0.1950750344
121,1.0,0.1200750344,0.1,0.22007503440000004
121,1.25,0.1200750344,0.1,0.24507503440000003
121,1.5,0.251829514,0.0,0.251829514
121,1.75,0.251829514,0.0,0.251829514
121,2.0,0.251829514,0.0,0.251829514
122,0.25,0.0317189265,0.7,0.2067189265
122,0.5,0.20550934,0.2,0.30550934
122,0.75,0.259466949,0.1,0.33446694899999996
122,1.0,0.259466949,0.1,0.359466949
122,1.25,0.259466949,0.1,0.384466949
122,1.5,0.259466949,0.1,0.4094669489999999
122,1.75,0.40985232099999996,0.0,0.40985232099999996
122,2.0,0.40985232099999996,0.0,0.40985232099999996
123,0.25,0.12848052400000004,0.2,0.17848052400000003
123,0.5,0.12848052400000004,0.2,0.22848052400000002
123,0.75,0.12848052400000004,0.2,0.278480524
123,1.0,0.12848052400000004,0.2,0.32848052400000005
123,1.25,0.12848052400000004,0.2,0.37848052400000004
123,1.5,0.12848052400000004,0.2,0.4284805240000001
123,1.75,0.12848052400000004,0.2,0.4784805240000001
123,2.0,0.48156339100000006,0.0,0.48156339100000006
124,0.25,0.12245510070000001,0.4,0.22245510070000002
124,0.5,0.21253698000000001,0.1,0.26253698000000003
124,0.75,0.21253698000000001,0.1,0.28753698
124,1.0,0.21253698000000001,0.1,0.31253698
124,1.25,0.21253698000000001,0.1,0.33753698
124,1.5,0.21253698000000001,0.1,0.36253698
124,1.75,0.372147429,0.0,0.372147429
124,2.0,0.372147429,0.0,0.372147429
125,0.25,0.0443772636,0.7,0.21937726359999998
125,0.5,0.296620097,0.0,0.296620097
125,0.75,0.296620097,0.0,0.296620097
125,1.0,0.296620097,0.0,0.296620097
125,1.25,0.296620097,0.0,0.296620097
125,1.5,0.296620097,0.0,0.296620097
125,1.75,0.296620097,0.0,0.296620097
125,2.0,0.296620097,0.0,0.296620097
126,0.25,0.12848052400000004,0.2,0.17848052400000003
126,0.5,0.12848052400000004,0.2,0.22848052400000002
126,0.75,0.12848052400000004,0.2,0.278480524
126,1.0,0.12848052400000004,0.2,0.32848052400000005
126,1.25,0.12848052400000004,0.2,0.37848052400000004
126,1.5,0.12848052400000004,0.2,0.4284805240000001
126,1.75,0.12848052400000004,0.2,0.4784805240000001
126,2.0,0.48156339100000006,0.0,0.48156339100000006
127,0.25,0.062066006900000005,0.4,0.1620660069
127,0.5,0.062066006900000005,0.4,0.2620660069
127,0.75,0.1293120456,0.3,0.3543120456
127,1.0,0.383244249,0.0,0.383244249
127,1.25,0.383244249,0.0,0.383244249
127,1.5,0.383244249,0.0,0.383244249
127,1.75,0.383244249,0.0,0.383244249
127,2.0,0.383244249,0.0,0.383244249
128,0.25,0.09630425000000001,0.5,0.22130425000000004
128,0.5,0.12205264949999999,0.4,0.32205264949999995
128,0.75,0.34456913299999997,0.0,0.34456913299999997
128,1.0,0.34456913299999997,0.0,0.34456913299999997
128,1.25,0.34456913299999997,0.0,0.34456913299999997
128,1.5,0.34456913299999997,0.0,0.34456913299999997
128,1.75,0.34456913299999997,0.0,0.34456913299999997
128,2.0,0.34456913299999997,0.0,0.34456913299999997
129,0.25,0.036044325599999996,0.6,0.1860443256
129,0.5,0.19220950200000003,0.2,0.29220950200000007
129,0.75,0.19220950200000003,0.2,0.34220950200000005
129,1.0,0.27659485699999997,0.1,0.376594857
129,1.25,0.27659485699999997,0.1,0.40159485699999997
129,1.5,0.414478235,0.0,0.414478235
129,1.75,0.414478235,0.0,0.414478235
129,2.0,0.414478235,0.0,0.414478235
130,0.25,0.0,1.0,0.25
130,0.5,0.29554490499999997,0.0,0.29554490499999997
130,0.75,0.29554490499999997,0.0,0.29554490499999997
130,1.0,0.29554490499999997,0.0,0.29554490499999997
130,1.25,0.29554490499999997,0.0,0.29554490499999997
130,1.5,0.29554490499999997,0.0,0.29554490499999997
130,1.75,0.29554490499999997,0.0,0.29554490499999997
130,2.0,0.29554490499999997,0.0,0.29554490499999997
131,0.25,0.034728842999999995,0.8,0.234728843
131,0.5,0.341645869,0.0,0.341645869
131,0.75,0.341645869,0.0,0.341645869
131,1.0,0.341645869,0.0,0.341645869
131,1.25,0.341645869,0.0,0.341645869
131,1.5,0.341645869,0.0,0.341645869
131,1.75,0.341645869,0.0,0.341645869
131,2.0,0.341645869,0.0,0.341645869
132,0.25,0.0650225564,0.4,0.1650225564
132,0.5,0.135408569,0.2,0.23540856899999998
132,0.75,0.135408569,0.2,0.285408569
132,1.0,0.22909624699999998,0.1,0.32909624699999995
132,1.25,0.22909624699999998,0.1,0.354096247
132,1.5,0.22909624699999998,0.1,0.379096247
132,1.75,0.403272445,0.0,0.403272445
132,2.0,0.403272445,0.0,0.403272445
133,0.25,0.15307148,0.3,0.22807148000000002
133,0.5,0.254036287,0.0,0.254036287
133,0.75,0.254036287,0.0,0.254036287
133,1.0,0.254036287,0.0,0.254036287
133,1.25,0.254036287,0.0,0.254036287
133,1.5,0.254036287,0.0,0.254036287
133,1.75,0.254036287,0.0,0.254036287
133,2.0,0.254036287,0.0,0.254036287
134,0.25,0.15017575499999997,0.3,0.22517575499999998
134,0.5,0.29340551000000004,0.0,0.29340551000000004
134,0.75,0.29340551000000004,0.0,0.29340551000000004
134,1.0,0.29340551000000004,0.0,0.29340551000000004
134,1.25,0.29340551000000004,0.0,0.29340551000000004
134,1.5,0.29340551000000004,0.0,0.29340551000000004
134,1.75,0.29340551000000004,0.0,0.29340551000000004
134,2.0,0.29340551000000004,0.0,0.29340551000000004
135,0.25,0.0,1.0,0.25
135,0.5,0.32775878699999994,0.0,0.32775878699999994
135,0.75,0.32775878699999994,0.0,0.32775878699999994
135,1.0,0.32775878699999994,0.0,0.32775878699999994
135,1.25,0.32775878699999994,0.0,0.32775878699999994
135,1.5,0.32775878699999994,0.0,0.32775878699999994
135,1.75,0.32775878699999994,0.0,0.32775878699999994
135,2.0,0.32775878699999994,0.0,0.32775878699999994
136,0.25,0.0279208024,0.8,0.22792080239999998
136,0.5,0.22303630800000002,0.1,0.273036308
136,0.75,0.22303630800000002,0.1,0.298036308
136,1.0,0.22303630800000002,0.1,0.323036308
136,1.25,0.22303630800000002,0.1,0.348036308
136,1.5,0.22303630800000002,0.1,0.373036308
136,1.75,0.373885816,0.0,0.373885816
136,2.0,0.373885816,0.0,0.373885816
137,0.25,0.11880067420000003,0.2,0.16880067420000003
137,0.5,0.11880067420000003,0.2,0.21880067420000002
137,0.75,0.11880067420000003,0.2,0.26880067420000003
137,1.0,0.11880067420000003,0.2,0.3188006742
137,1.25,0.11880067420000003,0.2,0.3688006742
137,1.5,0.39399573400000004,0.0,0.39399573400000004
137,1.75,0.39399573400000004,0.0,0.39399573400000004
137,2.0,0.39399573400000004,0.0,0.39399573400000004
138,0.25,0.11880067420000003,0.2,0.16880067420000003
138,0.5,0.11880067420000003,0.2,0.21880067420000002
138,0.75,0.11880067420000003,0.2,0.26880067420000003
138,1.0,0.11880067420000003,0.2,0.3188006742
138,1.25,0.11880067420000003,0.2,0.3688006742
138,1.5,0.39399573400000004,0.0,0.39399573400000004
138,1.75,0.39399573400000004,0.0,0.39399573400000004
138,2.0,0.39399573400000004,0.0,0.39399573400000004
139,0.25,0.036044325599999996,0.6,0.1860443256
139,0.5,0.19220950200000003,0.2,0.29220950200000007
139,0.75,0.19220950200000003,0.2,0.34220950200000005
139,1.0,0.27659485699999997,0.1,0.376594857
139,1.25,0.27659485699999997,0.1,0.40159485699999997
139,1.5,0.414478235,0.0,0.414478235
139,1.75,0.414478235,0.0,0.414478235
139,2.0,0.414478235,0.0,0.414478235
140,0.25,0.1322857997,0.4,0.2322857997
140,0.5,0.24931318600000002,0.1,0.299313186
140,0.75,0.24931318600000002,0.1,0.32431318600000003
140,1.0,0.24931318600000002,0.1,0.349313186
140,1.25,0.363035726,0.0,0.363035726
140,1.5,0.363035726,0.0,0.363035726
140,1.75,0.363035726,0.0,0.363035726
140,2.0,0.363035726,0.0,0.363035726
141,0.25,0.036044325599999996,0.6,0.1860443256
141,0.5,0.19220950200000003,0.2,0.29220950200000007
141,0.75,0.19220950200000003,0.2,0.34220950200000005
141,1.0,0.27659485699999997,0.1,0.376594857
141,1.25,0.27659485699999997,0.1,0.40159485699999997
141,1.5,0.414478235,0.0,0.414478235
141,1.75,0.414478235,0.0,0.414478235
141,2.0,0.414478235,0.0,0.414478235
142,0.25,0.0279208024,0.8,0.22792080239999998
142,0.5,0.22303630800000002,0.1,0.273036308
142,0.75,0.22303630800000002,0.1,0.298036308
142,1.0,0.22303630800000002,0.1,0.323036308
142,1.25,0.22303630800000002,0.1,0.348036308
142,1.5,0.22303630800000002,0.1,0.373036308
142,1.75,0.373885816,0.0,0.373885816
142,2.0,0.373885816,0.0,0.373885816
143,0.25,0.0279208024,0.8,0.22792080239999998
143,0.5,0.22303630800000002,0.1,0.273036308
143,0.75,0.22303630800000002,0.1,0.298036308
143,1.0,0.22303630800000002,0.1,0.323036308
143,1.25,0.22303630800000002,0.1,0.348036308
143,1.5,0.22303630800000002,0.1,0.373036308
143,1.75,0.373885816,0.0,0.373885816
143,2.0,0.373885816,0.0,0.373885816
144,0.25,0.11880067420000003,0.2,0.16880067420000003
144,0.5,0.11880067420000003,0.2,0.21880067420000002
144,0.75,0.11880067420000003,0.2,0.26880067420000003
144,1.0,0.11880067420000003,0.2,0.3188006742
144,1.25,0.11880067420000003,0.2,0.3688006742
144,1.5,0.39399573400000004,0.0,0.39399573400000004
144,1.75,0.39399573400000004,0.0,0.39399573400000004
144,2.0,0.39399573400000004,0.0,0.39399573400000004
145,0.25,0.0633120825,0.4,0.1633120825
145,0.5,0.131969144,0.2,0.23196914400000002
145,0.75,0.131969144,0.2,0.281969144
145,1.0,0.22146553600000002,0.1,0.321465536
145,1.25,0.22146553600000002,0.1,0.346465536
145,1.5,0.22146553600000002,0.1,0.371465536
145,1.75,0.382647187,0.0,0.382647187
145,2.0,0.382647187,0.0,0.382647187
146,0.25,0.0427629918,0.6,0.1927629918
146,0.5,0.195655049,0.1,0.24565504899999996
146,0.75,0.195655049,0.1,0.270655049
146,1.0,0.195655049,0.1,0.29565504899999995
146,1.25,0.195655049,0.1,0.32065504899999997
146,1.5,0.195655049,0.1,0.345655049
146,1.75,0.195655049,0.1,0.37065504899999996
146,2.0,0.37199146200000005,0.0,0.37199146200000005
147,0.25,0.031708338,0.7,0.20670833800000002
147,0.5,0.1816136703,0.2,0.28161367029999995
147,0.75,0.233143682,0.1,0.308143682
147,1.0,0.233143682,0.1,0.333143682
147,1.25,0.233143682,0.1,0.358143682
147,1.5,0.233143682,0.1,0.383143682
147,1.75,0.400484593,0.0,0.400484593
147,2.0,0.400484593,0.0,0.400484593
148,0.25,0.11219274330000002,0.5,0.2371927433
148,0.5,0.1628265653,0.3,0.3128265653
148,0.75,0.323600093,0.0,0.323600093
148,1.0,0.323600093,0.0,0.323600093
148,1.25,0.323600093,0.0,0.323600093
148,1.5,0.323600093,0.0,0.323600093
148,1.75,0.323600093,0.0,0.323600093
148,2.0,0.323600093,0.0,0.323600093
149,0.25,0.170157678,0.1,0.195157678
149,0.5,0.170157678,0.1,0.220157678
149,0.75,0.170157678,0.1,0.245157678
149,1.0,0.170157678,0.1,0.270157678
149,1.25,0.282116643,0.0,0.282116643
149,1.5,0.282116643,0.0,0.282116643
149,1.75,0.282116643,0.0,0.282116643
149,2.0,0.282116643,0.0,0.282116643
150,0.25,0.030198316000000003,0.7,0.205198316
150,0.5,0.227325952,0.1,0.277325952
150,0.75,0.227325952,0.1,0.302325952
150,1.0,0.227325952,0.1,0.327325952
150,1.25,0.227325952,0.1,0.352325952
150,1.5,0.227325952,0.1,0.37732595199999996
150,1.75,0.37800241700000003,0.0,0.37800241700000003
150,2.0,0.37800241700000003,0.0,0.37800241700000003
151,0.25,0.0427629918,0.6,0.1927629918
151,0.5,0.195655049,0.1,0.24565504899999996
151,0.75,0.195655049,0.1,0.270655049
151,1.0,0.195655049,0.1,0.29565504899999995
151,1.25,0.195655049,0.1,0.32065504899999997
151,1.5,0.195655049,0.1,0.345655049
151,1.75,0.195655049,0.1,0.37065504899999996
151,2.0,0.37199146200000005,0.0,0.37199146200000005
152,0.25,0.024624390700000002,0.9,0.24962439070000003
152,0.5,0.30108552200000005,0.0,0.30108552200000005
152,0.75,0.30108552200000005,0.0,0.30108552200000005
152,1.0,0.30108552200000005,0.0,0.30108552200000005
152,1.25,0.30108552200000005,0.0,0.30108552200000005
152,1.5,0.30108552200000005,0.0,0.30108552200000005
152,1.75,0.30108552200000005,0.0,0.30108552200000005
152,2.0,0.30108552200000005,0.0,0.30108552200000005
153,0.25,0.15307148,0.3,0.22807148000000002
153,0.5,0.254036287,0.0,0.254036287
153,0.75,0.254036287,0.0,0.254036287
153,1.0,0.254036287,0.0,0.254036287
153,1.25,0.254036287,0.0,0.254036287
153,1.5,0.254036287,0.0,0.254036287
153,1.75,0.254036287,0.0,0.254036287
153,2.0,0.254036287,0.0,0.254036287
154,0.25,0.0,1.0,0.25
154,0.5,0.283286965,0.0,0.283286965
154,0.75,0.283286965,0.0,0.283286965
154,1.0,0.283286965,0.0,0.283286965
154,1.25,0.283286965,0.0,0.283286965
154,1.5,0.283286965,0.0,0.283286965
154,1.75,0.283286965,0.0,0.283286965
154,2.0,0.283286965,0.0,0.283286965
155,0.25,0.13608008700000002,0.4,0.23608008700000002
155,0.5,0.26919004300000005,0.0,0.26919004300000005
155,0.75,0.26919004300000005,0.0,0.26919004300000005
155,1.0,0.26919004300000005,0.0,0.26919004300000005
155,1.25,0.26919004300000005,0.0,0.26919004300000005
155,1.5,0.26919004300000005,0.0,0.26919004300000005
155,1.75,0.26919004300000005,0.0,0.26919004300000005
155,2.0,0.26919004300000005,0.0,0.26919004300000005
156,0.25,0.0,1.0,0.25
156,0.5,0.2745237340000001,0.2,0.37452373400000005
156,0.75,0.389258682,0.0,0.389258682
156,1.0,0.389258682,0.0,0.389258682
156,1.25,0.389258682,0.0,0.389258682
156,1.5,0.389258682,0.0,0.389258682
156,1.75,0.389258682,0.0,0.389258682
156,2.0,0.389258682,0.0,0.389258682
157,0.25,0.0694079921,0.3,0.1444079921
157,0.5,0.1200750344,0.1,0.1700750344
157,0.75,0.1200750344,0.1,0.1950750344
157,1.0,0.1200750344,0.1,0.22007503440000004
157,1.25,0.1200750344,0.1,0.24507503440000003
157,1.5,0.251829514,0.0,0.251829514
157,1.75,0.251829514,0.0,0.251829514
157,2.0,0.251829514,0.0,0.251829514
158,0.25,0.0,1.0,0.25
158,0.5,0.2745237340000001,0.2,0.37452373400000005
158,0.75,0.389258682,0.0,0.389258682
158,1.0,0.389258682,0.0,0.389258682
158,1.25,0.389258682,0.0,0.389258682
158,1.5,0.389258682,0.0,0.389258682
158,1.75,0.389258682,0.0,0.389258682
158,2.0,0.389258682,0.0,0.389258682
159,0.25,0.036044325599999996,0.6,0.1860443256
159,0.5,0.19220950200000003,0.2,0.29220950200000007
159,0.75,0.19220950200000003,0.2,0.34220950200000005
159,1.0,0.27659485699999997,0.1,0.376594857
159,1.25,0.27659485699999997,0.1,0.40159485699999997
159,1.5,0.414478235,0.0,0.414478235
159,1.75,0.414478235,0.0,0.414478235
159,2.0,0.414478235,0.0,0.414478235
160,0.25,0.05781304220000001,0.4,0.1578130422
160,0.5,0.05781304220000001,0.4,0.2578130422
160,0.75,0.128392695,0.3,0.35339269500000003
160,1.0,0.390461635,0.0,0.390461635
160,1.25,0.390461635,0.0,0.390461635
160,1.5,0.390461635,0.0,0.390461635
160,1.75,0.390461635,0.0,0.390461635
160,2.0,0.390461635,0.0,0.390461635
161,0.25,0.12245510070000001,0.4,0.22245510070000002
161,0.5,0.21253698000000001,0.1,0.26253698000000003
161,0.75,0.21253698000000001,0.1,0.28753698
161,1.0,0.21253698000000001,0.1,0.31253698
161,1.25,0.21253698000000001,0.1,0.33753698
161,1.5,0.21253698000000001,0.1,0.36253698
161,1.75,0.372147429,0.0,0.372147429
161,2.0,0.372147429,0.0,0.372147429
162,0.25,0.0328724575,0.8,0.2328724575
162,0.5,0.30452869399999993,0.0,0.30452869399999993
162,0.75,0.30452869399999993,0.0,0.30452869399999993
162,1.0,0.30452869399999993,0.0,0.30452869399999993
162,1.25,0.30452869399999993,0.0,0.30452869399999993
162,1.5,0.30452869399999993,0.0,0.30452869399999993
162,1.75,0.30452869399999993,0.0,0.30452869399999993
162,2.0,0.30452869399999993,0.0,0.30452869399999993
163,0.25,0.062066006900000005,0.4,0.1620660069
163,0.5,0.062066006900000005,0.4,0.2620660069
163,0.75,0.1293120456,0.3,0.3543120456
163,1.0,0.383244249,0.0,0.383244249
163,1.25,0.383244249,0.0,0.383244249
163,1.5,0.383244249,0.0,0.383244249
163,1.75,0.383244249,0.0,0.383244249
163,2.0,0.383244249,0.0,0.383244249
164,0.25,0.161229081,0.1,0.186229081
164,0.5,0.161229081,0.1,0.211229081
164,0.75,0.161229081,0.1,0.236229081
164,1.0,0.161229081,0.1,0.26122908100000003
164,1.25,0.275691584,0.0,0.275691584
164,1.5,0.275691584,0.0,0.275691584
164,1.75,0.275691584,0.0,0.275691584
164,2.0,0.275691584,0.0,0.275691584
165,0.25,0.0650225564,0.4,0.1650225564
165,0.5,0.135408569,0.2,0.23540856899999998
165,0.75,0.135408569,0.2,0.285408569
165,1.0,0.22909624699999998,0.1,0.32909624699999995
165,1.25,0.22909624699999998,0.1,0.354096247
165,1.5,0.22909624699999998,0.1,0.379096247
165,1.75,0.403272445,0.0,0.403272445
165,2.0,0.403272445,0.0,0.403272445
166,0.25,0.11219274330000002,0.5,0.2371927433
166,0.5,0.1628265653,0.3,0.3128265653
166,0.75,0.323600093,0.0,0.323600093
166,1.0,0.323600093,0.0,0.323600093
166,1.25,0.323600093,0.0,0.323600093
166,1.5,0.323600093,0.0,0.323600093
166,1.75,0.323600093,0.0,0.323600093
166,2.0,0.323600093,0.0,0.323600093
167,0.25,0.15017575500000002,0.3,0.22517575500000003
167,0.5,0.29340551,0.0,0.29340551
167,0.75,0.29340551,0.0,0.29340551
167,1.0,0.29340551,0.0,0.29340551
167,1.25,0.29340551,0.0,0.29340551
167,1.5,0.29340551,0.0,0.29340551
167,1.75,0.29340551,0.0,0.29340551
167,2.0,0.29340551,0.0,0.29340551
168,0.25,0.05781304220000001,0.4,0.1578130422
168,0.5,0.05781304220000001,0.4,0.2578130422
168,0.75,0.128392695,0.3,0.35339269500000003
168,1.0,0.390461635,0.0,0.390461635
168,1.25,0.390461635,0.0,0.390461635
168,1.5,0.390461635,0.0,0.390461635
168,1.75,0.390461635,0.0,0.390461635
168,2.0,0.390461635,0.0,0.390461635
169,0.25,0.0443772636,0.7,0.21937726359999998
169,0.5,0.296620097,0.0,0.296620097
169,0.75,0.296620097,0.0,0.296620097
169,1.0,0.296620097,0.0,0.296620097
169,1.25,0.296620097,0.0,0.296620097
169,1.5,0.296620097,0.0,0.296620097
169,1.75,0.296620097,0.0,0.296620097
169,2.0,0.296620097,0.0,0.296620097
170,0.25,0.0644272201,0.5,0.18942722010000002
170,0.5,0.17713626300000002,0.1,0.227136263
170,0.75,0.17713626300000002,0.1,0.252136263
170,1.0,0.25903007,0.0,0.25903007
170,1.25,0.25903007,0.0,0.25903007
170,1.5,0.25903007,0.0,0.25903007
170,1.75,0.25903007,0.0,0.25903007
170,2.0,0.25903007,0.0,0.25903007
171,0.25,0.0650225564,0.4,0.1650225564
171,0.5,0.135408569,0.2,0.23540856899999998
171,0.75,0.135408569,0.2,0.285408569
171,1.0,0.22909624699999998,0.1,0.32909624699999995
171,1.25,0.22909624699999998,0.1,0.354096247
171,1.5,0.22909624699999998,0.1,0.379096247
171,1.75,0.403272445,0.0,0.403272445
171,2.0,0.403272445,0.0,0.403272445
172,0.25,0.036044325599999996,0.6,0.1860443256
172,0.5,0.19220950200000003,0.2,0.29220950200000007
172,0.75,0.19220950200000003,0.2,0.34220950200000005
172,1.0,0.27659485699999997,0.1,0.376594857
172,1.25,0.27659485699999997,0.1,0.40159485699999997
172,1.5,0.414478235,0.0,0.414478235
172,1.75,0.414478235,0.0,0.414478235
172,2.0,0.414478235,0.0,0.414478235
173,0.25,0.030198316000000003,0.7,0.205198316
173,0.5,0.227325952,0.1,0.277325952
173,0.75,0.227325952,0.1,0.302325952
173,1.0,0.227325952,0.1,0.327325952
173,1.25,0.227325952,0.1,0.352325952
173,1.5,0.227325952,0.1,0.37732595199999996
173,1.75,0.37800241700000003,0.0,0.37800241700000003
173,2.0,0.37800241700000003,0.0,0.37800241700000003
174,0.25,0.062066006900000005,0.4,0.1620660069
174,0.5,0.062066006900000005,0.4,0.2620660069
174,0.75,0.1293120456,0.3,0.3543120456
174,1.0,0.383244249,0.0,0.383244249
174,1.25,0.383244249,0.0,0.383244249
174,1.5,0.383244249,0.0,0.383244249
174,1.75,0.383244249,0.0,0.383244249
174,2.0,0.383244249,0.0,0.383244249
175,0.25,0.161229081,0.1,0.186229081
175,0.5,0.161229081,0.1,0.211229081
175,0.75,0.161229081,0.1,0.236229081
175,1.0,0.161229081,0.1,0.26122908100000003
175,1.25,0.275691584,0.0,0.275691584
175,1.5,0.275691584,0.0,0.275691584
175,1.75,0.275691584,0.0,0.275691584
175,2.0,0.275691584,0.0,0.275691584
176,0.25,0.0694079921,0.3,0.1444079921
176,0.5,0.1200750344,0.1,0.1700750344
176,0.75,0.1200750344,0.1,0.1950750344
176,1.0,0.1200750344,0.1,0.22007503440000004
176,1.25,0.1200750344,0.1,0.24507503440000003
176,1.5,0.251829514,0.0,0.251829514
176,1.75,0.251829514,0.0,0.251829514
176,2.0,0.251829514,0.0,0.251829514
177,0.25,0.161229081,0.1,0.186229081
177,0.5,0.161229081,0.1,0.211229081
177,0.75,0.161229081,0.1,0.236229081
177,1.0,0.161229081,0.1,0.26122908100000003
177,1.25,0.275691584,0.0,0.275691584
177,1.5,0.275691584,0.0,0.275691584
177,1.75,0.275691584,0.0,0.275691584
177,2.0,0.275691584,0.0,0.275691584
178,0.25,0.0317189265,0.7,0.2067189265
178,0.5,0.20550934,0.2,0.30550934
178,0.75,0.259466949,0.1,0.33446694899999996
178,1.0,0.259466949,0.1,0.359466949
178,1.25,0.259466949,0.1,0.384466949
178,1.5,0.259466949,0.1,0.4094669489999999
178,1.75,0.40985232099999996,0.0,0.40985232099999996
178,2.0,0.40985232099999996,0.0,0.40985232099999996
179,0.25,0.0,1.0,0.25
179,0.5,0.30518516600000006,0.2,0.40518516600000004
179,0.75,0.419970168,0.0,0.419970168
179,1.0,0.419970168,0.0,0.419970168
179,1.25,0.419970168,0.0,0.419970168
179,1.5,0.419970168,0.0,0.419970168
179,1.75,0.419970168,0.0,0.419970168
179,2.0,0.419970168,0.0,0.419970168
180,0.25,0.0,1.0,0.25
180,0.5,0.283286965,0.0,0.283286965
180,0.75,0.283286965,0.0,0.283286965
180,1.0,0.283286965,0.0,0.283286965
180,1.25,0.283286965,0.0,0.283286965
180,1.5,0.283286965,0.0,0.283286965
180,1.75,0.283286965,0.0,0.283286965
180,2.0,0.283286965,0.0,0.283286965
181,0.25,0.0443772636,0.7,0.21937726359999998
181,0.5,0.296620097,0.0,0.296620097
181,0.75,0.296620097,0.0,0.296620097
181,1.0,0.296620097,0.0,0.296620097
181,1.25,0.296620097,0.0,0.296620097
181,1.5,0.296620097,0.0,0.296620097
181,1.75,0.296620097,0.0,0.296620097
181,2.0,0.296620097,0.0,0.296620097
182,0.25,0.0694079921,0.3,0.1444079921
182,0.5,0.1200750344,0.1,0.1700750344
182,0.75,0.1200750344,0.1,0.1950750344
182,1.0,0.1200750344,0.1,0.22007503440000004
182,1.25,0.1200750344,0.1,0.24507503440000003
182,1.5,0.251829514,0.0,0.251829514
182,1.75,0.251829514,0.0,0.251829514
182,2.0,0.251829514,0.0,0.251829514
183,0.25,0.0317189265,0.7,0.2067189265
183,0.5,0.20550934,0.2,0.30550934
183,0.75,0.259466949,0.1,0.33446694899999996
183,1.0,0.259466949,0.1,0.359466949
183,1.25,0.259466949,0.1,0.384466949
183,1.5,0.259466949,0.1,0.4094669489999999
183,1.75,0.40985232099999996,0.0,0.40985232099999996
183,2.0,0.40985232099999996,0.0,0.40985232099999996
184,0.25,0.0644272201,0.5,0.18942722010000002
184,0.5,0.17713626300000002,0.1,0.227136263
184,0.75,0.17713626300000002,0.1,0.252136263
184,1.0,0.25903007,0.0,0.25903007
184,1.25,0.25903007,0.0,0.25903007
184,1.5,0.25903007,0.0,0.25903007
184,1.75,0.25903007,0.0,0.25903007
184,2.0,0.25903007,0.0,0.25903007
185,0.25,0.0317189265,0.7,0.2067189265
185,0.5,0.20550934,0.2,0.30550934
185,0.75,0.259466949,0.1,0.33446694899999996
185,1.0,0.259466949,0.1,0.359466949
185,1.25,0.259466949,0.1,0.384466949
185,1.5,0.259466949,0.1,0.4094669489999999
185,1.75,0.40985232099999996,0.0,0.40985232099999996
185,2.0,0.40985232099999996,0.0,0.40985232099999996
186,0.25,0.056112300999999996,0.5,0.181112301
186,0.5,0.12480634900000001,0.3,0.274806349
186,0.75,0.12480634900000001,0.3,0.34980634899999996
186,1.0,0.38321702499999993,0.0,0.38321702499999993
186,1.25,0.38321702499999993,0.0,0.38321702499999993
186,1.5,0.38321702499999993,0.0,0.38321702499999993
186,1.75,0.38321702499999993,0.0,0.38321702499999993
186,2.0,0.38321702499999993,0.0,0.38321702499999993
187,0.25,0.12993209860000002,0.3,0.2049320986
187,0.5,0.12993209860000002,0.3,0.2799320986
187,0.75,0.12993209860000002,0.3,0.3549320986
187,1.0,0.358460153,0.0,0.358460153
187,1.25,0.358460153,0.0,0.358460153
187,1.5,0.358460153,0.0,0.358460153
187,1.75,0.358460153,0.0,0.358460153
187,2.0,0.358460153,0.0,0.358460153
188,0.25,0.0328724575,0.8,0.2328724575
188,0.5,0.30452869399999993,0.0,0.30452869399999993
188,0.75,0.30452869399999993,0.0,0.30452869399999993
188,1.0,0.30452869399999993,0.0,0.30452869399999993
188,1.25,0.30452869399999993,0.0,0.30452869399999993
188,1.5,0.30452869399999993,0.0,0.30452869399999993
188,1.75,0.30452869399999993,0.0,0.30452869399999993
188,2.0,0.30452869399999993,0.0,0.30452869399999993
189,0.25,0.0644272201,0.5,0.18942722010000002
189,0.5,0.17713626300000002,0.1,0.227136263
189,0.75,0.17713626300000002,0.1,0.252136263
189,1.0,0.25903007,0.0,0.25903007
189,1.25,0.25903007,0.0,0.25903007
189,1.5,0.25903007,0.0,0.25903007
189,1.75,0.25903007,0.0,0.25903007
189,2.0,0.25903007,0.0,0.25903007
190,0.25,0.0427629918,0.6,0.1927629918
190,0.5,0.195655049,0.1,0.24565504899999996
190,0.75,0.195655049,0.1,0.270655049
190,1.0,0.195655049,0.1,0.29565504899999995
190,1.25,0.195655049,0.1,0.32065504899999997
190,1.5,0.195655049,0.1,0.345655049
190,1.75,0.195655049,0.1,0.37065504899999996
190,2.0,0.37199146200000005,0.0,0.37199146200000005
191,0.25,0.12993209860000002,0.3,0.2049320986
191,0.5,0.12993209860000002,0.3,0.2799320986
191,0.75,0.12993209860000002,0.3,0.3549320986
191,1.0,0.358460153,0.0,0.358460153
191,1.25,0.358460153,0.0,0.358460153
191,1.5,0.358460153,0.0,0.358460153
191,1.75,0.358460153,0.0,0.358460153
191,2.0,0.358460153,0.0,0.358460153
192,0.25,0.11880067420000003,0.2,0.16880067420000003
192,0.5,0.11880067420000003,0.2,0.21880067420000002
192,0.75,0.11880067420000003,0.2,0.26880067420000003
192,1.0,0.11880067420000003,0.2,0.3188006742
192,1.25,0.11880067420000003,0.2,0.3688006742
192,1.5,0.39399573400000004,0.0,0.39399573400000004
192,1.75,0.39399573400000004,0.0,0.39399573400000004
192,2.0,0.39399573400000004,0.0,0.39399573400000004
193,0.25,0.030198316000000003,0.7,0.205198316
193,0.5,0.227325952,0.1,0.277325952
193,0.75,0.227325952,0.1,0.302325952
193,1.0,0.227325952,0.1,0.327325952
193,1.25,0.227325952,0.1,0.352325952
193,1.5,0.227325952,0.1,0.37732595199999996
193,1.75,0.37800241700000003,0.0,0.37800241700000003
193,2.0,0.37800241700000003,0.0,0.37800241700000003
194,0.25,0.034728842999999995,0.8,0.234728843
194,0.5,0.341645869,0.0,0.341645869
194,0.75,0.341645869,0.0,0.341645869
194,1.0,0.341645869,0.0,0.341645869
194,1.25,0.341645869,0.0,0.341645869
194,1.5,0.341645869,0.0,0.341645869
194,1.75,0.341645869,0.0,0.341645869
194,2.0,0.341645869,0.0,0.341645869
195,0.25,0.12245510070000001,0.4,0.22245510070000002
195,0.5,0.21253698000000001,0.1,0.26253698000000003
195,0.75,0.21253698000000001,0.1,0.28753698
195,1.0,0.21253698000000001,0.1,0.31253698
195,1.25,0.21253698000000001,0.1,0.33753698
195,1.5,0.21253698000000001,0.1,0.36253698
195,1.75,0.372147429,0.0,0.372147429
195,2.0,0.372147429,0.0,0.372147429
196,0.25,0.13608008700000002,0.4,0.23608008700000002
196,0.5,0.26919004300000005,0.0,0.26919004300000005
196,0.75,0.26919004300000005,0.0,0.26919004300000005
196,1.0,0.26919004300000005,0.0,0.26919004300000005
196,1.25,0.26919004300000005,0.0,0.26919004300000005
196,1.5,0.26919004300000005,0.0,0.26919004300000005
196,1.75,0.26919004300000005,0.0,0.26919004300000005
196,2.0,0.26919004300000005,0.0,0.26919004300000005
197,0.25,0.12245510070000001,0.4,0.22245510070000002
197,0.5,0.21253698000000001,0.1,0.26253698000000003
197,0.75,0.21253698000000001,0.1,0.28753698
197,1.0,0.21253698000000001,0.1,0.31253698
197,1.25,0.21253698000000001,0.1,0.33753698
197,1.5,0.21253698000000001,0.1,0.36253698
197,1.75,0.372147429,0.0,0.372147429
197,2.0,0.372147429,0.0,0.372147429
198,0.25,0.0,1.0,0.25
198,0.5,0.30518516600000006,0.2,0.40518516600000004
198,0.75,0.419970168,0.0,0.419970168
198,1.0,0.419970168,0.0,0.419970168
198,1.25,0.419970168,0.0,0.419970168
198,1.5,0.419970168,0.0,0.419970168
198,1.75,0.419970168,0.0,0.419970168
198,2.0,0.419970168,0.0,0.419970168
199,0.25,0.0644952016,0.4,0.1644952016
199,0.5,0.13308569600000003,0.2,0.233085696
199,0.75,0.13308569600000003,0.2,0.283085696
199,1.0,0.13308569600000003,0.2,0.33308569600000004
199,1.25,0.13308569600000003,0.2,0.38308569600000003
199,1.5,0.13308569600000003,0.2,0.433085696
199,1.75,0.13308569600000003,0.2,0.483085696
199,2.0,0.506663135,0.0,0.506663135
200,0.25,0.15307148,0.3,0.22807148000000002
200,0.5,0.254036287,0.0,0.254036287
200,0.75,0.254036287,0.0,0.254036287
200,1.0,0.254036287,0.0,0.254036287
200,1.25,0.254036287,0.0,0.254036287
200,1.5,0.254036287,0.0,0.254036287
200,1.75,0.254036287,0.0,0.254036287
200,2.0,0.254036287,0.0,0.254036287
201,0.25,0.0279208024,0.8,0.22792080239999998
201,0.5,0.22303630800000002,0.1,0.273036308
201,0.75,0.22303630800000002,0.1,0.298036308
201,1.0,0.22303630800000002,0.1,0.323036308
201,1.25,0.22303630800000002,0.1,0.348036308
201,1.5,0.22303630800000002,0.1,0.373036308
201,1.75,0.373885816,0.0,0.373885816
201,2.0,0.373885816,0.0,0.373885816
202,0.25,0.12848052400000004,0.2,0.17848052400000003
202,0.5,0.12848052400000004,0.2,0.22848052400000002
202,0.75,0.12848052400000004,0.2,0.278480524
202,1.0,0.12848052400000004,0.2,0.32848052400000005
202,1.25,0.12848052400000004,0.2,0.37848052400000004
202,1.5,0.12848052400000004,0.2,0.4284805240000001
202,1.75,0.12848052400000004,0.2,0.4784805240000001
202,2.0,0.48156339100000006,0.0,0.48156339100000006
203,0.25,0.031708338,0.7,0.20670833800000002
203,0.5,0.1816136703,0.2,0.28161367029999995
203,0.75,0.233143682,0.1,0.308143682
203,1.0,0.233143682,0.1,0.333143682
203,1.25,0.233143682,0.1,0.358143682
203,1.5,0.233143682,0.1,0.383143682
203,1.75,0.400484593,0.0,0.400484593
203,2.0,0.400484593,0.0,0.400484593
204,0.25,0.033961062199999996,0.6,0.1839610622
204,0.5,0.22205753899999997,0.2,0.32205753899999995
204,0.75,0.275063253,0.1,0.35006325299999996
204,1.0,0.275063253,0.1,0.375063253
204,1.25,0.275063253,0.1,0.400063253
204,1.5,0.40391125299999997,0.0,0.40391125299999997
204,1.75,0.40391125299999997,0.0,0.40391125299999997
204,2.0,0.40391125299999997,0.0,0.40391125299999997
205,0.25,0.0633120825,0.4,0.1633120825
205,0.5,0.131969144,0.2,0.23196914400000002
205,0.75,0.131969144,0.2,0.281969144
205,1.0,0.22146553600000002,0.1,0.321465536
205,1.25,0.22146553600000002,0.1,0.346465536
205,1.5,0.22146553600000002,0.1,0.371465536
205,1.75,0.382647187,0.0,0.382647187
205,2.0,0.382647187,0.0,0.382647187
206,0.25,0.150175755,0.3,0.22517575499999998
206,0.5,0.29340551,0.0,0.29340551
206,0.75,0.29340551,0.0,0.29340551
206,1.0,0.29340551,0.0,0.29340551
206,1.25,0.29340551,0.0,0.29340551
206,1.5,0.29340551,0.0,0.29340551
206,1.75,0.29340551,0.0,0.29340551
206,2.0,0.29340551,0.0,0.29340551
207,0.25,0.12848052400000004,0.2,0.17848052400000003
207,0.5,0.12848052400000004,0.2,0.22848052400000002
207,0.75,0.12848052400000004,0.2,0.278480524
207,1.0,0.12848052400000004,0.2,0.32848052400000005
207,1.25,0.12848052400000004,0.2,0.37848052400000004
207,1.5,0.12848052400000004,0.2,0.4284805240000001
207,1.75,0.12848052400000004,0.2,0.4784805240000001
207,2.0,0.48156339100000006,0.0,0.48156339100000006
208,0.25,0.11880067420000003,0.2,0.16880067420000003
208,0.5,0.11880067420000003,0.2,0.21880067420000002
208,0.75,0.11880067420000003,0.2,0.26880067420000003
208,1.0,0.11880067420000003,0.2,0.3188006742
208,1.25,0.11880067420000003,0.2,0.3688006742
208,1.5,0.39399573400000004,0.0,0.39399573400000004
208,1.75,0.39399573400000004,0.0,0.39399573400000004
208,2.0,0.39399573400000004,0.0,0.39399573400000004
209,0.25,0.0644952016,0.4,0.1644952016
209,0.5,0.13308569600000003,0.2,0.233085696
209,0.75,0.13308569600000003,0.2,0.283085696
209,1.0,0.13308569600000003,0.2,0.33308569600000004
209,1.25,0.13308569600000003,0.2,0.38308569600000003
209,1.5,0.13308569600000003,0.2,0.433085696
209,1.75,0.13308569600000003,0.2,0.483085696
209,2.0,0.506663135,0.0,0.506663135
210,0.25,0.0694079921,0.3,0.1444079921
210,0.5,0.1200750344,0.1,0.1700750344
210,0.75,0.1200750344,0.1,0.1950750344
210,1.0,0.1200750344,0.1,0.22007503440000004
210,1.25,0.1200750344,0.1,0.24507503440000003
210,1.5,0.251829514,0.0,0.251829514
210,1.75,0.251829514,0.0,0.251829514
210,2.0,0.251829514,0.0,0.251829514
211,0.25,0.13608008700000002,0.4,0.23608008700000002
211,0.5,0.26919004300000005,0.0,0.26919004300000005
211,0.75,0.26919004300000005,0.0,0.26919004300000005
211,1.0,0.26919004300000005,0.0,0.26919004300000005
211,1.25,0.26919004300000005,0.0,0.26919004300000005
211,1.5,0.26919004300000005,0.0,0.26919004300000005
211,1.75,0.26919004300000005,0.0,0.26919004300000005
211,2.0,0.26919004300000005,0.0,0.26919004300000005
212,0.25,0.0,1.0,0.25
212,0.5,0.2745237340000001,0.2,0.37452373400000005
212,0.75,0.389258682,0.0,0.389258682
212,1.0,0.389258682,0.0,0.389258682
212,1.25,0.389258682,0.0,0.389258682
212,1.5,0.389258682,0.0,0.389258682
212,1.75,0.389258682,0.0,0.389258682
212,2.0,0.389258682,0.0,0.389258682
213,0.25,0.0427629918,0.6,0.1927629918
213,0.5,0.195655049,0.1,0.24565504899999996
213,0.75,0.195655049,0.1,0.270655049
213,1.0,0.195655049,0.1,0.29565504899999995
213,1.25,0.195655049,0.1,0.32065504899999997
213,1.5,0.195655049,0.1,0.345655049
213,1.75,0.195655049,0.1,0.37065504899999996
213,2.0,0.37199146200000005,0.0,0.37199146200000005
214,0.25,0.030198316000000003,0.7,0.205198316
214,0.5,0.227325952,0.1,0.277325952
214,0.75,0.227325952,0.1,0.302325952
214,1.0,0.227325952,0.1,0.327325952
214,1.25,0.227325952,0.1,0.352325952
214,1.5,0.227325952,0.1,0.37732595199999996
214,1.75,0.37800241700000003,0.0,0.37800241700000003
214,2.0,0.37800241700000003,0.0,0.37800241700000003
215,0.25,0.06618503830000001,0.7,0.2411850383
215,0.5,0.3135843930000001,0.0,0.3135843930000001
215,0.75,0.3135843930000001,0.0,0.3135843930000001
215,1.0,0.3135843930000001,0.0,0.3135843930000001
215,1.25,0.3135843930000001,0.0,0.3135843930000001
215,1.5,0.3135843930000001,0.0,0.3135843930000001
215,1.75,0.3135843930000001,0.0,0.3135843930000001
215,2.0,0.3135843930000001,0.0,0.3135843930000001
216,0.25,0.0644952016,0.4,0.1644952016
216,0.5,0.13308569600000003,0.2,0.233085696
216,0.75,0.13308569600000003,0.2,0.283085696
216,1.0,0.13308569600000003,0.2,0.33308569600000004
216,1.25,0.13308569600000003,0.2,0.38308569600000003
216,1.5,0.13308569600000003,0.2,0.433085696
216,1.75,0.13308569600000003,0.2,0.483085696
216,2.0,0.506663135,0.0,0.506663135
217,0.25,0.11880067420000003,0.2,0.16880067420000003
217,0.5,0.11880067420000003,0.2,0.21880067420000002
217,0.75,0.11880067420000003,0.2,0.26880067420000003
217,1.0,0.11880067420000003,0.2,0.3188006742
217,1.25,0.11880067420000003,0.2,0.3688006742
217,1.5,0.39399573400000004,0.0,0.39399573400000004
217,1.75,0.39399573400000004,0.0,0.39399573400000004
217,2.0,0.39399573400000004,0.0,0.39399573400000004
218,0.25,0.0694079921,0.3,0.1444079921
218,0.5,0.1200750344,0.1,0.1700750344
218,0.75,0.1200750344,0.1,0.1950750344
218,1.0,0.1200750344,0.1,0.22007503440000004
218,1.25,0.1200750344,0.1,0.24507503440000003
218,1.5,0.251829514,0.0,0.251829514
218,1.75,0.251829514,0.0,0.251829514
218,2.0,0.251829514,0.0,0.251829514
219,0.25,0.033961062199999996,0.6,0.1839610622
219,0.5,0.22205753899999997,0.2,0.32205753899999995
219,0.75,0.275063253,0.1,0.35006325299999996
219,1.0,0.275063253,0.1,0.375063253
219,1.25,0.275063253,0.1,0.400063253
219,1.5,0.40391125299999997,0.0,0.40391125299999997
219,1.75,0.40391125299999997,0.0,0.40391125299999997
219,2.0,0.40391125299999997,0.0,0.40391125299999997
220,0.25,0.0,1.0,0.25
220,0.5,0.29554490499999997,0.0,0.29554490499999997
220,0.75,0.29554490499999997,0.0,0.29554490499999997
220,1.0,0.29554490499999997,0.0,0.29554490499999997
220,1.25,0.29554490499999997,0.0,0.29554490499999997
220,1.5,0.29554490499999997,0.0,0.29554490499999997
220,1.75,0.29554490499999997,0.0,0.29554490499999997
220,2.0,0.29554490499999997,0.0,0.29554490499999997
221,0.25,0.0644272201,0.5,0.18942722010000002
221,0.5,0.17713626300000002,0.1,0.227136263
221,0.75,0.17713626300000002,0.1,0.252136263
221,1.0,0.25903007,0.0,0.25903007
221,1.25,0.25903007,0.0,0.25903007
221,1.5,0.25903007,0.0,0.25903007
221,1.75,0.25903007,0.0,0.25903007
221,2.0,0.25903007,0.0,0.25903007
222,0.25,0.0,1.0,0.25
222,0.5,0.29554490499999997,0.0,0.29554490499999997
222,0.75,0.29554490499999997,0.0,0.29554490499999997
222,1.0,0.29554490499999997,0.0,0.29554490499999997
222,1.25,0.29554490499999997,0.0,0.29554490499999997
222,1.5,0.29554490499999997,0.0,0.29554490499999997
222,1.75,0.29554490499999997,0.0,0.29554490499999997
222,2.0,0.29554490499999997,0.0,0.29554490499999997
223,0.25,0.13608008700000002,0.4,0.23608008700000002
223,0.5,0.26919004300000005,0.0,0.26919004300000005
223,0.75,0.26919004300000005,0.0,0.26919004300000005
223,1.0,0.26919004300000005,0.0,0.26919004300000005
223,1.25,0.26919004300000005,0.0,0.26919004300000005
223,1.5,0.26919004300000005,0.0,0.26919004300000005
223,1.75,0.26919004300000005,0.0,0.26919004300000005
223,2.0,0.26919004300000005,0.0,0.26919004300000005
224,0.25,0.0443772636,0.7,0.21937726359999998
224,0.5,0.296620097,0.0,0.296620097
224,0.75,0.296620097,0.0,0.296620097
224,1.0,0.296620097,0.0,0.296620097
224,1.25,0.296620097,0.0,0.296620097
224,1.5,0.296620097,0.0,0.296620097
224,1.75,0.296620097,0.0,0.296620097
224,2.0,0.296620097,0.0,0.296620097
225,0.25,0.12848052400000004,0.2,0.17848052400000003
225,0.5,0.12848052400000004,0.2,0.22848052400000002
225,0.75,0.12848052400000004,0.2,0.278480524
225,1.0,0.12848052400000004,0.2,0.32848052400000005
225,1.25,0.12848052400000004,0.2,0.37848052400000004
225,1.5,0.12848052400000004,0.2,0.4284805240000001
225,1.75,0.12848052400000004,0.2,0.4784805240000001
225,2.0,0.48156339100000006,0.0,0.48156339100000006
226,0.25,0.0644952016,0.4,0.1644952016
226,0.5,0.13308569600000003,0.2,0.233085696
226,0.75,0.13308569600000003,0.2,0.283085696
226,1.0,0.13308569600000003,0.2,0.33308569600000004
226,1.25,0.13308569600000003,0.2,0.38308569600000003
226,1.5,0.13308569600000003,0.2,0.433085696
226,1.75,0.13308569600000003,0.2,0.483085696
226,2.0,0.506663135,0.0,0.506663135
227,0.25,0.033961062199999996,0.6,0.1839610622
227,0.5,0.22205753899999997,0.2,0.32205753899999995
227,0.75,0.275063253,0.1,0.35006325299999996
227,1.0,0.275063253,0.1,0.375063253
227,1.25,0.275063253,0.1,0.400063253
227,1.5,0.40391125299999997,0.0,0.40391125299999997
227,1.75,0.40391125299999997,0.0,0.40391125299999997
227,2.0,0.40391125299999997,0.0,0.40391125299999997
228,0.25,0.0694079921,0.3,0.1444079921
228,0.5,0.1200750344,0.1,0.1700750344
228,0.75,0.1200750344,0.1,0.1950750344
228,1.0,0.1200750344,0.1,0.22007503440000004
228,1.25,0.1200750344,0.1,0.24507503440000003
228,1.5,0.251829514,0.0,0.251829514
228,1.75,0.251829514,0.0,0.251829514
228,2.0,0.251829514,0.0,0.251829514
229,0.25,0.170157678,0.1,0.195157678
229,0.5,0.170157678,0.1,0.220157678
229,0.75,0.170157678,0.1,0.245157678
229,1.0,0.170157678,0.1,0.270157678
229,1.25,0.282116643,0.0,0.282116643
229,1.5,0.282116643,0.0,0.282116643
229,1.75,0.282116643,0.0,0.282116643
229,2.0,0.282116643,0.0,0.282116643
230,0.25,0.0694079921,0.3,0.1444079921
230,0.5,0.1200750344,0.1,0.1700750344
230,0.75,0.1200750344,0.1,0.1950750344
230,1.0,0.1200750344,0.1,0.22007503440000004
230,1.25,0.1200750344,0.1,0.24507503440000003
230,1.5,0.251829514,0.0,0.251829514
230,1.75,0.251829514,0.0,0.251829514
230,2.0,0.251829514,0.0,0.251829514
231,0.25,0.030198316000000003,0.7,0.205198316
231,0.5,0.227325952,0.1,0.277325952
231,0.75,0.227325952,0.1,0.302325952
231,1.0,0.227325952,0.1,0.327325952
231,1.25,0.227325952,0.1,0.352325952
231,1.5,0.227325952,0.1,0.37732595199999996
231,1.75,0.37800241700000003,0.0,0.37800241700000003
231,2.0,0.37800241700000003,0.0,0.37800241700000003
232,0.25,0.150175755,0.3,0.22517575499999998
232,0.5,0.29340551,0.0,0.29340551
232,0.75,0.29340551,0.0,0.29340551
232,1.0,0.29340551,0.0,0.29340551
232,1.25,0.29340551,0.0,0.29340551
232,1.5,0.29340551,0.0,0.29340551
232,1.75,0.29340551,0.0,0.29340551
232,2.0,0.29340551,0.0,0.29340551
233,0.25,0.1322857997,0.4,0.2322857997
233,0.5,0.24931318600000002,0.1,0.299313186
233,0.75,0.24931318600000002,0.1,0.32431318600000003
233,1.0,0.24931318600000002,0.1,0.349313186
233,1.25,0.363035726,0.0,0.363035726
233,1.5,0.363035726,0.0,0.363035726
233,1.75,0.363035726,0.0,0.363035726
233,2.0,0.363035726,0.0,0.363035726
234,0.25,0.0,1.0,0.25
234,0.5,0.29554490499999997,0.0,0.29554490499999997
234,0.75,0.29554490499999997,0.0,0.29554490499999997
234,1.0,0.29554490499999997,0.0,0.29554490499999997
234,1.25,0.29554490499999997,0.0,0.29554490499999997
234,1.5,0.29554490499999997,0.0,0.29554490499999997
234,1.75,0.29554490499999997,0.0,0.29554490499999997
234,2.0,0.29554490499999997,0.0,0.29554490499999997
235,0.25,0.046948317600000004,0.6,0.1969483176
235,0.5,0.251885472,0.0,0.251885472
235,0.75,0.251885472,0.0,0.251885472
235,1.0,0.251885472,0.0,0.251885472
235,1.25,0.251885472,0.0,0.251885472
235,1.5,0.251885472,0.0,0.251885472
235,1.75,0.251885472,0.0,0.251885472
235,2.0,0.251885472,0.0,0.251885472
236,0.25,0.0,1.0,0.25
236,0.5,0.274523734,0.2,0.374523734
236,0.75,0.389258682,0.0,0.389258682
236,1.0,0.389258682,0.0,0.389258682
236,1.25,0.389258682,0.0,0.389258682
236,1.5,0.389258682,0.0,0.389258682
236,1.75,0.389258682,0.0,0.389258682
236,2.0,0.389258682,0.0,0.389258682
237,0.25,0.0650225564,0.4,0.1650225564
237,0.5,0.135408569,0.2,0.23540856899999998
237,0.75,0.135408569,0.2,0.285408569
237,1.0,0.22909624699999998,0.1,0.32909624699999995
237,1.25,0.22909624699999998,0.1,0.354096247
237,1.5,0.22909624699999998,0.1,0.379096247
237,1.75,0.403272445,0.0,0.403272445
237,2.0,0.403272445,0.0,0.403272445
238,0.25,0.0427629918,0.6,0.1927629918
238,0.5,0.195655049,0.1,0.24565504899999996
238,0.75,0.195655049,0.1,0.270655049
238,1.0,0.195655049,0.1,0.29565504899999995
238,1.25,0.195655049,0.1,0.32065504899999997
238,1.5,0.195655049,0.1,0.345655049
238,1.75,0.195655049,0.1,0.37065504899999996
238,2.0,0.37199146200000005,0.0,0.37199146200000005
239,0.25,0.170157678,0.1,0.195157678
239,0.5,0.170157678,0.1,0.220157678
239,0.75,0.170157678,0.1,0.245157678
239,1.0,0.170157678,0.1,0.270157678
239,1.25,0.282116643,0.0,0.282116643
239,1.5,0.282116643,0.0,0.282116643
239,1.75,0.282116643,0.0,0.282116643
239,2.0,0.282116643,0.0,0.282116643
240,0.25,0.15017575499999997,0.3,0.22517575499999998
240,0.5,0.29340551000000004,0.0,0.29340551000000004
240,0.75,0.29340551000000004,0.0,0.29340551000000004
240,1.0,0.29340551000000004,0.0,0.29340551000000004
240,1.25,0.29340551000000004,0.0,0.29340551000000004
240,1.5,0.29340551000000004,0.0,0.29340551000000004
240,1.75,0.29340551000000004,0.0,0.29340551000000004
240,2.0,0.29340551000000004,0.0,0.29340551000000004
241,0.25,0.0,1.0,0.25
241,0.5,0.29554490499999997,0.0,0.29554490499999997
241,0.75,0.29554490499999997,0.0,0.29554490499999997
241,1.0,0.29554490499999997,0.0,0.29554490499999997
241,1.25,0.29554490499999997,0.0,0.29554490499999997
241,1.5,0.29554490499999997,0.0,0.29554490499999997
241,1.75,0.29554490499999997,0.0,0.29554490499999997
241,2.0,0.29554490499999997,0.0,0.29554490499999997
242,0.25,0.0694079921,0.3,0.1444079921
242,0.5,0.1200750344,0.1,0.1700750344
242,0.75,0.1200750344,0.1,0.1950750344
242,1.0,0.1200750344,0.1,0.22007503440000004
242,1.25,0.1200750344,0.1,0.24507503440000003
242,1.5,0.251829514,0.0,0.251829514
242,1.75,0.251829514,0.0,0.251829514
242,2.0,0.251829514,0.0,0.251829514
243,0.25,0.046948317600000004,0.6,0.1969483176
243,0.5,0.251885472,0.0,0.251885472
243,0.75,0.251885472,0.0,0.251885472
243,1.0,0.251885472,0.0,0.251885472
243,1.25,0.251885472,0.0,0.251885472
243,1.5,0.251885472,0.0,0.251885472
243,1.75,0.251885472,0.0,0.251885472
243,2.0,0.251885472,0.0,0.251885472
244,0.25,0.05781304220000001,0.4,0.1578130422
244,0.5,0.05781304220000001,0.4,0.2578130422
244,0.75,0.128392695,0.3,0.35339269500000003
244,1.0,0.390461635,0.0,0.390461635
244,1.25,0.390461635,0.0,0.390461635
244,1.5,0.390461635,0.0,0.390461635
244,1.75,0.390461635,0.0,0.390461635
244,2.0,0.390461635,0.0,0.390461635
245,0.25,0.031708338,0.7,0.20670833800000002
245,0.5,0.1816136703,0.2,0.28161367029999995
245,0.75,0.233143682,0.1,0.308143682
245,1.0,0.233143682,0.1,0.333143682
245,1.25,0.233143682,0.1,0.358143682
245,1.5,0.233143682,0.1,0.383143682
245,1.75,0.400484593,0.0,0.400484593
245,2.0,0.400484593,0.0,0.400484593
246,0.25,0.13608008700000002,0.4,0.23608008700000002
246,0.5,0.26919004300000005,0.0,0.26919004300000005
246,0.75,0.26919004300000005,0.0,0.26919004300000005
246,1.0,0.26919004300000005,0.0,0.26919004300000005
246,1.25,0.26919004300000005,0.0,0.26919004300000005
246,1.5,0.26919004300000005,0.0,0.26919004300000005
246,1.75,0.26919004300000005,0.0,0.26919004300000005
246,2.0,0.26919004300000005,0.0,0.26919004300000005
247,0.25,0.15017575500000002,0.3,0.22517575500000003
247,0.5,0.29340551,0.0,0.29340551
247,0.75,0.29340551,0.0,0.29340551
247,1.0,0.29340551,0.0,0.29340551
247,1.25,0.29340551,0.0,0.29340551
247,1.5,0.29340551,0.0,0.29340551
247,1.75,0.29340551,0.0,0.29340551
247,2.0,0.29340551,0.0,0.29340551
248,0.25,0.0427629918,0.6,0.1927629918
248,0.5,0.195655049,0.1,0.24565504899999996
248,0.75,0.195655049,0.1,0.270655049
248,1.0,0.195655049,0.1,0.29565504899999995
248,1.25,0.195655049,0.1,0.32065504899999997
248,1.5,0.195655049,0.1,0.345655049
248,1.75,0.195655049,0.1,0.37065504899999996
248,2.0,0.37199146200000005,0.0,0.37199146200000005
249,0.25,0.0650225564,0.4,0.1650225564
249,0.5,0.135408569,0.2,0.23540856899999998
249,0.75,0.135408569,0.2,0.285408569
249,1.0,0.22909624699999998,0.1,0.32909624699999995
249,1.25,0.22909624699999998,0.1,0.354096247
249,1.5,0.22909624699999998,0.1,0.379096247
249,1.75,0.403272445,0.0,0.403272445
249,2.0,0.403272445,0.0,0.403272445
250,0.25,0.046948317600000004,0.6,0.1969483176
250,0.5,0.251885472,0.0,0.251885472
250,0.75,0.251885472,0.0,0.251885472
250,1.0,0.251885472,0.0,0.251885472
250,1.25,0.251885472,0.0,0.251885472
250,1.5,0.251885472,0.0,0.251885472
250,1.75,0.251885472,0.0,0.251885472
250,2.0,0.251885472,0.0,0.251885472
251,0.25,0.0650225564,0.4,0.1650225564
251,0.5,0.135408569,0.2,0.23540856899999998
251,0.75,0.135408569,0.2,0.285408569
251,1.0,0.22909624699999998,0.1,0.32909624699999995
251,1.25,0.22909624699999998,0.1,0.354096247
251,1.5,0.22909624699999998,0.1,0.379096247
251,1.75,0.403272445,0.0,0.403272445
251,2.0,0.403272445,0.0,0.403272445
252,0.25,0.033961062199999996,0.6,0.1839610622
252,0.5,0.22205753899999997,0.2,0.32205753899999995
252,0.75,0.275063253,0.1,0.35006325299999996
252,1.0,0.275063253,0.1,0.375063253
252,1.25,0.275063253,0.1,0.400063253
252,1.5,0.40391125299999997,0.0,0.40391125299999997
252,1.75,0.40391125299999997,0.0,0.40391125299999997
252,2.0,0.40391125299999997,0.0,0.40391125299999997
253,0.25,0.062066006900000005,0.4,0.1620660069
253,0.5,0.062066006900000005,0.4,0.2620660069
253,0.75,0.1293120456,0.3,0.3543120456
253,1.0,0.383244249,0.0,0.383244249
253,1.25,0.383244249,0.0,0.383244249
253,1.5,0.383244249,0.0,0.383244249
253,1.75,0.383244249,0.0,0.383244249
253,2.0,0.383244249,0.0,0.383244249
254,0.25,0.1322857997,0.4,0.2322857997
254,0.5,0.24931318600000002,0.1,0.299313186
254,0.75,0.24931318600000002,0.1,0.32431318600000003
254,1.0,0.24931318600000002,0.1,0.349313186
254,1.25,0.363035726,0.0,0.363035726
254,1.5,0.363035726,0.0,0.363035726
254,1.75,0.363035726,0.0,0.363035726
254,2.0,0.363035726,0.0,0.363035726
255,0.25,0.0530414148,0.6,0.20304141480000001
255,0.5,0.14641996070000002,0.4,0.34641996070000003
255,0.75,0.313905315,0.1,0.38890531500000003
255,1.0,0.313905315,0.1,0.41390531500000005
255,1.25,0.313905315,0.1,0.4389053150000001
255,1.5,0.313905315,0.1,0.46390531500000004
255,1.75,0.47140746600000005,0.0,0.47140746600000005
255,2.0,0.47140746600000005,0.0,0.47140746600000005
256,0.25,0.0694079921,0.3,0.1444079921
256,0.5,0.1200750344,0.1,0.1700750344
256,0.75,0.1200750344,0.1,0.1950750344
256,1.0,0.1200750344,0.1,0.22007503440000004
256,1.25,0.1200750344,0.1,0.24507503440000003
256,1.5,0.251829514,0.0,0.251829514
256,1.75,0.251829514,0.0,0.251829514
256,2.0,0.251829514,0.0,0.251829514
257,0.25,0.0644272201,0.5,0.18942722010000002
257,0.5,0.17713626300000002,0.1,0.227136263
257,0.75,0.17713626300000002,0.1,0.252136263
257,1.0,0.25903007,0.0,0.25903007
257,1.25,0.25903007,0.0,0.25903007
257,1.5,0.25903007,0.0,0.25903007
257,1.75,0.25903007,0.0,0.25903007
257,2.0,0.25903007,0.0,0.25903007
258,0.25,0.150175755,0.3,0.22517575499999998
258,0.5,0.29340551,0.0,0.29340551
258,0.75,0.29340551,0.0,0.29340551
258,1.0,0.29340551,0.0,0.29340551
258,1.25,0.29340551,0.0,0.29340551
258,1.5,0.29340551,0.0,0.29340551
258,1.75,0.29340551,0.0,0.29340551
258,2.0,0.29340551,0.0,0.29340551
259,0.25,0.0694079921,0.3,0.1444079921
259,0.5,0.1200750344,0.1,0.1700750344
259,0.75,0.1200750344,0.1,0.1950750344
259,1.0,0.1200750344,0.1,0.22007503440000004
259,1.25,0.1200750344,0.1,0.24507503440000003
259,1.5,0.251829514,0.0,0.251829514
259,1.75,0.251829514,0.0,0.251829514
259,2.0,0.251829514,0.0,0.251829514
260,0.25,0.12245510070000001,0.4,0.22245510070000002
260,0.5,0.21253698000000001,0.1,0.26253698000000003
260,0.75,0.21253698000000001,0.1,0.28753698
260,1.0,0.21253698000000001,0.1,0.31253698
260,1.25,0.21253698000000001,0.1,0.33753698
260,1.5,0.21253698000000001,0.1,0.36253698
260,1.75,0.372147429,0.0,0.372147429
260,2.0,0.372147429,0.0,0.372147429
261,0.25,0.12993209860000002,0.3,0.2049320986
261,0.5,0.12993209860000002,0.3,0.2799320986
261,0.75,0.12993209860000002,0.3,0.3549320986
261,1.0,0.358460153,0.0,0.358460153
261,1.25,0.358460153,0.0,0.358460153
261,1.5,0.358460153,0.0,0.358460153
261,1.75,0.358460153,0.0,0.358460153
261,2.0,0.358460153,0.0,0.358460153
262,0.25,0.161229081,0.1,0.186229081
262,0.5,0.161229081,0.1,0.211229081
262,0.75,0.161229081,0.1,0.236229081
262,1.0,0.161229081,0.1,0.26122908100000003
262,1.25,0.275691584,0.0,0.275691584
262,1.5,0.275691584,0.0,0.275691584
262,1.75,0.275691584,0.0,0.275691584
262,2.0,0.275691584,0.0,0.275691584
263,0.25,0.1322857997,0.4,0.2322857997
263,0.5,0.24931318600000002,0.1,0.299313186
263,0.75,0.24931318600000002,0.1,0.32431318600000003
263,1.0,0.24931318600000002,0.1,0.349313186
263,1.25,0.363035726,0.0,0.363035726
263,1.5,0.363035726,0.0,0.363035726
263,1.75,0.363035726,0.0,0.363035726
263,2.0,0.363035726,0.0,0.363035726
264,0.25,0.030198316000000003,0.7,0.205198316
264,0.5,0.227325952,0.1,0.277325952
264,0.75,0.227325952,0.1,0.302325952
264,1.0,0.227325952,0.1,0.327325952
264,1.25,0.227325952,0.1,0.352325952
264,1.5,0.227325952,0.1,0.37732595199999996
264,1.75,0.37800241700000003,0.0,0.37800241700000003
264,2.0,0.37800241700000003,0.0,0.37800241700000003
265,0.25,0.1322857997,0.4,0.2322857997
265,0.5,0.24931318600000002,0.1,0.299313186
265,0.75,0.24931318600000002,0.1,0.32431318600000003
265,1.0,0.24931318600000002,0.1,0.349313186
265,1.25,0.363035726,0.0,0.363035726
265,1.5,0.363035726,0.0,0.363035726
265,1.75,0.363035726,0.0,0.363035726
265,2.0,0.363035726,0.0,0.363035726
266,0.25,0.030198316000000003,0.7,0.205198316
266,0.5,0.227325952,0.1,0.277325952
266,0.75,0.227325952,0.1,0.302325952
266,1.0,0.227325952,0.1,0.327325952
266,1.25,0.227325952,0.1,0.352325952
266,1.5,0.227325952,0.1,0.37732595199999996
266,1.75,0.37800241700000003,0.0,0.37800241700000003
266,2.0,0.37800241700000003,0.0,0.37800241700000003
267,0.25,0.0317189265,0.7,0.2067189265
267,0.5,0.20550934,0.2,0.30550934
267,0.75,0.259466949,0.1,0.33446694899999996
267,1.0,0.259466949,0.1,0.359466949
267,1.25,0.259466949,0.1,0.384466949
267,1.5,0.259466949,0.1,0.4094669489999999
267,1.75,0.40985232099999996,0.0,0.40985232099999996
267,2.0,0.40985232099999996,0.0,0.40985232099999996
268,0.25,0.0317189265,0.7,0.2067189265
268,0.5,0.20550934,0.2,0.30550934
268,0.75,0.259466949,0.1,0.33446694899999996
268,1.0,0.259466949,0.1,0.359466949
268,1.25,0.259466949,0.1,0.384466949
268,1.5,0.259466949,0.1,0.4094669489999999
268,1.75,0.40985232099999996,0.0,0.40985232099999996
268,2.0,0.40985232099999996,0.0,0.40985232099999996
269,0.25,0.0,1.0,0.25
269,0.5,0.29554490499999997,0.0,0.29554490499999997
269,0.75,0.29554490499999997,0.0,0.29554490499999997
269,1.0,0.29554490499999997,0.0,0.29554490499999997
269,1.25,0.29554490499999997,0.0,0.29554490499999997
269,1.5,0.29554490499999997,0.0,0.29554490499999997
269,1.75,0.29554490499999997,0.0,0.29554490499999997
269,2.0,0.29554490499999997,0.0,0.29554490499999997
270,0.25,0.11880067420000003,0.2,0.16880067420000003
270,0.5,0.11880067420000003,0.2,0.21880067420000002
270,0.75,0.11880067420000003,0.2,0.26880067420000003
270,1.0,0.11880067420000003,0.2,0.3188006742
270,1.25,0.11880067420000003,0.2,0.3688006742
270,1.5,0.39399573400000004,0.0,0.39399573400000004
270,1.75,0.39399573400000004,0.0,0.39399573400000004
270,2.0,0.39399573400000004,0.0,0.39399573400000004
271,0.25,0.036044325599999996,0.6,0.1860443256
271,0.5,0.19220950200000003,0.2,0.29220950200000007
271,0.75,0.19220950200000003,0.2,0.34220950200000005
271,1.0,0.27659485699999997,0.1,0.376594857
271,1.25,0.27659485699999997,0.1,0.40159485699999997
271,1.5,0.414478235,0.0,0.414478235
271,1.75,0.414478235,0.0,0.414478235
271,2.0,0.414478235,0.0,0.414478235
272,0.25,0.15017575499999997,0.3,0.22517575499999998
272,0.5,0.29340551000000004,0.0,0.29340551000000004
272,0.75,0.29340551000000004,0.0,0.29340551000000004
272,1.0,0.29340551000000004,0.0,0.29340551000000004
272,1.25,0.29340551000000004,0.0,0.29340551000000004
272,1.5,0.29340551000000004,0.0,0.29340551000000004
272,1.75,0.29340551000000004,0.0,0.29340551000000004
272,2.0,0.29340551000000004,0.0,0.29340551000000004
273,0.25,0.0,1.0,0.25
273,0.5,0.2745237340000001,0.2,0.37452373400000005
273,0.75,0.389258682,0.0,0.389258682
273,1.0,0.389258682,0.0,0.389258682
273,1.25,0.389258682,0.0,0.389258682
273,1.5,0.389258682,0.0,0.389258682
273,1.75,0.389258682,0.0,0.389258682
273,2.0,0.389258682,0.0,0.389258682
274,0.25,0.15017575500000002,0.3,0.22517575500000003
274,0.5,0.29340551,0.0,0.29340551
274,0.75,0.29340551,0.0,0.29340551
274,1.0,0.29340551,0.0,0.29340551
274,1.25,0.29340551,0.0,0.29340551
274,1.5,0.29340551,0.0,0.29340551
274,1.75,0.29340551,0.0,0.29340551
274,2.0,0.29340551,0.0,0.29340551
275,0.25,0.0,1.0,0.25
275,0.5,0.283286965,0.0,0.283286965
275,0.75,0.283286965,0.0,0.283286965
275,1.0,0.283286965,0.0,0.283286965
275,1.25,0.283286965,0.0,0.283286965
275,1.5,0.283286965,0.0,0.283286965
275,1.75,0.283286965,0.0,0.283286965
275,2.0,0.283286965,0.0,0.283286965
276,0.25,0.09630425000000001,0.5,0.22130425000000004
276,0.5,0.12205264949999999,0.4,0.32205264949999995
276,0.75,0.34456913299999997,0.0,0.34456913299999997
276,1.0,0.34456913299999997,0.0,0.34456913299999997
276,1.25,0.34456913299999997,0.0,0.34456913299999997
276,1.5,0.34456913299999997,0.0,0.34456913299999997
276,1.75,0.34456913299999997,0.0,0.34456913299999997
276,2.0,0.34456913299999997,0.0,0.34456913299999997
277,0.25,0.034728842999999995,0.8,0.234728843
277,0.5,0.341645869,0.0,0.341645869
277,0.75,0.341645869,0.0,0.341645869
277,1.0,0.341645869,0.0,0.341645869
277,1.25,0.341645869,0.0,0.341645869
277,1.5,0.341645869,0.0,0.341645869
277,1.75,0.341645869,0.0,0.341645869
277,2.0,0.341645869,0.0,0.341645869
278,0.25,0.030198316000000003,0.7,0.205198316
278,0.5,0.227325952,0.1,0.277325952
278,0.75,0.227325952,0.1,0.302325952
278,1.0,0.227325952,0.1,0.327325952
278,1.25,0.227325952,0.1,0.352325952
278,1.5,0.227325952,0.1,0.37732595199999996
278,1.75,0.37800241700000003,0.0,0.37800241700000003
278,2.0,0.37800241700000003,0.0,0.37800241700000003
279,0.25,0.056112300999999996,0.5,0.181112301
279,0.5,0.12480634900000001,0.3,0.274806349
279,0.75,0.12480634900000001,0.3,0.34980634899999996
279,1.0,0.38321702499999993,0.0,0.38321702499999993
279,1.25,0.38321702499999993,0.0,0.38321702499999993
279,1.5,0.38321702499999993,0.0,0.38321702499999993
279,1.75,0.38321702499999993,0.0,0.38321702499999993
279,2.0,0.38321702499999993,0.0,0.38321702499999993
280,0.25,0.06618503830000001,0.7,0.2411850383
280,0.5,0.3135843930000001,0.0,0.3135843930000001
280,0.75,0.3135843930000001,0.0,0.3135843930000001
280,1.0,0.3135843930000001,0.0,0.3135843930000001
280,1.25,0.3135843930000001,0.0,0.3135843930000001
280,1.5,0.3135843930000001,0.0,0.3135843930000001
280,1.75,0.3135843930000001,0.0,0.3135843930000001
280,2.0,0.3135843930000001,0.0,0.3135843930000001
281,0.25,0.0,1.0,0.25
281,0.5,0.274523734,0.2,0.374523734
281,0.75,0.389258682,0.0,0.389258682
281,1.0,0.389258682,0.0,0.389258682
281,1.25,0.389258682,0.0,0.389258682
281,1.5,0.389258682,0.0,0.389258682
281,1.75,0.389258682,0.0,0.389258682
281,2.0,0.389258682,0.0,0.389258682
282,0.25,0.0443772636,0.7,0.21937726359999998
282,0.5,0.296620097,0.0,0.296620097
282,0.75,0.296620097,0.0,0.296620097
282,1.0,0.296620097,0.0,0.296620097
282,1.25,0.296620097,0.0,0.296620097
282,1.5,0.296620097,0.0,0.296620097
282,1.75,0.296620097,0.0,0.296620097
282,2.0,0.296620097,0.0,0.296620097
283,0.25,0.056112300999999996,0.5,0.181112301
283,0.5,0.12480634900000001,0.3,0.274806349
283,0.75,0.12480634900000001,0.3,0.34980634899999996
283,1.0,0.38321702499999993,0.0,0.38321702499999993
283,1.25,0.38321702499999993,0.0,0.38321702499999993
283,1.5,0.38321702499999993,0.0,0.38321702499999993
283,1.75,0.38321702499999993,0.0,0.38321702499999993
283,2.0,0.38321702499999993,0.0,0.38321702499999993
284,0.25,0.031708338,0.7,0.20670833800000002
284,0.5,0.1816136703,0.2,0.28161367029999995
284,0.75,0.233143682,0.1,0.308143682
284,1.0,0.233143682,0.1,0.333143682
284,1.25,0.233143682,0.1,0.358143682
284,1.5,0.233143682,0.1,0.383143682
284,1.75,0.400484593,0.0,0.400484593
284,2.0,0.400484593,0.0,0.400484593
285,0.25,0.0,1.0,0.25
285,0.5,0.283286965,0.0,0.283286965
285,0.75,0.283286965,0.0,0.283286965
285,1.0,0.283286965,0.0,0.283286965
285,1.25,0.283286965,0.0,0.283286965
285,1.5,0.283286965,0.0,0.283286965
285,1.75,0.283286965,0.0,0.283286965
285,2.0,0.283286965,0.0,0.283286965
286,0.25,0.031708338,0.7,0.20670833800000002
286,0.5,0.1816136703,0.2,0.28161367029999995
286,0.75,0.233143682,0.1,0.308143682
286,1.0,0.233143682,0.1,0.333143682
286,1.25,0.233143682,0.1,0.358143682
286,1.5,0.233143682,0.1,0.383143682
286,1.75,0.400484593,0.0,0.400484593
286,2.0,0.400484593,0.0,0.400484593
287,0.25,0.0530414148,0.6,0.20304141480000001
287,0.5,0.14641996070000002,0.4,0.34641996070000003
287,0.75,0.313905315,0.1,0.38890531500000003
287,1.0,0.313905315,0.1,0.41390531500000005
287,1.25,0.313905315,0.1,0.4389053150000001
287,1.5,0.313905315,0.1,0.46390531500000004
287,1.75,0.47140746600000005,0.0,0.47140746600000005
287,2.0,0.47140746600000005,0.0,0.47140746600000005
288,0.25,0.12993209860000002,0.3,0.2049320986
288,0.5,0.12993209860000002,0.3,0.2799320986
288,0.75,0.12993209860000002,0.3,0.3549320986
288,1.0,0.358460153,0.0,0.358460153
288,1.25,0.358460153,0.0,0.358460153
288,1.5,0.358460153,0.0,0.358460153
288,1.75,0.358460153,0.0,0.358460153
288,2.0,0.358460153,0.0,0.358460153
289,0.25,0.0,1.0,0.25
289,0.5,0.32775878699999994,0.0,0.32775878699999994
289,0.75,0.32775878699999994,0.0,0.32775878699999994
289,1.0,0.32775878699999994,0.0,0.32775878699999994
289,1.25,0.32775878699999994,0.0,0.32775878699999994
289,1.5,0.32775878699999994,0.0,0.32775878699999994
289,1.75,0.32775878699999994,0.0,0.32775878699999994
289,2.0,0.32775878699999994,0.0,0.32775878699999994
290,0.25,0.0640676957,0.3,0.1390676957
290,0.5,0.0640676957,0.3,0.2140676957
290,0.75,0.13319579800000003,0.2,0.28319579800000005
290,1.0,0.22298175000000003,0.1,0.32298175
290,1.25,0.22298175000000003,0.1,0.34798175000000003
290,1.5,0.22298175000000003,0.1,0.37298175
290,1.75,0.39098180099999996,0.0,0.39098180099999996
290,2.0,0.39098180099999996,0.0,0.39098180099999996
291,0.25,0.030198316000000003,0.7,0.205198316
291,0.5,0.227325952,0.1,0.277325952
291,0.75,0.227325952,0.1,0.302325952
291,1.0,0.227325952,0.1,0.327325952
291,1.25,0.227325952,0.1,0.352325952
291,1.5,0.227325952,0.1,0.37732595199999996
291,1.75,0.37800241700000003,0.0,0.37800241700000003
291,2.0,0.37800241700000003,0.0,0.37800241700000003
292,0.25,0.0328724575,0.8,0.2328724575
292,0.5,0.30452869399999993,0.0,0.30452869399999993
292,0.75,0.30452869399999993,0.0,0.30452869399999993
292,1.0,0.30452869399999993,0.0,0.30452869399999993
292,1.25,0.30452869399999993,0.0,0.30452869399999993
292,1.5,0.30452869399999993,0.0,0.30452869399999993
292,1.75,0.30452869399999993,0.0,0.30452869399999993
292,2.0,0.30452869399999993,0.0,0.30452869399999993
293,0.25,0.0650225564,0.4,0.1650225564
293,0.5,0.135408569,0.2,0.23540856899999998
293,0.75,0.135408569,0.2,0.285408569
293,1.0,0.22909624699999998,0.1,0.32909624699999995
293,1.25,0.22909624699999998,0.1,0.354096247
293,1.5,0.22909624699999998,0.1,0.379096247
293,1.75,0.403272445,0.0,0.403272445
293,2.0,0.403272445,0.0,0.403272445
294,0.25,0.024624390700000002,0.9,0.24962439070000003
294,0.5,0.30108552200000005,0.0,0.30108552200000005
294,0.75,0.30108552200000005,0.0,0.30108552200000005
294,1.0,0.30108552200000005,0.0,0.30108552200000005
294,1.25,0.30108552200000005,0.0,0.30108552200000005
294,1.5,0.30108552200000005,0.0,0.30108552200000005
294,1.75,0.30108552200000005,0.0,0.30108552200000005
294,2.0,0.30108552200000005,0.0,0.30108552200000005
295,0.25,0.13608008700000002,0.4,0.23608008700000002
295,0.5,0.26919004300000005,0.0,0.26919004300000005
295,0.75,0.26919004300000005,0.0,0.26919004300000005
295,1.0,0.26919004300000005,0.0,0.26919004300000005
295,1.25,0.26919004300000005,0.0,0.26919004300000005
295,1.5,0.26919004300000005,0.0,0.26919004300000005
295,1.75,0.26919004300000005,0.0,0.26919004300000005
295,2.0,0.26919004300000005,0.0,0.26919004300000005
296,0.25,0.030198316000000003,0.7,0.205198316
296,0.5,0.227325952,0.1,0.277325952
296,0.75,0.227325952,0.1,0.302325952
296,1.0,0.227325952,0.1,0.327325952
296,1.25,0.227325952,0.1,0.352325952
296,1.5,0.227325952,0.1,0.37732595199999996
296,1.75,0.37800241700000003,0.0,0.37800241700000003
296,2.0,0.37800241700000003,0.0,0.37800241700000003
297,0.25,0.0,1.0,0.25
297,0.5,0.274523734,0.2,0.374523734
297,0.75,0.389258682,0.0,0.389258682
297,1.0,0.389258682,0.0,0.389258682
297,1.25,0.389258682,0.0,0.389258682
297,1.5,0.389258682,0.0,0.389258682
297,1.75,0.389258682,0.0,0.389258682
297,2.0,0.389258682,0.0,0.389258682
298,0.25,0.1322857997,0.4,0.2322857997
298,0.5,0.24931318600000002,0.1,0.299313186
298,0.75,0.24931318600000002,0.1,0.32431318600000003
298,1.0,0.24931318600000002,0.1,0.349313186
298,1.25,0.363035726,0.0,0.363035726
298,1.5,0.363035726,0.0,0.363035726
298,1.75,0.363035726,0.0,0.363035726
298,2.0,0.363035726,0.0,0.363035726
299,0.25,0.09630425000000001,0.5,0.22130425000000004
299,0.5,0.12205264949999999,0.4,0.32205264949999995
299,0.75,0.34456913299999997,0.0,0.34456913299999997
299,1.0,0.34456913299999997,0.0,0.34456913299999997
299,1.25,0.34456913299999997,0.0,0.34456913299999997
299,1.5,0.34456913299999997,0.0,0.34456913299999997
299,1.75,0.34456913299999997,0.0,0.34456913299999997
299,2.0,0.34456913299999997,0.0,0.34456913299999997
300,0.25,0.0,1.0,0.25
300,0.5,0.29554490499999997,0.0,0.29554490499999997
300,0.75,0.29554490499999997,0.0,0.29554490499999997
300,1.0,0.29554490499999997,0.0,0.29554490499999997
300,1.25,0.29554490499999997,0.0,0.29554490499999997
300,1.5,0.29554490499999997,0.0,0.29554490499999997
300,1.75,0.29554490499999997,0.0,0.29554490499999997
300,2.0,0.29554490499999997,0.0,0.29554490499999997
301,0.25,0.0,1.0,0.25
301,0.5,0.29554490499999997,0.0,0.29554490499999997
301,0.75,0.335002361,0.1,0.410002361
301,1.0,0.29554490499999997,0.0,0.29554490499999997
301,1.25,0.29554490499999997,0.0,0.29554490499999997
301,1.5,0.29554490499999997,0.0,0.29554490499999997
301,1.75,0.29554490499999997,0.0,0.29554490499999997
301,2.0,0.29554490499999997,0.0,0.29554490499999997
302,0.25,0.0,1.0,0.25
302,0.5,0.29554490499999997,0.0,0.29554490499999997
302,0.75,0.29554490499999997,0.0,0.29554490499999997
302,1.0,0.29554490499999997,0.0,0.29554490499999997
302,1.25,0.29554490499999997,0.0,0.29554490499999997
302,1.5,0.29554490499999997,0.0,0.29554490499999997
302,1.75,0.29554490499999997,0.0,0.29554490499999997
302,2.0,0.29554490499999997,0.0,0.29554490499999997
303,0.25,0.06618503830000001,0.7,0.2411850383
303,0.5,0.3135843930000001,0.0,0.3135843930000001
303,0.75,0.3135843930000001,0.0,0.3135843930000001
303,1.0,0.3135843930000001,0.0,0.3135843930000001
303,1.25,0.3135843930000001,0.0,0.3135843930000001
303,1.5,0.3135843930000001,0.0,0.3135843930000001
303,1.75,0.3135843930000001,0.0,0.3135843930000001
303,2.0,0.3135843930000001,0.0,0.3135843930000001
304,0.25,0.031708338,0.7,0.20670833800000002
304,0.5,0.1816136703,0.2,0.28161367029999995
304,0.75,0.233143682,0.1,0.308143682
304,1.0,0.233143682,0.1,0.333143682
304,1.25,0.233143682,0.1,0.358143682
304,1.5,0.233143682,0.1,0.383143682
304,1.75,0.400484593,0.0,0.400484593
304,2.0,0.400484593,0.0,0.400484593
305,0.25,0.031708338,0.7,0.20670833800000002
305,0.5,0.1816136703,0.2,0.28161367029999995
305,0.75,0.233143682,0.1,0.308143682
305,1.0,0.233143682,0.1,0.333143682
305,1.25,0.233143682,0.1,0.358143682
305,1.5,0.233143682,0.1,0.383143682
305,1.75,0.400484593,0.0,0.400484593
305,2.0,0.400484593,0.0,0.400484593
306,0.25,0.046948317600000004,0.6,0.1969483176
306,0.5,0.251885472,0.0,0.251885472
306,0.75,0.251885472,0.0,0.251885472
306,1.0,0.251885472,0.0,0.251885472
306,1.25,0.251885472,0.0,0.251885472
306,1.5,0.251885472,0.0,0.251885472
306,1.75,0.251885472,0.0,0.251885472
306,2.0,0.251885472,0.0,0.251885472
307,0.25,0.12848052400000004,0.2,0.17848052400000003
307,0.5,0.12848052400000004,0.2,0.22848052400000002
307,0.75,0.12848052400000004,0.2,0.278480524
307,1.0,0.12848052400000004,0.2,0.32848052400000005
307,1.25,0.12848052400000004,0.2,0.37848052400000004
307,1.5,0.12848052400000004,0.2,0.4284805240000001
307,1.75,0.12848052400000004,0.2,0.4784805240000001
307,2.0,0.48156339100000006,0.0,0.48156339100000006
308,0.25,0.055283731399999994,0.6,0.2052837314
308,0.5,0.1513441127,0.4,0.3513441127
308,0.75,0.31878079899999995,0.1,0.39378079899999996
308,1.0,0.31878079899999995,0.1,0.418780799
308,1.25,0.31878079899999995,0.1,0.44378079899999995
308,1.5,0.31878079899999995,0.1,0.46878079899999997
308,1.75,0.479857785,0.0,0.479857785
308,2.0,0.479857785,0.0,0.479857785
309,0.25,0.0427629918,0.6,0.1927629918
309,0.5,0.195655049,0.1,0.24565504899999996
309,0.75,0.195655049,0.1,0.270655049
309,1.0,0.195655049,0.1,0.29565504899999995
309,1.25,0.195655049,0.1,0.32065504899999997
309,1.5,0.195655049,0.1,0.345655049
309,1.75,0.195655049,0.1,0.37065504899999996
309,2.0,0.37199146200000005,0.0,0.37199146200000005
310,0.25,0.0427629918,0.6,0.1927629918
310,0.5,0.195655049,0.1,0.24565504899999996
310,0.75,0.195655049,0.1,0.270655049
310,1.0,0.195655049,0.1,0.29565504899999995
310,1.25,0.195655049,0.1,0.32065504899999997
310,1.5,0.195655049,0.1,0.345655049
310,1.75,0.195655049,0.1,0.37065504899999996
310,2.0,0.37199146200000005,0.0,0.37199146200000005
311,0.25,0.0530414148,0.6,0.20304141480000001
311,0.5,0.14641996070000002,0.4,0.34641996070000003
311,0.75,0.313905315,0.1,0.38890531500000003
311,1.0,0.313905315,0.1,0.41390531500000005
311,1.25,0.313905315,0.1,0.4389053150000001
311,1.5,0.313905315,0.1,0.46390531500000004
311,1.75,0.47140746600000005,0.0,0.47140746600000005
311,2.0,0.47140746600000005,0.0,0.47140746600000005
312,0.25,0.0,1.0,0.25
312,0.5,0.2745237340000001,0.2,0.37452373400000005
312,0.75,0.389258682,0.0,0.389258682
312,1.0,0.389258682,0.0,0.389258682
312,1.25,0.389258682,0.0,0.389258682
312,1.5,0.389258682,0.0,0.389258682
312,1.75,0.389258682,0.0,0.389258682
312,2.0,0.389258682,0.0,0.389258682
313,0.25,0.0,1.0,0.25
313,0.5,0.29554490499999997,0.0,0.29554490499999997
313,0.75,0.29554490499999997,0.0,0.29554490499999997
313,1.0,0.29554490499999997,0.0,0.29554490499999997
313,1.25,0.29554490499999997,0.0,0.29554490499999997
313,1.5,0.29554490499999997,0.0,0.29554490499999997
313,1.75,0.29554490499999997,0.0,0.29554490499999997
313,2.0,0.29554490499999997,0.0,0.29554490499999997
314,0.25,0.033961062199999996,0.6,0.1839610622
314,0.5,0.22205753899999997,0.2,0.32205753899999995
314,0.75,0.275063253,0.1,0.35006325299999996
314,1.0,0.275063253,0.1,0.375063253
314,1.25,0.275063253,0.1,0.400063253
314,1.5,0.40391125299999997,0.0,0.40391125299999997
314,1.75,0.40391125299999997,0.0,0.40391125299999997
314,2.0,0.40391125299999997,0.0,0.40391125299999997
315,0.25,0.033961062199999996,0.6,0.1839610622
315,0.5,0.22205753899999997,0.2,0.32205753899999995
315,0.75,0.275063253,0.1,0.35006325299999996
315,1.0,0.275063253,0.1,0.375063253
315,1.25,0.275063253,0.1,0.400063253
315,1.5,0.40391125299999997,0.0,0.40391125299999997
315,1.75,0.40391125299999997,0.0,0.40391125299999997
315,2.0,0.40391125299999997,0.0,0.40391125299999997
316,0.25,0.11219274330000002,0.5,0.2371927433
316,0.5,0.1628265653,0.3,0.3128265653
316,0.75,0.323600093,0.0,0.323600093
316,1.0,0.323600093,0.0,0.323600093
316,1.25,0.323600093,0.0,0.323600093
316,1.5,0.323600093,0.0,0.323600093
316,1.75,0.323600093,0.0,0.323600093
316,2.0,0.323600093,0.0,0.323600093
317,0.25,0.12848052400000004,0.2,0.17848052400000003
317,0.5,0.12848052400000004,0.2,0.22848052400000002
317,0.75,0.12848052400000004,0.2,0.278480524
317,1.0,0.12848052400000004,0.2,0.32848052400000005
317,1.25,0.12848052400000004,0.2,0.37848052400000004
317,1.5,0.12848052400000004,0.2,0.4284805240000001
317,1.75,0.12848052400000004,0.2,0.4784805240000001
317,2.0,0.48156339100000006,0.0,0.48156339100000006
318,0.25,0.0,1.0,0.25
318,0.5,0.29554490499999997,0.0,0.29554490499999997
318,0.75,0.29554490499999997,0.0,0.29554490499999997
318,1.0,0.29554490499999997,0.0,0.29554490499999997
318,1.25,0.29554490499999997,0.0,0.29554490499999997
318,1.5,0.29554490499999997,0.0,0.29554490499999997
318,1.75,0.29554490499999997,0.0,0.29554490499999997
318,2.0,0.29554490499999997,0.0,0.29554490499999997
319,0.25,0.0,1.0,0.25
319,0.5,0.29554490499999997,0.0,0.29554490499999997
319,0.75,0.29554490499999997,0.0,0.29554490499999997
319,1.0,0.29554490499999997,0.0,0.29554490499999997
319,1.25,0.29554490499999997,0.0,0.29554490499999997
319,1.5,0.29554490499999997,0.0,0.29554490499999997
319,1.75,0.29554490499999997,0.0,0.29554490499999997
319,2.0,0.29554490499999997,0.0,0.29554490499999997
320,0.25,0.055283731399999994,0.6,0.2052837314
320,0.5,0.1513441127,0.4,0.3513441127
320,0.75,0.31878079899999995,0.1,0.39378079899999996
320,1.0,0.31878079899999995,0.1,0.418780799
320,1.25,0.31878079899999995,0.1,0.44378079899999995
320,1.5,0.31878079899999995,0.1,0.46878079899999997
320,1.75,0.479857785,0.0,0.479857785
320,2.0,0.479857785,0.0,0.479857785
321,0.25,0.0,1.0,0.25
321,0.5,0.29554490499999997,0.0,0.29554490499999997
321,0.75,0.29554490499999997,0.0,0.29554490499999997
321,1.0,0.29554490499999997,0.0,0.29554490499999997
321,1.25,0.29554490499999997,0.0,0.29554490499999997
321,1.5,0.29554490499999997,0.0,0.29554490499999997
321,1.75,0.29554490499999997,0.0,0.29554490499999997
321,2.0,0.29554490499999997,0.0,0.29554490499999997
322,0.25,0.031708338,0.7,0.20670833800000002
322,0.5,0.1816136703,0.2,0.28161367029999995
322,0.75,0.233143682,0.1,0.308143682
322,1.0,0.233143682,0.1,0.333143682
322,1.25,0.233143682,0.1,0.358143682
322,1.5,0.233143682,0.1,0.383143682
322,1.75,0.400484593,0.0,0.400484593
322,2.0,0.400484593,0.0,0.400484593
323,0.25,0.034728842999999995,0.8,0.234728843
323,0.5,0.341645869,0.0,0.341645869
323,0.75,0.341645869,0.0,0.341645869
323,1.0,0.341645869,0.0,0.341645869
323,1.25,0.341645869,0.0,0.341645869
323,1.5,0.341645869,0.0,0.341645869
323,1.75,0.341645869,0.0,0.341645869
323,2.0,0.341645869,0.0,0.341645869
324,0.25,0.0694079921,0.3,0.1444079921
324,0.5,0.1200750344,0.1,0.1700750344
324,0.75,0.1200750344,0.1,0.1950750344
324,1.0,0.1200750344,0.1,0.22007503440000004
324,1.25,0.1200750344,0.1,0.24507503440000003
324,1.5,0.251829514,0.0,0.251829514
324,1.75,0.251829514,0.0,0.251829514
324,2.0,0.251829514,0.0,0.251829514
325,0.25,0.0,1.0,0.25
325,0.5,0.2745237340000001,0.2,0.37452373400000005
325,0.75,0.389258682,0.0,0.389258682
325,1.0,0.389258682,0.0,0.389258682
325,1.25,0.389258682,0.0,0.389258682
325,1.5,0.389258682,0.0,0.389258682
325,1.75,0.389258682,0.0,0.389258682
325,2.0,0.389258682,0.0,0.389258682
326,0.25,0.0644952016,0.4,0.1644952016
326,0.5,0.13308569600000003,0.2,0.233085696
326,0.75,0.13308569600000003,0.2,0.283085696
326,1.0,0.13308569600000003,0.2,0.33308569600000004
326,1.25,0.13308569600000003,0.2,0.38308569600000003
326,1.5,0.13308569600000003,0.2,0.433085696
326,1.75,0.13308569600000003,0.2,0.483085696
326,2.0,0.506663135,0.0,0.506663135
327,0.25,0.056112300999999996,0.5,0.181112301
327,0.5,0.12480634900000001,0.3,0.274806349
327,0.75,0.12480634900000001,0.3,0.34980634899999996
327,1.0,0.38321702499999993,0.0,0.38321702499999993
327,1.25,0.38321702499999993,0.0,0.38321702499999993
327,1.5,0.38321702499999993,0.0,0.38321702499999993
327,1.75,0.38321702499999993,0.0,0.38321702499999993
327,2.0,0.38321702499999993,0.0,0.38321702499999993
328,0.25,0.0,1.0,0.25
328,0.5,0.30518516600000006,0.2,0.40518516600000004
328,0.75,0.419970168,0.0,0.419970168
328,1.0,0.419970168,0.0,0.419970168
328,1.25,0.419970168,0.0,0.419970168
328,1.5,0.419970168,0.0,0.419970168
328,1.75,0.419970168,0.0,0.419970168
328,2.0,0.419970168,0.0,0.419970168
329,0.25,0.0,1.0,0.25
329,0.5,0.29554490499999997,0.0,0.29554490499999997
329,0.75,0.29554490499999997,0.0,0.29554490499999997
329,1.0,0.29554490499999997,0.0,0.29554490499999997
329,1.25,0.29554490499999997,0.0,0.29554490499999997
329,1.5,0.29554490499999997,0.0,0.29554490499999997
329,1.75,0.29554490499999997,0.0,0.29554490499999997
329,2.0,0.29554490499999997,0.0,0.29554490499999997
330,0.25,0.030198316000000003,0.7,0.205198316
330,0.5,0.227325952,0.1,0.277325952
330,0.75,0.227325952,0.1,0.302325952
330,1.0,0.227325952,0.1,0.327325952
330,1.25,0.227325952,0.1,0.352325952
330,1.5,0.227325952,0.1,0.37732595199999996
330,1.75,0.37800241700000003,0.0,0.37800241700000003
330,2.0,0.37800241700000003,0.0,0.37800241700000003
331,0.25,0.046948317600000004,0.6,0.1969483176
331,0.5,0.251885472,0.0,0.251885472
331,0.75,0.251885472,0.0,0.251885472
331,1.0,0.251885472,0.0,0.251885472
331,1.25,0.251885472,0.0,0.251885472
331,1.5,0.251885472,0.0,0.251885472
331,1.75,0.251885472,0.0,0.251885472
331,2.0,0.251885472,0.0,0.251885472
332,0.25,0.1322857997,0.4,0.2322857997
332,0.5,0.24931318600000002,0.1,0.299313186
332,0.75,0.24931318600000002,0.1,0.32431318600000003
332,1.0,0.24931318600000002,0.1,0.349313186
332,1.25,0.363035726,0.0,0.363035726
332,1.5,0.363035726,0.0,0.363035726
332,1.75,0.363035726,0.0,0.363035726
332,2.0,0.363035726,0.0,0.363035726
333,0.25,0.034728842999999995,0.8,0.234728843
333,0.5,0.341645869,0.0,0.341645869
333,0.75,0.341645869,0.0,0.341645869
333,1.0,0.341645869,0.0,0.341645869
333,1.25,0.341645869,0.0,0.341645869
333,1.5,0.341645869,0.0,0.341645869
333,1.75,0.341645869,0.0,0.341645869
333,2.0,0.341645869,0.0,0.341645869
334,0.25,0.030198316000000003,0.7,0.205198316
334,0.5,0.227325952,0.1,0.277325952
334,0.75,0.227325952,0.1,0.302325952
334,1.0,0.227325952,0.1,0.327325952
334,1.25,0.227325952,0.1,0.352325952
334,1.5,0.227325952,0.1,0.37732595199999996
334,1.75,0.37800241700000003,0.0,0.37800241700000003
334,2.0,0.37800241700000003,0.0,0.37800241700000003
335,0.25,0.0640676957,0.3,0.1390676957
335,0.5,0.0640676957,0.3,0.2140676957
335,0.75,0.13319579800000003,0.2,0.28319579800000005
335,1.0,0.22298175000000003,0.1,0.32298175
335,1.25,0.22298175000000003,0.1,0.34798175000000003
335,1.5,0.22298175000000003,0.1,0.37298175
335,1.75,0.39098180099999996,0.0,0.39098180099999996
335,2.0,0.39098180099999996,0.0,0.39098180099999996
336,0.25,0.12245510070000001,0.4,0.22245510070000002
336,0.5,0.21253698000000001,0.1,0.26253698000000003
336,0.75,0.21253698000000001,0.1,0.28753698
336,1.0,0.21253698000000001,0.1,0.31253698
336,1.25,0.21253698000000001,0.1,0.33753698
336,1.5,0.21253698000000001,0.1,0.36253698
336,1.75,0.372147429,0.0,0.372147429
336,2.0,0.372147429,0.0,0.372147429
337,0.25,0.0443772636,0.7,0.21937726359999998
337,0.5,0.296620097,0.0,0.296620097
337,0.75,0.296620097,0.0,0.296620097
337,1.0,0.296620097,0.0,0.296620097
337,1.25,0.296620097,0.0,0.296620097
337,1.5,0.296620097,0.0,0.296620097
337,1.75,0.296620097,0.0,0.296620097
337,2.0,0.296620097,0.0,0.296620097
338,0.25,0.15307148,0.3,0.22807148000000002
338,0.5,0.254036287,0.0,0.254036287
338,0.75,0.254036287,0.0,0.254036287
338,1.0,0.254036287,0.0,0.254036287
338,1.25,0.254036287,0.0,0.254036287
338,1.5,0.254036287,0.0,0.254036287
338,1.75,0.254036287,0.0,0.254036287
338,2.0,0.254036287,0.0,0.254036287
339,0.25,0.062066006900000005,0.4,0.1620660069
339,0.5,0.062066006900000005,0.4,0.2620660069
339,0.75,0.1293120456,0.3,0.3543120456
339,1.0,0.383244249,0.0,0.383244249
339,1.25,0.383244249,0.0,0.383244249
339,1.5,0.383244249,0.0,0.383244249
339,1.75,0.383244249,0.0,0.383244249
339,2.0,0.383244249,0.0,0.383244249
340,0.25,0.05781304220000001,0.4,0.1578130422
340,0.5,0.05781304220000001,0.4,0.2578130422
340,0.75,0.128392695,0.3,0.35339269500000003
340,1.0,0.390461635,0.0,0.390461635
340,1.25,0.390461635,0.0,0.390461635
340,1.5,0.390461635,0.0,0.390461635
340,1.75,0.390461635,0.0,0.390461635
340,2.0,0.390461635,0.0,0.390461635
341,0.25,0.11219274330000002,0.5,0.2371927433
341,0.5,0.1628265653,0.3,0.3128265653
341,0.75,0.323600093,0.0,0.323600093
341,1.0,0.323600093,0.0,0.323600093
341,1.25,0.323600093,0.0,0.323600093
341,1.5,0.323600093,0.0,0.323600093
341,1.75,0.323600093,0.0,0.323600093
341,2.0,0.323600093,0.0,0.323600093
342,0.25,0.11880067420000003,0.2,0.16880067420000003
342,0.5,0.11880067420000003,0.2,0.21880067420000002
342,0.75,0.11880067420000003,0.2,0.26880067420000003
342,1.0,0.11880067420000003,0.2,0.3188006742
342,1.25,0.11880067420000003,0.2,0.3688006742
342,1.5,0.39399573400000004,0.0,0.39399573400000004
342,1.75,0.39399573400000004,0.0,0.39399573400000004
342,2.0,0.39399573400000004,0.0,0.39399573400000004
343,0.25,0.0,1.0,0.25
343,0.5,0.274523734,0.2,0.374523734
343,0.75,0.389258682,0.0,0.389258682
343,1.0,0.389258682,0.0,0.389258682
343,1.25,0.389258682,0.0,0.389258682
343,1.5,0.389258682,0.0,0.389258682
343,1.75,0.389258682,0.0,0.389258682
343,2.0,0.389258682,0.0,0.389258682
344,0.25,0.0328724575,0.8,0.2328724575
344,0.5,0.30452869399999993,0.0,0.30452869399999993
344,0.75,0.30452869399999993,0.0,0.30452869399999993
344,1.0,0.30452869399999993,0.0,0.30452869399999993
344,1.25,0.30452869399999993,0.0,0.30452869399999993
344,1.5,0.30452869399999993,0.0,0.30452869399999993
344,1.75,0.30452869399999993,0.0,0.30452869399999993
344,2.0,0.30452869399999993,0.0,0.30452869399999993
345,0.25,0.0,1.0,0.25
345,0.5,0.29554490499999997,0.0,0.29554490499999997
345,0.75,0.29554490499999997,0.0,0.29554490499999997
345,1.0,0.29554490499999997,0.0,0.29554490499999997
345,1.25,0.29554490499999997,0.0,0.29554490499999997
345,1.5,0.29554490499999997,0.0,0.29554490499999997
345,1.75,0.29554490499999997,0.0,0.29554490499999997
345,2.0,0.29554490499999997,0.0,0.29554490499999997
346,0.25,0.06618503830000001,0.7,0.2411850383
346,0.5,0.3135843930000001,0.0,0.3135843930000001
346,0.75,0.3135843930000001,0.0,0.3135843930000001
346,1.0,0.3135843930000001,0.0,0.3135843930000001
346,1.25,0.3135843930000001,0.0,0.3135843930000001
346,1.5,0.3135843930000001,0.0,0.3135843930000001
346,1.75,0.3135843930000001,0.0,0.3135843930000001
346,2.0,0.3135843930000001,0.0,0.3135843930000001
347,0.25,0.031708338,0.7,0.20670833800000002
347,0.5,0.1816136703,0.2,0.28161367029999995
347,0.75,0.233143682,0.1,0.308143682
347,1.0,0.233143682,0.1,0.333143682
347,1.25,0.233143682,0.1,0.358143682
347,1.5,0.233143682,0.1,0.383143682
347,1.75,0.400484593,0.0,0.400484593
347,2.0,0.400484593,0.0,0.400484593
348,0.25,0.0,1.0,0.25
348,0.5,0.32775878699999994,0.0,0.32775878699999994
348,0.75,0.32775878699999994,0.0,0.32775878699999994
348,1.0,0.32775878699999994,0.0,0.32775878699999994
348,1.25,0.32775878699999994,0.0,0.32775878699999994
348,1.5,0.32775878699999994,0.0,0.32775878699999994
348,1.75,0.32775878699999994,0.0,0.32775878699999994
348,2.0,0.32775878699999994,0.0,0.32775878699999994
349,0.25,0.161229081,0.1,0.186229081
349,0.5,0.161229081,0.1,0.211229081
349,0.75,0.161229081,0.1,0.236229081
349,1.0,0.161229081,0.1,0.26122908100000003
349,1.25,0.275691584,0.0,0.275691584
349,1.5,0.275691584,0.0,0.275691584
349,1.75,0.275691584,0.0,0.275691584
349,2.0,0.275691584,0.0,0.275691584
350,0.25,0.036044325599999996,0.6,0.1860443256
350,0.5,0.19220950200000003,0.2,0.29220950200000007
350,0.75,0.19220950200000003,0.2,0.34220950200000005
350,1.0,0.27659485699999997,0.1,0.376594857
350,1.25,0.27659485699999997,0.1,0.40159485699999997
350,1.5,0.414478235,0.0,0.414478235
350,1.75,0.414478235,0.0,0.414478235
350,2.0,0.414478235,0.0,0.414478235
351,0.25,0.11880067420000003,0.2,0.16880067420000003
351,0.5,0.11880067420000003,0.2,0.21880067420000002
351,0.75,0.11880067420000003,0.2,0.26880067420000003
351,1.0,0.11880067420000003,0.2,0.3188006742
351,1.25,0.11880067420000003,0.2,0.3688006742
351,1.5,0.39399573400000004,0.0,0.39399573400000004
351,1.75,0.39399573400000004,0.0,0.39399573400000004
351,2.0,0.39399573400000004,0.0,0.39399573400000004
352,0.25,0.0650225564,0.4,0.1650225564
352,0.5,0.135408569,0.2,0.23540856899999998
352,0.75,0.135408569,0.2,0.285408569
352,1.0,0.22909624699999998,0.1,0.32909624699999995
352,1.25,0.22909624699999998,0.1,0.354096247
352,1.5,0.22909624699999998,0.1,0.379096247
352,1.75,0.403272445,0.0,0.403272445
352,2.0,0.403272445,0.0,0.403272445
353,0.25,0.161229081,0.1,0.186229081
353,0.5,0.161229081,0.1,0.211229081
353,0.75,0.161229081,0.1,0.236229081
353,1.0,0.161229081,0.1,0.26122908100000003
353,1.25,0.275691584,0.0,0.275691584
353,1.5,0.275691584,0.0,0.275691584
353,1.75,0.275691584,0.0,0.275691584
353,2.0,0.275691584,0.0,0.275691584
354,0.25,0.09630425000000001,0.5,0.22130425000000004
354,0.5,0.12205264949999999,0.4,0.32205264949999995
354,0.75,0.34456913299999997,0.0,0.34456913299999997
354,1.0,0.34456913299999997,0.0,0.34456913299999997
354,1.25,0.34456913299999997,0.0,0.34456913299999997
354,1.5,0.34456913299999997,0.0,0.34456913299999997
354,1.75,0.34456913299999997,0.0,0.34456913299999997
354,2.0,0.34456913299999997,0.0,0.34456913299999997
355,0.25,0.15017575500000002,0.3,0.22517575500000003
355,0.5,0.29340551,0.0,0.29340551
355,0.75,0.29340551,0.0,0.29340551
355,1.0,0.29340551,0.0,0.29340551
355,1.25,0.29340551,0.0,0.29340551
355,1.5,0.29340551,0.0,0.29340551
355,1.75,0.29340551,0.0,0.29340551
355,2.0,0.29340551,0.0,0.29340551
356,0.25,0.0,1.0,0.25
356,0.5,0.29554490499999997,0.0,0.29554490499999997
356,0.75,0.29554490499999997,0.0,0.29554490499999997
356,1.0,0.29554490499999997,0.0,0.29554490499999997
356,1.25,0.29554490499999997,0.0,0.29554490499999997
356,1.5,0.29554490499999997,0.0,0.29554490499999997
356,1.75,0.29554490499999997,0.0,0.29554490499999997
356,2.0,0.29554490499999997,0.0,0.29554490499999997
357,0.25,0.0633120825,0.4,0.1633120825
357,0.5,0.131969144,0.2,0.23196914400000002
357,0.75,0.131969144,0.2,0.281969144
357,1.0,0.22146553600000002,0.1,0.321465536
357,1.25,0.22146553600000002,0.1,0.346465536
357,1.5,0.22146553600000002,0.1,0.371465536
357,1.75,0.382647187,0.0,0.382647187
357,2.0,0.382647187,0.0,0.382647187
358,0.25,0.0640676957,0.3,0.1390676957
358,0.5,0.0640676957,0.3,0.2140676957
358,0.75,0.13319579800000003,0.2,0.28319579800000005
358,1.0,0.22298175000000003,0.1,0.32298175
358,1.25,0.22298175000000003,0.1,0.34798175000000003
358,1.5,0.22298175000000003,0.1,0.37298175
358,1.75,0.39098180099999996,0.0,0.39098180099999996
358,2.0,0.39098180099999996,0.0,0.39098180099999996
359,0.25,0.150175755,0.3,0.22517575499999998
359,0.5,0.29340551,0.0,0.29340551
359,0.75,0.29340551,0.0,0.29340551
359,1.0,0.29340551,0.0,0.29340551
359,1.25,0.29340551,0.0,0.29340551
359,1.5,0.29340551,0.0,0.29340551
359,1.75,0.29340551,0.0,0.29340551
359,2.0,0.29340551,0.0,0.29340551
360,0.25,0.055283731399999994,0.6,0.2052837314
360,0.5,0.1513441127,0.4,0.3513441127
360,0.75,0.31878079899999995,0.1,0.39378079899999996
360,1.0,0.31878079899999995,0.1,0.418780799
360,1.25,0.31878079899999995,0.1,0.44378079899999995
360,1.5,0.31878079899999995,0.1,0.46878079899999997
360,1.75,0.479857785,0.0,0.479857785
360,2.0,0.479857785,0.0,0.479857785
361,0.25,0.0443772636,0.7,0.21937726359999998
361,0.5,0.296620097,0.0,0.296620097
361,0.75,0.296620097,0.0,0.296620097
361,1.0,0.296620097,0.0,0.296620097
361,1.25,0.296620097,0.0,0.296620097
361,1.5,0.296620097,0.0,0.296620097
361,1.75,0.296620097,0.0,0.296620097
361,2.0,0.296620097,0.0,0.296620097
362,0.25,0.0,1.0,0.25
362,0.5,0.32775878699999994,0.0,0.32775878699999994
362,0.75,0.32775878699999994,0.0,0.32775878699999994
362,1.0,0.32775878699999994,0.0,0.32775878699999994
362,1.25,0.32775878699999994,0.0,0.32775878699999994
362,1.5,0.32775878699999994,0.0,0.32775878699999994
362,1.75,0.32775878699999994,0.0,0.32775878699999994
362,2.0,0.32775878699999994,0.0,0.32775878699999994
363,0.25,0.030198316000000003,0.7,0.205198316
363,0.5,0.227325952,0.1,0.277325952
363,0.75,0.227325952,0.1,0.302325952
363,1.0,0.227325952,0.1,0.327325952
363,1.25,0.227325952,0.1,0.352325952
363,1.5,0.227325952,0.1,0.37732595199999996
363,1.75,0.37800241700000003,0.0,0.37800241700000003
363,2.0,0.37800241700000003,0.0,0.37800241700000003
364,0.25,0.05781304220000001,0.4,0.1578130422
364,0.5,0.05781304220000001,0.4,0.2578130422
364,0.75,0.128392695,0.3,0.35339269500000003
364,1.0,0.390461635,0.0,0.390461635
364,1.25,0.390461635,0.0,0.390461635
364,1.5,0.390461635,0.0,0.390461635
364,1.75,0.390461635,0.0,0.390461635
364,2.0,0.390461635,0.0,0.390461635
365,0.25,0.13608008700000002,0.4,0.23608008700000002
365,0.5,0.26919004300000005,0.0,0.26919004300000005
365,0.75,0.26919004300000005,0.0,0.26919004300000005
365,1.0,0.26919004300000005,0.0,0.26919004300000005
365,1.25,0.26919004300000005,0.0,0.26919004300000005
365,1.5,0.26919004300000005,0.0,0.26919004300000005
365,1.75,0.26919004300000005,0.0,0.26919004300000005
365,2.0,0.26919004300000005,0.0,0.26919004300000005
366,0.25,0.0443772636,0.7,0.21937726359999998
366,0.5,0.296620097,0.0,0.296620097
366,0.75,0.296620097,0.0,0.296620097
366,1.0,0.296620097,0.0,0.296620097
366,1.25,0.296620097,0.0,0.296620097
366,1.5,0.296620097,0.0,0.296620097
366,1.75,0.296620097,0.0,0.296620097
366,2.0,0.296620097,0.0,0.296620097
367,0.25,0.024624390700000002,0.9,0.24962439070000003
367,0.5,0.30108552200000005,0.0,0.30108552200000005
367,0.75,0.30108552200000005,0.0,0.30108552200000005
367,1.0,0.30108552200000005,0.0,0.30108552200000005
367,1.25,0.30108552200000005,0.0,0.30108552200000005
367,1.5,0.30108552200000005,0.0,0.30108552200000005
367,1.75,0.30108552200000005,0.0,0.30108552200000005
367,2.0,0.30108552200000005,0.0,0.30108552200000005
368,0.25,0.034728842999999995,0.8,0.234728843
368,0.5,0.341645869,0.0,0.341645869
368,0.75,0.341645869,0.0,0.341645869
368,1.0,0.341645869,0.0,0.341645869
368,1.25,0.341645869,0.0,0.341645869
368,1.5,0.341645869,0.0,0.341645869
368,1.75,0.341645869,0.0,0.341645869
368,2.0,0.341645869,0.0,0.341645869
369,0.25,0.0644952016,0.4,0.1644952016
369,0.5,0.13308569600000003,0.2,0.233085696
369,0.75,0.13308569600000003,0.2,0.283085696
369,1.0,0.13308569600000003,0.2,0.33308569600000004
369,1.25,0.13308569600000003,0.2,0.38308569600000003
369,1.5,0.13308569600000003,0.2,0.433085696
369,1.75,0.13308569600000003,0.2,0.483085696
369,2.0,0.506663135,0.0,0.506663135
370,0.25,0.11880067420000003,0.2,0.16880067420000003
370,0.5,0.11880067420000003,0.2,0.21880067420000002
370,0.75,0.11880067420000003,0.2,0.26880067420000003
370,1.0,0.11880067420000003,0.2,0.3188006742
370,1.25,0.11880067420000003,0.2,0.3688006742
370,1.5,0.39399573400000004,0.0,0.39399573400000004
370,1.75,0.39399573400000004,0.0,0.39399573400000004
370,2.0,0.39399573400000004,0.0,0.39399573400000004
371,0.25,0.024624390700000002,0.9,0.24962439070000003
371,0.5,0.30108552200000005,0.0,0.30108552200000005
371,0.75,0.30108552200000005,0.0,0.30108552200000005
371,1.0,0.30108552200000005,0.0,0.30108552200000005
371,1.25,0.30108552200000005,0.0,0.30108552200000005
371,1.5,0.30108552200000005,0.0,0.30108552200000005
371,1.75,0.30108552200000005,0.0,0.30108552200000005
371,2.0,0.30108552200000005,0.0,0.30108552200000005
372,0.25,0.0694079921,0.3,0.1444079921
372,0.5,0.1200750344,0.1,0.1700750344
372,0.75,0.1200750344,0.1,0.1950750344
372,1.0,0.1200750344,0.1,0.22007503440000004
372,1.25,0.1200750344,0.1,0.24507503440000003
372,1.5,0.251829514,0.0,0.251829514
372,1.75,0.251829514,0.0,0.251829514
372,2.0,0.251829514,0.0,0.251829514
373,0.25,0.15307148,0.3,0.22807148000000002
373,0.5,0.254036287,0.0,0.254036287
373,0.75,0.254036287,0.0,0.254036287
373,1.0,0.254036287,0.0,0.254036287
373,1.25,0.254036287,0.0,0.254036287
373,1.5,0.254036287,0.0,0.254036287
373,1.75,0.254036287,0.0,0.254036287
373,2.0,0.254036287,0.0,0.254036287
374,0.25,0.0644952016,0.4,0.1644952016
374,0.5,0.13308569600000003,0.2,0.233085696
374,0.75,0.13308569600000003,0.2,0.283085696
374,1.0,0.13308569600000003,0.2,0.33308569600000004
374,1.25,0.13308569600000003,0.2,0.38308569600000003
374,1.5,0.13308569600000003,0.2,0.433085696
374,1.75,0.13308569600000003,0.2,0.483085696
374,2.0,0.506663135,0.0,0.506663135
375,0.25,0.12848052400000004,0.2,0.17848052400000003
375,0.5,0.12848052400000004,0.2,0.22848052400000002
375,0.75,0.12848052400000004,0.2,0.278480524
375,1.0,0.12848052400000004,0.2,0.32848052400000005
375,1.25,0.12848052400000004,0.2,0.37848052400000004
375,1.5,0.12848052400000004,0.2,0.4284805240000001
375,1.75,0.12848052400000004,0.2,0.4784805240000001
375,2.0,0.48156339100000006,0.0,0.48156339100000006
376,0.25,0.170157678,0.1,0.195157678
376,0.5,0.170157678,0.1,0.220157678
376,0.75,0.170157678,0.1,0.245157678
376,1.0,0.170157678,0.1,0.270157678
376,1.25,0.282116643,0.0,0.282116643
376,1.5,0.282116643,0.0,0.282116643
376,1.75,0.282116643,0.0,0.282116643
376,2.0,0.282116643,0.0,0.282116643
377,0.25,0.034728842999999995,0.8,0.234728843
377,0.5,0.341645869,0.0,0.341645869
377,0.75,0.341645869,0.0,0.341645869
377,1.0,0.341645869,0.0,0.341645869
377,1.25,0.341645869,0.0,0.341645869
377,1.5,0.341645869,0.0,0.341645869
377,1.75,0.341645869,0.0,0.341645869
377,2.0,0.341645869,0.0,0.341645869
378,0.25,0.0,1.0,0.25
378,0.5,0.274523734,0.2,0.374523734
378,0.75,0.389258682,0.0,0.389258682
378,1.0,0.389258682,0.0,0.389258682
378,1.25,0.389258682,0.0,0.389258682
378,1.5,0.389258682,0.0,0.389258682
378,1.75,0.389258682,0.0,0.389258682
378,2.0,0.389258682,0.0,0.389258682
379,0.25,0.0443772636,0.7,0.21937726359999998
379,0.5,0.296620097,0.0,0.296620097
379,0.75,0.296620097,0.0,0.296620097
379,1.0,0.296620097,0.0,0.296620097
379,1.25,0.296620097,0.0,0.296620097
379,1.5,0.296620097,0.0,0.296620097
379,1.75,0.296620097,0.0,0.296620097
379,2.0,0.296620097,0.0,0.296620097
380,0.25,0.05781304220000001,0.4,0.1578130422
380,0.5,0.05781304220000001,0.4,0.2578130422
380,0.75,0.128392695,0.3,0.35339269500000003
380,1.0,0.390461635,0.0,0.390461635
380,1.25,0.390461635,0.0,0.390461635
380,1.5,0.390461635,0.0,0.390461635
380,1.75,0.390461635,0.0,0.390461635
380,2.0,0.390461635,0.0,0.390461635
381,0.25,0.036044325599999996,0.6,0.1860443256
381,0.5,0.19220950200000003,0.2,0.29220950200000007
381,0.75,0.19220950200000003,0.2,0.34220950200000005
381,1.0,0.27659485699999997,0.1,0.376594857
381,1.25,0.27659485699999997,0.1,0.40159485699999997
381,1.5,0.414478235,0.0,0.414478235
381,1.75,0.414478235,0.0,0.414478235
381,2.0,0.414478235,0.0,0.414478235
382,0.25,0.0650225564,0.4,0.1650225564
382,0.5,0.135408569,0.2,0.23540856899999998
382,0.75,0.135408569,0.2,0.285408569
382,1.0,0.22909624699999998,0.1,0.32909624699999995
382,1.25,0.22909624699999998,0.1,0.354096247
382,1.5,0.22909624699999998,0.1,0.379096247
382,1.75,0.403272445,0.0,0.403272445
382,2.0,0.403272445,0.0,0.403272445
383,0.25,0.024624390700000002,0.9,0.24962439070000003
383,0.5,0.30108552200000005,0.0,0.30108552200000005
383,0.75,0.30108552200000005,0.0,0.30108552200000005
383,1.0,0.30108552200000005,0.0,0.30108552200000005
383,1.25,0.30108552200000005,0.0,0.30108552200000005
383,1.5,0.30108552200000005,0.0,0.30108552200000005
383,1.75,0.30108552200000005,0.0,0.30108552200000005
383,2.0,0.30108552200000005,0.0,0.30108552200000005
384,0.25,0.12245510070000001,0.4,0.22245510070000002
384,0.5,0.21253698000000001,0.1,0.26253698000000003
384,0.75,0.21253698000000001,0.1,0.28753698
384,1.0,0.21253698000000001,0.1,0.31253698
384,1.25,0.21253698000000001,0.1,0.33753698
384,1.5,0.21253698000000001,0.1,0.36253698
384,1.75,0.372147429,0.0,0.372147429
384,2.0,0.372147429,0.0,0.372147429
385,0.25,0.031708338,0.7,0.20670833800000002
385,0.5,0.1816136703,0.2,0.28161367029999995
385,0.75,0.233143682,0.1,0.308143682
385,1.0,0.233143682,0.1,0.333143682
385,1.25,0.233143682,0.1,0.358143682
385,1.5,0.233143682,0.1,0.383143682
385,1.75,0.400484593,0.0,0.400484593
385,2.0,0.400484593,0.0,0.400484593
386,0.25,0.0443772636,0.7,0.21937726359999998
386,0.5,0.296620097,0.0,0.296620097
386,0.75,0.296620097,0.0,0.296620097
386,1.0,0.296620097,0.0,0.296620097
386,1.25,0.296620097,0.0,0.296620097
386,1.5,0.296620097,0.0,0.296620097
386,1.75,0.296620097,0.0,0.296620097
386,2.0,0.296620097,0.0,0.296620097
387,0.25,0.05781304220000001,0.4,0.1578130422
387,0.5,0.05781304220000001,0.4,0.2578130422
387,0.75,0.128392695,0.3,0.35339269500000003
387,1.0,0.390461635,0.0,0.390461635
387,1.25,0.390461635,0.0,0.390461635
387,1.5,0.390461635,0.0,0.390461635
387,1.75,0.390461635,0.0,0.390461635
387,2.0,0.390461635,0.0,0.390461635
388,0.25,0.0,1.0,0.25
388,0.5,0.32775878699999994,0.0,0.32775878699999994
388,0.75,0.32775878699999994,0.0,0.32775878699999994
388,1.0,0.32775878699999994,0.0,0.32775878699999994
388,1.25,0.32775878699999994,0.0,0.32775878699999994
388,1.5,0.32775878699999994,0.0,0.32775878699999994
388,1.75,0.32775878699999994,0.0,0.32775878699999994
388,2.0,0.32775878699999994,0.0,0.32775878699999994
389,0.25,0.05781304220000001,0.4,0.1578130422
389,0.5,0.05781304220000001,0.4,0.2578130422
389,0.75,0.128392695,0.3,0.35339269500000003
389,1.0,0.390461635,0.0,0.390461635
389,1.25,0.390461635,0.0,0.390461635
389,1.5,0.390461635,0.0,0.390461635
389,1.75,0.390461635,0.0,0.390461635
389,2.0,0.390461635,0.0,0.390461635
390,0.25,0.13608008700000002,0.4,0.23608008700000002
390,0.5,0.26919004300000005,0.0,0.26919004300000005
390,0.75,0.26919004300000005,0.0,0.26919004300000005
390,1.0,0.26919004300000005,0.0,0.26919004300000005
390,1.25,0.26919004300000005,0.0,0.26919004300000005
390,1.5,0.26919004300000005,0.0,0.26919004300000005
390,1.75,0.26919004300000005,0.0,0.26919004300000005
390,2.0,0.26919004300000005,0.0,0.26919004300000005
391,0.25,0.150175755,0.3,0.22517575499999998
391,0.5,0.29340551,0.0,0.29340551
391,0.75,0.29340551,0.0,0.29340551
391,1.0,0.29340551,0.0,0.29340551
391,1.25,0.29340551,0.0,0.29340551
391,1.5,0.29340551,0.0,0.29340551
391,1.75,0.29340551,0.0,0.29340551
391,2.0,0.29340551,0.0,0.29340551
392,0.25,0.170157678,0.1,0.195157678
392,0.5,0.170157678,0.1,0.220157678
392,0.75,0.170157678,0.1,0.245157678
392,1.0,0.170157678,0.1,0.270157678
392,1.25,0.282116643,0.0,0.282116643
392,1.5,0.282116643,0.0,0.282116643
392,1.75,0.282116643,0.0,0.282116643
392,2.0,0.282116643,0.0,0.282116643
393,0.25,0.0644952016,0.4,0.1644952016
393,0.5,0.13308569600000003,0.2,0.233085696
393,0.75,0.13308569600000003,0.2,0.283085696
393,1.0,0.13308569600000003,0.2,0.33308569600000004
393,1.25,0.13308569600000003,0.2,0.38308569600000003
393,1.5,0.13308569600000003,0.2,0.433085696
393,1.75,0.13308569600000003,0.2,0.483085696
393,2.0,0.506663135,0.0,0.506663135
394,0.25,0.13608008700000002,0.4,0.23608008700000002
394,0.5,0.26919004300000005,0.0,0.26919004300000005
394,0.75,0.26919004300000005,0.0,0.26919004300000005
394,1.0,0.26919004300000005,0.0,0.26919004300000005
394,1.25,0.26919004300000005,0.0,0.26919004300000005
394,1.5,0.26919004300000005,0.0,0.26919004300000005
394,1.75,0.26919004300000005,0.0,0.26919004300000005
394,2.0,0.26919004300000005,0.0,0.26919004300000005
395,0.25,0.12848052400000004,0.2,0.17848052400000003
395,0.5,0.12848052400000004,0.2,0.22848052400000002
395,0.75,0.12848052400000004,0.2,0.278480524
395,1.0,0.12848052400000004,0.2,0.32848052400000005
395,1.25,0.12848052400000004,0.2,0.37848052400000004
395,1.5,0.12848052400000004,0.2,0.4284805240000001
395,1.75,0.12848052400000004,0.2,0.4784805240000001
395,2.0,0.48156339100000006,0.0,0.48156339100000006
396,0.25,0.030198316000000003,0.7,0.205198316
396,0.5,0.227325952,0.1,0.277325952
396,0.75,0.227325952,0.1,0.302325952
396,1.0,0.227325952,0.1,0.327325952
396,1.25,0.227325952,0.1,0.352325952
396,1.5,0.227325952,0.1,0.37732595199999996
396,1.75,0.37800241700000003,0.0,0.37800241700000003
396,2.0,0.37800241700000003,0.0,0.37800241700000003
397,0.25,0.161229081,0.1,0.186229081
397,0.5,0.161229081,0.1,0.211229081
397,0.75,0.161229081,0.1,0.236229081
397,1.0,0.161229081,0.1,0.26122908100000003
397,1.25,0.275691584,0.0,0.275691584
397,1.5,0.275691584,0.0,0.275691584
397,1.75,0.275691584,0.0,0.275691584
397,2.0,0.275691584,0.0,0.275691584
398,0.25,0.030198316000000003,0.7,0.205198316
398,0.5,0.227325952,0.1,0.277325952
398,0.75,0.227325952,0.1,0.302325952
398,1.0,0.227325952,0.1,0.327325952
398,1.25,0.227325952,0.1,0.352325952
398,1.5,0.227325952,0.1,0.37732595199999996
398,1.75,0.37800241700000003,0.0,0.37800241700000003
398,2.0,0.37800241700000003,0.0,0.37800241700000003
399,0.25,0.12245510070000001,0.4,0.22245510070000002
399,0.5,0.21253698000000001,0.1,0.26253698000000003
399,0.75,0.21253698000000001,0.1,0.28753698
399,1.0,0.21253698000000001,0.1,0.31253698
399,1.25,0.21253698000000001,0.1,0.33753698
399,1.5,0.21253698000000001,0.1,0.36253698
399,1.75,0.372147429,0.0,0.372147429
399,2.0,0.372147429,0.0,0.372147429
400,0.25,0.036044325599999996,0.6,0.1860443256
400,0.5,0.19220950200000003,0.2,0.29220950200000007
400,0.75,0.19220950200000003,0.2,0.34220950200000005
400,1.0,0.27659485699999997,0.1,0.376594857
400,1.25,0.27659485699999997,0.1,0.40159485699999997
400,1.5,0.414478235,0.0,0.414478235
400,1.75,0.414478235,0.0,0.414478235
400,2.0,0.414478235,0.0,0.414478235
401,0.25,0.0328724575,0.8,0.2328724575
401,0.5,0.30452869399999993,0.0,0.30452869399999993
401,0.75,0.30452869399999993,0.0,0.30452869399999993
401,1.0,0.30452869399999993,0.0,0.30452869399999993
401,1.25,0.30452869399999993,0.0,0.30452869399999993
401,1.5,0.30452869399999993,0.0,0.30452869399999993
401,1.75,0.30452869399999993,0.0,0.30452869399999993
401,2.0,0.30452869399999993,0.0,0.30452869399999993
402,0.25,0.09630425000000001,0.5,0.22130425000000004
402,0.5,0.12205264949999999,0.4,0.32205264949999995
402,0.75,0.34456913299999997,0.0,0.34456913299999997
402,1.0,0.34456913299999997,0.0,0.34456913299999997
402,1.25,0.34456913299999997,0.0,0.34456913299999997
402,1.5,0.34456913299999997,0.0,0.34456913299999997
402,1.75,0.34456913299999997,0.0,0.34456913299999997
402,2.0,0.34456913299999997,0.0,0.34456913299999997
403,0.25,0.05781304220000001,0.4,0.1578130422
403,0.5,0.05781304220000001,0.4,0.2578130422
403,0.75,0.128392695,0.3,0.35339269500000003
403,1.0,0.390461635,0.0,0.390461635
403,1.25,0.390461635,0.0,0.390461635
403,1.5,0.390461635,0.0,0.390461635
403,1.75,0.390461635,0.0,0.390461635
403,2.0,0.390461635,0.0,0.390461635
404,0.25,0.0443772636,0.7,0.21937726359999998
404,0.5,0.296620097,0.0,0.296620097
404,0.75,0.296620097,0.0,0.296620097
404,1.0,0.296620097,0.0,0.296620097
404,1.25,0.296620097,0.0,0.296620097
404,1.5,0.296620097,0.0,0.296620097
404,1.75,0.296620097,0.0,0.296620097
404,2.0,0.296620097,0.0,0.296620097
405,0.25,0.055283731399999994,0.6,0.2052837314
405,0.5,0.1513441127,0.4,0.3513441127
405,0.75,0.31878079899999995,0.1,0.39378079899999996
405,1.0,0.31878079899999995,0.1,0.418780799
405,1.25,0.31878079899999995,0.1,0.44378079899999995
405,1.5,0.31878079899999995,0.1,0.46878079899999997
405,1.75,0.479857785,0.0,0.479857785
405,2.0,0.479857785,0.0,0.479857785
406,0.25,0.033961062199999996,0.6,0.1839610622
406,0.5,0.22205753899999997,0.2,0.32205753899999995
406,0.75,0.275063253,0.1,0.35006325299999996
406,1.0,0.275063253,0.1,0.375063253
406,1.25,0.275063253,0.1,0.400063253
406,1.5,0.40391125299999997,0.0,0.40391125299999997
406,1.75,0.40391125299999997,0.0,0.40391125299999997
406,2.0,0.40391125299999997,0.0,0.40391125299999997
407,0.25,0.06618503830000001,0.7,0.2411850383
407,0.5,0.3135843930000001,0.0,0.3135843930000001
407,0.75,0.3135843930000001,0.0,0.3135843930000001
407,1.0,0.3135843930000001,0.0,0.3135843930000001
407,1.25,0.3135843930000001,0.0,0.3135843930000001
407,1.5,0.3135843930000001,0.0,0.3135843930000001
407,1.75,0.3135843930000001,0.0,0.3135843930000001
407,2.0,0.3135843930000001,0.0,0.3135843930000001
408,0.25,0.056112300999999996,0.5,0.181112301
408,0.5,0.12480634900000001,0.3,0.274806349
408,0.75,0.12480634900000001,0.3,0.34980634899999996
408,1.0,0.38321702499999993,0.0,0.38321702499999993
408,1.25,0.38321702499999993,0.0,0.38321702499999993
408,1.5,0.38321702499999993,0.0,0.38321702499999993
408,1.75,0.38321702499999993,0.0,0.38321702499999993
408,2.0,0.38321702499999993,0.0,0.38321702499999993
409,0.25,0.15017575499999997,0.3,0.22517575499999998
409,0.5,0.29340551000000004,0.0,0.29340551000000004
409,0.75,0.29340551000000004,0.0,0.29340551000000004
409,1.0,0.29340551000000004,0.0,0.29340551000000004
409,1.25,0.29340551000000004,0.0,0.29340551000000004
409,1.5,0.29340551000000004,0.0,0.29340551000000004
409,1.75,0.29340551000000004,0.0,0.29340551000000004
409,2.0,0.29340551000000004,0.0,0.29340551000000004
410,0.25,0.0644952016,0.4,0.1644952016
410,0.5,0.13308569600000003,0.2,0.233085696
410,0.75,0.13308569600000003,0.2,0.283085696
410,1.0,0.13308569600000003,0.2,0.33308569600000004
410,1.25,0.13308569600000003,0.2,0.38308569600000003
410,1.5,0.13308569600000003,0.2,0.433085696
410,1.75,0.13308569600000003,0.2,0.483085696
410,2.0,0.506663135,0.0,0.506663135
411,0.25,0.046948317600000004,0.6,0.1969483176
411,0.5,0.251885472,0.0,0.251885472
411,0.75,0.251885472,0.0,0.251885472
411,1.0,0.251885472,0.0,0.251885472
411,1.25,0.251885472,0.0,0.251885472
411,1.5,0.251885472,0.0,0.251885472
411,1.75,0.251885472,0.0,0.251885472
411,2.0,0.251885472,0.0,0.251885472
412,0.25,0.056112300999999996,0.5,0.181112301
412,0.5,0.12480634900000001,0.3,0.274806349
412,0.75,0.12480634900000001,0.3,0.34980634899999996
412,1.0,0.38321702499999993,0.0,0.38321702499999993
412,1.25,0.38321702499999993,0.0,0.38321702499999993
412,1.5,0.38321702499999993,0.0,0.38321702499999993
412,1.75,0.38321702499999993,0.0,0.38321702499999993
412,2.0,0.38321702499999993,0.0,0.38321702499999993
413,0.25,0.161229081,0.1,0.186229081
413,0.5,0.161229081,0.1,0.211229081
413,0.75,0.161229081,0.1,0.236229081
413,1.0,0.161229081,0.1,0.26122908100000003
413,1.25,0.275691584,0.0,0.275691584
413,1.5,0.275691584,0.0,0.275691584
413,1.75,0.275691584,0.0,0.275691584
413,2.0,0.275691584,0.0,0.275691584
414,0.25,0.05781304220000001,0.4,0.1578130422
414,0.5,0.05781304220000001,0.4,0.2578130422
414,0.75,0.128392695,0.3,0.35339269500000003
414,1.0,0.390461635,0.0,0.390461635
414,1.25,0.390461635,0.0,0.390461635
414,1.5,0.390461635,0.0,0.390461635
414,1.75,0.390461635,0.0,0.390461635
414,2.0,0.390461635,0.0,0.390461635
415,0.25,0.046948317600000004,0.6,0.1969483176
415,0.5,0.251885472,0.0,0.251885472
415,0.75,0.251885472,0.0,0.251885472
415,1.0,0.251885472,0.0,0.251885472
415,1.25,0.251885472,0.0,0.251885472
415,1.5,0.251885472,0.0,0.251885472
415,1.75,0.251885472,0.0,0.251885472
415,2.0,0.251885472,0.0,0.251885472
416,0.25,0.062066006900000005,0.4,0.1620660069
416,0.5,0.062066006900000005,0.4,0.2620660069
416,0.75,0.1293120456,0.3,0.3543120456
416,1.0,0.383244249,0.0,0.383244249
416,1.25,0.383244249,0.0,0.383244249
416,1.5,0.383244249,0.0,0.383244249
416,1.75,0.383244249,0.0,0.383244249
416,2.0,0.383244249,0.0,0.383244249
417,0.25,0.030198316000000003,0.7,0.205198316
417,0.5,0.227325952,0.1,0.277325952
417,0.75,0.227325952,0.1,0.302325952
417,1.0,0.227325952,0.1,0.327325952
417,1.25,0.227325952,0.1,0.352325952
417,1.5,0.227325952,0.1,0.37732595199999996
417,1.75,0.37800241700000003,0.0,0.37800241700000003
417,2.0,0.37800241700000003,0.0,0.37800241700000003
418,0.25,0.15017575499999997,0.3,0.22517575499999998
418,0.5,0.29340551000000004,0.0,0.29340551000000004
418,0.75,0.29340551000000004,0.0,0.29340551000000004
418,1.0,0.29340551000000004,0.0,0.29340551000000004
418,1.25,0.29340551000000004,0.0,0.29340551000000004
418,1.5,0.29340551000000004,0.0,0.29340551000000004
418,1.75,0.29340551000000004,0.0,0.29340551000000004
418,2.0,0.29340551000000004,0.0,0.29340551000000004
419,0.25,0.0,1.0,0.25
419,0.5,0.29554490499999997,0.0,0.29554490499999997
419,0.75,0.29554490499999997,0.0,0.29554490499999997
419,1.0,0.29554490499999997,0.0,0.29554490499999997
419,1.25,0.29554490499999997,0.0,0.29554490499999997
419,1.5,0.29554490499999997,0.0,0.29554490499999997
419,1.75,0.29554490499999997,0.0,0.29554490499999997
419,2.0,0.29554490499999997,0.0,0.29554490499999997
420,0.25,0.12848052400000004,0.2,0.17848052400000003
420,0.5,0.12848052400000004,0.2,0.22848052400000002
420,0.75,0.12848052400000004,0.2,0.278480524
420,1.0,0.12848052400000004,0.2,0.32848052400000005
420,1.25,0.12848052400000004,0.2,0.37848052400000004
420,1.5,0.12848052400000004,0.2,0.4284805240000001
420,1.75,0.12848052400000004,0.2,0.4784805240000001
420,2.0,0.48156339100000006,0.0,0.48156339100000006
421,0.25,0.0530414148,0.6,0.20304141480000001
421,0.5,0.14641996070000002,0.4,0.34641996070000003
421,0.75,0.313905315,0.1,0.38890531500000003
421,1.0,0.313905315,0.1,0.41390531500000005
421,1.25,0.313905315,0.1,0.4389053150000001
421,1.5,0.313905315,0.1,0.46390531500000004
421,1.75,0.47140746600000005,0.0,0.47140746600000005
421,2.0,0.47140746600000005,0.0,0.47140746600000005
422,0.25,0.09630425000000001,0.5,0.22130425000000004
422,0.5,0.12205264949999999,0.4,0.32205264949999995
422,0.75,0.34456913299999997,0.0,0.34456913299999997
422,1.0,0.34456913299999997,0.0,0.34456913299999997
422,1.25,0.34456913299999997,0.0,0.34456913299999997
422,1.5,0.34456913299999997,0.0,0.34456913299999997
422,1.75,0.34456913299999997,0.0,0.34456913299999997
422,2.0,0.34456913299999997,0.0,0.34456913299999997
423,0.25,0.11219274330000002,0.5,0.2371927433
423,0.5,0.1628265653,0.3,0.3128265653
423,0.75,0.323600093,0.0,0.323600093
423,1.0,0.323600093,0.0,0.323600093
423,1.25,0.323600093,0.0,0.323600093
423,1.5,0.323600093,0.0,0.323600093
423,1.75,0.323600093,0.0,0.323600093
423,2.0,0.323600093,0.0,0.323600093
424,0.25,0.0,1.0,0.25
424,0.5,0.29554490499999997,0.0,0.29554490499999997
424,0.75,0.29554490499999997,0.0,0.29554490499999997
424,1.0,0.29554490499999997,0.0,0.29554490499999997
424,1.25,0.29554490499999997,0.0,0.29554490499999997
424,1.5,0.29554490499999997,0.0,0.29554490499999997
424,1.75,0.29554490499999997,0.0,0.29554490499999997
424,2.0,0.29554490499999997,0.0,0.29554490499999997
425,0.25,0.0694079921,0.3,0.1444079921
425,0.5,0.1200750344,0.1,0.1700750344
425,0.75,0.1200750344,0.1,0.1950750344
425,1.0,0.1200750344,0.1,0.22007503440000004
425,1.25,0.1200750344,0.1,0.24507503440000003
425,1.5,0.251829514,0.0,0.251829514
425,1.75,0.251829514,0.0,0.251829514
425,2.0,0.251829514,0.0,0.251829514
426,0.25,0.0644952016,0.4,0.1644952016
426,0.5,0.13308569600000003,0.2,0.233085696
426,0.75,0.13308569600000003,0.2,0.283085696
426,1.0,0.13308569600000003,0.2,0.33308569600000004
426,1.25,0.13308569600000003,0.2,0.38308569600000003
426,1.5,0.13308569600000003,0.2,0.433085696
426,1.75,0.13308569600000003,0.2,0.483085696
426,2.0,0.506663135,0.0,0.506663135
427,0.25,0.036044325599999996,0.6,0.1860443256
427,0.5,0.19220950200000003,0.2,0.29220950200000007
427,0.75,0.19220950200000003,0.2,0.34220950200000005
427,1.0,0.27659485699999997,0.1,0.376594857
427,1.25,0.27659485699999997,0.1,0.40159485699999997
427,1.5,0.414478235,0.0,0.414478235
427,1.75,0.414478235,0.0,0.414478235
427,2.0,0.414478235,0.0,0.414478235
428,0.25,0.0,1.0,0.25
428,0.5,0.274523734,0.2,0.374523734
428,0.75,0.389258682,0.0,0.389258682
428,1.0,0.389258682,0.0,0.389258682
428,1.25,0.389258682,0.0,0.389258682
428,1.5,0.389258682,0.0,0.389258682
428,1.75,0.389258682,0.0,0.389258682
428,2.0,0.389258682,0.0,0.389258682
429,0.25,0.11219274330000002,0.5,0.2371927433
429,0.5,0.1628265653,0.3,0.3128265653
429,0.75,0.323600093,0.0,0.323600093
429,1.0,0.323600093,0.0,0.323600093
429,1.25,0.323600093,0.0,0.323600093
429,1.5,0.323600093,0.0,0.323600093
429,1.75,0.323600093,0.0,0.323600093
429,2.0,0.323600093,0.0,0.323600093
430,0.25,0.12993209860000002,0.3,0.2049320986
430,0.5,0.12993209860000002,0.3,0.2799320986
430,0.75,0.12993209860000002,0.3,0.3549320986
430,1.0,0.358460153,0.0,0.358460153
430,1.25,0.358460153,0.0,0.358460153
430,1.5,0.358460153,0.0,0.358460153
430,1.75,0.358460153,0.0,0.358460153
430,2.0,0.358460153,0.0,0.358460153
431,0.25,0.046948317600000004,0.6,0.1969483176
431,0.5,0.251885472,0.0,0.251885472
431,0.75,0.251885472,0.0,0.251885472
431,1.0,0.251885472,0.0,0.251885472
431,1.25,0.251885472,0.0,0.251885472
431,1.5,0.251885472,0.0,0.251885472
431,1.75,0.251885472,0.0,0.251885472
431,2.0,0.251885472,0.0,0.251885472
432,0.25,0.0,1.0,0.25
432,0.5,0.2745237340000001,0.2,0.37452373400000005
432,0.75,0.389258682,0.0,0.389258682
432,1.0,0.389258682,0.0,0.389258682
432,1.25,0.389258682,0.0,0.389258682
432,1.5,0.389258682,0.0,0.389258682
432,1.75,0.389258682,0.0,0.389258682
432,2.0,0.389258682,0.0,0.389258682
433,0.25,0.0443772636,0.7,0.21937726359999998
433,0.5,0.296620097,0.0,0.296620097
433,0.75,0.296620097,0.0,0.296620097
433,1.0,0.296620097,0.0,0.296620097
433,1.25,0.296620097,0.0,0.296620097
433,1.5,0.296620097,0.0,0.296620097
433,1.75,0.296620097,0.0,0.296620097
433,2.0,0.296620097,0.0,0.296620097
434,0.25,0.062066006900000005,0.4,0.1620660069
434,0.5,0.062066006900000005,0.4,0.2620660069
434,0.75,0.1293120456,0.3,0.3543120456
434,1.0,0.383244249,0.0,0.383244249
434,1.25,0.383244249,0.0,0.383244249
434,1.5,0.383244249,0.0,0.383244249
434,1.75,0.383244249,0.0,0.383244249
434,2.0,0.383244249,0.0,0.383244249
435,0.25,0.150175755,0.3,0.22517575499999998
435,0.5,0.29340551,0.0,0.29340551
435,0.75,0.29340551,0.0,0.29340551
435,1.0,0.29340551,0.0,0.29340551
435,1.25,0.29340551,0.0,0.29340551
435,1.5,0.29340551,0.0,0.29340551
435,1.75,0.29340551,0.0,0.29340551
435,2.0,0.29340551,0.0,0.29340551
436,0.25,0.030198316000000003,0.7,0.205198316
436,0.5,0.227325952,0.1,0.277325952
436,0.75,0.227325952,0.1,0.302325952
436,1.0,0.227325952,0.1,0.327325952
436,1.25,0.227325952,0.1,0.352325952
436,1.5,0.227325952,0.1,0.37732595199999996
436,1.75,0.37800241700000003,0.0,0.37800241700000003
436,2.0,0.37800241700000003,0.0,0.37800241700000003
437,0.25,0.0,1.0,0.25
437,0.5,0.30518516600000006,0.2,0.40518516600000004
437,0.75,0.419970168,0.0,0.419970168
437,1.0,0.419970168,0.0,0.419970168
437,1.25,0.419970168,0.0,0.419970168
437,1.5,0.419970168,0.0,0.419970168
437,1.75,0.419970168,0.0,0.419970168
437,2.0,0.419970168,0.0,0.419970168
438,0.25,0.0530414148,0.6,0.20304141480000001
438,0.5,0.14641996070000002,0.4,0.34641996070000003
438,0.75,0.313905315,0.1,0.38890531500000003
438,1.0,0.313905315,0.1,0.41390531500000005
438,1.25,0.313905315,0.1,0.4389053150000001
438,1.5,0.313905315,0.1,0.46390531500000004
438,1.75,0.47140746600000005,0.0,0.47140746600000005
438,2.0,0.47140746600000005,0.0,0.47140746600000005
439,0.25,0.0443772636,0.7,0.21937726359999998
439,0.5,0.296620097,0.0,0.296620097
439,0.75,0.296620097,0.0,0.296620097
439,1.0,0.296620097,0.0,0.296620097
439,1.25,0.296620097,0.0,0.296620097
439,1.5,0.296620097,0.0,0.296620097
439,1.75,0.296620097,0.0,0.296620097
439,2.0,0.296620097,0.0,0.296620097
440,0.25,0.0443772636,0.7,0.21937726359999998
440,0.5,0.296620097,0.0,0.296620097
440,0.75,0.296620097,0.0,0.296620097
440,1.0,0.296620097,0.0,0.296620097
440,1.25,0.296620097,0.0,0.296620097
440,1.5,0.296620097,0.0,0.296620097
440,1.75,0.296620097,0.0,0.296620097
440,2.0,0.296620097,0.0,0.296620097
441,0.25,0.030198316000000003,0.7,0.205198316
441,0.5,0.227325952,0.1,0.277325952
441,0.75,0.227325952,0.1,0.302325952
441,1.0,0.227325952,0.1,0.327325952
441,1.25,0.227325952,0.1,0.352325952
441,1.5,0.227325952,0.1,0.37732595199999996
441,1.75,0.37800241700000003,0.0,0.37800241700000003
441,2.0,0.37800241700000003,0.0,0.37800241700000003
442,0.25,0.0640676957,0.3,0.1390676957
442,0.5,0.0640676957,0.3,0.2140676957
442,0.75,0.13319579800000003,0.2,0.28319579800000005
442,1.0,0.22298175000000003,0.1,0.32298175
442,1.25,0.22298175000000003,0.1,0.34798175000000003
442,1.5,0.22298175000000003,0.1,0.37298175
442,1.75,0.39098180099999996,0.0,0.39098180099999996
442,2.0,0.39098180099999996,0.0,0.39098180099999996
443,0.25,0.036044325599999996,0.6,0.1860443256
443,0.5,0.19220950200000003,0.2,0.29220950200000007
443,0.75,0.19220950200000003,0.2,0.34220950200000005
443,1.0,0.27659485699999997,0.1,0.376594857
443,1.25,0.27659485699999997,0.1,0.40159485699999997
443,1.5,0.414478235,0.0,0.414478235
443,1.75,0.414478235,0.0,0.414478235
443,2.0,0.414478235,0.0,0.414478235
444,0.25,0.030198316000000003,0.7,0.205198316
444,0.5,0.227325952,0.1,0.277325952
444,0.75,0.227325952,0.1,0.302325952
444,1.0,0.227325952,0.1,0.327325952
444,1.25,0.227325952,0.1,0.352325952
444,1.5,0.227325952,0.1,0.37732595199999996
444,1.75,0.37800241700000003,0.0,0.37800241700000003
444,2.0,0.37800241700000003,0.0,0.37800241700000003
445,0.25,0.0,1.0,0.25
445,0.5,0.29554490499999997,0.0,0.29554490499999997
445,0.75,0.29554490499999997,0.0,0.29554490499999997
445,1.0,0.29554490499999997,0.0,0.29554490499999997
445,1.25,0.29554490499999997,0.0,0.29554490499999997
445,1.5,0.29554490499999997,0.0,0.29554490499999997
445,1.75,0.29554490499999997,0.0,0.29554490499999997
445,2.0,0.29554490499999997,0.0,0.29554490499999997
446,0.25,0.0443772636,0.7,0.21937726359999998
446,0.5,0.296620097,0.0,0.296620097
446,0.75,0.296620097,0.0,0.296620097
446,1.0,0.296620097,0.0,0.296620097
446,1.25,0.296620097,0.0,0.296620097
446,1.5,0.296620097,0.0,0.296620097
446,1.75,0.296620097,0.0,0.296620097
446,2.0,0.296620097,0.0,0.296620097
447,0.25,0.024624390700000002,0.9,0.24962439070000003
447,0.5,0.30108552200000005,0.0,0.30108552200000005
447,0.75,0.30108552200000005,0.0,0.30108552200000005
447,1.0,0.30108552200000005,0.0,0.30108552200000005
447,1.25,0.30108552200000005,0.0,0.30108552200000005
447,1.5,0.30108552200000005,0.0,0.30108552200000005
447,1.75,0.30108552200000005,0.0,0.30108552200000005
447,2.0,0.30108552200000005,0.0,0.30108552200000005
448,0.25,0.0,1.0,0.25
448,0.5,0.30518516600000006,0.2,0.40518516600000004
448,0.75,0.419970168,0.0,0.419970168
448,1.0,0.419970168,0.0,0.419970168
448,1.25,0.419970168,0.0,0.419970168
448,1.5,0.419970168,0.0,0.419970168
448,1.75,0.419970168,0.0,0.419970168
448,2.0,0.419970168,0.0,0.419970168
449,0.25,0.0633120825,0.4,0.1633120825
449,0.5,0.131969144,0.2,0.23196914400000002
449,0.75,0.131969144,0.2,0.281969144
449,1.0,0.22146553600000002,0.1,0.321465536
449,1.25,0.22146553600000002,0.1,0.346465536
449,1.5,0.22146553600000002,0.1,0.371465536
449,1.75,0.382647187,0.0,0.382647187
449,2.0,0.382647187,0.0,0.382647187
450,0.25,0.0443772636,0.7,0.21937726359999998
450,0.5,0.296620097,0.0,0.296620097
450,0.75,0.296620097,0.0,0.296620097
450,1.0,0.296620097,0.0,0.296620097
450,1.25,0.296620097,0.0,0.296620097
450,1.5,0.296620097,0.0,0.296620097
450,1.75,0.296620097,0.0,0.296620097
450,2.0,0.296620097,0.0,0.296620097
451,0.25,0.0,1.0,0.25
451,0.5,0.274523734,0.2,0.374523734
451,0.75,0.389258682,0.0,0.389258682
451,1.0,0.389258682,0.0,0.389258682
451,1.25,0.389258682,0.0,0.389258682
451,1.5,0.389258682,0.0,0.389258682
451,1.75,0.389258682,0.0,0.389258682
451,2.0,0.389258682,0.0,0.389258682
452,0.25,0.170157678,0.1,0.195157678
452,0.5,0.170157678,0.1,0.220157678
452,0.75,0.170157678,0.1,0.245157678
452,1.0,0.170157678,0.1,0.270157678
452,1.25,0.282116643,0.0,0.282116643
452,1.5,0.282116643,0.0,0.282116643
452,1.75,0.282116643,0.0,0.282116643
452,2.0,0.282116643,0.0,0.282116643
453,0.25,0.0317189265,0.7,0.2067189265
453,0.5,0.20550934,0.2,0.30550934
453,0.75,0.259466949,0.1,0.33446694899999996
453,1.0,0.259466949,0.1,0.359466949
453,1.25,0.259466949,0.1,0.384466949
453,1.5,0.259466949,0.1,0.4094669489999999
453,1.75,0.40985232099999996,0.0,0.40985232099999996
453,2.0,0.40985232099999996,0.0,0.40985232099999996
454,0.25,0.0443772636,0.7,0.21937726359999998
454,0.5,0.296620097,0.0,0.296620097
454,0.75,0.296620097,0.0,0.296620097
454,1.0,0.296620097,0.0,0.296620097
454,1.25,0.296620097,0.0,0.296620097
454,1.5,0.296620097,0.0,0.296620097
454,1.75,0.296620097,0.0,0.296620097
454,2.0,0.296620097,0.0,0.296620097
455,0.25,0.0530414148,0.6,0.20304141480000001
455,0.5,0.14641996070000002,0.4,0.34641996070000003
455,0.75,0.313905315,0.1,0.38890531500000003
455,1.0,0.313905315,0.1,0.41390531500000005
455,1.25,0.313905315,0.1,0.4389053150000001
455,1.5,0.313905315,0.1,0.46390531500000004
455,1.75,0.47140746600000005,0.0,0.47140746600000005
455,2.0,0.47140746600000005,0.0,0.47140746600000005
456,0.25,0.0328724575,0.8,0.2328724575
456,0.5,0.30452869399999993,0.0,0.30452869399999993
456,0.75,0.30452869399999993,0.0,0.30452869399999993
456,1.0,0.30452869399999993,0.0,0.30452869399999993
456,1.25,0.30452869399999993,0.0,0.30452869399999993
456,1.5,0.30452869399999993,0.0,0.30452869399999993
456,1.75,0.30452869399999993,0.0,0.30452869399999993
456,2.0,0.30452869399999993,0.0,0.30452869399999993
457,0.25,0.036044325599999996,0.6,0.1860443256
457,0.5,0.19220950200000003,0.2,0.29220950200000007
457,0.75,0.19220950200000003,0.2,0.34220950200000005
457,1.0,0.27659485699999997,0.1,0.376594857
457,1.25,0.27659485699999997,0.1,0.40159485699999997
457,1.5,0.414478235,0.0,0.414478235
457,1.75,0.414478235,0.0,0.414478235
457,2.0,0.414478235,0.0,0.414478235
458,0.25,0.0633120825,0.4,0.1633120825
458,0.5,0.131969144,0.2,0.23196914400000002
458,0.75,0.131969144,0.2,0.281969144
458,1.0,0.22146553600000002,0.1,0.321465536
458,1.25,0.22146553600000002,0.1,0.346465536
458,1.5,0.22146553600000002,0.1,0.371465536
458,1.75,0.382647187,0.0,0.382647187
458,2.0,0.382647187,0.0,0.382647187
459,0.25,0.11880067420000003,0.2,0.16880067420000003
459,0.5,0.11880067420000003,0.2,0.21880067420000002
459,0.75,0.11880067420000003,0.2,0.26880067420000003
459,1.0,0.11880067420000003,0.2,0.3188006742
459,1.25,0.11880067420000003,0.2,0.3688006742
459,1.5,0.39399573400000004,0.0,0.39399573400000004
459,1.75,0.39399573400000004,0.0,0.39399573400000004
459,2.0,0.39399573400000004,0.0,0.39399573400000004
460,0.25,0.036044325599999996,0.6,0.1860443256
460,0.5,0.19220950200000003,0.2,0.29220950200000007
460,0.75,0.19220950200000003,0.2,0.34220950200000005
460,1.0,0.27659485699999997,0.1,0.376594857
460,1.25,0.27659485699999997,0.1,0.40159485699999997
460,1.5,0.414478235,0.0,0.414478235
460,1.75,0.414478235,0.0,0.414478235
460,2.0,0.414478235,0.0,0.414478235
461,0.25,0.024624390700000002,0.9,0.24962439070000003
461,0.5,0.30108552200000005,0.0,0.30108552200000005
461,0.75,0.30108552200000005,0.0,0.30108552200000005
461,1.0,0.30108552200000005,0.0,0.30108552200000005
461,1.25,0.30108552200000005,0.0,0.30108552200000005
461,1.5,0.30108552200000005,0.0,0.30108552200000005
461,1.75,0.30108552200000005,0.0,0.30108552200000005
461,2.0,0.30108552200000005,0.0,0.30108552200000005
462,0.25,0.0,1.0,0.25
462,0.5,0.283286965,0.0,0.283286965
462,0.75,0.283286965,0.0,0.283286965
462,1.0,0.283286965,0.0,0.283286965
462,1.25,0.283286965,0.0,0.283286965
462,1.5,0.283286965,0.0,0.283286965
462,1.75,0.283286965,0.0,0.283286965
462,2.0,0.283286965,0.0,0.283286965
463,0.25,0.11880067420000003,0.2,0.16880067420000003
463,0.5,0.11880067420000003,0.2,0.21880067420000002
463,0.75,0.11880067420000003,0.2,0.26880067420000003
463,1.0,0.11880067420000003,0.2,0.3188006742
463,1.25,0.11880067420000003,0.2,0.3688006742
463,1.5,0.39399573400000004,0.0,0.39399573400000004
463,1.75,0.39399573400000004,0.0,0.39399573400000004
463,2.0,0.39399573400000004,0.0,0.39399573400000004
464,0.25,0.0,1.0,0.25
464,0.5,0.29554490499999997,0.0,0.29554490499999997
464,0.75,0.29554490499999997,0.0,0.29554490499999997
464,1.0,0.29554490499999997,0.0,0.29554490499999997
464,1.25,0.29554490499999997,0.0,0.29554490499999997
464,1.5,0.29554490499999997,0.0,0.29554490499999997
464,1.75,0.29554490499999997,0.0,0.29554490499999997
464,2.0,0.29554490499999997,0.0,0.29554490499999997
465,0.25,0.0633120825,0.4,0.1633120825
465,0.5,0.131969144,0.2,0.23196914400000002
465,0.75,0.131969144,0.2,0.281969144
465,1.0,0.22146553600000002,0.1,0.321465536
465,1.25,0.22146553600000002,0.1,0.346465536
465,1.5,0.22146553600000002,0.1,0.371465536
465,1.75,0.382647187,0.0,0.382647187
465,2.0,0.382647187,0.0,0.382647187
466,0.25,0.033961062199999996,0.6,0.1839610622
466,0.5,0.22205753899999997,0.2,0.32205753899999995
466,0.75,0.275063253,0.1,0.35006325299999996
466,1.0,0.275063253,0.1,0.375063253
466,1.25,0.275063253,0.1,0.400063253
466,1.5,0.40391125299999997,0.0,0.40391125299999997
466,1.75,0.40391125299999997,0.0,0.40391125299999997
466,2.0,0.40391125299999997,0.0,0.40391125299999997
467,0.25,0.0644952016,0.4,0.1644952016
467,0.5,0.13308569600000003,0.2,0.233085696
467,0.75,0.13308569600000003,0.2,0.283085696
467,1.0,0.13308569600000003,0.2,0.33308569600000004
467,1.25,0.13308569600000003,0.2,0.38308569600000003
467,1.5,0.13308569600000003,0.2,0.433085696
467,1.75,0.13308569600000003,0.2,0.483085696
467,2.0,0.506663135,0.0,0.506663135
468,0.25,0.05781304220000001,0.4,0.1578130422
468,0.5,0.05781304220000001,0.4,0.2578130422
468,0.75,0.128392695,0.3,0.35339269500000003
468,1.0,0.390461635,0.0,0.390461635
468,1.25,0.390461635,0.0,0.390461635
468,1.5,0.390461635,0.0,0.390461635
468,1.75,0.390461635,0.0,0.390461635
468,2.0,0.390461635,0.0,0.390461635
469,0.25,0.13608008700000002,0.4,0.23608008700000002
469,0.5,0.26919004300000005,0.0,0.26919004300000005
469,0.75,0.26919004300000005,0.0,0.26919004300000005
469,1.0,0.26919004300000005,0.0,0.26919004300000005
469,1.25,0.26919004300000005,0.0,0.26919004300000005
469,1.5,0.26919004300000005,0.0,0.26919004300000005
469,1.75,0.26919004300000005,0.0,0.26919004300000005
469,2.0,0.26919004300000005,0.0,0.26919004300000005
470,0.25,0.0644952016,0.4,0.1644952016
470,0.5,0.13308569600000003,0.2,0.233085696
470,0.75,0.13308569600000003,0.2,0.283085696
470,1.0,0.13308569600000003,0.2,0.33308569600000004
470,1.25,0.13308569600000003,0.2,0.38308569600000003
470,1.5,0.13308569600000003,0.2,0.433085696
470,1.75,0.13308569600000003,0.2,0.483085696
470,2.0,0.506663135,0.0,0.506663135
471,0.25,0.055283731399999994,0.6,0.2052837314
471,0.5,0.1513441127,0.4,0.3513441127
471,0.75,0.31878079899999995,0.1,0.39378079899999996
471,1.0,0.31878079899999995,0.1,0.418780799
471,1.25,0.31878079899999995,0.1,0.44378079899999995
471,1.5,0.31878079899999995,0.1,0.46878079899999997
471,1.75,0.479857785,0.0,0.479857785
471,2.0,0.479857785,0.0,0.479857785
472,0.25,0.13608008700000002,0.4,0.23608008700000002
472,0.5,0.26919004300000005,0.0,0.26919004300000005
472,0.75,0.26919004300000005,0.0,0.26919004300000005
472,1.0,0.26919004300000005,0.0,0.26919004300000005
472,1.25,0.26919004300000005,0.0,0.26919004300000005
472,1.5,0.26919004300000005,0.0,0.26919004300000005
472,1.75,0.26919004300000005,0.0,0.26919004300000005
472,2.0,0.26919004300000005,0.0,0.26919004300000005
473,0.25,0.0317189265,0.7,0.2067189265
473,0.5,0.20550934,0.2,0.30550934
473,0.75,0.259466949,0.1,0.33446694899999996
473,1.0,0.259466949,0.1,0.359466949
473,1.25,0.259466949,0.1,0.384466949
473,1.5,0.259466949,0.1,0.4094669489999999
473,1.75,0.40985232099999996,0.0,0.40985232099999996
473,2.0,0.40985232099999996,0.0,0.40985232099999996
474,0.25,0.055283731399999994,0.6,0.2052837314
474,0.5,0.1513441127,0.4,0.3513441127
474,0.75,0.31878079899999995,0.1,0.39378079899999996
474,1.0,0.31878079899999995,0.1,0.418780799
474,1.25,0.31878079899999995,0.1,0.44378079899999995
474,1.5,0.31878079899999995,0.1,0.46878079899999997
474,1.75,0.479857785,0.0,0.479857785
474,2.0,0.479857785,0.0,0.479857785
475,0.25,0.036044325599999996,0.6,0.1860443256
475,0.5,0.19220950200000003,0.2,0.29220950200000007
475,0.75,0.19220950200000003,0.2,0.34220950200000005
475,1.0,0.27659485699999997,0.1,0.376594857
475,1.25,0.27659485699999997,0.1,0.40159485699999997
475,1.5,0.414478235,0.0,0.414478235
475,1.75,0.414478235,0.0,0.414478235
475,2.0,0.414478235,0.0,0.414478235
476,0.25,0.0650225564,0.4,0.1650225564
476,0.5,0.135408569,0.2,0.23540856899999998
476,0.75,0.135408569,0.2,0.285408569
476,1.0,0.22909624699999998,0.1,0.32909624699999995
476,1.25,0.22909624699999998,0.1,0.354096247
476,1.5,0.22909624699999998,0.1,0.379096247
476,1.75,0.403272445,0.0,0.403272445
476,2.0,0.403272445,0.0,0.403272445
477,0.25,0.150175755,0.3,0.22517575499999998
477,0.5,0.29340551,0.0,0.29340551
477,0.75,0.29340551,0.0,0.29340551
477,1.0,0.29340551,0.0,0.29340551
477,1.25,0.29340551,0.0,0.29340551
477,1.5,0.29340551,0.0,0.29340551
477,1.75,0.29340551,0.0,0.29340551
477,2.0,0.29340551,0.0,0.29340551
478,0.25,0.15017575500000002,0.3,0.22517575500000003
478,0.5,0.29340551,0.0,0.29340551
478,0.75,0.29340551,0.0,0.29340551
478,1.0,0.29340551,0.0,0.29340551
478,1.25,0.29340551,0.0,0.29340551
478,1.5,0.29340551,0.0,0.29340551
478,1.75,0.29340551,0.0,0.29340551
478,2.0,0.29340551,0.0,0.29340551
479,0.25,0.0,1.0,0.25
479,0.5,0.32775878699999994,0.0,0.32775878699999994
479,0.75,0.32775878699999994,0.0,0.32775878699999994
479,1.0,0.32775878699999994,0.0,0.32775878699999994
479,1.25,0.32775878699999994,0.0,0.32775878699999994
479,1.5,0.32775878699999994,0.0,0.32775878699999994
479,1.75,0.32775878699999994,0.0,0.32775878699999994
479,2.0,0.32775878699999994,0.0,0.32775878699999994
480,0.25,0.0644952016,0.4,0.1644952016
480,0.5,0.13308569600000003,0.2,0.233085696
480,0.75,0.13308569600000003,0.2,0.283085696
480,1.0,0.13308569600000003,0.2,0.33308569600000004
480,1.25,0.13308569600000003,0.2,0.38308569600000003
480,1.5,0.13308569600000003,0.2,0.433085696
480,1.75,0.13308569600000003,0.2,0.483085696
480,2.0,0.506663135,0.0,0.506663135
481,0.25,0.0644952016,0.4,0.1644952016
481,0.5,0.13308569600000003,0.2,0.233085696
481,0.75,0.13308569600000003,0.2,0.283085696
481,1.0,0.13308569600000003,0.2,0.33308569600000004
481,1.25,0.13308569600000003,0.2,0.38308569600000003
481,1.5,0.13308569600000003,0.2,0.433085696
481,1.75,0.13308569600000003,0.2,0.483085696
481,2.0,0.506663135,0.0,0.506663135
482,0.25,0.0427629918,0.6,0.1927629918
482,0.5,0.195655049,0.1,0.24565504899999996
482,0.75,0.195655049,0.1,0.270655049
482,1.0,0.195655049,0.1,0.29565504899999995
482,1.25,0.195655049,0.1,0.32065504899999997
482,1.5,0.195655049,0.1,0.345655049
482,1.75,0.195655049,0.1,0.37065504899999996
482,2.0,0.37199146200000005,0.0,0.37199146200000005
483,0.25,0.030198316000000003,0.7,0.205198316
483,0.5,0.227325952,0.1,0.277325952
483,0.75,0.227325952,0.1,0.302325952
483,1.0,0.227325952,0.1,0.327325952
483,1.25,0.227325952,0.1,0.352325952
483,1.5,0.227325952,0.1,0.37732595199999996
483,1.75,0.37800241700000003,0.0,0.37800241700000003
483,2.0,0.37800241700000003,0.0,0.37800241700000003
484,0.25,0.0,1.0,0.25
484,0.5,0.274523734,0.2,0.374523734
484,0.75,0.389258682,0.0,0.389258682
484,1.0,0.389258682,0.0,0.389258682
484,1.25,0.389258682,0.0,0.389258682
484,1.5,0.389258682,0.0,0.389258682
484,1.75,0.389258682,0.0,0.389258682
484,2.0,0.389258682,0.0,0.389258682
485,0.25,0.036044325599999996,0.6,0.1860443256
485,0.5,0.19220950200000003,0.2,0.29220950200000007
485,0.75,0.19220950200000003,0.2,0.34220950200000005
485,1.0,0.27659485699999997,0.1,0.376594857
485,1.25,0.27659485699999997,0.1,0.40159485699999997
485,1.5,0.414478235,0.0,0.414478235
485,1.75,0.414478235,0.0,0.414478235
485,2.0,0.414478235,0.0,0.414478235
486,0.25,0.161229081,0.1,0.186229081
486,0.5,0.161229081,0.1,0.211229081
486,0.75,0.161229081,0.1,0.236229081
486,1.0,0.161229081,0.1,0.26122908100000003
486,1.25,0.275691584,0.0,0.275691584
486,1.5,0.275691584,0.0,0.275691584
486,1.75,0.275691584,0.0,0.275691584
486,2.0,0.275691584,0.0,0.275691584
487,0.25,0.0,1.0,0.25
487,0.5,0.2745237340000001,0.2,0.37452373400000005
487,0.75,0.389258682,0.0,0.389258682
487,1.0,0.389258682,0.0,0.389258682
487,1.25,0.389258682,0.0,0.389258682
487,1.5,0.389258682,0.0,0.389258682
487,1.75,0.389258682,0.0,0.389258682
487,2.0,0.389258682,0.0,0.389258682
488,0.25,0.1322857997,0.4,0.2322857997
488,0.5,0.24931318600000002,0.1,0.299313186
488,0.75,0.24931318600000002,0.1,0.32431318600000003
488,1.0,0.24931318600000002,0.1,0.349313186
488,1.25,0.363035726,0.0,0.363035726
488,1.5,0.363035726,0.0,0.363035726
488,1.75,0.363035726,0.0,0.363035726
488,2.0,0.363035726,0.0,0.363035726
489,0.25,0.15307148,0.3,0.22807148000000002
489,0.5,0.254036287,0.0,0.254036287
489,0.75,0.254036287,0.0,0.254036287
489,1.0,0.254036287,0.0,0.254036287
489,1.25,0.254036287,0.0,0.254036287
489,1.5,0.254036287,0.0,0.254036287
489,1.75,0.254036287,0.0,0.254036287
489,2.0,0.254036287,0.0,0.254036287
490,0.25,0.15307148,0.3,0.22807148000000002
490,0.5,0.254036287,0.0,0.254036287
490,0.75,0.254036287,0.0,0.254036287
490,1.0,0.254036287,0.0,0.254036287
490,1.25,0.254036287,0.0,0.254036287
490,1.5,0.254036287,0.0,0.254036287
490,1.75,0.254036287,0.0,0.254036287
490,2.0,0.254036287,0.0,0.254036287
491,0.25,0.0,1.0,0.25
491,0.5,0.283286965,0.0,0.283286965
491,0.75,0.283286965,0.0,0.283286965
491,1.0,0.283286965,0.0,0.283286965
491,1.25,0.283286965,0.0,0.283286965
491,1.5,0.283286965,0.0,0.283286965
491,1.75,0.283286965,0.0,0.283286965
491,2.0,0.283286965,0.0,0.283286965
492,0.25,0.0530414148,0.6,0.20304141480000001
492,0.5,0.14641996070000002,0.4,0.34641996070000003
492,0.75,0.313905315,0.1,0.38890531500000003
492,1.0,0.313905315,0.1,0.41390531500000005
492,1.25,0.313905315,0.1,0.4389053150000001
492,1.5,0.313905315,0.1,0.46390531500000004
492,1.75,0.47140746600000005,0.0,0.47140746600000005
492,2.0,0.47140746600000005,0.0,0.47140746600000005
493,0.25,0.024624390700000002,0.9,0.24962439070000003
493,0.5,0.30108552200000005,0.0,0.30108552200000005
493,0.75,0.30108552200000005,0.0,0.30108552200000005
493,1.0,0.30108552200000005,0.0,0.30108552200000005
493,1.25,0.30108552200000005,0.0,0.30108552200000005
493,1.5,0.30108552200000005,0.0,0.30108552200000005
493,1.75,0.30108552200000005,0.0,0.30108552200000005
493,2.0,0.30108552200000005,0.0,0.30108552200000005
494,0.25,0.150175755,0.3,0.22517575499999998
494,0.5,0.29340551,0.0,0.29340551
494,0.75,0.29340551,0.0,0.29340551
494,1.0,0.29340551,0.0,0.29340551
494,1.25,0.29340551,0.0,0.29340551
494,1.5,0.29340551,0.0,0.29340551
494,1.75,0.29340551,0.0,0.29340551
494,2.0,0.29340551,0.0,0.29340551
495,0.25,0.0650225564,0.4,0.1650225564
495,0.5,0.135408569,0.2,0.23540856899999998
495,0.75,0.135408569,0.2,0.285408569
495,1.0,0.22909624699999998,0.1,0.32909624699999995
495,1.25,0.22909624699999998,0.1,0.354096247
495,1.5,0.22909624699999998,0.1,0.379096247
495,1.75,0.403272445,0.0,0.403272445
495,2.0,0.403272445,0.0,0.403272445
496,0.25,0.0,1.0,0.25
496,0.5,0.2745237340000001,0.2,0.37452373400000005
496,0.75,0.389258682,0.0,0.389258682
496,1.0,0.389258682,0.0,0.389258682
496,1.25,0.389258682,0.0,0.389258682
496,1.5,0.389258682,0.0,0.389258682
496,1.75,0.389258682,0.0,0.389258682
496,2.0,0.389258682,0.0,0.389258682
497,0.25,0.12245510070000001,0.4,0.22245510070000002
497,0.5,0.21253698000000001,0.1,0.26253698000000003
497,0.75,0.21253698000000001,0.1,0.28753698
497,1.0,0.21253698000000001,0.1,0.31253698
497,1.25,0.21253698000000001,0.1,0.33753698
497,1.5,0.21253698000000001,0.1,0.36253698
497,1.75,0.372147429,0.0,0.372147429
497,2.0,0.372147429,0.0,0.372147429
498,0.25,0.0530414148,0.6,0.20304141480000001
498,0.5,0.14641996070000002,0.4,0.34641996070000003
498,0.75,0.313905315,0.1,0.38890531500000003
498,1.0,0.313905315,0.1,0.41390531500000005
498,1.25,0.313905315,0.1,0.4389053150000001
498,1.5,0.313905315,0.1,0.46390531500000004
498,1.75,0.47140746600000005,0.0,0.47140746600000005
498,2.0,0.47140746600000005,0.0,0.47140746600000005
499,0.25,0.0,1.0,0.25
499,0.5,0.274523734,0.2,0.374523734
499,0.75,0.389258682,0.0,0.389258682
499,1.0,0.389258682,0.0,0.389258682
499,1.25,0.389258682,0.0,0.389258682
499,1.5,0.389258682,0.0,0.389258682
499,1.75,0.389258682,0.0,0.389258682
499,2.0,0.389258682,0.0,0.389258682
500,0.25,0.1322857997,0.4,0.2322857997
500,0.5,0.24931318600000002,0.1,0.299313186
500,0.75,0.24931318600000002,0.1,0.32431318600000003
500,1.0,0.24931318600000002,0.1,0.349313186
500,1.25,0.363035726,0.0,0.363035726
500,1.5,0.363035726,0.0,0.363035726
500,1.75,0.363035726,0.0,0.363035726
500,2.0,0.363035726,0.0,0.363035726
501,0.25,0.036044325599999996,0.6,0.1860443256
501,0.5,0.19220950200000003,0.2,0.29220950200000007
501,0.75,0.19220950200000003,0.2,0.34220950200000005
501,1.0,0.27659485699999997,0.1,0.376594857
501,1.25,0.27659485699999997,0.1,0.40159485699999997
501,1.5,0.414478235,0.0,0.414478235
501,1.75,0.414478235,0.0,0.414478235
501,2.0,0.414478235,0.0,0.414478235
502,0.25,0.0,1.0,0.25
502,0.5,0.32775878699999994,0.0,0.32775878699999994
502,0.75,0.32775878699999994,0.0,0.32775878699999994
502,1.0,0.32775878699999994,0.0,0.32775878699999994
502,1.25,0.32775878699999994,0.0,0.32775878699999994
502,1.5,0.32775878699999994,0.0,0.32775878699999994
502,1.75,0.32775878699999994,0.0,0.32775878699999994
502,2.0,0.32775878699999994,0.0,0.32775878699999994
503,0.25,0.15017575500000002,0.3,0.22517575500000003
503,0.5,0.29340551,0.0,0.29340551
503,0.75,0.29340551,0.0,0.29340551
503,1.0,0.29340551,0.0,0.29340551
503,1.25,0.29340551,0.0,0.29340551
503,1.5,0.29340551,0.0,0.29340551
503,1.75,0.29340551,0.0,0.29340551
503,2.0,0.29340551,0.0,0.29340551
504,0.25,0.09630425000000001,0.5,0.22130425000000004
504,0.5,0.12205264949999999,0.4,0.32205264949999995
504,0.75,0.34456913299999997,0.0,0.34456913299999997
504,1.0,0.34456913299999997,0.0,0.34456913299999997
504,1.25,0.34456913299999997,0.0,0.34456913299999997
504,1.5,0.34456913299999997,0.0,0.34456913299999997
504,1.75,0.34456913299999997,0.0,0.34456913299999997
504,2.0,0.34456913299999997,0.0,0.34456913299999997
505,0.25,0.046948317600000004,0.6,0.1969483176
505,0.5,0.251885472,0.0,0.251885472
505,0.75,0.251885472,0.0,0.251885472
505,1.0,0.251885472,0.0,0.251885472
505,1.25,0.251885472,0.0,0.251885472
505,1.5,0.251885472,0.0,0.251885472
505,1.75,0.251885472,0.0,0.251885472
505,2.0,0.251885472,0.0,0.251885472
506,0.25,0.15307148,0.3,0.22807148000000002
506,0.5,0.254036287,0.0,0.254036287
506,0.75,0.254036287,0.0,0.254036287
506,1.0,0.254036287,0.0,0.254036287
506,1.25,0.254036287,0.0,0.254036287
506,1.5,0.254036287,0.0,0.254036287
506,1.75,0.254036287,0.0,0.254036287
506,2.0,0.254036287,0.0,0.254036287
507,0.25,0.046948317600000004,0.6,0.1969483176
507,0.5,0.251885472,0.0,0.251885472
507,0.75,0.251885472,0.0,0.251885472
507,1.0,0.251885472,0.0,0.251885472
507,1.25,0.251885472,0.0,0.251885472
507,1.5,0.251885472,0.0,0.251885472
507,1.75,0.251885472,0.0,0.251885472
507,2.0,0.251885472,0.0,0.251885472
508,0.25,0.1322857997,0.4,0.2322857997
508,0.5,0.24931318600000002,0.1,0.299313186
508,0.75,0.24931318600000002,0.1,0.32431318600000003
508,1.0,0.24931318600000002,0.1,0.349313186
508,1.25,0.363035726,0.0,0.363035726
508,1.5,0.363035726,0.0,0.363035726
508,1.75,0.363035726,0.0,0.363035726
508,2.0,0.363035726,0.0,0.363035726
509,0.25,0.0,1.0,0.25
509,0.5,0.2745237340000001,0.2,0.37452373400000005
509,0.75,0.389258682,0.0,0.389258682
509,1.0,0.389258682,0.0,0.389258682
509,1.25,0.389258682,0.0,0.389258682
509,1.5,0.389258682,0.0,0.389258682
509,1.75,0.389258682,0.0,0.389258682
509,2.0,0.389258682,0.0,0.389258682
510,0.25,0.0,1.0,0.25
510,0.5,0.283286965,0.0,0.283286965
510,0.75,0.283286965,0.0,0.283286965
510,1.0,0.283286965,0.0,0.283286965
510,1.25,0.283286965,0.0,0.283286965
510,1.5,0.283286965,0.0,0.283286965
510,1.75,0.283286965,0.0,0.283286965
510,2.0,0.283286965,0.0,0.283286965
511,0.25,0.062066006900000005,0.4,0.1620660069
511,0.5,0.062066006900000005,0.4,0.2620660069
511,0.75,0.1293120456,0.3,0.3543120456
511,1.0,0.383244249,0.0,0.383244249
511,1.25,0.383244249,0.0,0.383244249
511,1.5,0.383244249,0.0,0.383244249
511,1.75,0.383244249,0.0,0.383244249
511,2.0,0.383244249,0.0,0.383244249
512,0.25,0.05781304220000001,0.4,0.1578130422
512,0.5,0.05781304220000001,0.4,0.2578130422
512,0.75,0.128392695,0.3,0.35339269500000003
512,1.0,0.390461635,0.0,0.390461635
512,1.25,0.390461635,0.0,0.390461635
512,1.5,0.390461635,0.0,0.390461635
512,1.75,0.390461635,0.0,0.390461635
512,2.0,0.390461635,0.0,0.390461635
513,0.25,0.036044325599999996,0.6,0.1860443256
513,0.5,0.19220950200000003,0.2,0.29220950200000007
513,0.75,0.19220950200000003,0.2,0.34220950200000005
513,1.0,0.27659485699999997,0.1,0.376594857
513,1.25,0.27659485699999997,0.1,0.40159485699999997
513,1.5,0.414478235,0.0,0.414478235
513,1.75,0.414478235,0.0,0.414478235
513,2.0,0.414478235,0.0,0.414478235
514,0.25,0.12848052400000004,0.2,0.17848052400000003
514,0.5,0.12848052400000004,0.2,0.22848052400000002
514,0.75,0.12848052400000004,0.2,0.278480524
514,1.0,0.12848052400000004,0.2,0.32848052400000005
514,1.25,0.12848052400000004,0.2,0.37848052400000004
514,1.5,0.12848052400000004,0.2,0.4284805240000001
514,1.75,0.12848052400000004,0.2,0.4784805240000001
514,2.0,0.48156339100000006,0.0,0.48156339100000006
515,0.25,0.0328724575,0.8,0.2328724575
515,0.5,0.30452869399999993,0.0,0.30452869399999993
515,0.75,0.30452869399999993,0.0,0.30452869399999993
515,1.0,0.30452869399999993,0.0,0.30452869399999993
515,1.25,0.30452869399999993,0.0,0.30452869399999993
515,1.5,0.30452869399999993,0.0,0.30452869399999993
515,1.75,0.30452869399999993,0.0,0.30452869399999993
515,2.0,0.30452869399999993,0.0,0.30452869399999993
516,0.25,0.170157678,0.1,0.195157678
516,0.5,0.170157678,0.1,0.220157678
516,0.75,0.170157678,0.1,0.245157678
516,1.0,0.170157678,0.1,0.270157678
516,1.25,0.282116643,0.0,0.282116643
516,1.5,0.282116643,0.0,0.282116643
516,1.75,0.282116643,0.0,0.282116643
516,2.0,0.282116643,0.0,0.282116643
517,0.25,0.031708338,0.7,0.20670833800000002
517,0.5,0.1816136703,0.2,0.28161367029999995
517,0.75,0.233143682,0.1,0.308143682
517,1.0,0.233143682,0.1,0.333143682
517,1.25,0.233143682,0.1,0.358143682
517,1.5,0.233143682,0.1,0.383143682
517,1.75,0.400484593,0.0,0.400484593
517,2.0,0.400484593,0.0,0.400484593
518,0.25,0.0,1.0,0.25
518,0.5,0.29554490499999997,0.0,0.29554490499999997
518,0.75,0.29554490499999997,0.0,0.29554490499999997
518,1.0,0.29554490499999997,0.0,0.29554490499999997
518,1.25,0.29554490499999997,0.0,0.29554490499999997
518,1.5,0.29554490499999997,0.0,0.29554490499999997
518,1.75,0.29554490499999997,0.0,0.29554490499999997
518,2.0,0.29554490499999997,0.0,0.29554490499999997
519,0.25,0.0644952016,0.4,0.1644952016
519,0.5,0.13308569600000003,0.2,0.233085696
519,0.75,0.13308569600000003,0.2,0.283085696
519,1.0,0.13308569600000003,0.2,0.33308569600000004
519,1.25,0.13308569600000003,0.2,0.38308569600000003
519,1.5,0.13308569600000003,0.2,0.433085696
519,1.75,0.13308569600000003,0.2,0.483085696
519,2.0,0.506663135,0.0,0.506663135
520,0.25,0.15017575500000002,0.3,0.22517575500000003
520,0.5,0.29340551,0.0,0.29340551
520,0.75,0.29340551,0.0,0.29340551
520,1.0,0.29340551,0.0,0.29340551
520,1.25,0.29340551,0.0,0.29340551
520,1.5,0.29340551,0.0,0.29340551
520,1.75,0.29340551,0.0,0.29340551
520,2.0,0.29340551,0.0,0.29340551
521,0.25,0.0,1.0,0.25
521,0.5,0.29554490499999997,0.0,0.29554490499999997
521,0.75,0.29554490499999997,0.0,0.29554490499999997
521,1.0,0.29554490499999997,0.0,0.29554490499999997
521,1.25,0.29554490499999997,0.0,0.29554490499999997
521,1.5,0.29554490499999997,0.0,0.29554490499999997
521,1.75,0.29554490499999997,0.0,0.29554490499999997
521,2.0,0.29554490499999997,0.0,0.29554490499999997
522,0.25,0.15307148,0.3,0.22807148000000002
522,0.5,0.254036287,0.0,0.254036287
522,0.75,0.254036287,0.0,0.254036287
522,1.0,0.254036287,0.0,0.254036287
522,1.25,0.254036287,0.0,0.254036287
522,1.5,0.254036287,0.0,0.254036287
522,1.75,0.254036287,0.0,0.254036287
522,2.0,0.254036287,0.0,0.254036287
523,0.25,0.0644952016,0.4,0.1644952016
523,0.5,0.13308569600000003,0.2,0.233085696
523,0.75,0.13308569600000003,0.2,0.283085696
523,1.0,0.13308569600000003,0.2,0.33308569600000004
523,1.25,0.13308569600000003,0.2,0.38308569600000003
523,1.5,0.13308569600000003,0.2,0.433085696
523,1.75,0.13308569600000003,0.2,0.483085696
523,2.0,0.506663135,0.0,0.506663135
524,0.25,0.05781304220000001,0.4,0.1578130422
524,0.5,0.05781304220000001,0.4,0.2578130422
524,0.75,0.128392695,0.3,0.35339269500000003
524,1.0,0.390461635,0.0,0.390461635
524,1.25,0.390461635,0.0,0.390461635
524,1.5,0.390461635,0.0,0.390461635
524,1.75,0.390461635,0.0,0.390461635
524,2.0,0.390461635,0.0,0.390461635
525,0.25,0.0633120825,0.4,0.1633120825
525,0.5,0.131969144,0.2,0.23196914400000002
525,0.75,0.131969144,0.2,0.281969144
525,1.0,0.22146553600000002,0.1,0.321465536
525,1.25,0.22146553600000002,0.1,0.346465536
525,1.5,0.22146553600000002,0.1,0.371465536
525,1.75,0.382647187,0.0,0.382647187
525,2.0,0.382647187,0.0,0.382647187
526,0.25,0.0,1.0,0.25
526,0.5,0.283286965,0.0,0.283286965
526,0.75,0.283286965,0.0,0.283286965
526,1.0,0.283286965,0.0,0.283286965
526,1.25,0.283286965,0.0,0.283286965
526,1.5,0.283286965,0.0,0.283286965
526,1.75,0.283286965,0.0,0.283286965
526,2.0,0.283286965,0.0,0.283286965
527,0.25,0.030198316000000003,0.7,0.205198316
527,0.5,0.227325952,0.1,0.277325952
527,0.75,0.227325952,0.1,0.302325952
527,1.0,0.227325952,0.1,0.327325952
527,1.25,0.227325952,0.1,0.352325952
527,1.5,0.227325952,0.1,0.37732595199999996
527,1.75,0.37800241700000003,0.0,0.37800241700000003
527,2.0,0.37800241700000003,0.0,0.37800241700000003
528,0.25,0.034728842999999995,0.8,0.234728843
528,0.5,0.341645869,0.0,0.341645869
528,0.75,0.341645869,0.0,0.341645869
528,1.0,0.341645869,0.0,0.341645869
528,1.25,0.341645869,0.0,0.341645869
528,1.5,0.341645869,0.0,0.341645869
528,1.75,0.341645869,0.0,0.341645869
528,2.0,0.341645869,0.0,0.341645869
529,0.25,0.0530414148,0.6,0.20304141480000001
529,0.5,0.14641996070000002,0.4,0.34641996070000003
529,0.75,0.313905315,0.1,0.38890531500000003
529,1.0,0.313905315,0.1,0.41390531500000005
529,1.25,0.313905315,0.1,0.4389053150000001
529,1.5,0.313905315,0.1,0.46390531500000004
529,1.75,0.47140746600000005,0.0,0.47140746600000005
529,2.0,0.47140746600000005,0.0,0.47140746600000005
530,0.25,0.0633120825,0.4,0.1633120825
530,0.5,0.131969144,0.2,0.23196914400000002
530,0.75,0.131969144,0.2,0.281969144
530,1.0,0.22146553600000002,0.1,0.321465536
530,1.25,0.22146553600000002,0.1,0.346465536
530,1.5,0.22146553600000002,0.1,0.371465536
530,1.75,0.382647187,0.0,0.382647187
530,2.0,0.382647187,0.0,0.382647187
531,0.25,0.12993209860000002,0.3,0.2049320986
531,0.5,0.12993209860000002,0.3,0.2799320986
531,0.75,0.12993209860000002,0.3,0.3549320986
531,1.0,0.358460153,0.0,0.358460153
531,1.25,0.358460153,0.0,0.358460153
531,1.5,0.358460153,0.0,0.358460153
531,1.75,0.358460153,0.0,0.358460153
531,2.0,0.358460153,0.0,0.358460153
532,0.25,0.15307148,0.3,0.22807148000000002
532,0.5,0.254036287,0.0,0.254036287
532,0.75,0.254036287,0.0,0.254036287
532,1.0,0.254036287,0.0,0.254036287
532,1.25,0.254036287,0.0,0.254036287
532,1.5,0.254036287,0.0,0.254036287
532,1.75,0.254036287,0.0,0.254036287
532,2.0,0.254036287,0.0,0.254036287
533,0.25,0.11219274330000002,0.5,0.2371927433
533,0.5,0.1628265653,0.3,0.3128265653
533,0.75,0.323600093,0.0,0.323600093
533,1.0,0.323600093,0.0,0.323600093
533,1.25,0.323600093,0.0,0.323600093
533,1.5,0.323600093,0.0,0.323600093
533,1.75,0.323600093,0.0,0.323600093
533,2.0,0.323600093,0.0,0.323600093
534,0.25,0.13608008700000002,0.4,0.23608008700000002
534,0.5,0.26919004300000005,0.0,0.26919004300000005
534,0.75,0.26919004300000005,0.0,0.26919004300000005
534,1.0,0.26919004300000005,0.0,0.26919004300000005
534,1.25,0.26919004300000005,0.0,0.26919004300000005
534,1.5,0.26919004300000005,0.0,0.26919004300000005
534,1.75,0.26919004300000005,0.0,0.26919004300000005
534,2.0,0.26919004300000005,0.0,0.26919004300000005
535,0.25,0.05781304220000001,0.4,0.1578130422
535,0.5,0.05781304220000001,0.4,0.2578130422
535,0.75,0.128392695,0.3,0.35339269500000003
535,1.0,0.390461635,0.0,0.390461635
535,1.25,0.390461635,0.0,0.390461635
535,1.5,0.390461635,0.0,0.390461635
535,1.75,0.390461635,0.0,0.390461635
535,2.0,0.390461635,0.0,0.390461635
536,0.25,0.0,1.0,0.25
536,0.5,0.29554490499999997,0.0,0.29554490499999997
536,0.75,0.29554490499999997,0.0,0.29554490499999997
536,1.0,0.29554490499999997,0.0,0.29554490499999997
536,1.25,0.29554490499999997,0.0,0.29554490499999997
536,1.5,0.29554490499999997,0.0,0.29554490499999997
536,1.75,0.29554490499999997,0.0,0.29554490499999997
536,2.0,0.29554490499999997,0.0,0.29554490499999997
537,0.25,0.11880067420000003,0.2,0.16880067420000003
537,0.5,0.11880067420000003,0.2,0.21880067420000002
537,0.75,0.11880067420000003,0.2,0.26880067420000003
537,1.0,0.11880067420000003,0.2,0.3188006742
537,1.25,0.11880067420000003,0.2,0.3688006742
537,1.5,0.39399573400000004,0.0,0.39399573400000004
537,1.75,0.39399573400000004,0.0,0.39399573400000004
537,2.0,0.39399573400000004,0.0,0.39399573400000004
538,0.25,0.15017575500000002,0.3,0.22517575500000003
538,0.5,0.29340551,0.0,0.29340551
538,0.75,0.29340551,0.0,0.29340551
538,1.0,0.29340551,0.0,0.29340551
538,1.25,0.29340551,0.0,0.29340551
538,1.5,0.29340551,0.0,0.29340551
538,1.75,0.29340551,0.0,0.29340551
538,2.0,0.29340551,0.0,0.29340551
539,0.25,0.0,1.0,0.25
539,0.5,0.32775878699999994,0.0,0.32775878699999994
539,0.75,0.32775878699999994,0.0,0.32775878699999994
539,1.0,0.32775878699999994,0.0,0.32775878699999994
539,1.25,0.32775878699999994,0.0,0.32775878699999994
539,1.5,0.32775878699999994,0.0,0.32775878699999994
539,1.75,0.32775878699999994,0.0,0.32775878699999994
539,2.0,0.32775878699999994,0.0,0.32775878699999994
540,0.25,0.0443772636,0.7,0.21937726359999998
540,0.5,0.296620097,0.0,0.296620097
540,0.75,0.296620097,0.0,0.296620097
540,1.0,0.296620097,0.0,0.296620097
540,1.25,0.296620097,0.0,0.296620097
540,1.5,0.296620097,0.0,0.296620097
540,1.75,0.296620097,0.0,0.296620097
540,2.0,0.296620097,0.0,0.296620097
541,0.25,0.15017575500000002,0.3,0.22517575500000003
541,0.5,0.29340551,0.0,0.29340551
541,0.75,0.29340551,0.0,0.29340551
541,1.0,0.29340551,0.0,0.29340551
541,1.25,0.29340551,0.0,0.29340551
541,1.5,0.29340551,0.0,0.29340551
541,1.75,0.29340551,0.0,0.29340551
541,2.0,0.29340551,0.0,0.29340551
542,0.25,0.036044325599999996,0.6,0.1860443256
542,0.5,0.19220950200000003,0.2,0.29220950200000007
542,0.75,0.19220950200000003,0.2,0.34220950200000005
542,1.0,0.27659485699999997,0.1,0.376594857
542,1.25,0.27659485699999997,0.1,0.40159485699999997
542,1.5,0.414478235,0.0,0.414478235
542,1.75,0.414478235,0.0,0.414478235
542,2.0,0.414478235,0.0,0.414478235
543,0.25,0.062066006900000005,0.4,0.1620660069
543,0.5,0.062066006900000005,0.4,0.2620660069
543,0.75,0.1293120456,0.3,0.3543120456
543,1.0,0.383244249,0.0,0.383244249
543,1.25,0.383244249,0.0,0.383244249
543,1.5,0.383244249,0.0,0.383244249
543,1.75,0.383244249,0.0,0.383244249
543,2.0,0.383244249,0.0,0.383244249
544,0.25,0.055283731399999994,0.6,0.2052837314
544,0.5,0.1513441127,0.4,0.3513441127
544,0.75,0.31878079899999995,0.1,0.39378079899999996
544,1.0,0.31878079899999995,0.1,0.418780799
544,1.25,0.31878079899999995,0.1,0.44378079899999995
544,1.5,0.31878079899999995,0.1,0.46878079899999997
544,1.75,0.479857785,0.0,0.479857785
544,2.0,0.479857785,0.0,0.479857785
545,0.25,0.030198316000000003,0.7,0.205198316
545,0.5,0.227325952,0.1,0.277325952
545,0.75,0.227325952,0.1,0.302325952
545,1.0,0.227325952,0.1,0.327325952
545,1.25,0.227325952,0.1,0.352325952
545,1.5,0.227325952,0.1,0.37732595199999996
545,1.75,0.37800241700000003,0.0,0.37800241700000003
545,2.0,0.37800241700000003,0.0,0.37800241700000003
546,0.25,0.06618503830000001,0.7,0.2411850383
546,0.5,0.3135843930000001,0.0,0.3135843930000001
546,0.75,0.3135843930000001,0.0,0.3135843930000001
546,1.0,0.3135843930000001,0.0,0.3135843930000001
546,1.25,0.3135843930000001,0.0,0.3135843930000001
546,1.5,0.3135843930000001,0.0,0.3135843930000001
546,1.75,0.3135843930000001,0.0,0.3135843930000001
546,2.0,0.3135843930000001,0.0,0.3135843930000001
547,0.25,0.0443772636,0.7,0.21937726359999998
547,0.5,0.296620097,0.0,0.296620097
547,0.75,0.296620097,0.0,0.296620097
547,1.0,0.296620097,0.0,0.296620097
547,1.25,0.296620097,0.0,0.296620097
547,1.5,0.296620097,0.0,0.296620097
547,1.75,0.296620097,0.0,0.296620097
547,2.0,0.296620097,0.0,0.296620097
548,0.25,0.0633120825,0.4,0.1633120825
548,0.5,0.131969144,0.2,0.23196914400000002
548,0.75,0.131969144,0.2,0.281969144
548,1.0,0.22146553600000002,0.1,0.321465536
548,1.25,0.22146553600000002,0.1,0.346465536
548,1.5,0.22146553600000002,0.1,0.371465536
548,1.75,0.382647187,0.0,0.382647187
548,2.0,0.382647187,0.0,0.382647187
549,0.25,0.024624390700000002,0.9,0.24962439070000003
549,0.5,0.30108552200000005,0.0,0.30108552200000005
549,0.75,0.30108552200000005,0.0,0.30108552200000005
549,1.0,0.30108552200000005,0.0,0.30108552200000005
549,1.25,0.30108552200000005,0.0,0.30108552200000005
549,1.5,0.30108552200000005,0.0,0.30108552200000005
549,1.75,0.30108552200000005,0.0,0.30108552200000005
549,2.0,0.30108552200000005,0.0,0.30108552200000005
550,0.25,0.12848052400000004,0.2,0.17848052400000003
550,0.5,0.12848052400000004,0.2,0.22848052400000002
550,0.75,0.12848052400000004,0.2,0.278480524
550,1.0,0.12848052400000004,0.2,0.32848052400000005
550,1.25,0.12848052400000004,0.2,0.37848052400000004
550,1.5,0.12848052400000004,0.2,0.4284805240000001
550,1.75,0.12848052400000004,0.2,0.4784805240000001
550,2.0,0.48156339100000006,0.0,0.48156339100000006
551,0.25,0.0427629918,0.6,0.1927629918
551,0.5,0.195655049,0.1,0.24565504899999996
551,0.75,0.195655049,0.1,0.270655049
551,1.0,0.195655049,0.1,0.29565504899999995
551,1.25,0.195655049,0.1,0.32065504899999997
551,1.5,0.195655049,0.1,0.345655049
551,1.75,0.195655049,0.1,0.37065504899999996
551,2.0,0.37199146200000005,0.0,0.37199146200000005
552,0.25,0.0427629918,0.6,0.1927629918
552,0.5,0.195655049,0.1,0.24565504899999996
552,0.75,0.195655049,0.1,0.270655049
552,1.0,0.195655049,0.1,0.29565504899999995
552,1.25,0.195655049,0.1,0.32065504899999997
552,1.5,0.195655049,0.1,0.345655049
552,1.75,0.195655049,0.1,0.37065504899999996
552,2.0,0.37199146200000005,0.0,0.37199146200000005
553,0.25,0.062066006900000005,0.4,0.1620660069
553,0.5,0.062066006900000005,0.4,0.2620660069
553,0.75,0.1293120456,0.3,0.3543120456
553,1.0,0.383244249,0.0,0.383244249
553,1.25,0.383244249,0.0,0.383244249
553,1.5,0.383244249,0.0,0.383244249
553,1.75,0.383244249,0.0,0.383244249
553,2.0,0.383244249,0.0,0.383244249
554,0.25,0.031708338,0.7,0.20670833800000002
554,0.5,0.1816136703,0.2,0.28161367029999995
554,0.75,0.233143682,0.1,0.308143682
554,1.0,0.233143682,0.1,0.333143682
554,1.25,0.233143682,0.1,0.358143682
554,1.5,0.233143682,0.1,0.383143682
554,1.75,0.400484593,0.0,0.400484593
554,2.0,0.400484593,0.0,0.400484593
555,0.25,0.0,1.0,0.25
555,0.5,0.32775878699999994,0.0,0.32775878699999994
555,0.75,0.32775878699999994,0.0,0.32775878699999994
555,1.0,0.32775878699999994,0.0,0.32775878699999994
555,1.25,0.32775878699999994,0.0,0.32775878699999994
555,1.5,0.32775878699999994,0.0,0.32775878699999994
555,1.75,0.32775878699999994,0.0,0.32775878699999994
555,2.0,0.32775878699999994,0.0,0.32775878699999994
556,0.25,0.0,1.0,0.25
556,0.5,0.283286965,0.0,0.283286965
556,0.75,0.283286965,0.0,0.283286965
556,1.0,0.283286965,0.0,0.283286965
556,1.25,0.283286965,0.0,0.283286965
556,1.5,0.283286965,0.0,0.283286965
556,1.75,0.283286965,0.0,0.283286965
556,2.0,0.283286965,0.0,0.283286965
557,0.25,0.0,1.0,0.25
557,0.5,0.2745237340000001,0.2,0.37452373400000005
557,0.75,0.389258682,0.0,0.389258682
557,1.0,0.389258682,0.0,0.389258682
557,1.25,0.389258682,0.0,0.389258682
557,1.5,0.389258682,0.0,0.389258682
557,1.75,0.389258682,0.0,0.389258682
557,2.0,0.389258682,0.0,0.389258682
558,0.25,0.150175755,0.3,0.22517575499999998
558,0.5,0.29340551,0.0,0.29340551
558,0.75,0.29340551,0.0,0.29340551
558,1.0,0.29340551,0.0,0.29340551
558,1.25,0.29340551,0.0,0.29340551
558,1.5,0.29340551,0.0,0.29340551
558,1.75,0.29340551,0.0,0.29340551
558,2.0,0.29340551,0.0,0.29340551
559,0.25,0.0443772636,0.7,0.21937726359999998
559,0.5,0.296620097,0.0,0.296620097
559,0.75,0.296620097,0.0,0.296620097
559,1.0,0.296620097,0.0,0.296620097
559,1.25,0.296620097,0.0,0.296620097
559,1.5,0.296620097,0.0,0.296620097
559,1.75,0.296620097,0.0,0.296620097
559,2.0,0.296620097,0.0,0.296620097
560,0.25,0.150175755,0.3,0.22517575499999998
560,0.5,0.29340551,0.0,0.29340551
560,0.75,0.29340551,0.0,0.29340551
560,1.0,0.29340551,0.0,0.29340551
560,1.25,0.29340551,0.0,0.29340551
560,1.5,0.29340551,0.0,0.29340551
560,1.75,0.29340551,0.0,0.29340551
560,2.0,0.29340551,0.0,0.29340551
561,0.25,0.0,1.0,0.25
561,0.5,0.29554490499999997,0.0,0.29554490499999997
561,0.75,0.29554490499999997,0.0,0.29554490499999997
561,1.0,0.29554490499999997,0.0,0.29554490499999997
561,1.25,0.29554490499999997,0.0,0.29554490499999997
561,1.5,0.29554490499999997,0.0,0.29554490499999997
561,1.75,0.29554490499999997,0.0,0.29554490499999997
561,2.0,0.29554490499999997,0.0,0.29554490499999997
562,0.25,0.12848052400000004,0.2,0.17848052400000003
562,0.5,0.12848052400000004,0.2,0.22848052400000002
562,0.75,0.12848052400000004,0.2,0.278480524
562,1.0,0.12848052400000004,0.2,0.32848052400000005
562,1.25,0.12848052400000004,0.2,0.37848052400000004
562,1.5,0.12848052400000004,0.2,0.4284805240000001
562,1.75,0.12848052400000004,0.2,0.4784805240000001
562,2.0,0.48156339100000006,0.0,0.48156339100000006
563,0.25,0.0427629918,0.6,0.1927629918
563,0.5,0.195655049,0.1,0.24565504899999996
563,0.75,0.195655049,0.1,0.270655049
563,1.0,0.195655049,0.1,0.29565504899999995
563,1.25,0.195655049,0.1,0.32065504899999997
563,1.5,0.195655049,0.1,0.345655049
563,1.75,0.195655049,0.1,0.37065504899999996
563,2.0,0.37199146200000005,0.0,0.37199146200000005
564,0.25,0.09630425000000001,0.5,0.22130425000000004
564,0.5,0.12205264949999999,0.4,0.32205264949999995
564,0.75,0.34456913299999997,0.0,0.34456913299999997
564,1.0,0.34456913299999997,0.0,0.34456913299999997
564,1.25,0.34456913299999997,0.0,0.34456913299999997
564,1.5,0.34456913299999997,0.0,0.34456913299999997
564,1.75,0.34456913299999997,0.0,0.34456913299999997
564,2.0,0.34456913299999997,0.0,0.34456913299999997
565,0.25,0.0,1.0,0.25
565,0.5,0.29554490499999997,0.0,0.29554490499999997
565,0.75,0.29554490499999997,0.0,0.29554490499999997
565,1.0,0.29554490499999997,0.0,0.29554490499999997
565,1.25,0.29554490499999997,0.0,0.29554490499999997
565,1.5,0.29554490499999997,0.0,0.29554490499999997
565,1.75,0.29554490499999997,0.0,0.29554490499999997
565,2.0,0.29554490499999997,0.0,0.29554490499999997
566,0.25,0.150175755,0.3,0.22517575499999998
566,0.5,0.29340551,0.0,0.29340551
566,0.75,0.29340551,0.0,0.29340551
566,1.0,0.29340551,0.0,0.29340551
566,1.25,0.29340551,0.0,0.29340551
566,1.5,0.29340551,0.0,0.29340551
566,1.75,0.29340551,0.0,0.29340551
566,2.0,0.29340551,0.0,0.29340551
567,0.25,0.036044325599999996,0.6,0.1860443256
567,0.5,0.19220950200000003,0.2,0.29220950200000007
567,0.75,0.19220950200000003,0.2,0.34220950200000005
567,1.0,0.27659485699999997,0.1,0.376594857
567,1.25,0.27659485699999997,0.1,0.40159485699999997
567,1.5,0.414478235,0.0,0.414478235
567,1.75,0.414478235,0.0,0.414478235
567,2.0,0.414478235,0.0,0.414478235
568,0.25,0.062066006900000005,0.4,0.1620660069
568,0.5,0.062066006900000005,0.4,0.2620660069
568,0.75,0.1293120456,0.3,0.3543120456
568,1.0,0.383244249,0.0,0.383244249
568,1.25,0.383244249,0.0,0.383244249
568,1.5,0.383244249,0.0,0.383244249
568,1.75,0.383244249,0.0,0.383244249
568,2.0,0.383244249,0.0,0.383244249
569,0.25,0.036044325599999996,0.6,0.1860443256
569,0.5,0.19220950200000003,0.2,0.29220950200000007
569,0.75,0.19220950200000003,0.2,0.34220950200000005
569,1.0,0.27659485699999997,0.1,0.376594857
569,1.25,0.27659485699999997,0.1,0.40159485699999997
569,1.5,0.414478235,0.0,0.414478235
569,1.75,0.414478235,0.0,0.414478235
569,2.0,0.414478235,0.0,0.414478235
570,0.25,0.15017575500000002,0.3,0.22517575500000003
570,0.5,0.29340551,0.0,0.29340551
570,0.75,0.29340551,0.0,0.29340551
570,1.0,0.29340551,0.0,0.29340551
570,1.25,0.29340551,0.0,0.29340551
570,1.5,0.29340551,0.0,0.29340551
570,1.75,0.29340551,0.0,0.29340551
570,2.0,0.29340551,0.0,0.29340551
571,0.25,0.030198316000000003,0.7,0.205198316
571,0.5,0.227325952,0.1,0.277325952
571,0.75,0.227325952,0.1,0.302325952
571,1.0,0.227325952,0.1,0.327325952
571,1.25,0.227325952,0.1,0.352325952
571,1.5,0.227325952,0.1,0.37732595199999996
571,1.75,0.37800241700000003,0.0,0.37800241700000003
571,2.0,0.37800241700000003,0.0,0.37800241700000003
572,0.25,0.12245510070000001,0.4,0.22245510070000002
572,0.5,0.21253698000000001,0.1,0.26253698000000003
572,0.75,0.21253698000000001,0.1,0.28753698
572,1.0,0.21253698000000001,0.1,0.31253698
572,1.25,0.21253698000000001,0.1,0.33753698
572,1.5,0.21253698000000001,0.1,0.36253698
572,1.75,0.372147429,0.0,0.372147429
572,2.0,0.372147429,0.0,0.372147429
573,0.25,0.036044325599999996,0.6,0.1860443256
573,0.5,0.19220950200000003,0.2,0.29220950200000007
573,0.75,0.19220950200000003,0.2,0.34220950200000005
573,1.0,0.27659485699999997,0.1,0.376594857
573,1.25,0.27659485699999997,0.1,0.40159485699999997
573,1.5,0.414478235,0.0,0.414478235
573,1.75,0.414478235,0.0,0.414478235
573,2.0,0.414478235,0.0,0.414478235
574,0.25,0.030198316000000003,0.7,0.205198316
574,0.5,0.227325952,0.1,0.277325952
574,0.75,0.227325952,0.1,0.302325952
574,1.0,0.227325952,0.1,0.327325952
574,1.25,0.227325952,0.1,0.352325952
574,1.5,0.227325952,0.1,0.37732595199999996
574,1.75,0.37800241700000003,0.0,0.37800241700000003
574,2.0,0.37800241700000003,0.0,0.37800241700000003
575,0.25,0.0,1.0,0.25
575,0.5,0.30518516600000006,0.2,0.40518516600000004
575,0.75,0.419970168,0.0,0.419970168
575,1.0,0.419970168,0.0,0.419970168
575,1.25,0.419970168,0.0,0.419970168
575,1.5,0.419970168,0.0,0.419970168
575,1.75,0.419970168,0.0,0.419970168
575,2.0,0.419970168,0.0,0.419970168
576,0.25,0.09630425000000001,0.5,0.22130425000000004
576,0.5,0.12205264949999999,0.4,0.32205264949999995
576,0.75,0.34456913299999997,0.0,0.34456913299999997
576,1.0,0.34456913299999997,0.0,0.34456913299999997
576,1.25,0.34456913299999997,0.0,0.34456913299999997
576,1.5,0.34456913299999997,0.0,0.34456913299999997
576,1.75,0.34456913299999997,0.0,0.34456913299999997
576,2.0,0.34456913299999997,0.0,0.34456913299999997
577,0.25,0.024624390700000002,0.9,0.24962439070000003
577,0.5,0.30108552200000005,0.0,0.30108552200000005
577,0.75,0.30108552200000005,0.0,0.30108552200000005
577,1.0,0.30108552200000005,0.0,0.30108552200000005
577,1.25,0.30108552200000005,0.0,0.30108552200000005
577,1.5,0.30108552200000005,0.0,0.30108552200000005
577,1.75,0.30108552200000005,0.0,0.30108552200000005
577,2.0,0.30108552200000005,0.0,0.30108552200000005
578,0.25,0.11219274330000002,0.5,0.2371927433
578,0.5,0.1628265653,0.3,0.3128265653
578,0.75,0.323600093,0.0,0.323600093
578,1.0,0.323600093,0.0,0.323600093
578,1.25,0.323600093,0.0,0.323600093
578,1.5,0.323600093,0.0,0.323600093
578,1.75,0.323600093,0.0,0.323600093
578,2.0,0.323600093,0.0,0.323600093
579,0.25,0.034728842999999995,0.8,0.234728843
579,0.5,0.341645869,0.0,0.341645869
579,0.75,0.341645869,0.0,0.341645869
579,1.0,0.341645869,0.0,0.341645869
579,1.25,0.341645869,0.0,0.341645869
579,1.5,0.341645869,0.0,0.341645869
579,1.75,0.341645869,0.0,0.341645869
579,2.0,0.341645869,0.0,0.341645869
580,0.25,0.031708338,0.7,0.20670833800000002
580,0.5,0.1816136703,0.2,0.28161367029999995
580,0.75,0.233143682,0.1,0.308143682
580,1.0,0.233143682,0.1,0.333143682
580,1.25,0.233143682,0.1,0.358143682
580,1.5,0.233143682,0.1,0.383143682
580,1.75,0.400484593,0.0,0.400484593
580,2.0,0.400484593,0.0,0.400484593
581,0.25,0.0,1.0,0.25
581,0.5,0.29554490499999997,0.0,0.29554490499999997
581,0.75,0.29554490499999997,0.0,0.29554490499999997
581,1.0,0.29554490499999997,0.0,0.29554490499999997
581,1.25,0.29554490499999997,0.0,0.29554490499999997
581,1.5,0.29554490499999997,0.0,0.29554490499999997
581,1.75,0.29554490499999997,0.0,0.29554490499999997
581,2.0,0.29554490499999997,0.0,0.29554490499999997
582,0.25,0.0,1.0,0.25
582,0.5,0.283286965,0.0,0.283286965
582,0.75,0.283286965,0.0,0.283286965
582,1.0,0.283286965,0.0,0.283286965
582,1.25,0.283286965,0.0,0.283286965
582,1.5,0.283286965,0.0,0.283286965
582,1.75,0.283286965,0.0,0.283286965
582,2.0,0.283286965,0.0,0.283286965
583,0.25,0.161229081,0.1,0.186229081
583,0.5,0.161229081,0.1,0.211229081
583,0.75,0.161229081,0.1,0.236229081
583,1.0,0.161229081,0.1,0.26122908100000003
583,1.25,0.275691584,0.0,0.275691584
583,1.5,0.275691584,0.0,0.275691584
583,1.75,0.275691584,0.0,0.275691584
583,2.0,0.275691584,0.0,0.275691584
584,0.25,0.055283731399999994,0.6,0.2052837314
584,0.5,0.1513441127,0.4,0.3513441127
584,0.75,0.31878079899999995,0.1,0.39378079899999996
584,1.0,0.31878079899999995,0.1,0.418780799
584,1.25,0.31878079899999995,0.1,0.44378079899999995
584,1.5,0.31878079899999995,0.1,0.46878079899999997
584,1.75,0.479857785,0.0,0.479857785
584,2.0,0.479857785,0.0,0.479857785
585,0.25,0.12993209860000002,0.3,0.2049320986
585,0.5,0.12993209860000002,0.3,0.2799320986
585,0.75,0.12993209860000002,0.3,0.3549320986
585,1.0,0.358460153,0.0,0.358460153
585,1.25,0.358460153,0.0,0.358460153
585,1.5,0.358460153,0.0,0.358460153
585,1.75,0.358460153,0.0,0.358460153
585,2.0,0.358460153,0.0,0.358460153
586,0.25,0.161229081,0.1,0.186229081
586,0.5,0.161229081,0.1,0.211229081
586,0.75,0.161229081,0.1,0.236229081
586,1.0,0.161229081,0.1,0.26122908100000003
586,1.25,0.275691584,0.0,0.275691584
586,1.5,0.275691584,0.0,0.275691584
586,1.75,0.275691584,0.0,0.275691584
586,2.0,0.275691584,0.0,0.275691584
587,0.25,0.05781304220000001,0.4,0.1578130422
587,0.5,0.05781304220000001,0.4,0.2578130422
587,0.75,0.128392695,0.3,0.35339269500000003
587,1.0,0.390461635,0.0,0.390461635
587,1.25,0.390461635,0.0,0.390461635
587,1.5,0.390461635,0.0,0.390461635
587,1.75,0.390461635,0.0,0.390461635
587,2.0,0.390461635,0.0,0.390461635
588,0.25,0.034728842999999995,0.8,0.234728843
588,0.5,0.341645869,0.0,0.341645869
588,0.75,0.341645869,0.0,0.341645869
588,1.0,0.341645869,0.0,0.341645869
588,1.25,0.341645869,0.0,0.341645869
588,1.5,0.341645869,0.0,0.341645869
588,1.75,0.341645869,0.0,0.341645869
588,2.0,0.341645869,0.0,0.341645869
589,0.25,0.055283731399999994,0.6,0.2052837314
589,0.5,0.1513441127,0.4,0.3513441127
589,0.75,0.31878079899999995,0.1,0.39378079899999996
589,1.0,0.31878079899999995,0.1,0.418780799
589,1.25,0.31878079899999995,0.1,0.44378079899999995
589,1.5,0.31878079899999995,0.1,0.46878079899999997
589,1.75,0.479857785,0.0,0.479857785
589,2.0,0.479857785,0.0,0.479857785
590,0.25,0.0,1.0,0.25
590,0.5,0.2745237340000001,0.2,0.37452373400000005
590,0.75,0.389258682,0.0,0.389258682
590,1.0,0.389258682,0.0,0.389258682
590,1.25,0.389258682,0.0,0.389258682
590,1.5,0.389258682,0.0,0.389258682
590,1.75,0.389258682,0.0,0.389258682
590,2.0,0.389258682,0.0,0.389258682
591,0.25,0.0443772636,0.7,0.21937726359999998
591,0.5,0.296620097,0.0,0.296620097
591,0.75,0.296620097,0.0,0.296620097
591,1.0,0.296620097,0.0,0.296620097
591,1.25,0.296620097,0.0,0.296620097
591,1.5,0.296620097,0.0,0.296620097
591,1.75,0.296620097,0.0,0.296620097
591,2.0,0.296620097,0.0,0.296620097
592,0.25,0.034728842999999995,0.8,0.234728843
592,0.5,0.341645869,0.0,0.341645869
592,0.75,0.341645869,0.0,0.341645869
592,1.0,0.341645869,0.0,0.341645869
592,1.25,0.341645869,0.0,0.341645869
592,1.5,0.341645869,0.0,0.341645869
592,1.75,0.341645869,0.0,0.341645869
592,2.0,0.341645869,0.0,0.341645869
593,0.25,0.024624390700000002,0.9,0.24962439070000003
593,0.5,0.30108552200000005,0.0,0.30108552200000005
593,0.75,0.30108552200000005,0.0,0.30108552200000005
593,1.0,0.30108552200000005,0.0,0.30108552200000005
593,1.25,0.30108552200000005,0.0,0.30108552200000005
593,1.5,0.30108552200000005,0.0,0.30108552200000005
593,1.75,0.30108552200000005,0.0,0.30108552200000005
593,2.0,0.30108552200000005,0.0,0.30108552200000005
594,0.25,0.0279208024,0.8,0.22792080239999998
594,0.5,0.22303630800000002,0.1,0.273036308
594,0.75,0.22303630800000002,0.1,0.298036308
594,1.0,0.22303630800000002,0.1,0.323036308
594,1.25,0.22303630800000002,0.1,0.348036308
594,1.5,0.22303630800000002,0.1,0.373036308
594,1.75,0.373885816,0.0,0.373885816
594,2.0,0.373885816,0.0,0.373885816
595,0.25,0.150175755,0.3,0.22517575499999998
595,0.5,0.29340551,0.0,0.29340551
595,0.75,0.29340551,0.0,0.29340551
595,1.0,0.29340551,0.0,0.29340551
595,1.25,0.29340551,0.0,0.29340551
595,1.5,0.29340551,0.0,0.29340551
595,1.75,0.29340551,0.0,0.29340551
595,2.0,0.29340551,0.0,0.29340551
596,0.25,0.0317189265,0.7,0.2067189265
596,0.5,0.20550934,0.2,0.30550934
596,0.75,0.259466949,0.1,0.33446694899999996
596,1.0,0.259466949,0.1,0.359466949
596,1.25,0.259466949,0.1,0.384466949
596,1.5,0.259466949,0.1,0.4094669489999999
596,1.75,0.40985232099999996,0.0,0.40985232099999996
596,2.0,0.40985232099999996,0.0,0.40985232099999996
597,0.25,0.161229081,0.1,0.186229081
597,0.5,0.161229081,0.1,0.211229081
597,0.75,0.161229081,0.1,0.236229081
597,1.0,0.161229081,0.1,0.26122908100000003
597,1.25,0.275691584,0.0,0.275691584
597,1.5,0.275691584,0.0,0.275691584
597,1.75,0.275691584,0.0,0.275691584
597,2.0,0.275691584,0.0,0.275691584
598,0.25,0.046948317600000004,0.6,0.1969483176
598,0.5,0.251885472,0.0,0.251885472
598,0.75,0.251885472,0.0,0.251885472
598,1.0,0.251885472,0.0,0.251885472
598,1.25,0.251885472,0.0,0.251885472
598,1.5,0.251885472,0.0,0.251885472
598,1.75,0.251885472,0.0,0.251885472
598,2.0,0.251885472,0.0,0.251885472
599,0.25,0.1322857997,0.4,0.2322857997
599,0.5,0.24931318600000002,0.1,0.299313186
599,0.75,0.24931318600000002,0.1,0.32431318600000003
599,1.0,0.24931318600000002,0.1,0.349313186
599,1.25,0.363035726,0.0,0.363035726
599,1.5,0.363035726,0.0,0.363035726
599,1.75,0.363035726,0.0,0.363035726
599,2.0,0.363035726,0.0,0.363035726
600,0.25,0.030198316000000003,0.7,0.205198316
600,0.5,0.227325952,0.1,0.277325952
600,0.75,0.227325952,0.1,0.302325952
600,1.0,0.227325952,0.1,0.327325952
600,1.25,0.227325952,0.1,0.352325952
600,1.5,0.227325952,0.1,0.37732595199999996
600,1.75,0.37800241700000003,0.0,0.37800241700000003
600,2.0,0.37800241700000003,0.0,0.37800241700000003
601,0.25,0.0650225564,0.4,0.1650225564
601,0.5,0.135408569,0.2,0.23540856899999998
601,0.75,0.135408569,0.2,0.285408569
601,1.0,0.22909624699999998,0.1,0.32909624699999995
601,1.25,0.22909624699999998,0.1,0.354096247
601,1.5,0.22909624699999998,0.1,0.379096247
601,1.75,0.403272445,0.0,0.403272445
601,2.0,0.403272445,0.0,0.403272445
602,0.25,0.15017575499999997,0.3,0.22517575499999998
602,0.5,0.29340551000000004,0.0,0.29340551000000004
602,0.75,0.29340551000000004,0.0,0.29340551000000004
602,1.0,0.29340551000000004,0.0,0.29340551000000004
602,1.25,0.29340551000000004,0.0,0.29340551000000004
602,1.5,0.29340551000000004,0.0,0.29340551000000004
602,1.75,0.29340551000000004,0.0,0.29340551000000004
602,2.0,0.29340551000000004,0.0,0.29340551000000004
603,0.25,0.0317189265,0.7,0.2067189265
603,0.5,0.20550934,0.2,0.30550934
603,0.75,0.259466949,0.1,0.33446694899999996
603,1.0,0.259466949,0.1,0.359466949
603,1.25,0.259466949,0.1,0.384466949
603,1.5,0.259466949,0.1,0.4094669489999999
603,1.75,0.40985232099999996,0.0,0.40985232099999996
603,2.0,0.40985232099999996,0.0,0.40985232099999996
604,0.25,0.0633120825,0.4,0.1633120825
604,0.5,0.131969144,0.2,0.23196914400000002
604,0.75,0.131969144,0.2,0.281969144
604,1.0,0.22146553600000002,0.1,0.321465536
604,1.25,0.22146553600000002,0.1,0.346465536
604,1.5,0.22146553600000002,0.1,0.371465536
604,1.75,0.382647187,0.0,0.382647187
604,2.0,0.382647187,0.0,0.382647187
605,0.25,0.0443772636,0.7,0.21937726359999998
605,0.5,0.296620097,0.0,0.296620097
605,0.75,0.296620097,0.0,0.296620097
605,1.0,0.296620097,0.0,0.296620097
605,1.25,0.296620097,0.0,0.296620097
605,1.5,0.296620097,0.0,0.296620097
605,1.75,0.296620097,0.0,0.296620097
605,2.0,0.296620097,0.0,0.296620097
606,0.25,0.0633120825,0.4,0.1633120825
606,0.5,0.131969144,0.2,0.23196914400000002
606,0.75,0.131969144,0.2,0.281969144
606,1.0,0.22146553600000002,0.1,0.321465536
606,1.25,0.22146553600000002,0.1,0.346465536
606,1.5,0.22146553600000002,0.1,0.371465536
606,1.75,0.382647187,0.0,0.382647187
606,2.0,0.382647187,0.0,0.382647187
607,0.25,0.0644272201,0.5,0.18942722010000002
607,0.5,0.17713626300000002,0.1,0.227136263
607,0.75,0.17713626300000002,0.1,0.252136263
607,1.0,0.25903007,0.0,0.25903007
607,1.25,0.25903007,0.0,0.25903007
607,1.5,0.25903007,0.0,0.25903007
607,1.75,0.25903007,0.0,0.25903007
607,2.0,0.25903007,0.0,0.25903007
608,0.25,0.0279208024,0.8,0.22792080239999998
608,0.5,0.22303630800000002,0.1,0.273036308
608,0.75,0.22303630800000002,0.1,0.298036308
608,1.0,0.22303630800000002,0.1,0.323036308
608,1.25,0.22303630800000002,0.1,0.348036308
608,1.5,0.22303630800000002,0.1,0.373036308
608,1.75,0.373885816,0.0,0.373885816
608,2.0,0.373885816,0.0,0.373885816
609,0.25,0.1322857997,0.4,0.2322857997
609,0.5,0.24931318600000002,0.1,0.299313186
609,0.75,0.24931318600000002,0.1,0.32431318600000003
609,1.0,0.24931318600000002,0.1,0.349313186
609,1.25,0.363035726,0.0,0.363035726
609,1.5,0.363035726,0.0,0.363035726
609,1.75,0.363035726,0.0,0.363035726
609,2.0,0.363035726,0.0,0.363035726
610,0.25,0.0633120825,0.4,0.1633120825
610,0.5,0.131969144,0.2,0.23196914400000002
610,0.75,0.131969144,0.2,0.281969144
610,1.0,0.22146553600000002,0.1,0.321465536
610,1.25,0.22146553600000002,0.1,0.346465536
610,1.5,0.22146553600000002,0.1,0.371465536
610,1.75,0.382647187,0.0,0.382647187
610,2.0,0.382647187,0.0,0.382647187
611,0.25,0.12848052400000004,0.2,0.17848052400000003
611,0.5,0.12848052400000004,0.2,0.22848052400000002
611,0.75,0.12848052400000004,0.2,0.278480524
611,1.0,0.12848052400000004,0.2,0.32848052400000005
611,1.25,0.12848052400000004,0.2,0.37848052400000004
611,1.5,0.12848052400000004,0.2,0.4284805240000001
611,1.75,0.12848052400000004,0.2,0.4784805240000001
611,2.0,0.48156339100000006,0.0,0.48156339100000006
612,0.25,0.1322857997,0.4,0.2322857997
612,0.5,0.24931318600000002,0.1,0.299313186
612,0.75,0.24931318600000002,0.1,0.32431318600000003
612,1.0,0.24931318600000002,0.1,0.349313186
612,1.25,0.363035726,0.0,0.363035726
612,1.5,0.363035726,0.0,0.363035726
612,1.75,0.363035726,0.0,0.363035726
612,2.0,0.363035726,0.0,0.363035726
613,0.25,0.1322857997,0.4,0.2322857997
613,0.5,0.24931318600000002,0.1,0.299313186
613,0.75,0.24931318600000002,0.1,0.32431318600000003
613,1.0,0.24931318600000002,0.1,0.349313186
613,1.25,0.363035726,0.0,0.363035726
613,1.5,0.363035726,0.0,0.363035726
613,1.75,0.363035726,0.0,0.363035726
613,2.0,0.363035726,0.0,0.363035726
614,0.25,0.12848052400000004,0.2,0.17848052400000003
614,0.5,0.12848052400000004,0.2,0.22848052400000002
614,0.75,0.12848052400000004,0.2,0.278480524
614,1.0,0.12848052400000004,0.2,0.32848052400000005
614,1.25,0.12848052400000004,0.2,0.37848052400000004
614,1.5,0.12848052400000004,0.2,0.4284805240000001
614,1.75,0.12848052400000004,0.2,0.4784805240000001
614,2.0,0.48156339100000006,0.0,0.48156339100000006
615,0.25,0.0644272201,0.5,0.18942722010000002
615,0.5,0.17713626300000002,0.1,0.227136263
615,0.75,0.17713626300000002,0.1,0.252136263
615,1.0,0.25903007,0.0,0.25903007
615,1.25,0.25903007,0.0,0.25903007
615,1.5,0.25903007,0.0,0.25903007
615,1.75,0.25903007,0.0,0.25903007
615,2.0,0.25903007,0.0,0.25903007
616,0.25,0.036044325599999996,0.6,0.1860443256
616,0.5,0.19220950200000003,0.2,0.29220950200000007
616,0.75,0.19220950200000003,0.2,0.34220950200000005
616,1.0,0.27659485699999997,0.1,0.376594857
616,1.25,0.27659485699999997,0.1,0.40159485699999997
616,1.5,0.414478235,0.0,0.414478235
616,1.75,0.414478235,0.0,0.414478235
616,2.0,0.414478235,0.0,0.414478235
617,0.25,0.0,1.0,0.25
617,0.5,0.2745237340000001,0.2,0.37452373400000005
617,0.75,0.389258682,0.0,0.389258682
617,1.0,0.389258682,0.0,0.389258682
617,1.25,0.389258682,0.0,0.389258682
617,1.5,0.389258682,0.0,0.389258682
617,1.75,0.389258682,0.0,0.389258682
617,2.0,0.389258682,0.0,0.389258682
618,0.25,0.0,1.0,0.25
618,0.5,0.29554490499999997,0.0,0.29554490499999997
618,0.75,0.29554490499999997,0.0,0.29554490499999997
618,1.0,0.29554490499999997,0.0,0.29554490499999997
618,1.25,0.29554490499999997,0.0,0.29554490499999997
618,1.5,0.29554490499999997,0.0,0.29554490499999997
618,1.75,0.29554490499999997,0.0,0.29554490499999997
618,2.0,0.29554490499999997,0.0,0.29554490499999997
619,0.25,0.055283731399999994,0.6,0.2052837314
619,0.5,0.1513441127,0.4,0.3513441127
619,0.75,0.31878079899999995,0.1,0.39378079899999996
619,1.0,0.31878079899999995,0.1,0.418780799
619,1.25,0.31878079899999995,0.1,0.44378079899999995
619,1.5,0.31878079899999995,0.1,0.46878079899999997
619,1.75,0.479857785,0.0,0.479857785
619,2.0,0.479857785,0.0,0.479857785
620,0.25,0.09630425000000001,0.5,0.22130425000000004
620,0.5,0.12205264949999999,0.4,0.32205264949999995
620,0.75,0.34456913299999997,0.0,0.34456913299999997
620,1.0,0.34456913299999997,0.0,0.34456913299999997
620,1.25,0.34456913299999997,0.0,0.34456913299999997
620,1.5,0.34456913299999997,0.0,0.34456913299999997
620,1.75,0.34456913299999997,0.0,0.34456913299999997
620,2.0,0.34456913299999997,0.0,0.34456913299999997
621,0.25,0.0,1.0,0.25
621,0.5,0.29554490499999997,0.0,0.29554490499999997
621,0.75,0.29554490499999997,0.0,0.29554490499999997
621,1.0,0.29554490499999997,0.0,0.29554490499999997
621,1.25,0.29554490499999997,0.0,0.29554490499999997
621,1.5,0.29554490499999997,0.0,0.29554490499999997
621,1.75,0.29554490499999997,0.0,0.29554490499999997
621,2.0,0.29554490499999997,0.0,0.29554490499999997
622,0.25,0.0,1.0,0.25
622,0.5,0.283286965,0.0,0.283286965
622,0.75,0.283286965,0.0,0.283286965
622,1.0,0.283286965,0.0,0.283286965
622,1.25,0.283286965,0.0,0.283286965
622,1.5,0.283286965,0.0,0.283286965
622,1.75,0.283286965,0.0,0.283286965
622,2.0,0.283286965,0.0,0.283286965
623,0.25,0.161229081,0.1,0.186229081
623,0.5,0.161229081,0.1,0.211229081
623,0.75,0.161229081,0.1,0.236229081
623,1.0,0.161229081,0.1,0.26122908100000003
623,1.25,0.275691584,0.0,0.275691584
623,1.5,0.275691584,0.0,0.275691584
623,1.75,0.275691584,0.0,0.275691584
623,2.0,0.275691584,0.0,0.275691584
624,0.25,0.12993209860000002,0.3,0.2049320986
624,0.5,0.12993209860000002,0.3,0.2799320986
624,0.75,0.12993209860000002,0.3,0.3549320986
624,1.0,0.358460153,0.0,0.358460153
624,1.25,0.358460153,0.0,0.358460153
624,1.5,0.358460153,0.0,0.358460153
624,1.75,0.358460153,0.0,0.358460153
624,2.0,0.358460153,0.0,0.358460153
625,0.25,0.036044325599999996,0.6,0.1860443256
625,0.5,0.19220950200000003,0.2,0.29220950200000007
625,0.75,0.19220950200000003,0.2,0.34220950200000005
625,1.0,0.27659485699999997,0.1,0.376594857
625,1.25,0.27659485699999997,0.1,0.40159485699999997
625,1.5,0.414478235,0.0,0.414478235
625,1.75,0.414478235,0.0,0.414478235
625,2.0,0.414478235,0.0,0.414478235
626,0.25,0.030198316000000003,0.7,0.205198316
626,0.5,0.227325952,0.1,0.277325952
626,0.75,0.227325952,0.1,0.302325952
626,1.0,0.227325952,0.1,0.327325952
626,1.25,0.227325952,0.1,0.352325952
626,1.5,0.227325952,0.1,0.37732595199999996
626,1.75,0.37800241700000003,0.0,0.37800241700000003
626,2.0,0.37800241700000003,0.0,0.37800241700000003
627,0.25,0.0443772636,0.7,0.21937726359999998
627,0.5,0.296620097,0.0,0.296620097
627,0.75,0.296620097,0.0,0.296620097
627,1.0,0.296620097,0.0,0.296620097
627,1.25,0.296620097,0.0,0.296620097
627,1.5,0.296620097,0.0,0.296620097
627,1.75,0.296620097,0.0,0.296620097
627,2.0,0.296620097,0.0,0.296620097
628,0.25,0.15017575500000002,0.3,0.22517575500000003
628,0.5,0.29340551,0.0,0.29340551
628,0.75,0.29340551,0.0,0.29340551
628,1.0,0.29340551,0.0,0.29340551
628,1.25,0.29340551,0.0,0.29340551
628,1.5,0.29340551,0.0,0.29340551
628,1.75,0.29340551,0.0,0.29340551
628,2.0,0.29340551,0.0,0.29340551
629,0.25,0.0,1.0,0.25
629,0.5,0.29554490499999997,0.0,0.29554490499999997
629,0.75,0.29554490499999997,0.0,0.29554490499999997
629,1.0,0.29554490499999997,0.0,0.29554490499999997
629,1.25,0.29554490499999997,0.0,0.29554490499999997
629,1.5,0.29554490499999997,0.0,0.29554490499999997
629,1.75,0.29554490499999997,0.0,0.29554490499999997
629,2.0,0.29554490499999997,0.0,0.29554490499999997
630,0.25,0.13608008700000002,0.4,0.23608008700000002
630,0.5,0.26919004300000005,0.0,0.26919004300000005
630,0.75,0.26919004300000005,0.0,0.26919004300000005
630,1.0,0.26919004300000005,0.0,0.26919004300000005
630,1.25,0.26919004300000005,0.0,0.26919004300000005
630,1.5,0.26919004300000005,0.0,0.26919004300000005
630,1.75,0.26919004300000005,0.0,0.26919004300000005
630,2.0,0.26919004300000005,0.0,0.26919004300000005
631,0.25,0.15017575499999997,0.3,0.22517575499999998
631,0.5,0.29340551000000004,0.0,0.29340551000000004
631,0.75,0.29340551000000004,0.0,0.29340551000000004
631,1.0,0.29340551000000004,0.0,0.29340551000000004
631,1.25,0.29340551000000004,0.0,0.29340551000000004
631,1.5,0.29340551000000004,0.0,0.29340551000000004
631,1.75,0.29340551000000004,0.0,0.29340551000000004
631,2.0,0.29340551000000004,0.0,0.29340551000000004
632,0.25,0.0,1.0,0.25
632,0.5,0.283286965,0.0,0.283286965
632,0.75,0.283286965,0.0,0.283286965
632,1.0,0.283286965,0.0,0.283286965
632,1.25,0.283286965,0.0,0.283286965
632,1.5,0.283286965,0.0,0.283286965
632,1.75,0.283286965,0.0,0.283286965
632,2.0,0.283286965,0.0,0.283286965
633,0.25,0.0,1.0,0.25
633,0.5,0.30518516600000006,0.2,0.40518516600000004
633,0.75,0.419970168,0.0,0.419970168
633,1.0,0.419970168,0.0,0.419970168
633,1.25,0.419970168,0.0,0.419970168
633,1.5,0.419970168,0.0,0.419970168
633,1.75,0.419970168,0.0,0.419970168
633,2.0,0.419970168,0.0,0.419970168
634,0.25,0.0,1.0,0.25
634,0.5,0.274523734,0.2,0.374523734
634,0.75,0.389258682,0.0,0.389258682
634,1.0,0.389258682,0.0,0.389258682
634,1.25,0.389258682,0.0,0.389258682
634,1.5,0.389258682,0.0,0.389258682
634,1.75,0.389258682,0.0,0.389258682
634,2.0,0.389258682,0.0,0.389258682
635,0.25,0.11219274330000002,0.5,0.2371927433
635,0.5,0.1628265653,0.3,0.3128265653
635,0.75,0.323600093,0.0,0.323600093
635,1.0,0.323600093,0.0,0.323600093
635,1.25,0.323600093,0.0,0.323600093
635,1.5,0.323600093,0.0,0.323600093
635,1.75,0.323600093,0.0,0.323600093
635,2.0,0.323600093,0.0,0.323600093
636,0.25,0.09630425000000001,0.5,0.22130425000000004
636,0.5,0.12205264949999999,0.4,0.32205264949999995
636,0.75,0.34456913299999997,0.0,0.34456913299999997
636,1.0,0.34456913299999997,0.0,0.34456913299999997
636,1.25,0.34456913299999997,0.0,0.34456913299999997
636,1.5,0.34456913299999997,0.0,0.34456913299999997
636,1.75,0.34456913299999997,0.0,0.34456913299999997
636,2.0,0.34456913299999997,0.0,0.34456913299999997
637,0.25,0.161229081,0.1,0.186229081
637,0.5,0.161229081,0.1,0.211229081
637,0.75,0.161229081,0.1,0.236229081
637,1.0,0.161229081,0.1,0.26122908100000003
637,1.25,0.275691584,0.0,0.275691584
637,1.5,0.275691584,0.0,0.275691584
637,1.75,0.275691584,0.0,0.275691584
637,2.0,0.275691584,0.0,0.275691584
638,0.25,0.0,1.0,0.25
638,0.5,0.29554490499999997,0.0,0.29554490499999997
638,0.75,0.29554490499999997,0.0,0.29554490499999997
638,1.0,0.29554490499999997,0.0,0.29554490499999997
638,1.25,0.29554490499999997,0.0,0.29554490499999997
638,1.5,0.29554490499999997,0.0,0.29554490499999997
638,1.75,0.29554490499999997,0.0,0.29554490499999997
638,2.0,0.29554490499999997,0.0,0.29554490499999997
639,0.25,0.0279208024,0.8,0.22792080239999998
639,0.5,0.22303630800000002,0.1,0.273036308
639,0.75,0.22303630800000002,0.1,0.298036308
639,1.0,0.22303630800000002,0.1,0.323036308
639,1.25,0.22303630800000002,0.1,0.348036308
639,1.5,0.22303630800000002,0.1,0.373036308
639,1.75,0.373885816,0.0,0.373885816
639,2.0,0.373885816,0.0,0.373885816
640,0.25,0.0650225564,0.4,0.1650225564
640,0.5,0.135408569,0.2,0.23540856899999998
640,0.75,0.135408569,0.2,0.285408569
640,1.0,0.22909624699999998,0.1,0.32909624699999995
640,1.25,0.22909624699999998,0.1,0.354096247
640,1.5,0.22909624699999998,0.1,0.379096247
640,1.75,0.403272445,0.0,0.403272445
640,2.0,0.403272445,0.0,0.403272445
641,0.25,0.0427629918,0.6,0.1927629918
641,0.5,0.195655049,0.1,0.24565504899999996
641,0.75,0.195655049,0.1,0.270655049
641,1.0,0.195655049,0.1,0.29565504899999995
641,1.25,0.195655049,0.1,0.32065504899999997
641,1.5,0.195655049,0.1,0.345655049
641,1.75,0.195655049,0.1,0.37065504899999996
641,2.0,0.37199146200000005,0.0,0.37199146200000005
642,0.25,0.15307148,0.3,0.22807148000000002
642,0.5,0.254036287,0.0,0.254036287
642,0.75,0.254036287,0.0,0.254036287
642,1.0,0.254036287,0.0,0.254036287
642,1.25,0.254036287,0.0,0.254036287
642,1.5,0.254036287,0.0,0.254036287
642,1.75,0.254036287,0.0,0.254036287
642,2.0,0.254036287,0.0,0.254036287
643,0.25,0.12848052400000004,0.2,0.17848052400000003
643,0.5,0.12848052400000004,0.2,0.22848052400000002
643,0.75,0.12848052400000004,0.2,0.278480524
643,1.0,0.12848052400000004,0.2,0.32848052400000005
643,1.25,0.12848052400000004,0.2,0.37848052400000004
643,1.5,0.12848052400000004,0.2,0.4284805240000001
643,1.75,0.12848052400000004,0.2,0.4784805240000001
643,2.0,0.48156339100000006,0.0,0.48156339100000006
644,0.25,0.0,1.0,0.25
644,0.5,0.29554490499999997,0.0,0.29554490499999997
644,0.75,0.29554490499999997,0.0,0.29554490499999997
644,1.0,0.29554490499999997,0.0,0.29554490499999997
644,1.25,0.29554490499999997,0.0,0.29554490499999997
644,1.5,0.29554490499999997,0.0,0.29554490499999997
644,1.75,0.29554490499999997,0.0,0.29554490499999997
644,2.0,0.29554490499999997,0.0,0.29554490499999997
645,0.25,0.0694079921,0.3,0.1444079921
645,0.5,0.1200750344,0.1,0.1700750344
645,0.75,0.1200750344,0.1,0.1950750344
645,1.0,0.1200750344,0.1,0.22007503440000004
645,1.25,0.1200750344,0.1,0.24507503440000003
645,1.5,0.251829514,0.0,0.251829514
645,1.75,0.251829514,0.0,0.251829514
645,2.0,0.251829514,0.0,0.251829514
646,0.25,0.046948317600000004,0.6,0.1969483176
646,0.5,0.251885472,0.0,0.251885472
646,0.75,0.251885472,0.0,0.251885472
646,1.0,0.251885472,0.0,0.251885472
646,1.25,0.251885472,0.0,0.251885472
646,1.5,0.251885472,0.0,0.251885472
646,1.75,0.251885472,0.0,0.251885472
646,2.0,0.251885472,0.0,0.251885472
647,0.25,0.056112300999999996,0.5,0.181112301
647,0.5,0.12480634900000001,0.3,0.274806349
647,0.75,0.12480634900000001,0.3,0.34980634899999996
647,1.0,0.38321702499999993,0.0,0.38321702499999993
647,1.25,0.38321702499999993,0.0,0.38321702499999993
647,1.5,0.38321702499999993,0.0,0.38321702499999993
647,1.75,0.38321702499999993,0.0,0.38321702499999993
647,2.0,0.38321702499999993,0.0,0.38321702499999993
648,0.25,0.1322857997,0.4,0.2322857997
648,0.5,0.24931318600000002,0.1,0.299313186
648,0.75,0.24931318600000002,0.1,0.32431318600000003
648,1.0,0.24931318600000002,0.1,0.349313186
648,1.25,0.363035726,0.0,0.363035726
648,1.5,0.363035726,0.0,0.363035726
648,1.75,0.363035726,0.0,0.363035726
648,2.0,0.363035726,0.0,0.363035726
649,0.25,0.030198316000000003,0.7,0.205198316
649,0.5,0.227325952,0.1,0.277325952
649,0.75,0.227325952,0.1,0.302325952
649,1.0,0.227325952,0.1,0.327325952
649,1.25,0.227325952,0.1,0.352325952
649,1.5,0.227325952,0.1,0.37732595199999996
649,1.75,0.37800241700000003,0.0,0.37800241700000003
649,2.0,0.37800241700000003,0.0,0.37800241700000003
650,0.25,0.0,1.0,0.25
650,0.5,0.29554490499999997,0.0,0.29554490499999997
650,0.75,0.29554490499999997,0.0,0.29554490499999997
650,1.0,0.29554490499999997,0.0,0.29554490499999997
650,1.25,0.29554490499999997,0.0,0.29554490499999997
650,1.5,0.29554490499999997,0.0,0.29554490499999997
650,1.75,0.29554490499999997,0.0,0.29554490499999997
650,2.0,0.29554490499999997,0.0,0.29554490499999997
651,0.25,0.033961062199999996,0.6,0.1839610622
651,0.5,0.22205753899999997,0.2,0.32205753899999995
651,0.75,0.275063253,0.1,0.35006325299999996
651,1.0,0.275063253,0.1,0.375063253
651,1.25,0.275063253,0.1,0.400063253
651,1.5,0.40391125299999997,0.0,0.40391125299999997
651,1.75,0.40391125299999997,0.0,0.40391125299999997
651,2.0,0.40391125299999997,0.0,0.40391125299999997
652,0.25,0.0650225564,0.4,0.1650225564
652,0.5,0.135408569,0.2,0.23540856899999998
652,0.75,0.135408569,0.2,0.285408569
652,1.0,0.22909624699999998,0.1,0.32909624699999995
652,1.25,0.22909624699999998,0.1,0.354096247
652,1.5,0.22909624699999998,0.1,0.379096247
652,1.75,0.403272445,0.0,0.403272445
652,2.0,0.403272445,0.0,0.403272445
653,0.25,0.062066006900000005,0.4,0.1620660069
653,0.5,0.062066006900000005,0.4,0.2620660069
653,0.75,0.1293120456,0.3,0.3543120456
653,1.0,0.383244249,0.0,0.383244249
653,1.25,0.383244249,0.0,0.383244249
653,1.5,0.383244249,0.0,0.383244249
653,1.75,0.383244249,0.0,0.383244249
653,2.0,0.383244249,0.0,0.383244249
654,0.25,0.062066006900000005,0.4,0.1620660069
654,0.5,0.062066006900000005,0.4,0.2620660069
654,0.75,0.1293120456,0.3,0.3543120456
654,1.0,0.383244249,0.0,0.383244249
654,1.25,0.383244249,0.0,0.383244249
654,1.5,0.383244249,0.0,0.383244249
654,1.75,0.383244249,0.0,0.383244249
654,2.0,0.383244249,0.0,0.383244249
655,0.25,0.0279208024,0.8,0.22792080239999998
655,0.5,0.22303630800000002,0.1,0.273036308
655,0.75,0.22303630800000002,0.1,0.298036308
655,1.0,0.22303630800000002,0.1,0.323036308
655,1.25,0.22303630800000002,0.1,0.348036308
655,1.5,0.22303630800000002,0.1,0.373036308
655,1.75,0.373885816,0.0,0.373885816
655,2.0,0.373885816,0.0,0.373885816
656,0.25,0.0317189265,0.7,0.2067189265
656,0.5,0.20550934,0.2,0.30550934
656,0.75,0.259466949,0.1,0.33446694899999996
656,1.0,0.259466949,0.1,0.359466949
656,1.25,0.259466949,0.1,0.384466949
656,1.5,0.259466949,0.1,0.4094669489999999
656,1.75,0.40985232099999996,0.0,0.40985232099999996
656,2.0,0.40985232099999996,0.0,0.40985232099999996
657,0.25,0.15017575500000002,0.3,0.22517575500000003
657,0.5,0.29340551,0.0,0.29340551
657,0.75,0.29340551,0.0,0.29340551
657,1.0,0.29340551,0.0,0.29340551
657,1.25,0.29340551,0.0,0.29340551
657,1.5,0.29340551,0.0,0.29340551
657,1.75,0.29340551,0.0,0.29340551
657,2.0,0.29340551,0.0,0.29340551
658,0.25,0.15307148,0.3,0.22807148000000002
658,0.5,0.254036287,0.0,0.254036287
658,0.75,0.254036287,0.0,0.254036287
658,1.0,0.254036287,0.0,0.254036287
658,1.25,0.254036287,0.0,0.254036287
658,1.5,0.254036287,0.0,0.254036287
658,1.75,0.254036287,0.0,0.254036287
658,2.0,0.254036287,0.0,0.254036287
659,0.25,0.055283731399999994,0.6,0.2052837314
659,0.5,0.1513441127,0.4,0.3513441127
659,0.75,0.31878079899999995,0.1,0.39378079899999996
659,1.0,0.31878079899999995,0.1,0.418780799
659,1.25,0.31878079899999995,0.1,0.44378079899999995
659,1.5,0.31878079899999995,0.1,0.46878079899999997
659,1.75,0.479857785,0.0,0.479857785
659,2.0,0.479857785,0.0,0.479857785
660,0.25,0.036044325599999996,0.6,0.1860443256
660,0.5,0.19220950200000003,0.2,0.29220950200000007
660,0.75,0.19220950200000003,0.2,0.34220950200000005
660,1.0,0.27659485699999997,0.1,0.376594857
660,1.25,0.27659485699999997,0.1,0.40159485699999997
660,1.5,0.414478235,0.0,0.414478235
660,1.75,0.414478235,0.0,0.414478235
660,2.0,0.414478235,0.0,0.414478235
661,0.25,0.0,1.0,0.25
661,0.5,0.283286965,0.0,0.283286965
661,0.75,0.283286965,0.0,0.283286965
661,1.0,0.283286965,0.0,0.283286965
661,1.25,0.283286965,0.0,0.283286965
661,1.5,0.283286965,0.0,0.283286965
661,1.75,0.283286965,0.0,0.283286965
661,2.0,0.283286965,0.0,0.283286965
662,0.25,0.031708338,0.7,0.20670833800000002
662,0.5,0.1816136703,0.2,0.28161367029999995
662,0.75,0.233143682,0.1,0.308143682
662,1.0,0.233143682,0.1,0.333143682
662,1.25,0.233143682,0.1,0.358143682
662,1.5,0.233143682,0.1,0.383143682
662,1.75,0.400484593,0.0,0.400484593
662,2.0,0.400484593,0.0,0.400484593
663,0.25,0.12848052400000004,0.2,0.17848052400000003
663,0.5,0.12848052400000004,0.2,0.22848052400000002
663,0.75,0.12848052400000004,0.2,0.278480524
663,1.0,0.12848052400000004,0.2,0.32848052400000005
663,1.25,0.12848052400000004,0.2,0.37848052400000004
663,1.5,0.12848052400000004,0.2,0.4284805240000001
663,1.75,0.12848052400000004,0.2,0.4784805240000001
663,2.0,0.48156339100000006,0.0,0.48156339100000006
664,0.25,0.0,1.0,0.25
664,0.5,0.29554490499999997,0.0,0.29554490499999997
664,0.75,0.29554490499999997,0.0,0.29554490499999997
664,1.0,0.29554490499999997,0.0,0.29554490499999997
664,1.25,0.29554490499999997,0.0,0.29554490499999997
664,1.5,0.29554490499999997,0.0,0.29554490499999997
664,1.75,0.29554490499999997,0.0,0.29554490499999997
664,2.0,0.29554490499999997,0.0,0.29554490499999997
665,0.25,0.0644952016,0.4,0.1644952016
665,0.5,0.13308569600000003,0.2,0.233085696
665,0.75,0.13308569600000003,0.2,0.283085696
665,1.0,0.13308569600000003,0.2,0.33308569600000004
665,1.25,0.13308569600000003,0.2,0.38308569600000003
665,1.5,0.13308569600000003,0.2,0.433085696
665,1.75,0.13308569600000003,0.2,0.483085696
665,2.0,0.506663135,0.0,0.506663135
666,0.25,0.0633120825,0.4,0.1633120825
666,0.5,0.131969144,0.2,0.23196914400000002
666,0.75,0.131969144,0.2,0.281969144
666,1.0,0.22146553600000002,0.1,0.321465536
666,1.25,0.22146553600000002,0.1,0.346465536
666,1.5,0.22146553600000002,0.1,0.371465536
666,1.75,0.382647187,0.0,0.382647187
666,2.0,0.382647187,0.0,0.382647187
667,0.25,0.0317189265,0.7,0.2067189265
667,0.5,0.20550934,0.2,0.30550934
667,0.75,0.259466949,0.1,0.33446694899999996
667,1.0,0.259466949,0.1,0.359466949
667,1.25,0.259466949,0.1,0.384466949
667,1.5,0.259466949,0.1,0.4094669489999999
667,1.75,0.40985232099999996,0.0,0.40985232099999996
667,2.0,0.40985232099999996,0.0,0.40985232099999996
668,0.25,0.0443772636,0.7,0.21937726359999998
668,0.5,0.296620097,0.0,0.296620097
668,0.75,0.296620097,0.0,0.296620097
668,1.0,0.296620097,0.0,0.296620097
668,1.25,0.296620097,0.0,0.296620097
668,1.5,0.296620097,0.0,0.296620097
668,1.75,0.296620097,0.0,0.296620097
668,2.0,0.296620097,0.0,0.296620097
669,0.25,0.030198316000000003,0.7,0.205198316
669,0.5,0.227325952,0.1,0.277325952
669,0.75,0.227325952,0.1,0.302325952
669,1.0,0.227325952,0.1,0.327325952
669,1.25,0.227325952,0.1,0.352325952
669,1.5,0.227325952,0.1,0.37732595199999996
669,1.75,0.37800241700000003,0.0,0.37800241700000003
669,2.0,0.37800241700000003,0.0,0.37800241700000003
670,0.25,0.0427629918,0.6,0.1927629918
670,0.5,0.195655049,0.1,0.24565504899999996
670,0.75,0.195655049,0.1,0.270655049
670,1.0,0.195655049,0.1,0.29565504899999995
670,1.25,0.195655049,0.1,0.32065504899999997
670,1.5,0.195655049,0.1,0.345655049
670,1.75,0.195655049,0.1,0.37065504899999996
670,2.0,0.37199146200000005,0.0,0.37199146200000005
671,0.25,0.0279208024,0.8,0.22792080239999998
671,0.5,0.22303630800000002,0.1,0.273036308
671,0.75,0.22303630800000002,0.1,0.298036308
671,1.0,0.22303630800000002,0.1,0.323036308
671,1.25,0.22303630800000002,0.1,0.348036308
671,1.5,0.22303630800000002,0.1,0.373036308
671,1.75,0.373885816,0.0,0.373885816
671,2.0,0.373885816,0.0,0.373885816
672,0.25,0.15017575500000002,0.3,0.22517575500000003
672,0.5,0.29340551,0.0,0.29340551
672,0.75,0.29340551,0.0,0.29340551
672,1.0,0.29340551,0.0,0.29340551
672,1.25,0.29340551,0.0,0.29340551
672,1.5,0.29340551,0.0,0.29340551
672,1.75,0.29340551,0.0,0.29340551
672,2.0,0.29340551,0.0,0.29340551
673,0.25,0.0,1.0,0.25
673,0.5,0.283286965,0.0,0.283286965
673,0.75,0.283286965,0.0,0.283286965
673,1.0,0.283286965,0.0,0.283286965
673,1.25,0.283286965,0.0,0.283286965
673,1.5,0.283286965,0.0,0.283286965
673,1.75,0.283286965,0.0,0.283286965
673,2.0,0.283286965,0.0,0.283286965
674,0.25,0.05781304220000001,0.4,0.1578130422
674,0.5,0.05781304220000001,0.4,0.2578130422
674,0.75,0.128392695,0.3,0.35339269500000003
674,1.0,0.390461635,0.0,0.390461635
674,1.25,0.390461635,0.0,0.390461635
674,1.5,0.390461635,0.0,0.390461635
674,1.75,0.390461635,0.0,0.390461635
674,2.0,0.390461635,0.0,0.390461635
675,0.25,0.12993209860000002,0.3,0.2049320986
675,0.5,0.12993209860000002,0.3,0.2799320986
675,0.75,0.12993209860000002,0.3,0.3549320986
675,1.0,0.358460153,0.0,0.358460153
675,1.25,0.358460153,0.0,0.358460153
675,1.5,0.358460153,0.0,0.358460153
675,1.75,0.358460153,0.0,0.358460153
675,2.0,0.358460153,0.0,0.358460153
676,0.25,0.09630425000000001,0.5,0.22130425000000004
676,0.5,0.12205264949999999,0.4,0.32205264949999995
676,0.75,0.34456913299999997,0.0,0.34456913299999997
676,1.0,0.34456913299999997,0.0,0.34456913299999997
676,1.25,0.34456913299999997,0.0,0.34456913299999997
676,1.5,0.34456913299999997,0.0,0.34456913299999997
676,1.75,0.34456913299999997,0.0,0.34456913299999997
676,2.0,0.34456913299999997,0.0,0.34456913299999997
677,0.25,0.06618503830000001,0.7,0.2411850383
677,0.5,0.3135843930000001,0.0,0.3135843930000001
677,0.75,0.3135843930000001,0.0,0.3135843930000001
677,1.0,0.3135843930000001,0.0,0.3135843930000001
677,1.25,0.3135843930000001,0.0,0.3135843930000001
677,1.5,0.3135843930000001,0.0,0.3135843930000001
677,1.75,0.3135843930000001,0.0,0.3135843930000001
677,2.0,0.3135843930000001,0.0,0.3135843930000001
678,0.25,0.0317189265,0.7,0.2067189265
678,0.5,0.20550934,0.2,0.30550934
678,0.75,0.259466949,0.1,0.33446694899999996
678,1.0,0.259466949,0.1,0.359466949
678,1.25,0.259466949,0.1,0.384466949
678,1.5,0.259466949,0.1,0.4094669489999999
678,1.75,0.40985232099999996,0.0,0.40985232099999996
678,2.0,0.40985232099999996,0.0,0.40985232099999996
679,0.25,0.11880067420000003,0.2,0.16880067420000003
679,0.5,0.11880067420000003,0.2,0.21880067420000002
679,0.75,0.11880067420000003,0.2,0.26880067420000003
679,1.0,0.11880067420000003,0.2,0.3188006742
679,1.25,0.11880067420000003,0.2,0.3688006742
679,1.5,0.39399573400000004,0.0,0.39399573400000004
679,1.75,0.39399573400000004,0.0,0.39399573400000004
679,2.0,0.39399573400000004,0.0,0.39399573400000004
680,0.25,0.170157678,0.1,0.195157678
680,0.5,0.170157678,0.1,0.220157678
680,0.75,0.170157678,0.1,0.245157678
680,1.0,0.170157678,0.1,0.270157678
680,1.25,0.282116643,0.0,0.282116643
680,1.5,0.282116643,0.0,0.282116643
680,1.75,0.282116643,0.0,0.282116643
680,2.0,0.282116643,0.0,0.282116643
681,0.25,0.0279208024,0.8,0.22792080239999998
681,0.5,0.22303630800000002,0.1,0.273036308
681,0.75,0.22303630800000002,0.1,0.298036308
681,1.0,0.22303630800000002,0.1,0.323036308
681,1.25,0.22303630800000002,0.1,0.348036308
681,1.5,0.22303630800000002,0.1,0.373036308
681,1.75,0.373885816,0.0,0.373885816
681,2.0,0.373885816,0.0,0.373885816
682,0.25,0.0530414148,0.6,0.20304141480000001
682,0.5,0.14641996070000002,0.4,0.34641996070000003
682,0.75,0.313905315,0.1,0.38890531500000003
682,1.0,0.313905315,0.1,0.41390531500000005
682,1.25,0.313905315,0.1,0.4389053150000001
682,1.5,0.313905315,0.1,0.46390531500000004
682,1.75,0.47140746600000005,0.0,0.47140746600000005
682,2.0,0.47140746600000005,0.0,0.47140746600000005
683,0.25,0.15017575500000002,0.3,0.22517575500000003
683,0.5,0.29340551,0.0,0.29340551
683,0.75,0.29340551,0.0,0.29340551
683,1.0,0.29340551,0.0,0.29340551
683,1.25,0.29340551,0.0,0.29340551
683,1.5,0.29340551,0.0,0.29340551
683,1.75,0.29340551,0.0,0.29340551
683,2.0,0.29340551,0.0,0.29340551
684,0.25,0.030198316000000003,0.7,0.205198316
684,0.5,0.227325952,0.1,0.277325952
684,0.75,0.227325952,0.1,0.302325952
684,1.0,0.227325952,0.1,0.327325952
684,1.25,0.227325952,0.1,0.352325952
684,1.5,0.227325952,0.1,0.37732595199999996
684,1.75,0.37800241700000003,0.0,0.37800241700000003
684,2.0,0.37800241700000003,0.0,0.37800241700000003
685,0.25,0.05781304220000001,0.4,0.1578130422
685,0.5,0.05781304220000001,0.4,0.2578130422
685,0.75,0.128392695,0.3,0.35339269500000003
685,1.0,0.390461635,0.0,0.390461635
685,1.25,0.390461635,0.0,0.390461635
685,1.5,0.390461635,0.0,0.390461635
685,1.75,0.390461635,0.0,0.390461635
685,2.0,0.390461635,0.0,0.390461635
686,0.25,0.030198316000000003,0.7,0.205198316
686,0.5,0.227325952,0.1,0.277325952
686,0.75,0.227325952,0.1,0.302325952
686,1.0,0.227325952,0.1,0.327325952
686,1.25,0.227325952,0.1,0.352325952
686,1.5,0.227325952,0.1,0.37732595199999996
686,1.75,0.37800241700000003,0.0,0.37800241700000003
686,2.0,0.37800241700000003,0.0,0.37800241700000003
687,0.25,0.0644272201,0.5,0.18942722010000002
687,0.5,0.17713626300000002,0.1,0.227136263
687,0.75,0.17713626300000002,0.1,0.252136263
687,1.0,0.25903007,0.0,0.25903007
687,1.25,0.25903007,0.0,0.25903007
687,1.5,0.25903007,0.0,0.25903007
687,1.75,0.25903007,0.0,0.25903007
687,2.0,0.25903007,0.0,0.25903007
688,0.25,0.033961062199999996,0.6,0.1839610622
688,0.5,0.22205753899999997,0.2,0.32205753899999995
688,0.75,0.275063253,0.1,0.35006325299999996
688,1.0,0.275063253,0.1,0.375063253
688,1.25,0.275063253,0.1,0.400063253
688,1.5,0.40391125299999997,0.0,0.40391125299999997
688,1.75,0.40391125299999997,0.0,0.40391125299999997
688,2.0,0.40391125299999997,0.0,0.40391125299999997
689,0.25,0.12993209860000002,0.3,0.2049320986
689,0.5,0.12993209860000002,0.3,0.2799320986
689,0.75,0.12993209860000002,0.3,0.3549320986
689,1.0,0.358460153,0.0,0.358460153
689,1.25,0.358460153,0.0,0.358460153
689,1.5,0.358460153,0.0,0.358460153
689,1.75,0.358460153,0.0,0.358460153
689,2.0,0.358460153,0.0,0.358460153
690,0.25,0.05781304220000001,0.4,0.1578130422
690,0.5,0.05781304220000001,0.4,0.2578130422
690,0.75,0.128392695,0.3,0.35339269500000003
690,1.0,0.390461635,0.0,0.390461635
690,1.25,0.390461635,0.0,0.390461635
690,1.5,0.390461635,0.0,0.390461635
690,1.75,0.390461635,0.0,0.390461635
690,2.0,0.390461635,0.0,0.390461635
691,0.25,0.0644952016,0.4,0.1644952016
691,0.5,0.13308569600000003,0.2,0.233085696
691,0.75,0.13308569600000003,0.2,0.283085696
691,1.0,0.13308569600000003,0.2,0.33308569600000004
691,1.25,0.13308569600000003,0.2,0.38308569600000003
691,1.5,0.13308569600000003,0.2,0.433085696
691,1.75,0.13308569600000003,0.2,0.483085696
691,2.0,0.506663135,0.0,0.506663135
692,0.25,0.0328724575,0.8,0.2328724575
692,0.5,0.30452869399999993,0.0,0.30452869399999993
692,0.75,0.30452869399999993,0.0,0.30452869399999993
692,1.0,0.30452869399999993,0.0,0.30452869399999993
692,1.25,0.30452869399999993,0.0,0.30452869399999993
692,1.5,0.30452869399999993,0.0,0.30452869399999993
692,1.75,0.30452869399999993,0.0,0.30452869399999993
692,2.0,0.30452869399999993,0.0,0.30452869399999993
693,0.25,0.046948317600000004,0.6,0.1969483176
693,0.5,0.251885472,0.0,0.251885472
693,0.75,0.251885472,0.0,0.251885472
693,1.0,0.251885472,0.0,0.251885472
693,1.25,0.251885472,0.0,0.251885472
693,1.5,0.251885472,0.0,0.251885472
693,1.75,0.251885472,0.0,0.251885472
693,2.0,0.251885472,0.0,0.251885472
694,0.25,0.0,1.0,0.25
694,0.5,0.32775878699999994,0.0,0.32775878699999994
694,0.75,0.32775878699999994,0.0,0.32775878699999994
694,1.0,0.32775878699999994,0.0,0.32775878699999994
694,1.25,0.32775878699999994,0.0,0.32775878699999994
694,1.5,0.32775878699999994,0.0,0.32775878699999994
694,1.75,0.32775878699999994,0.0,0.32775878699999994
694,2.0,0.32775878699999994,0.0,0.32775878699999994
695,0.25,0.0279208024,0.8,0.22792080239999998
695,0.5,0.22303630800000002,0.1,0.273036308
695,0.75,0.22303630800000002,0.1,0.298036308
695,1.0,0.22303630800000002,0.1,0.323036308
695,1.25,0.22303630800000002,0.1,0.348036308
695,1.5,0.22303630800000002,0.1,0.373036308
695,1.75,0.373885816,0.0,0.373885816
695,2.0,0.373885816,0.0,0.373885816
696,0.25,0.036044325599999996,0.6,0.1860443256
696,0.5,0.19220950200000003,0.2,0.29220950200000007
696,0.75,0.19220950200000003,0.2,0.34220950200000005
696,1.0,0.27659485699999997,0.1,0.376594857
696,1.25,0.27659485699999997,0.1,0.40159485699999997
696,1.5,0.414478235,0.0,0.414478235
696,1.75,0.414478235,0.0,0.414478235
696,2.0,0.414478235,0.0,0.414478235
697,0.25,0.036044325599999996,0.6,0.1860443256
697,0.5,0.19220950200000003,0.2,0.29220950200000007
697,0.75,0.19220950200000003,0.2,0.34220950200000005
697,1.0,0.27659485699999997,0.1,0.376594857
697,1.25,0.27659485699999997,0.1,0.40159485699999997
697,1.5,0.414478235,0.0,0.414478235
697,1.75,0.414478235,0.0,0.414478235
697,2.0,0.414478235,0.0,0.414478235
698,0.25,0.11219274330000002,0.5,0.2371927433
698,0.5,0.1628265653,0.3,0.3128265653
698,0.75,0.323600093,0.0,0.323600093
698,1.0,0.323600093,0.0,0.323600093
698,1.25,0.323600093,0.0,0.323600093
698,1.5,0.323600093,0.0,0.323600093
698,1.75,0.323600093,0.0,0.323600093
698,2.0,0.323600093,0.0,0.323600093
699,0.25,0.06618503830000001,0.7,0.2411850383
699,0.5,0.3135843930000001,0.0,0.3135843930000001
699,0.75,0.3135843930000001,0.0,0.3135843930000001
699,1.0,0.3135843930000001,0.0,0.3135843930000001
699,1.25,0.3135843930000001,0.0,0.3135843930000001
699,1.5,0.3135843930000001,0.0,0.3135843930000001
699,1.75,0.3135843930000001,0.0,0.3135843930000001
699,2.0,0.3135843930000001,0.0,0.3135843930000001
700,0.25,0.0,1.0,0.25
700,0.5,0.32775878699999994,0.0,0.32775878699999994
700,0.75,0.32775878699999994,0.0,0.32775878699999994
700,1.0,0.32775878699999994,0.0,0.32775878699999994
700,1.25,0.32775878699999994,0.0,0.32775878699999994
700,1.5,0.32775878699999994,0.0,0.32775878699999994
700,1.75,0.32775878699999994,0.0,0.32775878699999994
700,2.0,0.32775878699999994,0.0,0.32775878699999994
701,0.25,0.0,1.0,0.25
701,0.5,0.29554490499999997,0.0,0.29554490499999997
701,0.75,0.29554490499999997,0.0,0.29554490499999997
701,1.0,0.29554490499999997,0.0,0.29554490499999997
701,1.25,0.29554490499999997,0.0,0.29554490499999997
701,1.5,0.29554490499999997,0.0,0.29554490499999997
701,1.75,0.29554490499999997,0.0,0.29554490499999997
701,2.0,0.29554490499999997,0.0,0.29554490499999997
702,0.25,0.024624390700000002,0.9,0.24962439070000003
702,0.5,0.30108552200000005,0.0,0.30108552200000005
702,0.75,0.30108552200000005,0.0,0.30108552200000005
702,1.0,0.30108552200000005,0.0,0.30108552200000005
702,1.25,0.30108552200000005,0.0,0.30108552200000005
702,1.5,0.30108552200000005,0.0,0.30108552200000005
702,1.75,0.30108552200000005,0.0,0.30108552200000005
702,2.0,0.30108552200000005,0.0,0.30108552200000005
703,0.25,0.033961062199999996,0.6,0.1839610622
703,0.5,0.22205753899999997,0.2,0.32205753899999995
703,0.75,0.275063253,0.1,0.35006325299999996
703,1.0,0.275063253,0.1,0.375063253
703,1.25,0.275063253,0.1,0.400063253
703,1.5,0.40391125299999997,0.0,0.40391125299999997
703,1.75,0.40391125299999997,0.0,0.40391125299999997
703,2.0,0.40391125299999997,0.0,0.40391125299999997
704,0.25,0.0443772636,0.7,0.21937726359999998
704,0.5,0.296620097,0.0,0.296620097
704,0.75,0.296620097,0.0,0.296620097
704,1.0,0.296620097,0.0,0.296620097
704,1.25,0.296620097,0.0,0.296620097
704,1.5,0.296620097,0.0,0.296620097
704,1.75,0.296620097,0.0,0.296620097
704,2.0,0.296620097,0.0,0.296620097
705,0.25,0.1322857997,0.4,0.2322857997
705,0.5,0.24931318600000002,0.1,0.299313186
705,0.75,0.24931318600000002,0.1,0.32431318600000003
705,1.0,0.24931318600000002,0.1,0.349313186
705,1.25,0.363035726,0.0,0.363035726
705,1.5,0.363035726,0.0,0.363035726
705,1.75,0.363035726,0.0,0.363035726
705,2.0,0.363035726,0.0,0.363035726
706,0.25,0.036044325599999996,0.6,0.1860443256
706,0.5,0.19220950200000003,0.2,0.29220950200000007
706,0.75,0.19220950200000003,0.2,0.34220950200000005
706,1.0,0.27659485699999997,0.1,0.376594857
706,1.25,0.27659485699999997,0.1,0.40159485699999997
706,1.5,0.414478235,0.0,0.414478235
706,1.75,0.414478235,0.0,0.414478235
706,2.0,0.414478235,0.0,0.414478235
707,0.25,0.12848052400000004,0.2,0.17848052400000003
707,0.5,0.12848052400000004,0.2,0.22848052400000002
707,0.75,0.12848052400000004,0.2,0.278480524
707,1.0,0.12848052400000004,0.2,0.32848052400000005
707,1.25,0.12848052400000004,0.2,0.37848052400000004
707,1.5,0.12848052400000004,0.2,0.4284805240000001
707,1.75,0.12848052400000004,0.2,0.4784805240000001
707,2.0,0.48156339100000006,0.0,0.48156339100000006
708,0.25,0.0279208024,0.8,0.22792080239999998
708,0.5,0.22303630800000002,0.1,0.273036308
708,0.75,0.22303630800000002,0.1,0.298036308
708,1.0,0.22303630800000002,0.1,0.323036308
708,1.25,0.22303630800000002,0.1,0.348036308
708,1.5,0.22303630800000002,0.1,0.373036308
708,1.75,0.373885816,0.0,0.373885816
708,2.0,0.373885816,0.0,0.373885816
709,0.25,0.031708338,0.7,0.20670833800000002
709,0.5,0.1816136703,0.2,0.28161367029999995
709,0.75,0.233143682,0.1,0.308143682
709,1.0,0.233143682,0.1,0.333143682
709,1.25,0.233143682,0.1,0.358143682
709,1.5,0.233143682,0.1,0.383143682
709,1.75,0.400484593,0.0,0.400484593
709,2.0,0.400484593,0.0,0.400484593
710,0.25,0.0640676957,0.3,0.1390676957
710,0.5,0.0640676957,0.3,0.2140676957
710,0.75,0.13319579800000003,0.2,0.28319579800000005
710,1.0,0.22298175000000003,0.1,0.32298175
710,1.25,0.22298175000000003,0.1,0.34798175000000003
710,1.5,0.22298175000000003,0.1,0.37298175
710,1.75,0.39098180099999996,0.0,0.39098180099999996
710,2.0,0.39098180099999996,0.0,0.39098180099999996
711,0.25,0.09630425000000001,0.5,0.22130425000000004
711,0.5,0.12205264949999999,0.4,0.32205264949999995
711,0.75,0.34456913299999997,0.0,0.34456913299999997
711,1.0,0.34456913299999997,0.0,0.34456913299999997
711,1.25,0.34456913299999997,0.0,0.34456913299999997
711,1.5,0.34456913299999997,0.0,0.34456913299999997
711,1.75,0.34456913299999997,0.0,0.34456913299999997
711,2.0,0.34456913299999997,0.0,0.34456913299999997
712,0.25,0.034728842999999995,0.8,0.234728843
712,0.5,0.341645869,0.0,0.341645869
712,0.75,0.341645869,0.0,0.341645869
712,1.0,0.341645869,0.0,0.341645869
712,1.25,0.341645869,0.0,0.341645869
712,1.5,0.341645869,0.0,0.341645869
712,1.75,0.341645869,0.0,0.341645869
712,2.0,0.341645869,0.0,0.341645869
713,0.25,0.033961062199999996,0.6,0.1839610622
713,0.5,0.22205753899999997,0.2,0.32205753899999995
713,0.75,0.275063253,0.1,0.35006325299999996
713,1.0,0.275063253,0.1,0.375063253
713,1.25,0.275063253,0.1,0.400063253
713,1.5,0.40391125299999997,0.0,0.40391125299999997
713,1.75,0.40391125299999997,0.0,0.40391125299999997
713,2.0,0.40391125299999997,0.0,0.40391125299999997
714,0.25,0.161229081,0.1,0.186229081
714,0.5,0.161229081,0.1,0.211229081
714,0.75,0.161229081,0.1,0.236229081
714,1.0,0.161229081,0.1,0.26122908100000003
714,1.25,0.275691584,0.0,0.275691584
714,1.5,0.275691584,0.0,0.275691584
714,1.75,0.275691584,0.0,0.275691584
714,2.0,0.275691584,0.0,0.275691584
715,0.25,0.0644952016,0.4,0.1644952016
715,0.5,0.13308569600000003,0.2,0.233085696
715,0.75,0.13308569600000003,0.2,0.283085696
715,1.0,0.13308569600000003,0.2,0.33308569600000004
715,1.25,0.13308569600000003,0.2,0.38308569600000003
715,1.5,0.13308569600000003,0.2,0.433085696
715,1.75,0.13308569600000003,0.2,0.483085696
715,2.0,0.506663135,0.0,0.506663135
716,0.25,0.0644272201,0.5,0.18942722010000002
716,0.5,0.17713626300000002,0.1,0.227136263
716,0.75,0.17713626300000002,0.1,0.252136263
716,1.0,0.25903007,0.0,0.25903007
716,1.25,0.25903007,0.0,0.25903007
716,1.5,0.25903007,0.0,0.25903007
716,1.75,0.25903007,0.0,0.25903007
716,2.0,0.25903007,0.0,0.25903007
717,0.25,0.030198316000000003,0.7,0.205198316
717,0.5,0.227325952,0.1,0.277325952
717,0.75,0.227325952,0.1,0.302325952
717,1.0,0.227325952,0.1,0.327325952
717,1.25,0.227325952,0.1,0.352325952
717,1.5,0.227325952,0.1,0.37732595199999996
717,1.75,0.37800241700000003,0.0,0.37800241700000003
717,2.0,0.37800241700000003,0.0,0.37800241700000003
718,0.25,0.0,1.0,0.25
718,0.5,0.274523734,0.2,0.374523734
718,0.75,0.389258682,0.0,0.389258682
718,1.0,0.389258682,0.0,0.389258682
718,1.25,0.389258682,0.0,0.389258682
718,1.5,0.389258682,0.0,0.389258682
718,1.75,0.389258682,0.0,0.389258682
718,2.0,0.389258682,0.0,0.389258682
719,0.25,0.12245510070000001,0.4,0.22245510070000002
719,0.5,0.21253698000000001,0.1,0.26253698000000003
719,0.75,0.21253698000000001,0.1,0.28753698
719,1.0,0.21253698000000001,0.1,0.31253698
719,1.25,0.21253698000000001,0.1,0.33753698
719,1.5,0.21253698000000001,0.1,0.36253698
719,1.75,0.372147429,0.0,0.372147429
719,2.0,0.372147429,0.0,0.372147429
720,0.25,0.11219274330000002,0.5,0.2371927433
720,0.5,0.1628265653,0.3,0.3128265653
720,0.75,0.323600093,0.0,0.323600093
720,1.0,0.323600093,0.0,0.323600093
720,1.25,0.323600093,0.0,0.323600093
720,1.5,0.323600093,0.0,0.323600093
720,1.75,0.323600093,0.0,0.323600093
720,2.0,0.323600093,0.0,0.323600093
721,0.25,0.0279208024,0.8,0.22792080239999998
721,0.5,0.22303630800000002,0.1,0.273036308
721,0.75,0.22303630800000002,0.1,0.298036308
721,1.0,0.22303630800000002,0.1,0.323036308
721,1.25,0.22303630800000002,0.1,0.348036308
721,1.5,0.22303630800000002,0.1,0.373036308
721,1.75,0.373885816,0.0,0.373885816
721,2.0,0.373885816,0.0,0.373885816
722,0.25,0.0427629918,0.6,0.1927629918
722,0.5,0.195655049,0.1,0.24565504899999996
722,0.75,0.195655049,0.1,0.270655049
722,1.0,0.195655049,0.1,0.29565504899999995
722,1.25,0.195655049,0.1,0.32065504899999997
722,1.5,0.195655049,0.1,0.345655049
722,1.75,0.195655049,0.1,0.37065504899999996
722,2.0,0.37199146200000005,0.0,0.37199146200000005
723,0.25,0.05781304220000001,0.4,0.1578130422
723,0.5,0.05781304220000001,0.4,0.2578130422
723,0.75,0.128392695,0.3,0.35339269500000003
723,1.0,0.390461635,0.0,0.390461635
723,1.25,0.390461635,0.0,0.390461635
723,1.5,0.390461635,0.0,0.390461635
723,1.75,0.390461635,0.0,0.390461635
723,2.0,0.390461635,0.0,0.390461635
724,0.25,0.030198316000000003,0.7,0.205198316
724,0.5,0.227325952,0.1,0.277325952
724,0.75,0.227325952,0.1,0.302325952
724,1.0,0.227325952,0.1,0.327325952
724,1.25,0.227325952,0.1,0.352325952
724,1.5,0.227325952,0.1,0.37732595199999996
724,1.75,0.37800241700000003,0.0,0.37800241700000003
724,2.0,0.37800241700000003,0.0,0.37800241700000003
725,0.25,0.09630425000000001,0.5,0.22130425000000004
725,0.5,0.12205264949999999,0.4,0.32205264949999995
725,0.75,0.34456913299999997,0.0,0.34456913299999997
725,1.0,0.34456913299999997,0.0,0.34456913299999997
725,1.25,0.34456913299999997,0.0,0.34456913299999997
725,1.5,0.34456913299999997,0.0,0.34456913299999997
725,1.75,0.34456913299999997,0.0,0.34456913299999997
725,2.0,0.34456913299999997,0.0,0.34456913299999997
726,0.25,0.05781304220000001,0.4,0.1578130422
726,0.5,0.05781304220000001,0.4,0.2578130422
726,0.75,0.128392695,0.3,0.35339269500000003
726,1.0,0.390461635,0.0,0.390461635
726,1.25,0.390461635,0.0,0.390461635
726,1.5,0.390461635,0.0,0.390461635
726,1.75,0.390461635,0.0,0.390461635
726,2.0,0.390461635,0.0,0.390461635
727,0.25,0.15017575499999997,0.3,0.22517575499999998
727,0.5,0.29340551000000004,0.0,0.29340551000000004
727,0.75,0.29340551000000004,0.0,0.29340551000000004
727,1.0,0.29340551000000004,0.0,0.29340551000000004
727,1.25,0.29340551000000004,0.0,0.29340551000000004
727,1.5,0.29340551000000004,0.0,0.29340551000000004
727,1.75,0.29340551000000004,0.0,0.29340551000000004
727,2.0,0.29340551000000004,0.0,0.29340551000000004
728,0.25,0.170157678,0.1,0.195157678
728,0.5,0.170157678,0.1,0.220157678
728,0.75,0.170157678,0.1,0.245157678
728,1.0,0.170157678,0.1,0.270157678
728,1.25,0.282116643,0.0,0.282116643
728,1.5,0.282116643,0.0,0.282116643
728,1.75,0.282116643,0.0,0.282116643
728,2.0,0.282116643,0.0,0.282116643
729,0.25,0.036044325599999996,0.6,0.1860443256
729,0.5,0.19220950200000003,0.2,0.29220950200000007
729,0.75,0.19220950200000003,0.2,0.34220950200000005
729,1.0,0.27659485699999997,0.1,0.376594857
729,1.25,0.27659485699999997,0.1,0.40159485699999997
729,1.5,0.414478235,0.0,0.414478235
729,1.75,0.414478235,0.0,0.414478235
729,2.0,0.414478235,0.0,0.414478235
730,0.25,0.056112300999999996,0.5,0.181112301
730,0.5,0.12480634900000001,0.3,0.274806349
730,0.75,0.12480634900000001,0.3,0.34980634899999996
730,1.0,0.38321702499999993,0.0,0.38321702499999993
730,1.25,0.38321702499999993,0.0,0.38321702499999993
730,1.5,0.38321702499999993,0.0,0.38321702499999993
730,1.75,0.38321702499999993,0.0,0.38321702499999993
730,2.0,0.38321702499999993,0.0,0.38321702499999993
731,0.25,0.024624390700000002,0.9,0.24962439070000003
731,0.5,0.30108552200000005,0.0,0.30108552200000005
731,0.75,0.30108552200000005,0.0,0.30108552200000005
731,1.0,0.30108552200000005,0.0,0.30108552200000005
731,1.25,0.30108552200000005,0.0,0.30108552200000005
731,1.5,0.30108552200000005,0.0,0.30108552200000005
731,1.75,0.30108552200000005,0.0,0.30108552200000005
731,2.0,0.30108552200000005,0.0,0.30108552200000005
732,0.25,0.170157678,0.1,0.195157678
732,0.5,0.170157678,0.1,0.220157678
732,0.75,0.170157678,0.1,0.245157678
732,1.0,0.170157678,0.1,0.270157678
732,1.25,0.282116643,0.0,0.282116643
732,1.5,0.282116643,0.0,0.282116643
732,1.75,0.282116643,0.0,0.282116643
732,2.0,0.282116643,0.0,0.282116643
733,0.25,0.0,1.0,0.25
733,0.5,0.29554490499999997,0.0,0.29554490499999997
733,0.75,0.29554490499999997,0.0,0.29554490499999997
733,1.0,0.29554490499999997,0.0,0.29554490499999997
733,1.25,0.29554490499999997,0.0,0.29554490499999997
733,1.5,0.29554490499999997,0.0,0.29554490499999997
733,1.75,0.29554490499999997,0.0,0.29554490499999997
733,2.0,0.29554490499999997,0.0,0.29554490499999997
734,0.25,0.0443772636,0.7,0.21937726359999998
734,0.5,0.296620097,0.0,0.296620097
734,0.75,0.296620097,0.0,0.296620097
734,1.0,0.296620097,0.0,0.296620097
734,1.25,0.296620097,0.0,0.296620097
734,1.5,0.296620097,0.0,0.296620097
734,1.75,0.296620097,0.0,0.296620097
734,2.0,0.296620097,0.0,0.296620097
735,0.25,0.0633120825,0.4,0.1633120825
735,0.5,0.131969144,0.2,0.23196914400000002
735,0.75,0.131969144,0.2,0.281969144
735,1.0,0.22146553600000002,0.1,0.321465536
735,1.25,0.22146553600000002,0.1,0.346465536
735,1.5,0.22146553600000002,0.1,0.371465536
735,1.75,0.382647187,0.0,0.382647187
735,2.0,0.382647187,0.0,0.382647187
736,0.25,0.09630425000000001,0.5,0.22130425000000004
736,0.5,0.12205264949999999,0.4,0.32205264949999995
736,0.75,0.34456913299999997,0.0,0.34456913299999997
736,1.0,0.34456913299999997,0.0,0.34456913299999997
736,1.25,0.34456913299999997,0.0,0.34456913299999997
736,1.5,0.34456913299999997,0.0,0.34456913299999997
736,1.75,0.34456913299999997,0.0,0.34456913299999997
736,2.0,0.34456913299999997,0.0,0.34456913299999997
737,0.25,0.033961062199999996,0.6,0.1839610622
737,0.5,0.22205753899999997,0.2,0.32205753899999995
737,0.75,0.275063253,0.1,0.35006325299999996
737,1.0,0.275063253,0.1,0.375063253
737,1.25,0.275063253,0.1,0.400063253
737,1.5,0.40391125299999997,0.0,0.40391125299999997
737,1.75,0.40391125299999997,0.0,0.40391125299999997
737,2.0,0.40391125299999997,0.0,0.40391125299999997
738,0.25,0.034728842999999995,0.8,0.234728843
738,0.5,0.341645869,0.0,0.341645869
738,0.75,0.341645869,0.0,0.341645869
738,1.0,0.341645869,0.0,0.341645869
738,1.25,0.341645869,0.0,0.341645869
738,1.5,0.341645869,0.0,0.341645869
738,1.75,0.341645869,0.0,0.341645869
738,2.0,0.341645869,0.0,0.341645869
739,0.25,0.09630425000000001,0.5,0.22130425000000004
739,0.5,0.12205264949999999,0.4,0.32205264949999995
739,0.75,0.34456913299999997,0.0,0.34456913299999997
739,1.0,0.34456913299999997,0.0,0.34456913299999997
739,1.25,0.34456913299999997,0.0,0.34456913299999997
739,1.5,0.34456913299999997,0.0,0.34456913299999997
739,1.75,0.34456913299999997,0.0,0.34456913299999997
739,2.0,0.34456913299999997,0.0,0.34456913299999997
740,0.25,0.046948317600000004,0.6,0.1969483176
740,0.5,0.251885472,0.0,0.251885472
740,0.75,0.251885472,0.0,0.251885472
740,1.0,0.251885472,0.0,0.251885472
740,1.25,0.251885472,0.0,0.251885472
740,1.5,0.251885472,0.0,0.251885472
740,1.75,0.251885472,0.0,0.251885472
740,2.0,0.251885472,0.0,0.251885472
741,0.25,0.0,1.0,0.25
741,0.5,0.29554490499999997,0.0,0.29554490499999997
741,0.75,0.29554490499999997,0.0,0.29554490499999997
741,1.0,0.29554490499999997,0.0,0.29554490499999997
741,1.25,0.29554490499999997,0.0,0.29554490499999997
741,1.5,0.29554490499999997,0.0,0.29554490499999997
741,1.75,0.29554490499999997,0.0,0.29554490499999997
741,2.0,0.29554490499999997,0.0,0.29554490499999997
742,0.25,0.0317189265,0.7,0.2067189265
742,0.5,0.20550934,0.2,0.30550934
742,0.75,0.259466949,0.1,0.33446694899999996
742,1.0,0.259466949,0.1,0.359466949
742,1.25,0.259466949,0.1,0.384466949
742,1.5,0.259466949,0.1,0.4094669489999999
742,1.75,0.40985232099999996,0.0,0.40985232099999996
742,2.0,0.40985232099999996,0.0,0.40985232099999996
743,0.25,0.0,1.0,0.25
743,0.5,0.30518516600000006,0.2,0.40518516600000004
743,0.75,0.419970168,0.0,0.419970168
743,1.0,0.419970168,0.0,0.419970168
743,1.25,0.419970168,0.0,0.419970168
743,1.5,0.419970168,0.0,0.419970168
743,1.75,0.419970168,0.0,0.419970168
743,2.0,0.419970168,0.0,0.419970168
744,0.25,0.0,1.0,0.25
744,0.5,0.29554490499999997,0.0,0.29554490499999997
744,0.75,0.29554490499999997,0.0,0.29554490499999997
744,1.0,0.29554490499999997,0.0,0.29554490499999997
744,1.25,0.29554490499999997,0.0,0.29554490499999997
744,1.5,0.29554490499999997,0.0,0.29554490499999997
744,1.75,0.29554490499999997,0.0,0.29554490499999997
744,2.0,0.29554490499999997,0.0,0.29554490499999997
745,0.25,0.15017575499999997,0.3,0.22517575499999998
745,0.5,0.29340551000000004,0.0,0.29340551000000004
745,0.75,0.29340551000000004,0.0,0.29340551000000004
745,1.0,0.29340551000000004,0.0,0.29340551000000004
745,1.25,0.29340551000000004,0.0,0.29340551000000004
745,1.5,0.29340551000000004,0.0,0.29340551000000004
745,1.75,0.29340551000000004,0.0,0.29340551000000004
745,2.0,0.29340551000000004,0.0,0.29340551000000004
746,0.25,0.0443772636,0.7,0.21937726359999998
746,0.5,0.296620097,0.0,0.296620097
746,0.75,0.296620097,0.0,0.296620097
746,1.0,0.296620097,0.0,0.296620097
746,1.25,0.296620097,0.0,0.296620097
746,1.5,0.296620097,0.0,0.296620097
746,1.75,0.296620097,0.0,0.296620097
746,2.0,0.296620097,0.0,0.296620097
747,0.25,0.15307148,0.3,0.22807148000000002
747,0.5,0.254036287,0.0,0.254036287
747,0.75,0.254036287,0.0,0.254036287
747,1.0,0.254036287,0.0,0.254036287
747,1.25,0.254036287,0.0,0.254036287
747,1.5,0.254036287,0.0,0.254036287
747,1.75,0.254036287,0.0,0.254036287
747,2.0,0.254036287,0.0,0.254036287
748,0.25,0.05781304220000001,0.4,0.1578130422
748,0.5,0.05781304220000001,0.4,0.2578130422
748,0.75,0.128392695,0.3,0.35339269500000003
748,1.0,0.390461635,0.0,0.390461635
748,1.25,0.390461635,0.0,0.390461635
748,1.5,0.390461635,0.0,0.390461635
748,1.75,0.390461635,0.0,0.390461635
748,2.0,0.390461635,0.0,0.390461635
749,0.25,0.031708338,0.7,0.20670833800000002
749,0.5,0.1816136703,0.2,0.28161367029999995
749,0.75,0.233143682,0.1,0.308143682
749,1.0,0.233143682,0.1,0.333143682
749,1.25,0.233143682,0.1,0.358143682
749,1.5,0.233143682,0.1,0.383143682
749,1.75,0.400484593,0.0,0.400484593
749,2.0,0.400484593,0.0,0.400484593
750,0.25,0.13608008700000002,0.4,0.23608008700000002
750,0.5,0.26919004300000005,0.0,0.26919004300000005
750,0.75,0.26919004300000005,0.0,0.26919004300000005
750,1.0,0.26919004300000005,0.0,0.26919004300000005
750,1.25,0.26919004300000005,0.0,0.26919004300000005
750,1.5,0.26919004300000005,0.0,0.26919004300000005
750,1.75,0.26919004300000005,0.0,0.26919004300000005
750,2.0,0.26919004300000005,0.0,0.26919004300000005
751,0.25,0.0650225564,0.4,0.1650225564
751,0.5,0.135408569,0.2,0.23540856899999998
751,0.75,0.135408569,0.2,0.285408569
751,1.0,0.22909624699999998,0.1,0.32909624699999995
751,1.25,0.22909624699999998,0.1,0.354096247
751,1.5,0.22909624699999998,0.1,0.379096247
751,1.75,0.403272445,0.0,0.403272445
751,2.0,0.403272445,0.0,0.403272445
752,0.25,0.0443772636,0.7,0.21937726359999998
752,0.5,0.296620097,0.0,0.296620097
752,0.75,0.296620097,0.0,0.296620097
752,1.0,0.296620097,0.0,0.296620097
752,1.25,0.296620097,0.0,0.296620097
752,1.5,0.296620097,0.0,0.296620097
752,1.75,0.296620097,0.0,0.296620097
752,2.0,0.296620097,0.0,0.296620097
753,0.25,0.0644952016,0.4,0.1644952016
753,0.5,0.13308569600000003,0.2,0.233085696
753,0.75,0.13308569600000003,0.2,0.283085696
753,1.0,0.13308569600000003,0.2,0.33308569600000004
753,1.25,0.13308569600000003,0.2,0.38308569600000003
753,1.5,0.13308569600000003,0.2,0.433085696
753,1.75,0.13308569600000003,0.2,0.483085696
753,2.0,0.506663135,0.0,0.506663135
754,0.25,0.0443772636,0.7,0.21937726359999998
754,0.5,0.296620097,0.0,0.296620097
754,0.75,0.296620097,0.0,0.296620097
754,1.0,0.296620097,0.0,0.296620097
754,1.25,0.296620097,0.0,0.296620097
754,1.5,0.296620097,0.0,0.296620097
754,1.75,0.296620097,0.0,0.296620097
754,2.0,0.296620097,0.0,0.296620097
755,0.25,0.06618503830000001,0.7,0.2411850383
755,0.5,0.3135843930000001,0.0,0.3135843930000001
755,0.75,0.3135843930000001,0.0,0.3135843930000001
755,1.0,0.3135843930000001,0.0,0.3135843930000001
755,1.25,0.3135843930000001,0.0,0.3135843930000001
755,1.5,0.3135843930000001,0.0,0.3135843930000001
755,1.75,0.3135843930000001,0.0,0.3135843930000001
755,2.0,0.3135843930000001,0.0,0.3135843930000001
756,0.25,0.0,1.0,0.25
756,0.5,0.29554490499999997,0.0,0.29554490499999997
756,0.75,0.29554490499999997,0.0,0.29554490499999997
756,1.0,0.29554490499999997,0.0,0.29554490499999997
756,1.25,0.29554490499999997,0.0,0.29554490499999997
756,1.5,0.29554490499999997,0.0,0.29554490499999997
756,1.75,0.29554490499999997,0.0,0.29554490499999997
756,2.0,0.29554490499999997,0.0,0.29554490499999997
757,0.25,0.12848052400000004,0.2,0.17848052400000003
757,0.5,0.12848052400000004,0.2,0.22848052400000002
757,0.75,0.12848052400000004,0.2,0.278480524
757,1.0,0.12848052400000004,0.2,0.32848052400000005
757,1.25,0.12848052400000004,0.2,0.37848052400000004
757,1.5,0.12848052400000004,0.2,0.4284805240000001
757,1.75,0.12848052400000004,0.2,0.4784805240000001
757,2.0,0.48156339100000006,0.0,0.48156339100000006
758,0.25,0.12245510070000001,0.4,0.22245510070000002
758,0.5,0.21253698000000001,0.1,0.26253698000000003
758,0.75,0.21253698000000001,0.1,0.28753698
758,1.0,0.21253698000000001,0.1,0.31253698
758,1.25,0.21253698000000001,0.1,0.33753698
758,1.5,0.21253698000000001,0.1,0.36253698
758,1.75,0.372147429,0.0,0.372147429
758,2.0,0.372147429,0.0,0.372147429
759,0.25,0.030198316000000003,0.7,0.205198316
759,0.5,0.227325952,0.1,0.277325952
759,0.75,0.227325952,0.1,0.302325952
759,1.0,0.227325952,0.1,0.327325952
759,1.25,0.227325952,0.1,0.352325952
759,1.5,0.227325952,0.1,0.37732595199999996
759,1.75,0.37800241700000003,0.0,0.37800241700000003
759,2.0,0.37800241700000003,0.0,0.37800241700000003
760,0.25,0.12993209860000002,0.3,0.2049320986
760,0.5,0.12993209860000002,0.3,0.2799320986
760,0.75,0.12993209860000002,0.3,0.3549320986
760,1.0,0.358460153,0.0,0.358460153
760,1.25,0.358460153,0.0,0.358460153
760,1.5,0.358460153,0.0,0.358460153
760,1.75,0.358460153,0.0,0.358460153
760,2.0,0.358460153,0.0,0.358460153
761,0.25,0.0644272201,0.5,0.18942722010000002
761,0.5,0.17713626300000002,0.1,0.227136263
761,0.75,0.17713626300000002,0.1,0.252136263
761,1.0,0.25903007,0.0,0.25903007
761,1.25,0.25903007,0.0,0.25903007
761,1.5,0.25903007,0.0,0.25903007
761,1.75,0.25903007,0.0,0.25903007
761,2.0,0.25903007,0.0,0.25903007
762,0.25,0.12245510070000001,0.4,0.22245510070000002
762,0.5,0.21253698000000001,0.1,0.26253698000000003
762,0.75,0.21253698000000001,0.1,0.28753698
762,1.0,0.21253698000000001,0.1,0.31253698
762,1.25,0.21253698000000001,0.1,0.33753698
762,1.5,0.21253698000000001,0.1,0.36253698
762,1.75,0.372147429,0.0,0.372147429
762,2.0,0.372147429,0.0,0.372147429
763,0.25,0.062066006900000005,0.4,0.1620660069
763,0.5,0.062066006900000005,0.4,0.2620660069
763,0.75,0.1293120456,0.3,0.3543120456
763,1.0,0.383244249,0.0,0.383244249
763,1.25,0.383244249,0.0,0.383244249
763,1.5,0.383244249,0.0,0.383244249
763,1.75,0.383244249,0.0,0.383244249
763,2.0,0.383244249,0.0,0.383244249
764,0.25,0.0,1.0,0.25
764,0.5,0.283286965,0.0,0.283286965
764,0.75,0.283286965,0.0,0.283286965
764,1.0,0.283286965,0.0,0.283286965
764,1.25,0.283286965,0.0,0.283286965
764,1.5,0.283286965,0.0,0.283286965
764,1.75,0.283286965,0.0,0.283286965
764,2.0,0.283286965,0.0,0.283286965
765,0.25,0.033961062199999996,0.6,0.1839610622
765,0.5,0.22205753899999997,0.2,0.32205753899999995
765,0.75,0.275063253,0.1,0.35006325299999996
765,1.0,0.275063253,0.1,0.375063253
765,1.25,0.275063253,0.1,0.400063253
765,1.5,0.40391125299999997,0.0,0.40391125299999997
765,1.75,0.40391125299999997,0.0,0.40391125299999997
765,2.0,0.40391125299999997,0.0,0.40391125299999997
766,0.25,0.0,1.0,0.25
766,0.5,0.29554490499999997,0.0,0.29554490499999997
766,0.75,0.29554490499999997,0.0,0.29554490499999997
766,1.0,0.29554490499999997,0.0,0.29554490499999997
766,1.25,0.29554490499999997,0.0,0.29554490499999997
766,1.5,0.29554490499999997,0.0,0.29554490499999997
766,1.75,0.29554490499999997,0.0,0.29554490499999997
766,2.0,0.29554490499999997,0.0,0.29554490499999997
767,0.25,0.09630425000000001,0.5,0.22130425000000004
767,0.5,0.12205264949999999,0.4,0.32205264949999995
767,0.75,0.34456913299999997,0.0,0.34456913299999997
767,1.0,0.34456913299999997,0.0,0.34456913299999997
767,1.25,0.34456913299999997,0.0,0.34456913299999997
767,1.5,0.34456913299999997,0.0,0.34456913299999997
767,1.75,0.34456913299999997,0.0,0.34456913299999997
767,2.0,0.34456913299999997,0.0,0.34456913299999997
768,0.25,0.055283731399999994,0.6,0.2052837314
768,0.5,0.1513441127,0.4,0.3513441127
768,0.75,0.31878079899999995,0.1,0.39378079899999996
768,1.0,0.31878079899999995,0.1,0.418780799
768,1.25,0.31878079899999995,0.1,0.44378079899999995
768,1.5,0.31878079899999995,0.1,0.46878079899999997
768,1.75,0.479857785,0.0,0.479857785
768,2.0,0.479857785,0.0,0.479857785
769,0.25,0.036044325599999996,0.6,0.1860443256
769,0.5,0.19220950200000003,0.2,0.29220950200000007
769,0.75,0.19220950200000003,0.2,0.34220950200000005
769,1.0,0.27659485699999997,0.1,0.376594857
769,1.25,0.27659485699999997,0.1,0.40159485699999997
769,1.5,0.414478235,0.0,0.414478235
769,1.75,0.414478235,0.0,0.414478235
769,2.0,0.414478235,0.0,0.414478235
770,0.25,0.11880067420000003,0.2,0.16880067420000003
770,0.5,0.11880067420000003,0.2,0.21880067420000002
770,0.75,0.11880067420000003,0.2,0.26880067420000003
770,1.0,0.11880067420000003,0.2,0.3188006742
770,1.25,0.11880067420000003,0.2,0.3688006742
770,1.5,0.39399573400000004,0.0,0.39399573400000004
770,1.75,0.39399573400000004,0.0,0.39399573400000004
770,2.0,0.39399573400000004,0.0,0.39399573400000004
771,0.25,0.11219274330000002,0.5,0.2371927433
771,0.5,0.1628265653,0.3,0.3128265653
771,0.75,0.323600093,0.0,0.323600093
771,1.0,0.323600093,0.0,0.323600093
771,1.25,0.323600093,0.0,0.323600093
771,1.5,0.323600093,0.0,0.323600093
771,1.75,0.323600093,0.0,0.323600093
771,2.0,0.323600093,0.0,0.323600093
772,0.25,0.0,1.0,0.25
772,0.5,0.29554490499999997,0.0,0.29554490499999997
772,0.75,0.29554490499999997,0.0,0.29554490499999997
772,1.0,0.29554490499999997,0.0,0.29554490499999997
772,1.25,0.29554490499999997,0.0,0.29554490499999997
772,1.5,0.29554490499999997,0.0,0.29554490499999997
772,1.75,0.29554490499999997,0.0,0.29554490499999997
772,2.0,0.29554490499999997,0.0,0.29554490499999997
773,0.25,0.13608008700000002,0.4,0.23608008700000002
773,0.5,0.26919004300000005,0.0,0.26919004300000005
773,0.75,0.26919004300000005,0.0,0.26919004300000005
773,1.0,0.26919004300000005,0.0,0.26919004300000005
773,1.25,0.26919004300000005,0.0,0.26919004300000005
773,1.5,0.26919004300000005,0.0,0.26919004300000005
773,1.75,0.26919004300000005,0.0,0.26919004300000005
773,2.0,0.26919004300000005,0.0,0.26919004300000005
774,0.25,0.0,1.0,0.25
774,0.5,0.29554490499999997,0.0,0.29554490499999997
774,0.75,0.29554490499999997,0.0,0.29554490499999997
774,1.0,0.29554490499999997,0.0,0.29554490499999997
774,1.25,0.29554490499999997,0.0,0.29554490499999997
774,1.5,0.29554490499999997,0.0,0.29554490499999997
774,1.75,0.29554490499999997,0.0,0.29554490499999997
774,2.0,0.29554490499999997,0.0,0.29554490499999997
775,0.25,0.0,1.0,0.25
775,0.5,0.2745237340000001,0.2,0.37452373400000005
775,0.75,0.389258682,0.0,0.389258682
775,1.0,0.389258682,0.0,0.389258682
775,1.25,0.389258682,0.0,0.389258682
775,1.5,0.389258682,0.0,0.389258682
775,1.75,0.389258682,0.0,0.389258682
775,2.0,0.389258682,0.0,0.389258682
776,0.25,0.056112300999999996,0.5,0.181112301
776,0.5,0.12480634900000001,0.3,0.274806349
776,0.75,0.12480634900000001,0.3,0.34980634899999996
776,1.0,0.38321702499999993,0.0,0.38321702499999993
776,1.25,0.38321702499999993,0.0,0.38321702499999993
776,1.5,0.38321702499999993,0.0,0.38321702499999993
776,1.75,0.38321702499999993,0.0,0.38321702499999993
776,2.0,0.38321702499999993,0.0,0.38321702499999993
777,0.25,0.0317189265,0.7,0.2067189265
777,0.5,0.20550934,0.2,0.30550934
777,0.75,0.259466949,0.1,0.33446694899999996
777,1.0,0.259466949,0.1,0.359466949
777,1.25,0.259466949,0.1,0.384466949
777,1.5,0.259466949,0.1,0.4094669489999999
777,1.75,0.40985232099999996,0.0,0.40985232099999996
777,2.0,0.40985232099999996,0.0,0.40985232099999996
778,0.25,0.0,1.0,0.25
778,0.5,0.29554490499999997,0.0,0.29554490499999997
778,0.75,0.29554490499999997,0.0,0.29554490499999997
778,1.0,0.29554490499999997,0.0,0.29554490499999997
778,1.25,0.29554490499999997,0.0,0.29554490499999997
778,1.5,0.29554490499999997,0.0,0.29554490499999997
778,1.75,0.29554490499999997,0.0,0.29554490499999997
778,2.0,0.29554490499999997,0.0,0.29554490499999997
779,0.25,0.0530414148,0.6,0.20304141480000001
779,0.5,0.14641996070000002,0.4,0.34641996070000003
779,0.75,0.313905315,0.1,0.38890531500000003
779,1.0,0.313905315,0.1,0.41390531500000005
779,1.25,0.313905315,0.1,0.4389053150000001
779,1.5,0.313905315,0.1,0.46390531500000004
779,1.75,0.47140746600000005,0.0,0.47140746600000005
779,2.0,0.47140746600000005,0.0,0.47140746600000005
780,0.25,0.062066006900000005,0.4,0.1620660069
780,0.5,0.062066006900000005,0.4,0.2620660069
780,0.75,0.1293120456,0.3,0.3543120456
780,1.0,0.383244249,0.0,0.383244249
780,1.25,0.383244249,0.0,0.383244249
780,1.5,0.383244249,0.0,0.383244249
780,1.75,0.383244249,0.0,0.383244249
780,2.0,0.383244249,0.0,0.383244249
781,0.25,0.055283731399999994,0.6,0.2052837314
781,0.5,0.1513441127,0.4,0.3513441127
781,0.75,0.31878079899999995,0.1,0.39378079899999996
781,1.0,0.31878079899999995,0.1,0.418780799
781,1.25,0.31878079899999995,0.1,0.44378079899999995
781,1.5,0.31878079899999995,0.1,0.46878079899999997
781,1.75,0.479857785,0.0,0.479857785
781,2.0,0.479857785,0.0,0.479857785
782,0.25,0.150175755,0.3,0.22517575499999998
782,0.5,0.29340551,0.0,0.29340551
782,0.75,0.29340551,0.0,0.29340551
782,1.0,0.29340551,0.0,0.29340551
782,1.25,0.29340551,0.0,0.29340551
782,1.5,0.29340551,0.0,0.29340551
782,1.75,0.29340551,0.0,0.29340551
782,2.0,0.29340551,0.0,0.29340551
783,0.25,0.161229081,0.1,0.186229081
783,0.5,0.161229081,0.1,0.211229081
783,0.75,0.161229081,0.1,0.236229081
783,1.0,0.161229081,0.1,0.26122908100000003
783,1.25,0.275691584,0.0,0.275691584
783,1.5,0.275691584,0.0,0.275691584
783,1.75,0.275691584,0.0,0.275691584
783,2.0,0.275691584,0.0,0.275691584
784,0.25,0.12848052400000004,0.2,0.17848052400000003
784,0.5,0.12848052400000004,0.2,0.22848052400000002
784,0.75,0.12848052400000004,0.2,0.278480524
784,1.0,0.12848052400000004,0.2,0.32848052400000005
784,1.25,0.12848052400000004,0.2,0.37848052400000004
784,1.5,0.12848052400000004,0.2,0.4284805240000001
784,1.75,0.12848052400000004,0.2,0.4784805240000001
784,2.0,0.48156339100000006,0.0,0.48156339100000006
785,0.25,0.024624390700000002,0.9,0.24962439070000003
785,0.5,0.30108552200000005,0.0,0.30108552200000005
785,0.75,0.30108552200000005,0.0,0.30108552200000005
785,1.0,0.30108552200000005,0.0,0.30108552200000005
785,1.25,0.30108552200000005,0.0,0.30108552200000005
785,1.5,0.30108552200000005,0.0,0.30108552200000005
785,1.75,0.30108552200000005,0.0,0.30108552200000005
785,2.0,0.30108552200000005,0.0,0.30108552200000005
786,0.25,0.12993209860000002,0.3,0.2049320986
786,0.5,0.12993209860000002,0.3,0.2799320986
786,0.75,0.12993209860000002,0.3,0.3549320986
786,1.0,0.358460153,0.0,0.358460153
786,1.25,0.358460153,0.0,0.358460153
786,1.5,0.358460153,0.0,0.358460153
786,1.75,0.358460153,0.0,0.358460153
786,2.0,0.358460153,0.0,0.358460153
787,0.25,0.030198316000000003,0.7,0.205198316
787,0.5,0.227325952,0.1,0.277325952
787,0.75,0.227325952,0.1,0.302325952
787,1.0,0.227325952,0.1,0.327325952
787,1.25,0.227325952,0.1,0.352325952
787,1.5,0.227325952,0.1,0.37732595199999996
787,1.75,0.37800241700000003,0.0,0.37800241700000003
787,2.0,0.37800241700000003,0.0,0.37800241700000003
788,0.25,0.1322857997,0.4,0.2322857997
788,0.5,0.24931318600000002,0.1,0.299313186
788,0.75,0.24931318600000002,0.1,0.32431318600000003
788,1.0,0.24931318600000002,0.1,0.349313186
788,1.25,0.363035726,0.0,0.363035726
788,1.5,0.363035726,0.0,0.363035726
788,1.75,0.363035726,0.0,0.363035726
788,2.0,0.363035726,0.0,0.363035726
789,0.25,0.0427629918,0.6,0.1927629918
789,0.5,0.195655049,0.1,0.24565504899999996
789,0.75,0.195655049,0.1,0.270655049
789,1.0,0.195655049,0.1,0.29565504899999995
789,1.25,0.195655049,0.1,0.32065504899999997
789,1.5,0.195655049,0.1,0.345655049
789,1.75,0.195655049,0.1,0.37065504899999996
789,2.0,0.37199146200000005,0.0,0.37199146200000005
790,0.25,0.030198316000000003,0.7,0.205198316
790,0.5,0.227325952,0.1,0.277325952
790,0.75,0.227325952,0.1,0.302325952
790,1.0,0.227325952,0.1,0.327325952
790,1.25,0.227325952,0.1,0.352325952
790,1.5,0.227325952,0.1,0.37732595199999996
790,1.75,0.37800241700000003,0.0,0.37800241700000003
790,2.0,0.37800241700000003,0.0,0.37800241700000003
791,0.25,0.12993209860000002,0.3,0.2049320986
791,0.5,0.12993209860000002,0.3,0.2799320986
791,0.75,0.12993209860000002,0.3,0.3549320986
791,1.0,0.358460153,0.0,0.358460153
791,1.25,0.358460153,0.0,0.358460153
791,1.5,0.358460153,0.0,0.358460153
791,1.75,0.358460153,0.0,0.358460153
791,2.0,0.358460153,0.0,0.358460153
792,0.25,0.055283731399999994,0.6,0.2052837314
792,0.5,0.1513441127,0.4,0.3513441127
792,0.75,0.31878079899999995,0.1,0.39378079899999996
792,1.0,0.31878079899999995,0.1,0.418780799
792,1.25,0.31878079899999995,0.1,0.44378079899999995
792,1.5,0.31878079899999995,0.1,0.46878079899999997
792,1.75,0.479857785,0.0,0.479857785
792,2.0,0.479857785,0.0,0.479857785
793,0.25,0.0443772636,0.7,0.21937726359999998
793,0.5,0.296620097,0.0,0.296620097
793,0.75,0.296620097,0.0,0.296620097
793,1.0,0.296620097,0.0,0.296620097
793,1.25,0.296620097,0.0,0.296620097
793,1.5,0.296620097,0.0,0.296620097
793,1.75,0.296620097,0.0,0.296620097
793,2.0,0.296620097,0.0,0.296620097
794,0.25,0.0427629918,0.6,0.1927629918
794,0.5,0.195655049,0.1,0.24565504899999996
794,0.75,0.195655049,0.1,0.270655049
794,1.0,0.195655049,0.1,0.29565504899999995
794,1.25,0.195655049,0.1,0.32065504899999997
794,1.5,0.195655049,0.1,0.345655049
794,1.75,0.195655049,0.1,0.37065504899999996
794,2.0,0.37199146200000005,0.0,0.37199146200000005
795,0.25,0.0443772636,0.7,0.21937726359999998
795,0.5,0.296620097,0.0,0.296620097
795,0.75,0.296620097,0.0,0.296620097
795,1.0,0.296620097,0.0,0.296620097
795,1.25,0.296620097,0.0,0.296620097
795,1.5,0.296620097,0.0,0.296620097
795,1.75,0.296620097,0.0,0.296620097
795,2.0,0.296620097,0.0,0.296620097
796,0.25,0.0530414148,0.6,0.20304141480000001
796,0.5,0.14641996070000002,0.4,0.34641996070000003
796,0.75,0.313905315,0.1,0.38890531500000003
796,1.0,0.313905315,0.1,0.41390531500000005
796,1.25,0.313905315,0.1,0.4389053150000001
796,1.5,0.313905315,0.1,0.46390531500000004
796,1.75,0.47140746600000005,0.0,0.47140746600000005
796,2.0,0.47140746600000005,0.0,0.47140746600000005
797,0.25,0.030198316000000003,0.7,0.205198316
797,0.5,0.227325952,0.1,0.277325952
797,0.75,0.227325952,0.1,0.302325952
797,1.0,0.227325952,0.1,0.327325952
797,1.25,0.227325952,0.1,0.352325952
797,1.5,0.227325952,0.1,0.37732595199999996
797,1.75,0.37800241700000003,0.0,0.37800241700000003
797,2.0,0.37800241700000003,0.0,0.37800241700000003
798,0.25,0.0443772636,0.7,0.21937726359999998
798,0.5,0.296620097,0.0,0.296620097
798,0.75,0.296620097,0.0,0.296620097
798,1.0,0.296620097,0.0,0.296620097
798,1.25,0.296620097,0.0,0.296620097
798,1.5,0.296620097,0.0,0.296620097
798,1.75,0.296620097,0.0,0.296620097
798,2.0,0.296620097,0.0,0.296620097
799,0.25,0.0,1.0,0.25
799,0.5,0.30518516600000006,0.2,0.40518516600000004
799,0.75,0.419970168,0.0,0.419970168
799,1.0,0.419970168,0.0,0.419970168
799,1.25,0.419970168,0.0,0.419970168
799,1.5,0.419970168,0.0,0.419970168
799,1.75,0.419970168,0.0,0.419970168
799,2.0,0.419970168,0.0,0.419970168
800,0.25,0.036044325599999996,0.6,0.1860443256
800,0.5,0.19220950200000003,0.2,0.29220950200000007
800,0.75,0.19220950200000003,0.2,0.34220950200000005
800,1.0,0.27659485699999997,0.1,0.376594857
800,1.25,0.27659485699999997,0.1,0.40159485699999997
800,1.5,0.414478235,0.0,0.414478235
800,1.75,0.414478235,0.0,0.414478235
800,2.0,0.414478235,0.0,0.414478235
801,0.25,0.033961062199999996,0.6,0.1839610622
801,0.5,0.22205753899999997,0.2,0.32205753899999995
801,0.75,0.275063253,0.1,0.35006325299999996
801,1.0,0.275063253,0.1,0.375063253
801,1.25,0.275063253,0.1,0.400063253
801,1.5,0.40391125299999997,0.0,0.40391125299999997
801,1.75,0.40391125299999997,0.0,0.40391125299999997
801,2.0,0.40391125299999997,0.0,0.40391125299999997
802,0.25,0.0,1.0,0.25
802,0.5,0.32775878699999994,0.0,0.32775878699999994
802,0.75,0.32775878699999994,0.0,0.32775878699999994
802,1.0,0.32775878699999994,0.0,0.32775878699999994
802,1.25,0.32775878699999994,0.0,0.32775878699999994
802,1.5,0.32775878699999994,0.0,0.32775878699999994
802,1.75,0.32775878699999994,0.0,0.32775878699999994
802,2.0,0.32775878699999994,0.0,0.32775878699999994
803,0.25,0.055283731399999994,0.6,0.2052837314
803,0.5,0.1513441127,0.4,0.3513441127
803,0.75,0.31878079899999995,0.1,0.39378079899999996
803,1.0,0.31878079899999995,0.1,0.418780799
803,1.25,0.31878079899999995,0.1,0.44378079899999995
803,1.5,0.31878079899999995,0.1,0.46878079899999997
803,1.75,0.479857785,0.0,0.479857785
803,2.0,0.479857785,0.0,0.479857785
804,0.25,0.033961062199999996,0.6,0.1839610622
804,0.5,0.22205753899999997,0.2,0.32205753899999995
804,0.75,0.275063253,0.1,0.35006325299999996
804,1.0,0.275063253,0.1,0.375063253
804,1.25,0.275063253,0.1,0.400063253
804,1.5,0.40391125299999997,0.0,0.40391125299999997
804,1.75,0.40391125299999997,0.0,0.40391125299999997
804,2.0,0.40391125299999997,0.0,0.40391125299999997
805,0.25,0.11880067420000003,0.2,0.16880067420000003
805,0.5,0.11880067420000003,0.2,0.21880067420000002
805,0.75,0.11880067420000003,0.2,0.26880067420000003
805,1.0,0.11880067420000003,0.2,0.3188006742
805,1.25,0.11880067420000003,0.2,0.3688006742
805,1.5,0.39399573400000004,0.0,0.39399573400000004
805,1.75,0.39399573400000004,0.0,0.39399573400000004
805,2.0,0.39399573400000004,0.0,0.39399573400000004
806,0.25,0.0,1.0,0.25
806,0.5,0.2745237340000001,0.2,0.37452373400000005
806,0.75,0.389258682,0.0,0.389258682
806,1.0,0.389258682,0.0,0.389258682
806,1.25,0.389258682,0.0,0.389258682
806,1.5,0.389258682,0.0,0.389258682
806,1.75,0.389258682,0.0,0.389258682
806,2.0,0.389258682,0.0,0.389258682
807,0.25,0.030198316000000003,0.7,0.205198316
807,0.5,0.227325952,0.1,0.277325952
807,0.75,0.227325952,0.1,0.302325952
807,1.0,0.227325952,0.1,0.327325952
807,1.25,0.227325952,0.1,0.352325952
807,1.5,0.227325952,0.1,0.37732595199999996
807,1.75,0.37800241700000003,0.0,0.37800241700000003
807,2.0,0.37800241700000003,0.0,0.37800241700000003
808,0.25,0.06618503830000001,0.7,0.2411850383
808,0.5,0.3135843930000001,0.0,0.3135843930000001
808,0.75,0.3135843930000001,0.0,0.3135843930000001
808,1.0,0.3135843930000001,0.0,0.3135843930000001
808,1.25,0.3135843930000001,0.0,0.3135843930000001
808,1.5,0.3135843930000001,0.0,0.3135843930000001
808,1.75,0.3135843930000001,0.0,0.3135843930000001
808,2.0,0.3135843930000001,0.0,0.3135843930000001
809,0.25,0.031708338,0.7,0.20670833800000002
809,0.5,0.1816136703,0.2,0.28161367029999995
809,0.75,0.233143682,0.1,0.308143682
809,1.0,0.233143682,0.1,0.333143682
809,1.25,0.233143682,0.1,0.358143682
809,1.5,0.233143682,0.1,0.383143682
809,1.75,0.400484593,0.0,0.400484593
809,2.0,0.400484593,0.0,0.400484593
810,0.25,0.0644952016,0.4,0.1644952016
810,0.5,0.13308569600000003,0.2,0.233085696
810,0.75,0.13308569600000003,0.2,0.283085696
810,1.0,0.13308569600000003,0.2,0.33308569600000004
810,1.25,0.13308569600000003,0.2,0.38308569600000003
810,1.5,0.13308569600000003,0.2,0.433085696
810,1.75,0.13308569600000003,0.2,0.483085696
810,2.0,0.506663135,0.0,0.506663135
811,0.25,0.033961062199999996,0.6,0.1839610622
811,0.5,0.22205753899999997,0.2,0.32205753899999995
811,0.75,0.275063253,0.1,0.35006325299999996
811,1.0,0.275063253,0.1,0.375063253
811,1.25,0.275063253,0.1,0.400063253
811,1.5,0.40391125299999997,0.0,0.40391125299999997
811,1.75,0.40391125299999997,0.0,0.40391125299999997
811,2.0,0.40391125299999997,0.0,0.40391125299999997
812,0.25,0.15017575500000002,0.3,0.22517575500000003
812,0.5,0.29340551,0.0,0.29340551
812,0.75,0.29340551,0.0,0.29340551
812,1.0,0.29340551,0.0,0.29340551
812,1.25,0.29340551,0.0,0.29340551
812,1.5,0.29340551,0.0,0.29340551
812,1.75,0.29340551,0.0,0.29340551
812,2.0,0.29340551,0.0,0.29340551
813,0.25,0.0644272201,0.5,0.18942722010000002
813,0.5,0.17713626300000002,0.1,0.227136263
813,0.75,0.17713626300000002,0.1,0.252136263
813,1.0,0.25903007,0.0,0.25903007
813,1.25,0.25903007,0.0,0.25903007
813,1.5,0.25903007,0.0,0.25903007
813,1.75,0.25903007,0.0,0.25903007
813,2.0,0.25903007,0.0,0.25903007
814,0.25,0.0694079921,0.3,0.1444079921
814,0.5,0.1200750344,0.1,0.1700750344
814,0.75,0.1200750344,0.1,0.1950750344
814,1.0,0.1200750344,0.1,0.22007503440000004
814,1.25,0.1200750344,0.1,0.24507503440000003
814,1.5,0.251829514,0.0,0.251829514
814,1.75,0.251829514,0.0,0.251829514
814,2.0,0.251829514,0.0,0.251829514
815,0.25,0.056112300999999996,0.5,0.181112301
815,0.5,0.12480634900000001,0.3,0.274806349
815,0.75,0.12480634900000001,0.3,0.34980634899999996
815,1.0,0.38321702499999993,0.0,0.38321702499999993
815,1.25,0.38321702499999993,0.0,0.38321702499999993
815,1.5,0.38321702499999993,0.0,0.38321702499999993
815,1.75,0.38321702499999993,0.0,0.38321702499999993
815,2.0,0.38321702499999993,0.0,0.38321702499999993
816,0.25,0.055283731399999994,0.6,0.2052837314
816,0.5,0.1513441127,0.4,0.3513441127
816,0.75,0.31878079899999995,0.1,0.39378079899999996
816,1.0,0.31878079899999995,0.1,0.418780799
816,1.25,0.31878079899999995,0.1,0.44378079899999995
816,1.5,0.31878079899999995,0.1,0.46878079899999997
816,1.75,0.479857785,0.0,0.479857785
816,2.0,0.479857785,0.0,0.479857785
817,0.25,0.06618503830000001,0.7,0.2411850383
817,0.5,0.3135843930000001,0.0,0.3135843930000001
817,0.75,0.3135843930000001,0.0,0.3135843930000001
817,1.0,0.3135843930000001,0.0,0.3135843930000001
817,1.25,0.3135843930000001,0.0,0.3135843930000001
817,1.5,0.3135843930000001,0.0,0.3135843930000001
817,1.75,0.3135843930000001,0.0,0.3135843930000001
817,2.0,0.3135843930000001,0.0,0.3135843930000001
818,0.25,0.0,1.0,0.25
818,0.5,0.30518516600000006,0.2,0.40518516600000004
818,0.75,0.419970168,0.0,0.419970168
818,1.0,0.419970168,0.0,0.419970168
818,1.25,0.419970168,0.0,0.419970168
818,1.5,0.419970168,0.0,0.419970168
818,1.75,0.419970168,0.0,0.419970168
818,2.0,0.419970168,0.0,0.419970168
819,0.25,0.0,1.0,0.25
819,0.5,0.29554490499999997,0.0,0.29554490499999997
819,0.75,0.29554490499999997,0.0,0.29554490499999997
819,1.0,0.29554490499999997,0.0,0.29554490499999997
819,1.25,0.29554490499999997,0.0,0.29554490499999997
819,1.5,0.29554490499999997,0.0,0.29554490499999997
819,1.75,0.29554490499999997,0.0,0.29554490499999997
819,2.0,0.29554490499999997,0.0,0.29554490499999997
820,0.25,0.11219274330000002,0.5,0.2371927433
820,0.5,0.1628265653,0.3,0.3128265653
820,0.75,0.323600093,0.0,0.323600093
820,1.0,0.323600093,0.0,0.323600093
820,1.25,0.323600093,0.0,0.323600093
820,1.5,0.323600093,0.0,0.323600093
820,1.75,0.323600093,0.0,0.323600093
820,2.0,0.323600093,0.0,0.323600093
821,0.25,0.15307148,0.3,0.22807148000000002
821,0.5,0.254036287,0.0,0.254036287
821,0.75,0.254036287,0.0,0.254036287
821,1.0,0.254036287,0.0,0.254036287
821,1.25,0.254036287,0.0,0.254036287
821,1.5,0.254036287,0.0,0.254036287
821,1.75,0.254036287,0.0,0.254036287
821,2.0,0.254036287,0.0,0.254036287
822,0.25,0.0644272201,0.5,0.18942722010000002
822,0.5,0.17713626300000002,0.1,0.227136263
822,0.75,0.17713626300000002,0.1,0.252136263
822,1.0,0.25903007,0.0,0.25903007
822,1.25,0.25903007,0.0,0.25903007
822,1.5,0.25903007,0.0,0.25903007
822,1.75,0.25903007,0.0,0.25903007
822,2.0,0.25903007,0.0,0.25903007
823,0.25,0.0,1.0,0.25
823,0.5,0.274523734,0.2,0.374523734
823,0.75,0.389258682,0.0,0.389258682
823,1.0,0.389258682,0.0,0.389258682
823,1.25,0.389258682,0.0,0.389258682
823,1.5,0.389258682,0.0,0.389258682
823,1.75,0.389258682,0.0,0.389258682
823,2.0,0.389258682,0.0,0.389258682
824,0.25,0.056112300999999996,0.5,0.181112301
824,0.5,0.12480634900000001,0.3,0.274806349
824,0.75,0.12480634900000001,0.3,0.34980634899999996
824,1.0,0.38321702499999993,0.0,0.38321702499999993
824,1.25,0.38321702499999993,0.0,0.38321702499999993
824,1.5,0.38321702499999993,0.0,0.38321702499999993
824,1.75,0.38321702499999993,0.0,0.38321702499999993
824,2.0,0.38321702499999993,0.0,0.38321702499999993
825,0.25,0.0,1.0,0.25
825,0.5,0.30518516600000006,0.2,0.40518516600000004
825,0.75,0.419970168,0.0,0.419970168
825,1.0,0.419970168,0.0,0.419970168
825,1.25,0.419970168,0.0,0.419970168
825,1.5,0.419970168,0.0,0.419970168
825,1.75,0.419970168,0.0,0.419970168
825,2.0,0.419970168,0.0,0.419970168
826,0.25,0.0328724575,0.8,0.2328724575
826,0.5,0.30452869399999993,0.0,0.30452869399999993
826,0.75,0.30452869399999993,0.0,0.30452869399999993
826,1.0,0.30452869399999993,0.0,0.30452869399999993
826,1.25,0.30452869399999993,0.0,0.30452869399999993
826,1.5,0.30452869399999993,0.0,0.30452869399999993
826,1.75,0.30452869399999993,0.0,0.30452869399999993
826,2.0,0.30452869399999993,0.0,0.30452869399999993
827,0.25,0.0,1.0,0.25
827,0.5,0.29554490499999997,0.0,0.29554490499999997
827,0.75,0.29554490499999997,0.0,0.29554490499999997
827,1.0,0.29554490499999997,0.0,0.29554490499999997
827,1.25,0.29554490499999997,0.0,0.29554490499999997
827,1.5,0.29554490499999997,0.0,0.29554490499999997
827,1.75,0.29554490499999997,0.0,0.29554490499999997
827,2.0,0.29554490499999997,0.0,0.29554490499999997
828,0.25,0.06618503830000001,0.7,0.2411850383
828,0.5,0.3135843930000001,0.0,0.3135843930000001
828,0.75,0.3135843930000001,0.0,0.3135843930000001
828,1.0,0.3135843930000001,0.0,0.3135843930000001
828,1.25,0.3135843930000001,0.0,0.3135843930000001
828,1.5,0.3135843930000001,0.0,0.3135843930000001
828,1.75,0.3135843930000001,0.0,0.3135843930000001
828,2.0,0.3135843930000001,0.0,0.3135843930000001
829,0.25,0.0,1.0,0.25
829,0.5,0.30518516600000006,0.2,0.40518516600000004
829,0.75,0.419970168,0.0,0.419970168
829,1.0,0.419970168,0.0,0.419970168
829,1.25,0.419970168,0.0,0.419970168
829,1.5,0.419970168,0.0,0.419970168
829,1.75,0.419970168,0.0,0.419970168
829,2.0,0.419970168,0.0,0.419970168
830,0.25,0.0644272201,0.5,0.18942722010000002
830,0.5,0.17713626300000002,0.1,0.227136263
830,0.75,0.17713626300000002,0.1,0.252136263
830,1.0,0.25903007,0.0,0.25903007
830,1.25,0.25903007,0.0,0.25903007
830,1.5,0.25903007,0.0,0.25903007
830,1.75,0.25903007,0.0,0.25903007
830,2.0,0.25903007,0.0,0.25903007
831,0.25,0.0,1.0,0.25
831,0.5,0.2745237340000001,0.2,0.37452373400000005
831,0.75,0.389258682,0.0,0.389258682
831,1.0,0.389258682,0.0,0.389258682
831,1.25,0.389258682,0.0,0.389258682
831,1.5,0.389258682,0.0,0.389258682
831,1.75,0.389258682,0.0,0.389258682
831,2.0,0.389258682,0.0,0.389258682
832,0.25,0.0530414148,0.6,0.20304141480000001
832,0.5,0.14641996070000002,0.4,0.34641996070000003
832,0.75,0.313905315,0.1,0.38890531500000003
832,1.0,0.313905315,0.1,0.41390531500000005
832,1.25,0.313905315,0.1,0.4389053150000001
832,1.5,0.313905315,0.1,0.46390531500000004
832,1.75,0.47140746600000005,0.0,0.47140746600000005
832,2.0,0.47140746600000005,0.0,0.47140746600000005
833,0.25,0.0443772636,0.7,0.21937726359999998
833,0.5,0.296620097,0.0,0.296620097
833,0.75,0.296620097,0.0,0.296620097
833,1.0,0.296620097,0.0,0.296620097
833,1.25,0.296620097,0.0,0.296620097
833,1.5,0.296620097,0.0,0.296620097
833,1.75,0.296620097,0.0,0.296620097
833,2.0,0.296620097,0.0,0.296620097
834,0.25,0.0,1.0,0.25
834,0.5,0.283286965,0.0,0.283286965
834,0.75,0.283286965,0.0,0.283286965
834,1.0,0.283286965,0.0,0.283286965
834,1.25,0.283286965,0.0,0.283286965
834,1.5,0.283286965,0.0,0.283286965
834,1.75,0.283286965,0.0,0.283286965
834,2.0,0.283286965,0.0,0.283286965
835,0.25,0.056112300999999996,0.5,0.181112301
835,0.5,0.12480634900000001,0.3,0.274806349
835,0.75,0.12480634900000001,0.3,0.34980634899999996
835,1.0,0.38321702499999993,0.0,0.38321702499999993
835,1.25,0.38321702499999993,0.0,0.38321702499999993
835,1.5,0.38321702499999993,0.0,0.38321702499999993
835,1.75,0.38321702499999993,0.0,0.38321702499999993
835,2.0,0.38321702499999993,0.0,0.38321702499999993
836,0.25,0.046948317600000004,0.6,0.1969483176
836,0.5,0.251885472,0.0,0.251885472
836,0.75,0.251885472,0.0,0.251885472
836,1.0,0.251885472,0.0,0.251885472
836,1.25,0.251885472,0.0,0.251885472
836,1.5,0.251885472,0.0,0.251885472
836,1.75,0.251885472,0.0,0.251885472
836,2.0,0.251885472,0.0,0.251885472
837,0.25,0.0,1.0,0.25
837,0.5,0.283286965,0.0,0.283286965
837,0.75,0.283286965,0.0,0.283286965
837,1.0,0.283286965,0.0,0.283286965
837,1.25,0.283286965,0.0,0.283286965
837,1.5,0.283286965,0.0,0.283286965
837,1.75,0.283286965,0.0,0.283286965
837,2.0,0.283286965,0.0,0.283286965
838,0.25,0.036044325599999996,0.6,0.1860443256
838,0.5,0.19220950200000003,0.2,0.29220950200000007
838,0.75,0.19220950200000003,0.2,0.34220950200000005
838,1.0,0.27659485699999997,0.1,0.376594857
838,1.25,0.27659485699999997,0.1,0.40159485699999997
838,1.5,0.414478235,0.0,0.414478235
838,1.75,0.414478235,0.0,0.414478235
838,2.0,0.414478235,0.0,0.414478235
839,0.25,0.036044325599999996,0.6,0.1860443256
839,0.5,0.19220950200000003,0.2,0.29220950200000007
839,0.75,0.19220950200000003,0.2,0.34220950200000005
839,1.0,0.27659485699999997,0.1,0.376594857
839,1.25,0.27659485699999997,0.1,0.40159485699999997
839,1.5,0.414478235,0.0,0.414478235
839,1.75,0.414478235,0.0,0.414478235
839,2.0,0.414478235,0.0,0.414478235
840,0.25,0.0644272201,0.5,0.18942722010000002
840,0.5,0.17713626300000002,0.1,0.227136263
840,0.75,0.17713626300000002,0.1,0.252136263
840,1.0,0.25903007,0.0,0.25903007
840,1.25,0.25903007,0.0,0.25903007
840,1.5,0.25903007,0.0,0.25903007
840,1.75,0.25903007,0.0,0.25903007
840,2.0,0.25903007,0.0,0.25903007
841,0.25,0.062066006900000005,0.4,0.1620660069
841,0.5,0.062066006900000005,0.4,0.2620660069
841,0.75,0.1293120456,0.3,0.3543120456
841,1.0,0.383244249,0.0,0.383244249
841,1.25,0.383244249,0.0,0.383244249
841,1.5,0.383244249,0.0,0.383244249
841,1.75,0.383244249,0.0,0.383244249
841,2.0,0.383244249,0.0,0.383244249
842,0.25,0.0644952016,0.4,0.1644952016
842,0.5,0.13308569600000003,0.2,0.233085696
842,0.75,0.13308569600000003,0.2,0.283085696
842,1.0,0.13308569600000003,0.2,0.33308569600000004
842,1.25,0.13308569600000003,0.2,0.38308569600000003
842,1.5,0.13308569600000003,0.2,0.433085696
842,1.75,0.13308569600000003,0.2,0.483085696
842,2.0,0.506663135,0.0,0.506663135
843,0.25,0.046948317600000004,0.6,0.1969483176
843,0.5,0.251885472,0.0,0.251885472
843,0.75,0.251885472,0.0,0.251885472
843,1.0,0.251885472,0.0,0.251885472
843,1.25,0.251885472,0.0,0.251885472
843,1.5,0.251885472,0.0,0.251885472
843,1.75,0.251885472,0.0,0.251885472
843,2.0,0.251885472,0.0,0.251885472
844,0.25,0.15017575500000002,0.3,0.22517575500000003
844,0.5,0.29340551,0.0,0.29340551
844,0.75,0.29340551,0.0,0.29340551
844,1.0,0.29340551,0.0,0.29340551
844,1.25,0.29340551,0.0,0.29340551
844,1.5,0.29340551,0.0,0.29340551
844,1.75,0.29340551,0.0,0.29340551
844,2.0,0.29340551,0.0,0.29340551
845,0.25,0.0,1.0,0.25
845,0.5,0.32775878699999994,0.0,0.32775878699999994
845,0.75,0.32775878699999994,0.0,0.32775878699999994
845,1.0,0.32775878699999994,0.0,0.32775878699999994
845,1.25,0.32775878699999994,0.0,0.32775878699999994
845,1.5,0.32775878699999994,0.0,0.32775878699999994
845,1.75,0.32775878699999994,0.0,0.32775878699999994
845,2.0,0.32775878699999994,0.0,0.32775878699999994
846,0.25,0.11219274330000002,0.5,0.2371927433
846,0.5,0.1628265653,0.3,0.3128265653
846,0.75,0.323600093,0.0,0.323600093
846,1.0,0.323600093,0.0,0.323600093
846,1.25,0.323600093,0.0,0.323600093
846,1.5,0.323600093,0.0,0.323600093
846,1.75,0.323600093,0.0,0.323600093
846,2.0,0.323600093,0.0,0.323600093
847,0.25,0.05781304220000001,0.4,0.1578130422
847,0.5,0.05781304220000001,0.4,0.2578130422
847,0.75,0.128392695,0.3,0.35339269500000003
847,1.0,0.390461635,0.0,0.390461635
847,1.25,0.390461635,0.0,0.390461635
847,1.5,0.390461635,0.0,0.390461635
847,1.75,0.390461635,0.0,0.390461635
847,2.0,0.390461635,0.0,0.390461635
848,0.25,0.0,1.0,0.25
848,0.5,0.274523734,0.2,0.374523734
848,0.75,0.389258682,0.0,0.389258682
848,1.0,0.389258682,0.0,0.389258682
848,1.25,0.389258682,0.0,0.389258682
848,1.5,0.389258682,0.0,0.389258682
848,1.75,0.389258682,0.0,0.389258682
848,2.0,0.389258682,0.0,0.389258682
849,0.25,0.150175755,0.3,0.22517575499999998
849,0.5,0.29340551,0.0,0.29340551
849,0.75,0.29340551,0.0,0.29340551
849,1.0,0.29340551,0.0,0.29340551
849,1.25,0.29340551,0.0,0.29340551
849,1.5,0.29340551,0.0,0.29340551
849,1.75,0.29340551,0.0,0.29340551
849,2.0,0.29340551,0.0,0.29340551
850,0.25,0.11880067420000003,0.2,0.16880067420000003
850,0.5,0.11880067420000003,0.2,0.21880067420000002
850,0.75,0.11880067420000003,0.2,0.26880067420000003
850,1.0,0.11880067420000003,0.2,0.3188006742
850,1.25,0.11880067420000003,0.2,0.3688006742
850,1.5,0.39399573400000004,0.0,0.39399573400000004
850,1.75,0.39399573400000004,0.0,0.39399573400000004
850,2.0,0.39399573400000004,0.0,0.39399573400000004
851,0.25,0.161229081,0.1,0.186229081
851,0.5,0.161229081,0.1,0.211229081
851,0.75,0.161229081,0.1,0.236229081
851,1.0,0.161229081,0.1,0.26122908100000003
851,1.25,0.275691584,0.0,0.275691584
851,1.5,0.275691584,0.0,0.275691584
851,1.75,0.275691584,0.0,0.275691584
851,2.0,0.275691584,0.0,0.275691584
852,0.25,0.1322857997,0.4,0.2322857997
852,0.5,0.24931318600000002,0.1,0.299313186
852,0.75,0.24931318600000002,0.1,0.32431318600000003
852,1.0,0.24931318600000002,0.1,0.349313186
852,1.25,0.363035726,0.0,0.363035726
852,1.5,0.363035726,0.0,0.363035726
852,1.75,0.363035726,0.0,0.363035726
852,2.0,0.363035726,0.0,0.363035726
853,0.25,0.0443772636,0.7,0.21937726359999998
853,0.5,0.296620097,0.0,0.296620097
853,0.75,0.296620097,0.0,0.296620097
853,1.0,0.296620097,0.0,0.296620097
853,1.25,0.296620097,0.0,0.296620097
853,1.5,0.296620097,0.0,0.296620097
853,1.75,0.296620097,0.0,0.296620097
853,2.0,0.296620097,0.0,0.296620097
854,0.25,0.06618503830000001,0.7,0.2411850383
854,0.5,0.3135843930000001,0.0,0.3135843930000001
854,0.75,0.3135843930000001,0.0,0.3135843930000001
854,1.0,0.3135843930000001,0.0,0.3135843930000001
854,1.25,0.3135843930000001,0.0,0.3135843930000001
854,1.5,0.3135843930000001,0.0,0.3135843930000001
854,1.75,0.3135843930000001,0.0,0.3135843930000001
854,2.0,0.3135843930000001,0.0,0.3135843930000001
855,0.25,0.12993209860000002,0.3,0.2049320986
855,0.5,0.12993209860000002,0.3,0.2799320986
855,0.75,0.12993209860000002,0.3,0.3549320986
855,1.0,0.358460153,0.0,0.358460153
855,1.25,0.358460153,0.0,0.358460153
855,1.5,0.358460153,0.0,0.358460153
855,1.75,0.358460153,0.0,0.358460153
855,2.0,0.358460153,0.0,0.358460153
856,0.25,0.06618503830000001,0.7,0.2411850383
856,0.5,0.3135843930000001,0.0,0.3135843930000001
856,0.75,0.3135843930000001,0.0,0.3135843930000001
856,1.0,0.3135843930000001,0.0,0.3135843930000001
856,1.25,0.3135843930000001,0.0,0.3135843930000001
856,1.5,0.3135843930000001,0.0,0.3135843930000001
856,1.75,0.3135843930000001,0.0,0.3135843930000001
856,2.0,0.3135843930000001,0.0,0.3135843930000001
857,0.25,0.150175755,0.3,0.22517575499999998
857,0.5,0.29340551,0.0,0.29340551
857,0.75,0.29340551,0.0,0.29340551
857,1.0,0.29340551,0.0,0.29340551
857,1.25,0.29340551,0.0,0.29340551
857,1.5,0.29340551,0.0,0.29340551
857,1.75,0.29340551,0.0,0.29340551
857,2.0,0.29340551,0.0,0.29340551
858,0.25,0.046948317600000004,0.6,0.1969483176
858,0.5,0.251885472,0.0,0.251885472
858,0.75,0.251885472,0.0,0.251885472
858,1.0,0.251885472,0.0,0.251885472
858,1.25,0.251885472,0.0,0.251885472
858,1.5,0.251885472,0.0,0.251885472
858,1.75,0.251885472,0.0,0.251885472
858,2.0,0.251885472,0.0,0.251885472
859,0.25,0.1322857997,0.4,0.2322857997
859,0.5,0.24931318600000002,0.1,0.299313186
859,0.75,0.24931318600000002,0.1,0.32431318600000003
859,1.0,0.24931318600000002,0.1,0.349313186
859,1.25,0.363035726,0.0,0.363035726
859,1.5,0.363035726,0.0,0.363035726
859,1.75,0.363035726,0.0,0.363035726
859,2.0,0.363035726,0.0,0.363035726
860,0.25,0.0650225564,0.4,0.1650225564
860,0.5,0.135408569,0.2,0.23540856899999998
860,0.75,0.135408569,0.2,0.285408569
860,1.0,0.22909624699999998,0.1,0.32909624699999995
860,1.25,0.22909624699999998,0.1,0.354096247
860,1.5,0.22909624699999998,0.1,0.379096247
860,1.75,0.403272445,0.0,0.403272445
860,2.0,0.403272445,0.0,0.403272445
861,0.25,0.15307148,0.3,0.22807148000000002
861,0.5,0.254036287,0.0,0.254036287
861,0.75,0.254036287,0.0,0.254036287
861,1.0,0.254036287,0.0,0.254036287
861,1.25,0.254036287,0.0,0.254036287
861,1.5,0.254036287,0.0,0.254036287
861,1.75,0.254036287,0.0,0.254036287
861,2.0,0.254036287,0.0,0.254036287
862,0.25,0.09630425000000001,0.5,0.22130425000000004
862,0.5,0.12205264949999999,0.4,0.32205264949999995
862,0.75,0.34456913299999997,0.0,0.34456913299999997
862,1.0,0.34456913299999997,0.0,0.34456913299999997
862,1.25,0.34456913299999997,0.0,0.34456913299999997
862,1.5,0.34456913299999997,0.0,0.34456913299999997
862,1.75,0.34456913299999997,0.0,0.34456913299999997
862,2.0,0.34456913299999997,0.0,0.34456913299999997
863,0.25,0.0328724575,0.8,0.2328724575
863,0.5,0.30452869399999993,0.0,0.30452869399999993
863,0.75,0.30452869399999993,0.0,0.30452869399999993
863,1.0,0.30452869399999993,0.0,0.30452869399999993
863,1.25,0.30452869399999993,0.0,0.30452869399999993
863,1.5,0.30452869399999993,0.0,0.30452869399999993
863,1.75,0.30452869399999993,0.0,0.30452869399999993
863,2.0,0.30452869399999993,0.0,0.30452869399999993
864,0.25,0.11880067420000003,0.2,0.16880067420000003
864,0.5,0.11880067420000003,0.2,0.21880067420000002
864,0.75,0.11880067420000003,0.2,0.26880067420000003
864,1.0,0.11880067420000003,0.2,0.3188006742
864,1.25,0.11880067420000003,0.2,0.3688006742
864,1.5,0.39399573400000004,0.0,0.39399573400000004
864,1.75,0.39399573400000004,0.0,0.39399573400000004
864,2.0,0.39399573400000004,0.0,0.39399573400000004
865,0.25,0.0633120825,0.4,0.1633120825
865,0.5,0.131969144,0.2,0.23196914400000002
865,0.75,0.131969144,0.2,0.281969144
865,1.0,0.22146553600000002,0.1,0.321465536
865,1.25,0.22146553600000002,0.1,0.346465536
865,1.5,0.22146553600000002,0.1,0.371465536
865,1.75,0.382647187,0.0,0.382647187
865,2.0,0.382647187,0.0,0.382647187
866,0.25,0.036044325599999996,0.6,0.1860443256
866,0.5,0.19220950200000003,0.2,0.29220950200000007
866,0.75,0.19220950200000003,0.2,0.34220950200000005
866,1.0,0.27659485699999997,0.1,0.376594857
866,1.25,0.27659485699999997,0.1,0.40159485699999997
866,1.5,0.414478235,0.0,0.414478235
866,1.75,0.414478235,0.0,0.414478235
866,2.0,0.414478235,0.0,0.414478235
867,0.25,0.034728842999999995,0.8,0.234728843
867,0.5,0.341645869,0.0,0.341645869
867,0.75,0.341645869,0.0,0.341645869
867,1.0,0.341645869,0.0,0.341645869
867,1.25,0.341645869,0.0,0.341645869
867,1.5,0.341645869,0.0,0.341645869
867,1.75,0.341645869,0.0,0.341645869
867,2.0,0.341645869,0.0,0.341645869
868,0.25,0.0,1.0,0.25
868,0.5,0.29554490499999997,0.0,0.29554490499999997
868,0.75,0.29554490499999997,0.0,0.29554490499999997
868,1.0,0.29554490499999997,0.0,0.29554490499999997
868,1.25,0.29554490499999997,0.0,0.29554490499999997
868,1.5,0.29554490499999997,0.0,0.29554490499999997
868,1.75,0.29554490499999997,0.0,0.29554490499999997
868,2.0,0.29554490499999997,0.0,0.29554490499999997
869,0.25,0.11880067420000003,0.2,0.16880067420000003
869,0.5,0.11880067420000003,0.2,0.21880067420000002
869,0.75,0.11880067420000003,0.2,0.26880067420000003
869,1.0,0.11880067420000003,0.2,0.3188006742
869,1.25,0.11880067420000003,0.2,0.3688006742
869,1.5,0.39399573400000004,0.0,0.39399573400000004
869,1.75,0.39399573400000004,0.0,0.39399573400000004
869,2.0,0.39399573400000004,0.0,0.39399573400000004
870,0.25,0.0644272201,0.5,0.18942722010000002
870,0.5,0.17713626300000002,0.1,0.227136263
870,0.75,0.17713626300000002,0.1,0.252136263
870,1.0,0.25903007,0.0,0.25903007
870,1.25,0.25903007,0.0,0.25903007
870,1.5,0.25903007,0.0,0.25903007
870,1.75,0.25903007,0.0,0.25903007
870,2.0,0.25903007,0.0,0.25903007
871,0.25,0.0,1.0,0.25
871,0.5,0.30518516600000006,0.2,0.40518516600000004
871,0.75,0.419970168,0.0,0.419970168
871,1.0,0.419970168,0.0,0.419970168
871,1.25,0.419970168,0.0,0.419970168
871,1.5,0.419970168,0.0,0.419970168
871,1.75,0.419970168,0.0,0.419970168
871,2.0,0.419970168,0.0,0.419970168
872,0.25,0.031708338,0.7,0.20670833800000002
872,0.5,0.1816136703,0.2,0.28161367029999995
872,0.75,0.233143682,0.1,0.308143682
872,1.0,0.233143682,0.1,0.333143682
872,1.25,0.233143682,0.1,0.358143682
872,1.5,0.233143682,0.1,0.383143682
872,1.75,0.400484593,0.0,0.400484593
872,2.0,0.400484593,0.0,0.400484593
873,0.25,0.055283731399999994,0.6,0.2052837314
873,0.5,0.1513441127,0.4,0.3513441127
873,0.75,0.31878079899999995,0.1,0.39378079899999996
873,1.0,0.31878079899999995,0.1,0.418780799
873,1.25,0.31878079899999995,0.1,0.44378079899999995
873,1.5,0.31878079899999995,0.1,0.46878079899999997
873,1.75,0.479857785,0.0,0.479857785
873,2.0,0.479857785,0.0,0.479857785
874,0.25,0.0650225564,0.4,0.1650225564
874,0.5,0.135408569,0.2,0.23540856899999998
874,0.75,0.135408569,0.2,0.285408569
874,1.0,0.22909624699999998,0.1,0.32909624699999995
874,1.25,0.22909624699999998,0.1,0.354096247
874,1.5,0.22909624699999998,0.1,0.379096247
874,1.75,0.403272445,0.0,0.403272445
874,2.0,0.403272445,0.0,0.403272445
875,0.25,0.1322857997,0.4,0.2322857997
875,0.5,0.24931318600000002,0.1,0.299313186
875,0.75,0.24931318600000002,0.1,0.32431318600000003
875,1.0,0.24931318600000002,0.1,0.349313186
875,1.25,0.363035726,0.0,0.363035726
875,1.5,0.363035726,0.0,0.363035726
875,1.75,0.363035726,0.0,0.363035726
875,2.0,0.363035726,0.0,0.363035726
876,0.25,0.170157678,0.1,0.195157678
876,0.5,0.170157678,0.1,0.220157678
876,0.75,0.170157678,0.1,0.245157678
876,1.0,0.170157678,0.1,0.270157678
876,1.25,0.282116643,0.0,0.282116643
876,1.5,0.282116643,0.0,0.282116643
876,1.75,0.282116643,0.0,0.282116643
876,2.0,0.282116643,0.0,0.282116643
877,0.25,0.05781304220000001,0.4,0.1578130422
877,0.5,0.05781304220000001,0.4,0.2578130422
877,0.75,0.128392695,0.3,0.35339269500000003
877,1.0,0.390461635,0.0,0.390461635
877,1.25,0.390461635,0.0,0.390461635
877,1.5,0.390461635,0.0,0.390461635
877,1.75,0.390461635,0.0,0.390461635
877,2.0,0.390461635,0.0,0.390461635
878,0.25,0.0694079921,0.3,0.1444079921
878,0.5,0.1200750344,0.1,0.1700750344
878,0.75,0.1200750344,0.1,0.1950750344
878,1.0,0.1200750344,0.1,0.22007503440000004
878,1.25,0.1200750344,0.1,0.24507503440000003
878,1.5,0.251829514,0.0,0.251829514
878,1.75,0.251829514,0.0,0.251829514
878,2.0,0.251829514,0.0,0.251829514
879,0.25,0.0,1.0,0.25
879,0.5,0.274523734,0.2,0.374523734
879,0.75,0.389258682,0.0,0.389258682
879,1.0,0.389258682,0.0,0.389258682
879,1.25,0.389258682,0.0,0.389258682
879,1.5,0.389258682,0.0,0.389258682
879,1.75,0.389258682,0.0,0.389258682
879,2.0,0.389258682,0.0,0.389258682
880,0.25,0.13608008700000002,0.4,0.23608008700000002
880,0.5,0.26919004300000005,0.0,0.26919004300000005
880,0.75,0.26919004300000005,0.0,0.26919004300000005
880,1.0,0.26919004300000005,0.0,0.26919004300000005
880,1.25,0.26919004300000005,0.0,0.26919004300000005
880,1.5,0.26919004300000005,0.0,0.26919004300000005
880,1.75,0.26919004300000005,0.0,0.26919004300000005
880,2.0,0.26919004300000005,0.0,0.26919004300000005
881,0.25,0.036044325599999996,0.6,0.1860443256
881,0.5,0.19220950200000003,0.2,0.29220950200000007
881,0.75,0.19220950200000003,0.2,0.34220950200000005
881,1.0,0.27659485699999997,0.1,0.376594857
881,1.25,0.27659485699999997,0.1,0.40159485699999997
881,1.5,0.414478235,0.0,0.414478235
881,1.75,0.414478235,0.0,0.414478235
881,2.0,0.414478235,0.0,0.414478235
882,0.25,0.11219274330000002,0.5,0.2371927433
882,0.5,0.1628265653,0.3,0.3128265653
882,0.75,0.323600093,0.0,0.323600093
882,1.0,0.323600093,0.0,0.323600093
882,1.25,0.323600093,0.0,0.323600093
882,1.5,0.323600093,0.0,0.323600093
882,1.75,0.323600093,0.0,0.323600093
882,2.0,0.323600093,0.0,0.323600093
883,0.25,0.0,1.0,0.25
883,0.5,0.283286965,0.0,0.283286965
883,0.75,0.283286965,0.0,0.283286965
883,1.0,0.283286965,0.0,0.283286965
883,1.25,0.283286965,0.0,0.283286965
883,1.5,0.283286965,0.0,0.283286965
883,1.75,0.283286965,0.0,0.283286965
883,2.0,0.283286965,0.0,0.283286965
884,0.25,0.062066006900000005,0.4,0.1620660069
884,0.5,0.062066006900000005,0.4,0.2620660069
884,0.75,0.1293120456,0.3,0.3543120456
884,1.0,0.383244249,0.0,0.383244249
884,1.25,0.383244249,0.0,0.383244249
884,1.5,0.383244249,0.0,0.383244249
884,1.75,0.383244249,0.0,0.383244249
884,2.0,0.383244249,0.0,0.383244249
885,0.25,0.0279208024,0.8,0.22792080239999998
885,0.5,0.22303630800000002,0.1,0.273036308
885,0.75,0.22303630800000002,0.1,0.298036308
885,1.0,0.22303630800000002,0.1,0.323036308
885,1.25,0.22303630800000002,0.1,0.348036308
885,1.5,0.22303630800000002,0.1,0.373036308
885,1.75,0.373885816,0.0,0.373885816
885,2.0,0.373885816,0.0,0.373885816
886,0.25,0.11219274330000002,0.5,0.2371927433
886,0.5,0.1628265653,0.3,0.3128265653
886,0.75,0.323600093,0.0,0.323600093
886,1.0,0.323600093,0.0,0.323600093
886,1.25,0.323600093,0.0,0.323600093
886,1.5,0.323600093,0.0,0.323600093
886,1.75,0.323600093,0.0,0.323600093
886,2.0,0.323600093,0.0,0.323600093
887,0.25,0.030198316000000003,0.7,0.205198316
887,0.5,0.227325952,0.1,0.277325952
887,0.75,0.227325952,0.1,0.302325952
887,1.0,0.227325952,0.1,0.327325952
887,1.25,0.227325952,0.1,0.352325952
887,1.5,0.227325952,0.1,0.37732595199999996
887,1.75,0.37800241700000003,0.0,0.37800241700000003
887,2.0,0.37800241700000003,0.0,0.37800241700000003
888,0.25,0.0640676957,0.3,0.1390676957
888,0.5,0.0640676957,0.3,0.2140676957
888,0.75,0.13319579800000003,0.2,0.28319579800000005
888,1.0,0.22298175000000003,0.1,0.32298175
888,1.25,0.22298175000000003,0.1,0.34798175000000003
888,1.5,0.22298175000000003,0.1,0.37298175
888,1.75,0.39098180099999996,0.0,0.39098180099999996
888,2.0,0.39098180099999996,0.0,0.39098180099999996
889,0.25,0.030198316000000003,0.7,0.205198316
889,0.5,0.227325952,0.1,0.277325952
889,0.75,0.227325952,0.1,0.302325952
889,1.0,0.227325952,0.1,0.327325952
889,1.25,0.227325952,0.1,0.352325952
889,1.5,0.227325952,0.1,0.37732595199999996
889,1.75,0.37800241700000003,0.0,0.37800241700000003
889,2.0,0.37800241700000003,0.0,0.37800241700000003
890,0.25,0.030198316000000003,0.7,0.205198316
890,0.5,0.227325952,0.1,0.277325952
890,0.75,0.227325952,0.1,0.302325952
890,1.0,0.227325952,0.1,0.327325952
890,1.25,0.227325952,0.1,0.352325952
890,1.5,0.227325952,0.1,0.37732595199999996
890,1.75,0.37800241700000003,0.0,0.37800241700000003
890,2.0,0.37800241700000003,0.0,0.37800241700000003
891,0.25,0.0279208024,0.8,0.22792080239999998
891,0.5,0.22303630800000002,0.1,0.273036308
891,0.75,0.22303630800000002,0.1,0.298036308
891,1.0,0.22303630800000002,0.1,0.323036308
891,1.25,0.22303630800000002,0.1,0.348036308
891,1.5,0.22303630800000002,0.1,0.373036308
891,1.75,0.373885816,0.0,0.373885816
891,2.0,0.373885816,0.0,0.373885816
892,0.25,0.09630425000000001,0.5,0.22130425000000004
892,0.5,0.12205264949999999,0.4,0.32205264949999995
892,0.75,0.34456913299999997,0.0,0.34456913299999997
892,1.0,0.34456913299999997,0.0,0.34456913299999997
892,1.25,0.34456913299999997,0.0,0.34456913299999997
892,1.5,0.34456913299999997,0.0,0.34456913299999997
892,1.75,0.34456913299999997,0.0,0.34456913299999997
892,2.0,0.34456913299999997,0.0,0.34456913299999997
893,0.25,0.06618503830000001,0.7,0.2411850383
893,0.5,0.3135843930000001,0.0,0.3135843930000001
893,0.75,0.3135843930000001,0.0,0.3135843930000001
893,1.0,0.3135843930000001,0.0,0.3135843930000001
893,1.25,0.3135843930000001,0.0,0.3135843930000001
893,1.5,0.3135843930000001,0.0,0.3135843930000001
893,1.75,0.3135843930000001,0.0,0.3135843930000001
893,2.0,0.3135843930000001,0.0,0.3135843930000001
894,0.25,0.13608008700000002,0.4,0.23608008700000002
894,0.5,0.26919004300000005,0.0,0.26919004300000005
894,0.75,0.26919004300000005,0.0,0.26919004300000005
894,1.0,0.26919004300000005,0.0,0.26919004300000005
894,1.25,0.26919004300000005,0.0,0.26919004300000005
894,1.5,0.26919004300000005,0.0,0.26919004300000005
894,1.75,0.26919004300000005,0.0,0.26919004300000005
894,2.0,0.26919004300000005,0.0,0.26919004300000005
895,0.25,0.15017575499999997,0.3,0.22517575499999998
895,0.5,0.29340551000000004,0.0,0.29340551000000004
895,0.75,0.29340551000000004,0.0,0.29340551000000004
895,1.0,0.29340551000000004,0.0,0.29340551000000004
895,1.25,0.29340551000000004,0.0,0.29340551000000004
895,1.5,0.29340551000000004,0.0,0.29340551000000004
895,1.75,0.29340551000000004,0.0,0.29340551000000004
895,2.0,0.29340551000000004,0.0,0.29340551000000004
896,0.25,0.046948317600000004,0.6,0.1969483176
896,0.5,0.251885472,0.0,0.251885472
896,0.75,0.251885472,0.0,0.251885472
896,1.0,0.251885472,0.0,0.251885472
896,1.25,0.251885472,0.0,0.251885472
896,1.5,0.251885472,0.0,0.251885472
896,1.75,0.251885472,0.0,0.251885472
896,2.0,0.251885472,0.0,0.251885472
897,0.25,0.0640676957,0.3,0.1390676957
897,0.5,0.0640676957,0.3,0.2140676957
897,0.75,0.13319579800000003,0.2,0.28319579800000005
897,1.0,0.22298175000000003,0.1,0.32298175
897,1.25,0.22298175000000003,0.1,0.34798175000000003
897,1.5,0.22298175000000003,0.1,0.37298175
897,1.75,0.39098180099999996,0.0,0.39098180099999996
897,2.0,0.39098180099999996,0.0,0.39098180099999996
898,0.25,0.0,1.0,0.25
898,0.5,0.32775878699999994,0.0,0.32775878699999994
898,0.75,0.32775878699999994,0.0,0.32775878699999994
898,1.0,0.32775878699999994,0.0,0.32775878699999994
898,1.25,0.32775878699999994,0.0,0.32775878699999994
898,1.5,0.32775878699999994,0.0,0.32775878699999994
898,1.75,0.32775878699999994,0.0,0.32775878699999994
898,2.0,0.32775878699999994,0.0,0.32775878699999994
899,0.25,0.11880067420000003,0.2,0.16880067420000003
899,0.5,0.11880067420000003,0.2,0.21880067420000002
899,0.75,0.11880067420000003,0.2,0.26880067420000003
899,1.0,0.11880067420000003,0.2,0.3188006742
899,1.25,0.11880067420000003,0.2,0.3688006742
899,1.5,0.39399573400000004,0.0,0.39399573400000004
899,1.75,0.39399573400000004,0.0,0.39399573400000004
899,2.0,0.39399573400000004,0.0,0.39399573400000004
900,0.25,0.046948317600000004,0.6,0.1969483176
900,0.5,0.251885472,0.0,0.251885472
900,0.75,0.251885472,0.0,0.251885472
900,1.0,0.251885472,0.0,0.251885472
900,1.25,0.251885472,0.0,0.251885472
900,1.5,0.251885472,0.0,0.251885472
900,1.75,0.251885472,0.0,0.251885472
900,2.0,0.251885472,0.0,0.251885472
901,0.25,0.056112300999999996,0.5,0.181112301
901,0.5,0.12480634900000001,0.3,0.274806349
901,0.75,0.12480634900000001,0.3,0.34980634899999996
901,1.0,0.38321702499999993,0.0,0.38321702499999993
901,1.25,0.38321702499999993,0.0,0.38321702499999993
901,1.5,0.38321702499999993,0.0,0.38321702499999993
901,1.75,0.38321702499999993,0.0,0.38321702499999993
901,2.0,0.38321702499999993,0.0,0.38321702499999993
902,0.25,0.0,1.0,0.25
902,0.5,0.29554490499999997,0.0,0.29554490499999997
902,0.75,0.29554490499999997,0.0,0.29554490499999997
902,1.0,0.29554490499999997,0.0,0.29554490499999997
902,1.25,0.29554490499999997,0.0,0.29554490499999997
902,1.5,0.29554490499999997,0.0,0.29554490499999997
902,1.75,0.29554490499999997,0.0,0.29554490499999997
902,2.0,0.29554490499999997,0.0,0.29554490499999997
903,0.25,0.0694079921,0.3,0.1444079921
903,0.5,0.1200750344,0.1,0.1700750344
903,0.75,0.1200750344,0.1,0.1950750344
903,1.0,0.1200750344,0.1,0.22007503440000004
903,1.25,0.1200750344,0.1,0.24507503440000003
903,1.5,0.251829514,0.0,0.251829514
903,1.75,0.251829514,0.0,0.251829514
903,2.0,0.251829514,0.0,0.251829514
904,0.25,0.161229081,0.1,0.186229081
904,0.5,0.161229081,0.1,0.211229081
904,0.75,0.161229081,0.1,0.236229081
904,1.0,0.161229081,0.1,0.26122908100000003
904,1.25,0.275691584,0.0,0.275691584
904,1.5,0.275691584,0.0,0.275691584
904,1.75,0.275691584,0.0,0.275691584
904,2.0,0.275691584,0.0,0.275691584
905,0.25,0.055283731399999994,0.6,0.2052837314
905,0.5,0.1513441127,0.4,0.3513441127
905,0.75,0.31878079899999995,0.1,0.39378079899999996
905,1.0,0.31878079899999995,0.1,0.418780799
905,1.25,0.31878079899999995,0.1,0.44378079899999995
905,1.5,0.31878079899999995,0.1,0.46878079899999997
905,1.75,0.479857785,0.0,0.479857785
905,2.0,0.479857785,0.0,0.479857785
906,0.25,0.12848052400000004,0.2,0.17848052400000003
906,0.5,0.12848052400000004,0.2,0.22848052400000002
906,0.75,0.12848052400000004,0.2,0.278480524
906,1.0,0.12848052400000004,0.2,0.32848052400000005
906,1.25,0.12848052400000004,0.2,0.37848052400000004
906,1.5,0.12848052400000004,0.2,0.4284805240000001
906,1.75,0.12848052400000004,0.2,0.4784805240000001
906,2.0,0.48156339100000006,0.0,0.48156339100000006
907,0.25,0.150175755,0.3,0.22517575499999998
907,0.5,0.29340551,0.0,0.29340551
907,0.75,0.29340551,0.0,0.29340551
907,1.0,0.29340551,0.0,0.29340551
907,1.25,0.29340551,0.0,0.29340551
907,1.5,0.29340551,0.0,0.29340551
907,1.75,0.29340551,0.0,0.29340551
907,2.0,0.29340551,0.0,0.29340551
908,0.25,0.11880067420000003,0.2,0.16880067420000003
908,0.5,0.11880067420000003,0.2,0.21880067420000002
908,0.75,0.11880067420000003,0.2,0.26880067420000003
908,1.0,0.11880067420000003,0.2,0.3188006742
908,1.25,0.11880067420000003,0.2,0.3688006742
908,1.5,0.39399573400000004,0.0,0.39399573400000004
908,1.75,0.39399573400000004,0.0,0.39399573400000004
908,2.0,0.39399573400000004,0.0,0.39399573400000004
909,0.25,0.0279208024,0.8,0.22792080239999998
909,0.5,0.22303630800000002,0.1,0.273036308
909,0.75,0.22303630800000002,0.1,0.298036308
909,1.0,0.22303630800000002,0.1,0.323036308
909,1.25,0.22303630800000002,0.1,0.348036308
909,1.5,0.22303630800000002,0.1,0.373036308
909,1.75,0.373885816,0.0,0.373885816
909,2.0,0.373885816,0.0,0.373885816
910,0.25,0.170157678,0.1,0.195157678
910,0.5,0.170157678,0.1,0.220157678
910,0.75,0.170157678,0.1,0.245157678
910,1.0,0.170157678,0.1,0.270157678
910,1.25,0.282116643,0.0,0.282116643
910,1.5,0.282116643,0.0,0.282116643
910,1.75,0.282116643,0.0,0.282116643
910,2.0,0.282116643,0.0,0.282116643
911,0.25,0.0427629918,0.6,0.1927629918
911,0.5,0.195655049,0.1,0.24565504899999996
911,0.75,0.195655049,0.1,0.270655049
911,1.0,0.195655049,0.1,0.29565504899999995
911,1.25,0.195655049,0.1,0.32065504899999997
911,1.5,0.195655049,0.1,0.345655049
911,1.75,0.195655049,0.1,0.37065504899999996
911,2.0,0.37199146200000005,0.0,0.37199146200000005
912,0.25,0.0530414148,0.6,0.20304141480000001
912,0.5,0.14641996070000002,0.4,0.34641996070000003
912,0.75,0.313905315,0.1,0.38890531500000003
912,1.0,0.313905315,0.1,0.41390531500000005
912,1.25,0.313905315,0.1,0.4389053150000001
912,1.5,0.313905315,0.1,0.46390531500000004
912,1.75,0.47140746600000005,0.0,0.47140746600000005
912,2.0,0.47140746600000005,0.0,0.47140746600000005
913,0.25,0.036044325599999996,0.6,0.1860443256
913,0.5,0.19220950200000003,0.2,0.29220950200000007
913,0.75,0.19220950200000003,0.2,0.34220950200000005
913,1.0,0.27659485699999997,0.1,0.376594857
913,1.25,0.27659485699999997,0.1,0.40159485699999997
913,1.5,0.414478235,0.0,0.414478235
913,1.75,0.414478235,0.0,0.414478235
913,2.0,0.414478235,0.0,0.414478235
914,0.25,0.0317189265,0.7,0.2067189265
914,0.5,0.20550934,0.2,0.30550934
914,0.75,0.259466949,0.1,0.33446694899999996
914,1.0,0.259466949,0.1,0.359466949
914,1.25,0.259466949,0.1,0.384466949
914,1.5,0.259466949,0.1,0.4094669489999999
914,1.75,0.40985232099999996,0.0,0.40985232099999996
914,2.0,0.40985232099999996,0.0,0.40985232099999996
915,0.25,0.033961062199999996,0.6,0.1839610622
915,0.5,0.22205753899999997,0.2,0.32205753899999995
915,0.75,0.275063253,0.1,0.35006325299999996
915,1.0,0.275063253,0.1,0.375063253
915,1.25,0.275063253,0.1,0.400063253
915,1.5,0.40391125299999997,0.0,0.40391125299999997
915,1.75,0.40391125299999997,0.0,0.40391125299999997
915,2.0,0.40391125299999997,0.0,0.40391125299999997
916,0.25,0.12993209860000002,0.3,0.2049320986
916,0.5,0.12993209860000002,0.3,0.2799320986
916,0.75,0.12993209860000002,0.3,0.3549320986
916,1.0,0.358460153,0.0,0.358460153
916,1.25,0.358460153,0.0,0.358460153
916,1.5,0.358460153,0.0,0.358460153
916,1.75,0.358460153,0.0,0.358460153
916,2.0,0.358460153,0.0,0.358460153
917,0.25,0.031708338,0.7,0.20670833800000002
917,0.5,0.1816136703,0.2,0.28161367029999995
917,0.75,0.233143682,0.1,0.308143682
917,1.0,0.233143682,0.1,0.333143682
917,1.25,0.233143682,0.1,0.358143682
917,1.5,0.233143682,0.1,0.383143682
917,1.75,0.400484593,0.0,0.400484593
917,2.0,0.400484593,0.0,0.400484593
918,0.25,0.030198316000000003,0.7,0.205198316
918,0.5,0.227325952,0.1,0.277325952
918,0.75,0.227325952,0.1,0.302325952
918,1.0,0.227325952,0.1,0.327325952
918,1.25,0.227325952,0.1,0.352325952
918,1.5,0.227325952,0.1,0.37732595199999996
918,1.75,0.37800241700000003,0.0,0.37800241700000003
918,2.0,0.37800241700000003,0.0,0.37800241700000003
919,0.25,0.06618503830000001,0.7,0.2411850383
919,0.5,0.3135843930000001,0.0,0.3135843930000001
919,0.75,0.3135843930000001,0.0,0.3135843930000001
919,1.0,0.3135843930000001,0.0,0.3135843930000001
919,1.25,0.3135843930000001,0.0,0.3135843930000001
919,1.5,0.3135843930000001,0.0,0.3135843930000001
919,1.75,0.3135843930000001,0.0,0.3135843930000001
919,2.0,0.3135843930000001,0.0,0.3135843930000001
920,0.25,0.15307148,0.3,0.22807148000000002
920,0.5,0.254036287,0.0,0.254036287
920,0.75,0.254036287,0.0,0.254036287
920,1.0,0.254036287,0.0,0.254036287
920,1.25,0.254036287,0.0,0.254036287
920,1.5,0.254036287,0.0,0.254036287
920,1.75,0.254036287,0.0,0.254036287
920,2.0,0.254036287,0.0,0.254036287
921,0.25,0.12848052400000004,0.2,0.17848052400000003
921,0.5,0.12848052400000004,0.2,0.22848052400000002
921,0.75,0.12848052400000004,0.2,0.278480524
921,1.0,0.12848052400000004,0.2,0.32848052400000005
921,1.25,0.12848052400000004,0.2,0.37848052400000004
921,1.5,0.12848052400000004,0.2,0.4284805240000001
921,1.75,0.12848052400000004,0.2,0.4784805240000001
921,2.0,0.48156339100000006,0.0,0.48156339100000006
922,0.25,0.12993209860000002,0.3,0.2049320986
922,0.5,0.12993209860000002,0.3,0.2799320986
922,0.75,0.12993209860000002,0.3,0.3549320986
922,1.0,0.358460153,0.0,0.358460153
922,1.25,0.358460153,0.0,0.358460153
922,1.5,0.358460153,0.0,0.358460153
922,1.75,0.358460153,0.0,0.358460153
922,2.0,0.358460153,0.0,0.358460153
923,0.25,0.15017575499999997,0.3,0.22517575499999998
923,0.5,0.29340551000000004,0.0,0.29340551000000004
923,0.75,0.29340551000000004,0.0,0.29340551000000004
923,1.0,0.29340551000000004,0.0,0.29340551000000004
923,1.25,0.29340551000000004,0.0,0.29340551000000004
923,1.5,0.29340551000000004,0.0,0.29340551000000004
923,1.75,0.29340551000000004,0.0,0.29340551000000004
923,2.0,0.29340551000000004,0.0,0.29340551000000004
924,0.25,0.0279208024,0.8,0.22792080239999998
924,0.5,0.22303630800000002,0.1,0.273036308
924,0.75,0.22303630800000002,0.1,0.298036308
924,1.0,0.22303630800000002,0.1,0.323036308
924,1.25,0.22303630800000002,0.1,0.348036308
924,1.5,0.22303630800000002,0.1,0.373036308
924,1.75,0.373885816,0.0,0.373885816
924,2.0,0.373885816,0.0,0.373885816
925,0.25,0.150175755,0.3,0.22517575499999998
925,0.5,0.29340551,0.0,0.29340551
925,0.75,0.29340551,0.0,0.29340551
925,1.0,0.29340551,0.0,0.29340551
925,1.25,0.29340551,0.0,0.29340551
925,1.5,0.29340551,0.0,0.29340551
925,1.75,0.29340551,0.0,0.29340551
925,2.0,0.29340551,0.0,0.29340551
926,0.25,0.031708338,0.7,0.20670833800000002
926,0.5,0.1816136703,0.2,0.28161367029999995
926,0.75,0.233143682,0.1,0.308143682
926,1.0,0.233143682,0.1,0.333143682
926,1.25,0.233143682,0.1,0.358143682
926,1.5,0.233143682,0.1,0.383143682
926,1.75,0.400484593,0.0,0.400484593
926,2.0,0.400484593,0.0,0.400484593
927,0.25,0.031708338,0.7,0.20670833800000002
927,0.5,0.1816136703,0.2,0.28161367029999995
927,0.75,0.233143682,0.1,0.308143682
927,1.0,0.233143682,0.1,0.333143682
927,1.25,0.233143682,0.1,0.358143682
927,1.5,0.233143682,0.1,0.383143682
927,1.75,0.400484593,0.0,0.400484593
927,2.0,0.400484593,0.0,0.400484593
928,0.25,0.0640676957,0.3,0.1390676957
928,0.5,0.0640676957,0.3,0.2140676957
928,0.75,0.13319579800000003,0.2,0.28319579800000005
928,1.0,0.22298175000000003,0.1,0.32298175
928,1.25,0.22298175000000003,0.1,0.34798175000000003
928,1.5,0.22298175000000003,0.1,0.37298175
928,1.75,0.39098180099999996,0.0,0.39098180099999996
928,2.0,0.39098180099999996,0.0,0.39098180099999996
929,0.25,0.0644272201,0.5,0.18942722010000002
929,0.5,0.17713626300000002,0.1,0.227136263
929,0.75,0.17713626300000002,0.1,0.252136263
929,1.0,0.25903007,0.0,0.25903007
929,1.25,0.25903007,0.0,0.25903007
929,1.5,0.25903007,0.0,0.25903007
929,1.75,0.25903007,0.0,0.25903007
929,2.0,0.25903007,0.0,0.25903007
930,0.25,0.06618503830000001,0.7,0.2411850383
930,0.5,0.3135843930000001,0.0,0.3135843930000001
930,0.75,0.3135843930000001,0.0,0.3135843930000001
930,1.0,0.3135843930000001,0.0,0.3135843930000001
930,1.25,0.3135843930000001,0.0,0.3135843930000001
930,1.5,0.3135843930000001,0.0,0.3135843930000001
930,1.75,0.3135843930000001,0.0,0.3135843930000001
930,2.0,0.3135843930000001,0.0,0.3135843930000001
931,0.25,0.0644272201,0.5,0.18942722010000002
931,0.5,0.17713626300000002,0.1,0.227136263
931,0.75,0.17713626300000002,0.1,0.252136263
931,1.0,0.25903007,0.0,0.25903007
931,1.25,0.25903007,0.0,0.25903007
931,1.5,0.25903007,0.0,0.25903007
931,1.75,0.25903007,0.0,0.25903007
931,2.0,0.25903007,0.0,0.25903007
932,0.25,0.0644272201,0.5,0.18942722010000002
932,0.5,0.17713626300000002,0.1,0.227136263
932,0.75,0.17713626300000002,0.1,0.252136263
932,1.0,0.25903007,0.0,0.25903007
932,1.25,0.25903007,0.0,0.25903007
932,1.5,0.25903007,0.0,0.25903007
932,1.75,0.25903007,0.0,0.25903007
932,2.0,0.25903007,0.0,0.25903007
933,0.25,0.0,1.0,0.25
933,0.5,0.283286965,0.0,0.283286965
933,0.75,0.283286965,0.0,0.283286965
933,1.0,0.283286965,0.0,0.283286965
933,1.25,0.283286965,0.0,0.283286965
933,1.5,0.283286965,0.0,0.283286965
933,1.75,0.283286965,0.0,0.283286965
933,2.0,0.283286965,0.0,0.283286965
934,0.25,0.0644952016,0.4,0.1644952016
934,0.5,0.13308569600000003,0.2,0.233085696
934,0.75,0.13308569600000003,0.2,0.283085696
934,1.0,0.13308569600000003,0.2,0.33308569600000004
934,1.25,0.13308569600000003,0.2,0.38308569600000003
934,1.5,0.13308569600000003,0.2,0.433085696
934,1.75,0.13308569600000003,0.2,0.483085696
934,2.0,0.506663135,0.0,0.506663135
935,0.25,0.170157678,0.1,0.195157678
935,0.5,0.170157678,0.1,0.220157678
935,0.75,0.170157678,0.1,0.245157678
935,1.0,0.170157678,0.1,0.270157678
935,1.25,0.282116643,0.0,0.282116643
935,1.5,0.282116643,0.0,0.282116643
935,1.75,0.282116643,0.0,0.282116643
935,2.0,0.282116643,0.0,0.282116643
936,0.25,0.0694079921,0.3,0.1444079921
936,0.5,0.1200750344,0.1,0.1700750344
936,0.75,0.1200750344,0.1,0.1950750344
936,1.0,0.1200750344,0.1,0.22007503440000004
936,1.25,0.1200750344,0.1,0.24507503440000003
936,1.5,0.251829514,0.0,0.251829514
936,1.75,0.251829514,0.0,0.251829514
936,2.0,0.251829514,0.0,0.251829514
937,0.25,0.0633120825,0.4,0.1633120825
937,0.5,0.131969144,0.2,0.23196914400000002
937,0.75,0.131969144,0.2,0.281969144
937,1.0,0.22146553600000002,0.1,0.321465536
937,1.25,0.22146553600000002,0.1,0.346465536
937,1.5,0.22146553600000002,0.1,0.371465536
937,1.75,0.382647187,0.0,0.382647187
937,2.0,0.382647187,0.0,0.382647187
938,0.25,0.12245510070000001,0.4,0.22245510070000002
938,0.5,0.21253698000000001,0.1,0.26253698000000003
938,0.75,0.21253698000000001,0.1,0.28753698
938,1.0,0.21253698000000001,0.1,0.31253698
938,1.25,0.21253698000000001,0.1,0.33753698
938,1.5,0.21253698000000001,0.1,0.36253698
938,1.75,0.372147429,0.0,0.372147429
938,2.0,0.372147429,0.0,0.372147429
939,0.25,0.150175755,0.3,0.22517575499999998
939,0.5,0.29340551,0.0,0.29340551
939,0.75,0.29340551,0.0,0.29340551
939,1.0,0.29340551,0.0,0.29340551
939,1.25,0.29340551,0.0,0.29340551
939,1.5,0.29340551,0.0,0.29340551
939,1.75,0.29340551,0.0,0.29340551
939,2.0,0.29340551,0.0,0.29340551
940,0.25,0.0,1.0,0.25
940,0.5,0.29554490499999997,0.0,0.29554490499999997
940,0.75,0.29554490499999997,0.0,0.29554490499999997
940,1.0,0.29554490499999997,0.0,0.29554490499999997
940,1.25,0.29554490499999997,0.0,0.29554490499999997
940,1.5,0.29554490499999997,0.0,0.29554490499999997
940,1.75,0.29554490499999997,0.0,0.29554490499999997
940,2.0,0.29554490499999997,0.0,0.29554490499999997
941,0.25,0.15017575499999997,0.3,0.22517575499999998
941,0.5,0.29340551000000004,0.0,0.29340551000000004
941,0.75,0.29340551000000004,0.0,0.29340551000000004
941,1.0,0.29340551000000004,0.0,0.29340551000000004
941,1.25,0.29340551000000004,0.0,0.29340551000000004
941,1.5,0.29340551000000004,0.0,0.29340551000000004
941,1.75,0.29340551000000004,0.0,0.29340551000000004
941,2.0,0.29340551000000004,0.0,0.29340551000000004
942,0.25,0.1322857997,0.4,0.2322857997
942,0.5,0.24931318600000002,0.1,0.299313186
942,0.75,0.24931318600000002,0.1,0.32431318600000003
942,1.0,0.24931318600000002,0.1,0.349313186
942,1.25,0.363035726,0.0,0.363035726
942,1.5,0.363035726,0.0,0.363035726
942,1.75,0.363035726,0.0,0.363035726
942,2.0,0.363035726,0.0,0.363035726
943,0.25,0.0633120825,0.4,0.1633120825
943,0.5,0.131969144,0.2,0.23196914400000002
943,0.75,0.131969144,0.2,0.281969144
943,1.0,0.22146553600000002,0.1,0.321465536
943,1.25,0.22146553600000002,0.1,0.346465536
943,1.5,0.22146553600000002,0.1,0.371465536
943,1.75,0.382647187,0.0,0.382647187
943,2.0,0.382647187,0.0,0.382647187
944,0.25,0.0,1.0,0.25
944,0.5,0.30518516600000006,0.2,0.40518516600000004
944,0.75,0.419970168,0.0,0.419970168
944,1.0,0.419970168,0.0,0.419970168
944,1.25,0.419970168,0.0,0.419970168
944,1.5,0.419970168,0.0,0.419970168
944,1.75,0.419970168,0.0,0.419970168
944,2.0,0.419970168,0.0,0.419970168
945,0.25,0.0,1.0,0.25
945,0.5,0.32775878699999994,0.0,0.32775878699999994
945,0.75,0.32775878699999994,0.0,0.32775878699999994
945,1.0,0.32775878699999994,0.0,0.32775878699999994
945,1.25,0.32775878699999994,0.0,0.32775878699999994
945,1.5,0.32775878699999994,0.0,0.32775878699999994
945,1.75,0.32775878699999994,0.0,0.32775878699999994
945,2.0,0.32775878699999994,0.0,0.32775878699999994
946,0.25,0.0,1.0,0.25
946,0.5,0.32775878699999994,0.0,0.32775878699999994
946,0.75,0.32775878699999994,0.0,0.32775878699999994
946,1.0,0.32775878699999994,0.0,0.32775878699999994
946,1.25,0.32775878699999994,0.0,0.32775878699999994
946,1.5,0.32775878699999994,0.0,0.32775878699999994
946,1.75,0.32775878699999994,0.0,0.32775878699999994
946,2.0,0.32775878699999994,0.0,0.32775878699999994
947,0.25,0.0427629918,0.6,0.1927629918
947,0.5,0.195655049,0.1,0.24565504899999996
947,0.75,0.195655049,0.1,0.270655049
947,1.0,0.195655049,0.1,0.29565504899999995
947,1.25,0.195655049,0.1,0.32065504899999997
947,1.5,0.195655049,0.1,0.345655049
947,1.75,0.195655049,0.1,0.37065504899999996
947,2.0,0.37199146200000005,0.0,0.37199146200000005
948,0.25,0.056112300999999996,0.5,0.181112301
948,0.5,0.12480634900000001,0.3,0.274806349
948,0.75,0.12480634900000001,0.3,0.34980634899999996
948,1.0,0.38321702499999993,0.0,0.38321702499999993
948,1.25,0.38321702499999993,0.0,0.38321702499999993
948,1.5,0.38321702499999993,0.0,0.38321702499999993
948,1.75,0.38321702499999993,0.0,0.38321702499999993
948,2.0,0.38321702499999993,0.0,0.38321702499999993
949,0.25,0.0,1.0,0.25
949,0.5,0.29554490499999997,0.0,0.29554490499999997
949,0.75,0.29554490499999997,0.0,0.29554490499999997
949,1.0,0.29554490499999997,0.0,0.29554490499999997
949,1.25,0.29554490499999997,0.0,0.29554490499999997
949,1.5,0.29554490499999997,0.0,0.29554490499999997
949,1.75,0.29554490499999997,0.0,0.29554490499999997
949,2.0,0.29554490499999997,0.0,0.29554490499999997
950,0.25,0.055283731399999994,0.6,0.2052837314
950,0.5,0.1513441127,0.4,0.3513441127
950,0.75,0.31878079899999995,0.1,0.39378079899999996
950,1.0,0.31878079899999995,0.1,0.418780799
950,1.25,0.31878079899999995,0.1,0.44378079899999995
950,1.5,0.31878079899999995,0.1,0.46878079899999997
950,1.75,0.479857785,0.0,0.479857785
950,2.0,0.479857785,0.0,0.479857785
951,0.25,0.0,1.0,0.25
951,0.5,0.2745237340000001,0.2,0.37452373400000005
951,0.75,0.389258682,0.0,0.389258682
951,1.0,0.389258682,0.0,0.389258682
951,1.25,0.389258682,0.0,0.389258682
951,1.5,0.389258682,0.0,0.389258682
951,1.75,0.389258682,0.0,0.389258682
951,2.0,0.389258682,0.0,0.389258682
952,0.25,0.033961062199999996,0.6,0.1839610622
952,0.5,0.22205753899999997,0.2,0.32205753899999995
952,0.75,0.275063253,0.1,0.35006325299999996
952,1.0,0.275063253,0.1,0.375063253
952,1.25,0.275063253,0.1,0.400063253
952,1.5,0.40391125299999997,0.0,0.40391125299999997
952,1.75,0.40391125299999997,0.0,0.40391125299999997
952,2.0,0.40391125299999997,0.0,0.40391125299999997
953,0.25,0.0279208024,0.8,0.22792080239999998
953,0.5,0.22303630800000002,0.1,0.273036308
953,0.75,0.22303630800000002,0.1,0.298036308
953,1.0,0.22303630800000002,0.1,0.323036308
953,1.25,0.22303630800000002,0.1,0.348036308
953,1.5,0.22303630800000002,0.1,0.373036308
953,1.75,0.373885816,0.0,0.373885816
953,2.0,0.373885816,0.0,0.373885816
954,0.25,0.034728842999999995,0.8,0.234728843
954,0.5,0.341645869,0.0,0.341645869
954,0.75,0.341645869,0.0,0.341645869
954,1.0,0.341645869,0.0,0.341645869
954,1.25,0.341645869,0.0,0.341645869
954,1.5,0.341645869,0.0,0.341645869
954,1.75,0.341645869,0.0,0.341645869
954,2.0,0.341645869,0.0,0.341645869
955,0.25,0.15017575500000002,0.3,0.22517575500000003
955,0.5,0.29340551,0.0,0.29340551
955,0.75,0.29340551,0.0,0.29340551
955,1.0,0.29340551,0.0,0.29340551
955,1.25,0.29340551,0.0,0.29340551
955,1.5,0.29340551,0.0,0.29340551
955,1.75,0.29340551,0.0,0.29340551
955,2.0,0.29340551,0.0,0.29340551
956,0.25,0.150175755,0.3,0.22517575499999998
956,0.5,0.29340551,0.0,0.29340551
956,0.75,0.29340551,0.0,0.29340551
956,1.0,0.29340551,0.0,0.29340551
956,1.25,0.29340551,0.0,0.29340551
956,1.5,0.29340551,0.0,0.29340551
956,1.75,0.29340551,0.0,0.29340551
956,2.0,0.29340551,0.0,0.29340551
957,0.25,0.0443772636,0.7,0.21937726359999998
957,0.5,0.296620097,0.0,0.296620097
957,0.75,0.296620097,0.0,0.296620097
957,1.0,0.296620097,0.0,0.296620097
957,1.25,0.296620097,0.0,0.296620097
957,1.5,0.296620097,0.0,0.296620097
957,1.75,0.296620097,0.0,0.296620097
957,2.0,0.296620097,0.0,0.296620097
958,0.25,0.11880067420000003,0.2,0.16880067420000003
958,0.5,0.11880067420000003,0.2,0.21880067420000002
958,0.75,0.11880067420000003,0.2,0.26880067420000003
958,1.0,0.11880067420000003,0.2,0.3188006742
958,1.25,0.11880067420000003,0.2,0.3688006742
958,1.5,0.39399573400000004,0.0,0.39399573400000004
958,1.75,0.39399573400000004,0.0,0.39399573400000004
958,2.0,0.39399573400000004,0.0,0.39399573400000004
959,0.25,0.0694079921,0.3,0.1444079921
959,0.5,0.1200750344,0.1,0.1700750344
959,0.75,0.1200750344,0.1,0.1950750344
959,1.0,0.1200750344,0.1,0.22007503440000004
959,1.25,0.1200750344,0.1,0.24507503440000003
959,1.5,0.251829514,0.0,0.251829514
959,1.75,0.251829514,0.0,0.251829514
959,2.0,0.251829514,0.0,0.251829514
960,0.25,0.0,1.0,0.25
960,0.5,0.29554490499999997,0.0,0.29554490499999997
960,0.75,0.29554490499999997,0.0,0.29554490499999997
960,1.0,0.29554490499999997,0.0,0.29554490499999997
960,1.25,0.29554490499999997,0.0,0.29554490499999997
960,1.5,0.29554490499999997,0.0,0.29554490499999997
960,1.75,0.29554490499999997,0.0,0.29554490499999997
960,2.0,0.29554490499999997,0.0,0.29554490499999997
961,0.25,0.0427629918,0.6,0.1927629918
961,0.5,0.195655049,0.1,0.24565504899999996
961,0.75,0.195655049,0.1,0.270655049
961,1.0,0.195655049,0.1,0.29565504899999995
961,1.25,0.195655049,0.1,0.32065504899999997
961,1.5,0.195655049,0.1,0.345655049
961,1.75,0.195655049,0.1,0.37065504899999996
961,2.0,0.37199146200000005,0.0,0.37199146200000005
962,0.25,0.05781304220000001,0.4,0.1578130422
962,0.5,0.05781304220000001,0.4,0.2578130422
962,0.75,0.128392695,0.3,0.35339269500000003
962,1.0,0.390461635,0.0,0.390461635
962,1.25,0.390461635,0.0,0.390461635
962,1.5,0.390461635,0.0,0.390461635
962,1.75,0.390461635,0.0,0.390461635
962,2.0,0.390461635,0.0,0.390461635
963,0.25,0.0650225564,0.4,0.1650225564
963,0.5,0.135408569,0.2,0.23540856899999998
963,0.75,0.135408569,0.2,0.285408569
963,1.0,0.22909624699999998,0.1,0.32909624699999995
963,1.25,0.22909624699999998,0.1,0.354096247
963,1.5,0.22909624699999998,0.1,0.379096247
963,1.75,0.403272445,0.0,0.403272445
963,2.0,0.403272445,0.0,0.403272445
964,0.25,0.024624390700000002,0.9,0.24962439070000003
964,0.5,0.30108552200000005,0.0,0.30108552200000005
964,0.75,0.30108552200000005,0.0,0.30108552200000005
964,1.0,0.30108552200000005,0.0,0.30108552200000005
964,1.25,0.30108552200000005,0.0,0.30108552200000005
964,1.5,0.30108552200000005,0.0,0.30108552200000005
964,1.75,0.30108552200000005,0.0,0.30108552200000005
964,2.0,0.30108552200000005,0.0,0.30108552200000005
965,0.25,0.0,1.0,0.25
965,0.5,0.29554490499999997,0.0,0.29554490499999997
965,0.75,0.29554490499999997,0.0,0.29554490499999997
965,1.0,0.29554490499999997,0.0,0.29554490499999997
965,1.25,0.29554490499999997,0.0,0.29554490499999997
965,1.5,0.29554490499999997,0.0,0.29554490499999997
965,1.75,0.29554490499999997,0.0,0.29554490499999997
965,2.0,0.29554490499999997,0.0,0.29554490499999997
966,0.25,0.0644272201,0.5,0.18942722010000002
966,0.5,0.17713626300000002,0.1,0.227136263
966,0.75,0.17713626300000002,0.1,0.252136263
966,1.0,0.25903007,0.0,0.25903007
966,1.25,0.25903007,0.0,0.25903007
966,1.5,0.25903007,0.0,0.25903007
966,1.75,0.25903007,0.0,0.25903007
966,2.0,0.25903007,0.0,0.25903007
967,0.25,0.0644952016,0.4,0.1644952016
967,0.5,0.13308569600000003,0.2,0.233085696
967,0.75,0.13308569600000003,0.2,0.283085696
967,1.0,0.13308569600000003,0.2,0.33308569600000004
967,1.25,0.13308569600000003,0.2,0.38308569600000003
967,1.5,0.13308569600000003,0.2,0.433085696
967,1.75,0.13308569600000003,0.2,0.483085696
967,2.0,0.506663135,0.0,0.506663135
968,0.25,0.0443772636,0.7,0.21937726359999998
968,0.5,0.296620097,0.0,0.296620097
968,0.75,0.296620097,0.0,0.296620097
968,1.0,0.296620097,0.0,0.296620097
968,1.25,0.296620097,0.0,0.296620097
968,1.5,0.296620097,0.0,0.296620097
968,1.75,0.296620097,0.0,0.296620097
968,2.0,0.296620097,0.0,0.296620097
969,0.25,0.036044325599999996,0.6,0.1860443256
969,0.5,0.19220950200000003,0.2,0.29220950200000007
969,0.75,0.19220950200000003,0.2,0.34220950200000005
969,1.0,0.27659485699999997,0.1,0.376594857
969,1.25,0.27659485699999997,0.1,0.40159485699999997
969,1.5,0.414478235,0.0,0.414478235
969,1.75,0.414478235,0.0,0.414478235
969,2.0,0.414478235,0.0,0.414478235
970,0.25,0.15017575500000002,0.3,0.22517575500000003
970,0.5,0.29340551,0.0,0.29340551
970,0.75,0.29340551,0.0,0.29340551
970,1.0,0.29340551,0.0,0.29340551
970,1.25,0.29340551,0.0,0.29340551
970,1.5,0.29340551,0.0,0.29340551
970,1.75,0.29340551,0.0,0.29340551
970,2.0,0.29340551,0.0,0.29340551
971,0.25,0.056112300999999996,0.5,0.181112301
971,0.5,0.12480634900000001,0.3,0.274806349
971,0.75,0.12480634900000001,0.3,0.34980634899999996
971,1.0,0.38321702499999993,0.0,0.38321702499999993
971,1.25,0.38321702499999993,0.0,0.38321702499999993
971,1.5,0.38321702499999993,0.0,0.38321702499999993
971,1.75,0.38321702499999993,0.0,0.38321702499999993
971,2.0,0.38321702499999993,0.0,0.38321702499999993
972,0.25,0.150175755,0.3,0.22517575499999998
972,0.5,0.29340551,0.0,0.29340551
972,0.75,0.29340551,0.0,0.29340551
972,1.0,0.29340551,0.0,0.29340551
972,1.25,0.29340551,0.0,0.29340551
972,1.5,0.29340551,0.0,0.29340551
972,1.75,0.29340551,0.0,0.29340551
972,2.0,0.29340551,0.0,0.29340551
973,0.25,0.0694079921,0.3,0.1444079921
973,0.5,0.1200750344,0.1,0.1700750344
973,0.75,0.1200750344,0.1,0.1950750344
973,1.0,0.1200750344,0.1,0.22007503440000004
973,1.25,0.1200750344,0.1,0.24507503440000003
973,1.5,0.251829514,0.0,0.251829514
973,1.75,0.251829514,0.0,0.251829514
973,2.0,0.251829514,0.0,0.251829514
974,0.25,0.033961062199999996,0.6,0.1839610622
974,0.5,0.22205753899999997,0.2,0.32205753899999995
974,0.75,0.275063253,0.1,0.35006325299999996
974,1.0,0.275063253,0.1,0.375063253
974,1.25,0.275063253,0.1,0.400063253
974,1.5,0.40391125299999997,0.0,0.40391125299999997
974,1.75,0.40391125299999997,0.0,0.40391125299999997
974,2.0,0.40391125299999997,0.0,0.40391125299999997
975,0.25,0.09630425000000001,0.5,0.22130425000000004
975,0.5,0.12205264949999999,0.4,0.32205264949999995
975,0.75,0.34456913299999997,0.0,0.34456913299999997
975,1.0,0.34456913299999997,0.0,0.34456913299999997
975,1.25,0.34456913299999997,0.0,0.34456913299999997
975,1.5,0.34456913299999997,0.0,0.34456913299999997
975,1.75,0.34456913299999997,0.0,0.34456913299999997
975,2.0,0.34456913299999997,0.0,0.34456913299999997
976,0.25,0.1322857997,0.4,0.2322857997
976,0.5,0.24931318600000002,0.1,0.299313186
976,0.75,0.24931318600000002,0.1,0.32431318600000003
976,1.0,0.24931318600000002,0.1,0.349313186
976,1.25,0.363035726,0.0,0.363035726
976,1.5,0.363035726,0.0,0.363035726
976,1.75,0.363035726,0.0,0.363035726
976,2.0,0.363035726,0.0,0.363035726
977,0.25,0.1322857997,0.4,0.2322857997
977,0.5,0.24931318600000002,0.1,0.299313186
977,0.75,0.24931318600000002,0.1,0.32431318600000003
977,1.0,0.24931318600000002,0.1,0.349313186
977,1.25,0.363035726,0.0,0.363035726
977,1.5,0.363035726,0.0,0.363035726
977,1.75,0.363035726,0.0,0.363035726
977,2.0,0.363035726,0.0,0.363035726
978,0.25,0.036044325599999996,0.6,0.1860443256
978,0.5,0.19220950200000003,0.2,0.29220950200000007
978,0.75,0.19220950200000003,0.2,0.34220950200000005
978,1.0,0.27659485699999997,0.1,0.376594857
978,1.25,0.27659485699999997,0.1,0.40159485699999997
978,1.5,0.414478235,0.0,0.414478235
978,1.75,0.414478235,0.0,0.414478235
978,2.0,0.414478235,0.0,0.414478235
979,0.25,0.0644272201,0.5,0.18942722010000002
979,0.5,0.17713626300000002,0.1,0.227136263
979,0.75,0.17713626300000002,0.1,0.252136263
979,1.0,0.25903007,0.0,0.25903007
979,1.25,0.25903007,0.0,0.25903007
979,1.5,0.25903007,0.0,0.25903007
979,1.75,0.25903007,0.0,0.25903007
979,2.0,0.25903007,0.0,0.25903007
980,0.25,0.0530414148,0.6,0.20304141480000001
980,0.5,0.14641996070000002,0.4,0.34641996070000003
980,0.75,0.313905315,0.1,0.38890531500000003
980,1.0,0.313905315,0.1,0.41390531500000005
980,1.25,0.313905315,0.1,0.4389053150000001
980,1.5,0.313905315,0.1,0.46390531500000004
980,1.75,0.47140746600000005,0.0,0.47140746600000005
980,2.0,0.47140746600000005,0.0,0.47140746600000005
981,0.25,0.15017575499999997,0.3,0.22517575499999998
981,0.5,0.29340551000000004,0.0,0.29340551000000004
981,0.75,0.29340551000000004,0.0,0.29340551000000004
981,1.0,0.29340551000000004,0.0,0.29340551000000004
981,1.25,0.29340551000000004,0.0,0.29340551000000004
981,1.5,0.29340551000000004,0.0,0.29340551000000004
981,1.75,0.29340551000000004,0.0,0.29340551000000004
981,2.0,0.29340551000000004,0.0,0.29340551000000004
982,0.25,0.0530414148,0.6,0.20304141480000001
982,0.5,0.14641996070000002,0.4,0.34641996070000003
982,0.75,0.313905315,0.1,0.38890531500000003
982,1.0,0.313905315,0.1,0.41390531500000005
982,1.25,0.313905315,0.1,0.4389053150000001
982,1.5,0.313905315,0.1,0.46390531500000004
982,1.75,0.47140746600000005,0.0,0.47140746600000005
982,2.0,0.47140746600000005,0.0,0.47140746600000005
983,0.25,0.0427629918,0.6,0.1927629918
983,0.5,0.195655049,0.1,0.24565504899999996
983,0.75,0.195655049,0.1,0.270655049
983,1.0,0.195655049,0.1,0.29565504899999995
983,1.25,0.195655049,0.1,0.32065504899999997
983,1.5,0.195655049,0.1,0.345655049
983,1.75,0.195655049,0.1,0.37065504899999996
983,2.0,0.37199146200000005,0.0,0.37199146200000005
984,0.25,0.0,1.0,0.25
984,0.5,0.283286965,0.0,0.283286965
984,0.75,0.283286965,0.0,0.283286965
984,1.0,0.283286965,0.0,0.283286965
984,1.25,0.283286965,0.0,0.283286965
984,1.5,0.283286965,0.0,0.283286965
984,1.75,0.283286965,0.0,0.283286965
984,2.0,0.283286965,0.0,0.283286965
985,0.25,0.13608008700000002,0.4,0.23608008700000002
985,0.5,0.26919004300000005,0.0,0.26919004300000005
985,0.75,0.26919004300000005,0.0,0.26919004300000005
985,1.0,0.26919004300000005,0.0,0.26919004300000005
985,1.25,0.26919004300000005,0.0,0.26919004300000005
985,1.5,0.26919004300000005,0.0,0.26919004300000005
985,1.75,0.26919004300000005,0.0,0.26919004300000005
985,2.0,0.26919004300000005,0.0,0.26919004300000005
986,0.25,0.0,1.0,0.25
986,0.5,0.32775878699999994,0.0,0.32775878699999994
986,0.75,0.32775878699999994,0.0,0.32775878699999994
986,1.0,0.32775878699999994,0.0,0.32775878699999994
986,1.25,0.32775878699999994,0.0,0.32775878699999994
986,1.5,0.32775878699999994,0.0,0.32775878699999994
986,1.75,0.32775878699999994,0.0,0.32775878699999994
986,2.0,0.32775878699999994,0.0,0.32775878699999994
987,0.25,0.12848052400000004,0.2,0.17848052400000003
987,0.5,0.12848052400000004,0.2,0.22848052400000002
987,0.75,0.12848052400000004,0.2,0.278480524
987,1.0,0.12848052400000004,0.2,0.32848052400000005
987,1.25,0.12848052400000004,0.2,0.37848052400000004
987,1.5,0.12848052400000004,0.2,0.4284805240000001
987,1.75,0.12848052400000004,0.2,0.4784805240000001
987,2.0,0.48156339100000006,0.0,0.48156339100000006
988,0.25,0.046948317600000004,0.6,0.1969483176
988,0.5,0.251885472,0.0,0.251885472
988,0.75,0.251885472,0.0,0.251885472
988,1.0,0.251885472,0.0,0.251885472
988,1.25,0.251885472,0.0,0.251885472
988,1.5,0.251885472,0.0,0.251885472
988,1.75,0.251885472,0.0,0.251885472
988,2.0,0.251885472,0.0,0.251885472
989,0.25,0.033961062199999996,0.6,0.1839610622
989,0.5,0.22205753899999997,0.2,0.32205753899999995
989,0.75,0.275063253,0.1,0.35006325299999996
989,1.0,0.275063253,0.1,0.375063253
989,1.25,0.275063253,0.1,0.400063253
989,1.5,0.40391125299999997,0.0,0.40391125299999997
989,1.75,0.40391125299999997,0.0,0.40391125299999997
989,2.0,0.40391125299999997,0.0,0.40391125299999997
990,0.25,0.15017575499999997,0.3,0.22517575499999998
990,0.5,0.29340551000000004,0.0,0.29340551000000004
990,0.75,0.29340551000000004,0.0,0.29340551000000004
990,1.0,0.29340551000000004,0.0,0.29340551000000004
990,1.25,0.29340551000000004,0.0,0.29340551000000004
990,1.5,0.29340551000000004,0.0,0.29340551000000004
990,1.75,0.29340551000000004,0.0,0.29340551000000004
990,2.0,0.29340551000000004,0.0,0.29340551000000004
991,0.25,0.0,1.0,0.25
991,0.5,0.30518516600000006,0.2,0.40518516600000004
991,0.75,0.419970168,0.0,0.419970168
991,1.0,0.419970168,0.0,0.419970168
991,1.25,0.419970168,0.0,0.419970168
991,1.5,0.419970168,0.0,0.419970168
991,1.75,0.419970168,0.0,0.419970168
991,2.0,0.419970168,0.0,0.419970168
992,0.25,0.0633120825,0.4,0.1633120825
992,0.5,0.131969144,0.2,0.23196914400000002
992,0.75,0.131969144,0.2,0.281969144
992,1.0,0.22146553600000002,0.1,0.321465536
992,1.25,0.22146553600000002,0.1,0.346465536
992,1.5,0.22146553600000002,0.1,0.371465536
992,1.75,0.382647187,0.0,0.382647187
992,2.0,0.382647187,0.0,0.382647187
993,0.25,0.0633120825,0.4,0.1633120825
993,0.5,0.131969144,0.2,0.23196914400000002
993,0.75,0.131969144,0.2,0.281969144
993,1.0,0.22146553600000002,0.1,0.321465536
993,1.25,0.22146553600000002,0.1,0.346465536
993,1.5,0.22146553600000002,0.1,0.371465536
993,1.75,0.382647187,0.0,0.382647187
993,2.0,0.382647187,0.0,0.382647187
994,0.25,0.05781304220000001,0.4,0.1578130422
994,0.5,0.05781304220000001,0.4,0.2578130422
994,0.75,0.128392695,0.3,0.35339269500000003
994,1.0,0.390461635,0.0,0.390461635
994,1.25,0.390461635,0.0,0.390461635
994,1.5,0.390461635,0.0,0.390461635
994,1.75,0.390461635,0.0,0.390461635
994,2.0,0.390461635,0.0,0.390461635
995,0.25,0.034728842999999995,0.8,0.234728843
995,0.5,0.341645869,0.0,0.341645869
995,0.75,0.341645869,0.0,0.341645869
995,1.0,0.341645869,0.0,0.341645869
995,1.25,0.341645869,0.0,0.341645869
995,1.5,0.341645869,0.0,0.341645869
995,1.75,0.341645869,0.0,0.341645869
995,2.0,0.341645869,0.0,0.341645869
996,0.25,0.0530414148,0.6,0.20304141480000001
996,0.5,0.14641996070000002,0.4,0.34641996070000003
996,0.75,0.313905315,0.1,0.38890531500000003
996,1.0,0.313905315,0.1,0.41390531500000005
996,1.25,0.313905315,0.1,0.4389053150000001
996,1.5,0.313905315,0.1,0.46390531500000004
996,1.75,0.47140746600000005,0.0,0.47140746600000005
996,2.0,0.47140746600000005,0.0,0.47140746600000005
997,0.25,0.12993209860000002,0.3,0.2049320986
997,0.5,0.12993209860000002,0.3,0.2799320986
997,0.75,0.12993209860000002,0.3,0.3549320986
997,1.0,0.358460153,0.0,0.358460153
997,1.25,0.358460153,0.0,0.358460153
997,1.5,0.358460153,0.0,0.358460153
997,1.75,0.358460153,0.0,0.358460153
997,2.0,0.358460153,0.0,0.358460153
998,0.25,0.12848052400000004,0.2,0.17848052400000003
998,0.5,0.12848052400000004,0.2,0.22848052400000002
998,0.75,0.12848052400000004,0.2,0.278480524
998,1.0,0.12848052400000004,0.2,0.32848052400000005
998,1.25,0.12848052400000004,0.2,0.37848052400000004
998,1.5,0.12848052400000004,0.2,0.4284805240000001
998,1.75,0.12848052400000004,0.2,0.4784805240000001
998,2.0,0.48156339100000006,0.0,0.48156339100000006
999,0.25,0.062066006900000005,0.4,0.1620660069
999,0.5,0.062066006900000005,0.4,0.2620660069
999,0.75,0.1293120456,0.3,0.3543120456
999,1.0,0.383244249,0.0,0.383244249
999,1.25,0.383244249,0.0,0.383244249
999,1.5,0.383244249,0.0,0.383244249
999,1.75,0.383244249,0.0,0.383244249
999,2.0,0.383244249,0.0,0.383244249
