Iteration,obj,obj_bound,cost,loss,comp,time
1,0.7907800123394495,0.7907800123394495,0.5039910215137615,0.14678899082568808,7.0,9.454176699975505
2,0.8163791461009174,0.7907800123394495,0.5050029993119266,0.1513761467889907,8.0,12.985415500006638
3,0.777390198027523,0.777390198027523,0.47683973931192664,0.16055045871559637,7.0,20.0614179999684
4,0.7846069231651376,0.777390198027523,0.622038115825688,0.08256880733944949,4.0,42.24129470001208
5,0.8034462089449541,0.777390198027523,0.6208774016055046,0.08256880733944949,5.0,43.701227499987
6,0.8162440628899083,0.777390198027523,0.6228495674770642,0.07339449541284404,6.0,62.19841810001526
7,0.8881972539449542,0.777390198027523,0.43333486862385323,0.3348623853211009,6.0,79.74807629996212
8,0.8288431853669725,0.777390198027523,0.6016872220642202,0.08715596330275222,7.0,84.82702239998616
9,0.9594026623394495,0.777390198027523,0.4019714696788991,0.4174311926605503,7.0,96.91308949998347
10,0.9687946086238531,0.777390198027523,0.4005377278899082,0.40825688073394484,8.0,99.76146969996626
11,0.8480053466972477,0.777390198027523,0.5900236953211009,0.07798165137614665,9.0,106.15601889998652
12,0.8759854736422019,0.777390198027523,0.542957950706422,0.1330275229357798,10.0,108.77265529998112
13,0.8846184447247706,0.777390198027523,0.5958111052752294,0.0688073394495412,11.0,109.79717209999217
14,0.8983206068348623,0.777390198027523,0.5682288637155963,0.11009174311926606,11.0,112.65287709998665
15,0.8911241674311926,0.777390198027523,0.5793810481651376,0.09174311926605494,11.0,117.90243069996359
16,0.876087256146789,0.777390198027523,0.5751698249541284,0.10091743119266072,10.0,134.03376570000546
17,0.9354413247247706,0.777390198027523,0.40681747151376146,0.3486238532110092,9.0,136.46306480001658
18,0.8437092026605504,0.777390198027523,0.44352571642201827,0.22018348623853212,9.0,153.6232778999838
19,0.8490898258715596,0.777390198027523,0.49771367908256875,0.1513761467889907,10.0,155.8536887000082
20,0.8660222063761468,0.777390198027523,0.512994683440367,0.1330275229357798,11.0,156.75385639996966
21,0.8619915217889909,0.777390198027523,0.4997896869266055,0.14220183486238525,11.0,171.0734339999617
22,0.8722548737614679,0.777390198027523,0.5175759746788992,0.11467889908256867,12.0,171.67510529997526
23,0.8686547143119268,0.777390198027523,0.5231501271559633,0.10550458715596323,12.0,173.22088739997707
24,0.8938503645412845,0.777390198027523,0.5329329333486239,0.10091743119266061,13.0,175.1539335999987
25,0.9138478124770644,0.777390198027523,0.5329303812844037,0.10091743119266061,14.0,177.12141209997935
26,0.9138478124770644,0.777390198027523,0.5329303812844037,0.10091743119266061,14.0,178.05313219997333
27,1.0277085890366973,0.777390198027523,0.39156180004587154,0.37614678899082565,13.0,195.00894249998964
28,1.0180215650917432,0.777390198027523,0.3864619320642202,0.37155963302752293,13.0,199.20923579996452
29,1.0356267098623853,0.777390198027523,0.39324138876146786,0.36238532110091737,14.0,200.0359529000125
30,0.9414962175229358,0.777390198027523,0.5314044744036697,0.11009174311926595,15.0,205.30868829996325
31,0.9257094363761469,0.777390198027523,0.5356176932568807,0.11009174311926595,14.0,207.34476020000875
32,0.7869703426605504,0.777390198027523,0.5506400674311926,0.09633027522935766,7.0,216.38377929996932
33,0.8066534223394496,0.777390198027523,0.5503231471100918,0.09633027522935766,8.0,217.5510338000022
34,0.8205362617431191,0.777390198027523,0.5487931424770642,0.09174311926605494,9.0,218.20977309998125
35,0.8445164261009173,0.777390198027523,0.5573604627981651,0.0871559633027521,10.0,221.83524629997555
36,0.8471454417431192,0.777390198027523,0.559989478440367,0.0871559633027521,10.0,224.80605559999822
37,0.823430932293578,0.777390198027523,0.48746762954128436,0.15596330275229353,9.0,241.32088519999525
38,0.8340165292660551,0.777390198027523,0.4780532265137614,0.15596330275229353,10.0,242.8779363000067
39,0.8201336898623852,0.777390198027523,0.47958323114678897,0.16055045871559626,9.0,244.04867019999074
40,0.8291960727522936,0.777390198027523,0.47488414614678903,0.17431192660550454,9.0,248.44136699999217
41,0.8535416747706422,0.777390198027523,0.5192297481651377,0.17431192660550454,8.0,265.21999770001275
42,0.8711083246788991,0.777390198027523,0.5167963980733945,0.17431192660550454,9.0,265.8570029999828
43,0.8535416747706422,0.777390198027523,0.5192297481651377,0.17431192660550454,8.0,266.94728979998035
44,0.868564937706422,0.777390198027523,0.5280144789908257,0.16055045871559626,9.0,269.1664750999771
45,0.8488582133486238,0.777390198027523,0.5283077546330274,0.16055045871559637,8.0,270.0389918999863
46,0.8272337894036697,0.777390198027523,0.5266833306880733,0.16055045871559637,7.0,289.82411719998345
47,0.8308111006880734,0.777390198027523,0.530260641972477,0.16055045871559637,7.0,290.5991810999694
48,0.8214599341743118,0.777390198027523,0.566781035091743,0.1146788990825689,7.0,300.16731789999176
49,0.8300393325688074,0.777390198027523,0.5599475894495413,0.11009174311926606,8.0,300.84782069997163
50,0.8516637565137615,0.777390198027523,0.5615720133944954,0.11009174311926606,9.0,318.4213725000154
51,0.8324536656422019,0.777390198027523,0.5911692619724771,0.041284403669724856,10.0,336.73097179998877
52,0.8488459226146788,0.777390198027523,0.5875615189449542,0.041284403669724856,11.0,337.3353127000155
53,0.8446904914220182,0.777390198027523,0.5834060877522936,0.041284403669724856,11.0,337.92281139997067
54,0.8643735711009174,0.777390198027523,0.5830891674311927,0.041284403669724856,12.0,338.5022216999787
55,0.8870935959174311,0.777390198027523,0.576634880321101,0.050458715596330306,13.0,338.99680849997094
56,0.8659220218348623,0.777390198027523,0.5754633062385323,0.050458715596330306,12.0,339.3436348999967
57,0.8509091475688073,0.777390198027523,0.5758632760091744,0.05504587155963314,11.0,339.85709569999017
58,0.8320619583256883,0.777390198027523,0.42105278401376145,0.21100917431192645,10.0,353.81274069997016
59,0.7920781183027523,0.777390198027523,0.48822490729357804,0.12385321100917435,9.0,363.76445339998463
60,0.7920781183027523,0.777390198027523,0.48822490729357804,0.12385321100917435,9.0,363.8583410999854
61,0.7920781183027523,0.777390198027523,0.48822490729357804,0.12385321100917435,9.0,363.95886569999857
62,0.808163651376147,0.777390198027523,0.493484752293578,0.1146788990825689,10.0,364.5752124999999
63,0.7704339466513762,0.7704339466513762,0.4819935796788991,0.12844036697247696,8.0,373.1488707999815
64,0.8899209023394496,0.7704339466513762,0.277443838119266,0.47247706422018343,7.0,378.6923778000055
65,0.9325297368348624,0.7704339466513762,0.24078661756880734,0.591743119266055,5.0,386.73579189996235
66,0.9325297368348624,0.7704339466513762,0.24078661756880734,0.591743119266055,5.0,386.8414676999673
67,1.0281086983944954,0.7704339466513762,0.13618209288990826,0.8119266055045872,4.0,389.1344396999921
68,1.0591376517889908,0.7704339466513762,0.003724807752293578,0.9954128440366973,3.0,408.9770547999651
69,1.0216911839495413,0.7704339466513762,0.15270035826146788,0.7889908256880733,4.0,418.63443979999283
70,0.9704830004633027,0.7704339466513762,0.22828116560091744,0.6422018348623852,5.0,429.7179827999789
71,0.9704830004633027,0.7704339466513762,0.22828116560091744,0.6422018348623852,5.0,440.44844939996256
72,0.8044535981697248,0.7704339466513762,0.4475728642247706,0.25688073394495403,5.0,449.1710948999971
73,0.8300011335642202,0.7704339466513762,0.4439460876926605,0.2660550458715596,6.0,454.8701676999917
74,0.8376764887477065,0.7704339466513762,0.4729058465458715,0.22477064220183485,7.0,456.87790610000957
75,0.8376764887477065,0.7704339466513762,0.4729058465458715,0.22477064220183485,7.0,475.01233359996695
76,1.0247314167752295,0.7704339466513762,0.2562910498027523,0.6284403669724771,7.0,488.58917709998786
77,0.8547923122798166,0.7704339466513762,0.47460882604128435,0.220183486238532,8.0,489.5592428999953
78,0.8719241405045873,0.7704339466513762,0.36495166344036695,0.3669724770642201,7.0,499.05163229996106
79,0.9617326359174311,0.7704339466513762,0.2437509845412844,0.5779816513761468,7.0,511.02838599996176
80,0.9536346079816512,0.7704339466513762,0.2798731400917431,0.5137614678899083,8.0,517.5525993999909
81,0.9671528126146787,0.7704339466513762,0.2871528126146789,0.5,9.0,518.2146753999987
82,0.8526935756422018,0.7704339466513762,0.5150788967431192,0.13761467889908252,10.0,529.0556428999989
83,0.980821009770642,0.7704339466513762,0.29458247766055046,0.4862385321100917,10.0,532.6935461999965
84,0.9707928812844036,0.7704339466513762,0.3045543491743119,0.4862385321100917,9.0,538.7284296000144
85,0.9795771696330273,0.7704339466513762,0.30251294944954127,0.47706422018348627,10.0,540.2007862000028
86,0.960963489770642,0.7704339466513762,0.33729376499999997,0.4036697247706422,11.0,544.5524991999846
87,0.9697448778440365,0.7704339466513762,0.355249465,0.39449541284403666,11.0,545.1519318000064
88,1.1021765502848624,0.7704339466513762,0.04474535762431193,0.9174311926605505,7.0,570.9843841000111
89,1.1003003517068808,0.7704339466513762,0.02910769115642202,0.9311926605504587,7.0,571.3971495999722
90,1.0422737828766055,0.7704339466513762,0.09952148929862384,0.8027522935779816,7.0,592.9030293999822
91,1.063347219293578,0.7704339466513762,0.09600776975229357,0.8073394495412844,8.0,595.2004543999792
92,1.0719303561284403,0.7704339466513762,0.12128815429357798,0.7706422018348624,9.0,596.8183279999648
93,1.0782696611743119,0.7704339466513762,0.12597608319266054,0.7522935779816513,10.0,597.7766658999608
94,1.0646992131009174,0.7704339466513762,0.12157994704587155,0.7431192660550459,10.0,599.0834115999751
95,1.0776194446605505,0.7704339466513762,0.13743595842201833,0.7201834862385321,11.0,600.1134223999688
96,1.0980413127752293,0.7704339466513762,0.13785782653669723,0.7201834862385321,12.0,601.0362250999897
97,1.11717896456422,0.7704339466513762,0.14158263428899082,0.7155963302752293,13.0,615.2561497999704
98,1.11717896456422,0.7704339466513762,0.14158263428899082,0.7155963302752293,13.0,615.3856588999624
99,0.867302263233945,0.7704339466513762,0.4129903366284403,0.17431192660550465,14.0,633.221946900012
100,0.8725802100229358,0.7704339466513762,0.41826828341743116,0.17431192660550465,14.0,634.7384280000115
101,0.8725802100229358,0.7704339466513762,0.41826828341743116,0.17431192660550465,14.0,634.859722299967
102,0.8521583419082569,0.7704339466513762,0.41784641530275224,0.17431192660550465,13.0,635.4915163000114
103,0.832778109798165,0.7704339466513762,0.42598911897247704,0.14678899082568808,13.0,651.0203078999766
104,0.8506491131009175,0.7704339466513762,0.4284472782385321,0.14220183486238525,14.0,651.7074989000103
105,1.1199060465412845,0.7704339466513762,0.14889687222935782,0.7110091743119266,13.0,670.811164899962
106,0.8506491131009175,0.7704339466513762,0.4284472782385321,0.14220183486238525,14.0,670.9800897999667
107,0.8710709812155963,0.7704339466513762,0.42886914635321094,0.14220183486238525,15.0,671.9168221
108,0.8710709812155963,0.7704339466513762,0.42886914635321094,0.14220183486238525,15.0,672.078183399979
109,0.8947514225,0.7704339466513762,0.43254958763761464,0.14220183486238525,16.0,672.456618199998
110,0.8947514225,0.7704339466513762,0.43254958763761464,0.14220183486238525,16.0,672.9409309999901
111,0.8947514225,0.7704339466513762,0.43254958763761464,0.14220183486238525,16.0,673.165760200005
112,0.9282735523165138,0.7704339466513762,0.4368974055275229,0.1513761467889907,17.0,674.8107864999911
113,0.9503673119036696,0.7704339466513762,0.43899116511467884,0.1513761467889907,18.0,675.1844946999918
114,0.9642380382798165,0.7704339466513762,0.4374490474541284,0.14678899082568808,19.0,676.3161432999768
115,0.9795693553899082,0.7704339466513762,0.4373675205275229,0.14220183486238525,20.0,676.8780257999897
116,0.9795693553899082,0.7704339466513762,0.4373675205275229,0.14220183486238525,20.0,677.004442400008
117,0.9574755958027522,0.7704339466513762,0.43527376094036696,0.14220183486238525,19.0,677.1613673999673
118,0.9574755958027522,0.7704339466513762,0.43527376094036696,0.14220183486238525,19.0,677.3161853000056
119,0.9576855963073394,0.7704339466513762,0.4354837614449541,0.14220183486238525,19.0,678.2238556999946
120,1.1295410052522936,0.7704339466513762,0.12513733552752293,0.7844036697247706,11.0,687.0464975999785
121,0.9350291208027522,0.7704339466513762,0.44200159786697246,0.1330275229357798,18.0,687.273844100011
122,0.9350291208027522,0.7704339466513762,0.44200159786697246,0.1330275229357798,18.0,687.613446399977
123,0.9350291208027522,0.7704339466513762,0.44200159786697246,0.1330275229357798,18.0,687.7445335999946
124,0.9218834457568807,0.7704339466513762,0.42133298704128436,0.16055045871559637,17.0,688.5962386999745
125,0.9361734759403669,0.7704339466513762,0.42938448511467886,0.14678899082568808,18.0,689.5612699000048
126,0.9469302300229357,0.7704339466513762,0.43555408323394496,0.1513761467889907,18.0,690.118153599964
127,1.2148165652522935,0.7704339466513762,0.180504638646789,0.6743119266055047,18.0,701.7992981999996
128,1.2033178188302753,0.7704339466513762,0.19194167204128443,0.6513761467889908,18.0,703.2248361000093
129,1.1860117591972477,0.7704339466513762,0.18087414451834863,0.665137614678899,17.0,703.6705704999622
130,1.1923510642431192,0.7704339466513762,0.1855620734174312,0.6467889908256881,18.0,704.5302718000021
131,1.213566944380734,0.7704339466513762,0.18219079759174311,0.6513761467889908,19.0,704.9674645999912
132,1.2158433000275228,0.7704339466513762,0.1844671532385321,0.6513761467889908,19.0,705.5521949999966
133,1.1984080746605503,0.7704339466513762,0.1824447719082569,0.6559633027522935,18.0,705.9474549000151
134,1.2114572539266055,0.7704339466513762,0.17714532732110091,0.6743119266055047,18.0,707.3198500999715
135,1.0840563386055044,0.7704339466513762,0.3187352376880734,0.3853211009174313,19.0,721.2380786999711
136,1.101491563972477,0.7704339466513762,0.3207576190183486,0.3807339449541285,20.0,721.4569985999842
137,1.0578683348440365,0.7704339466513762,0.3263087018165137,0.37155963302752304,18.0,722.0971693000174
138,1.0518113244266054,0.7704339466513762,0.329426003325688,0.36238532110091737,18.0,722.6133119000006
139,1.0046090542201835,0.7704339466513762,0.3313980450458715,0.3532110091743119,16.0,724.9917423999868
140,0.9882537713302753,0.7704339466513762,0.321281294266055,0.3669724770642202,15.0,725.4632247000118
141,1.0968352573348623,0.7704339466513762,0.25096369770183485,0.5458715596330276,15.0,737.3892095999909
142,1.1023115131605505,0.7704339466513762,0.2472656416009174,0.555045871559633,15.0,739.3007110999897
143,1.1238880461880734,0.7704339466513762,0.24884217462844035,0.555045871559633,16.0,739.5411329999915
144,1.1238880461880734,0.7704339466513762,0.24884217462844035,0.555045871559633,16.0,739.6425672000041
145,1.1238880461880734,0.7704339466513762,0.24884217462844035,0.555045871559633,16.0,740.1209009999875
146,1.0513164955504586,0.7704339466513762,0.32305961481651374,0.40825688073394484,16.0,754.1419637000072
147,1.145914841651376,0.7704339466513762,0.2037130067889908,0.6422018348623852,15.0,760.736251299968
148,1.152546449266055,0.7704339466513762,0.2103446144036697,0.6422018348623852,15.0,761.8435993000166
149,1.1557912633486238,0.7704339466513762,0.21358942848623852,0.6422018348623852,15.0,765.2115822999622
150,1.149159655733945,0.7704339466513762,0.20695782087155962,0.6422018348623852,15.0,767.0948838999611
151,1.168522689444954,0.7704339466513762,0.20632085458256877,0.6422018348623852,16.0,767.3492995999986
152,1.1700860106880735,0.7704339466513762,0.20788417582568808,0.6422018348623852,16.0,767.5810526999994
153,1.1720907809633028,0.7704339466513762,0.20530179013761468,0.6467889908256881,16.0,768.596248899994
154,0.9907833926605505,0.7704339466513762,0.49940724587155966,0.15137614678899092,17.0,781.4849098999985
155,0.9843667141284405,0.7704339466513762,0.4975777233027523,0.14678899082568808,17.0,782.138296399964
156,0.9843667141284405,0.7704339466513762,0.4975777233027523,0.14678899082568808,17.0,782.245336299995
157,0.9565122660091743,0.7704339466513762,0.48972327518348624,0.14678899082568808,16.0,785.9311255000066
158,0.9565122660091743,0.7704339466513762,0.48972327518348624,0.14678899082568808,16.0,786.0355959999724
159,0.9566406552752293,0.7704339466513762,0.48526450848623853,0.1513761467889907,16.0,796.2039727999945
160,0.9619215420642202,0.7704339466513762,0.4859582393119266,0.15596330275229353,16.0,798.3009624999831
161,0.97838096146789,0.7704339466513762,0.48241765871559633,0.15596330275229353,17.0,799.5687439999892
162,0.9525825059174313,0.7704339466513762,0.5408393866513761,0.09174311926605494,16.0,824.3707730000024
163,0.9525825059174313,0.7704339466513762,0.5408393866513761,0.09174311926605494,16.0,824.469207999995
164,0.9565935750000001,0.7704339466513762,0.5419146759174311,0.11467889908256867,15.0,829.706155199965
165,0.9783474599541286,0.7704339466513762,0.5390814049082568,0.11926605504587151,16.0,830.7126274000038
166,0.9761493655045872,0.7704339466513762,0.5368833104587155,0.11926605504587151,16.0,831.187035800016
167,0.9761493655045872,0.7704339466513762,0.5368833104587155,0.11926605504587151,16.0,831.292334400001
168,0.9969146455963303,0.7704339466513762,0.36663941623853213,0.3302752293577981,15.0,848.2918200999848
169,1.001606671559633,0.7704339466513762,0.3880286899082569,0.29357798165137605,16.0,852.0480105999741
170,1.010720997614679,0.7704339466513762,0.38173017192660547,0.2889908256880733,17.0,854.5323750000098
171,1.026708581146789,0.7704339466513762,0.38689206738532106,0.2798165137614679,18.0,855.6332085999893
172,1.0175942550917432,0.7704339466513762,0.3931905853669725,0.2844036697247705,17.0,858.9629987999797
173,0.9986044883073394,0.7704339466513762,0.45970540573853214,0.17889908256880727,18.0,862.6020063000033
174,1.008151613091743,0.7704339466513762,0.46760115437614685,0.16055045871559637,19.0,864.6583284999942
175,1.0152141039633027,0.7704339466513762,0.4700764892844037,0.1651376146788992,19.0,865.0873302000109
176,1.0309372921651376,0.7704339466513762,0.4749739894128441,0.15596330275229353,20.0,866.110949599999
177,1.0157228979449537,0.7704339466513762,0.4751724392293578,0.16055045871559637,19.0,867.2273200000054
178,1.0245477097247706,0.7704339466513762,0.48693303082568806,0.13761467889908263,20.0,868.5613703000126
179,1.0071265532568807,0.7704339466513762,0.4895118743577982,0.13761467889908263,19.0,869.1337581999833
180,0.9911389697247706,0.7704339466513762,0.4843499788990826,0.14678899082568808,18.0,870.0139412999852
181,0.9718811255045869,0.7704339466513762,0.47591782275229355,0.15596330275229364,17.0,873.3521996999625
182,0.9583549230275228,0.7704339466513762,0.47321730834862386,0.1651376146788992,16.0,874.8400331999874
183,0.9383710110550458,0.7704339466513762,0.4732333963761468,0.1651376146788991,15.0,875.710595600016
184,0.9449243130733944,0.7704339466513762,0.46896101032110094,0.15596330275229364,16.0,878.2891170000075
185,0.9367315866055046,0.7704339466513762,0.4761811278899083,0.16055045871559626,15.0,881.1706557999714
186,0.9367315866055046,0.7704339466513762,0.4761811278899083,0.16055045871559626,15.0,885.5486039000098
187,0.930178284587156,0.7704339466513762,0.48045351394495417,0.16972477064220193,14.0,887.7295866999775
188,0.930178284587156,0.7704339466513762,0.48045351394495417,0.16972477064220193,14.0,889.1351040999871
189,0.9477994554587157,0.7704339466513762,0.4872489967431193,0.16055045871559626,15.0,890.1527628999902
190,0.9424449273899083,0.7704339466513762,0.46519722096788996,0.19724770642201828,14.0,894.0739768999629
191,0.9535126922522936,0.7704339466513762,0.46085214179357803,0.19266055045871566,15.0,894.5395649999846
192,0.9424449273899083,0.7704339466513762,0.46519722096788996,0.19724770642201828,14.0,895.0054071999621
193,0.967484583674312,0.7704339466513762,0.5023469689954129,0.1651376146788991,15.0,897.4829228000017
194,0.9858393215183485,0.7704339466513762,0.5023530829862385,0.18348623853211,15.0,907.793129800004
195,0.9702381493165138,0.7704339466513762,0.5067519107844037,0.18348623853211,14.0,927.5866156999837
196,0.9444385306926605,0.7704339466513762,0.4993009160137615,0.1651376146788991,14.0,933.580875899992
197,0.9544944494587155,0.7704339466513762,0.5122926145963304,0.14220183486238536,15.0,935.1537471999764
198,1.014954515788991,0.7704339466513762,0.35422057083486236,0.3807339449541285,14.0,951.4305849999655
199,1.0335988657110091,0.7704339466513762,0.36203923268348626,0.3715596330275228,15.0,952.5903854999924
200,0.9561213116743119,0.7704339466513762,0.4893323208486239,0.14678899082568797,16.0,957.2110308000119
201,0.9279379315917431,0.7704339466513762,0.4719746288394495,0.15596330275229364,15.0,961.7789103999967
202,1.0695986678302751,0.7704339466513762,0.31088307150000005,0.45871559633027514,15.0,972.4702914999798
203,1.0830733805091743,0.7704339466513762,0.30142200436238537,0.481651376146789,15.0,975.892056200013
204,1.1013294023715596,0.7704339466513762,0.33178811796788993,0.4495412844036697,16.0,977.9771028999821
205,1.1136865128302753,0.7704339466513762,0.33331954035321104,0.44036697247706413,17.0,979.1962936999626
206,1.1224753106284404,0.7704339466513762,0.34963127393119264,0.4128440366972477,18.0,980.2734583999845
207,1.1275451625550459,0.7704339466513762,0.34552681393119267,0.4220183486238531,18.0,980.8351403999841
208,0.9921284929678899,0.7704339466513762,0.46992665810550455,0.14220183486238513,19.0,989.2764900999609
209,1.014148598472477,0.7704339466513762,0.46735960764678897,0.14678899082568797,20.0,990.2575370999984
210,1.0262851464082567,0.7704339466513762,0.46408331154587157,0.14220183486238513,21.0,991.338257699972
211,1.0443063976926605,0.7704339466513762,0.46210456283027523,0.14220183486238513,22.0,992.2828984999796
212,1.0443063976926605,0.7704339466513762,0.46210456283027523,0.14220183486238513,22.0,992.3866568999947
213,1.031114787830275,0.7704339466513762,0.45973864104128437,0.1513761467889908,21.0,998.8803608000162
214,1.0222306619587156,0.7704339466513762,0.4600288270963303,0.14220183486238536,21.0,1007.0435851999791
215,1.0391532307201836,0.7704339466513762,0.46153855182110093,0.13761467889908263,22.0,1012.9631393000018
216,1.0595593915458716,0.7704339466513762,0.4802933365,0.11926605504587162,23.0,1015.389254299982
217,1.1166307847568808,0.7704339466513762,0.3342454636559633,0.3623853211009175,21.0,1021.082440499973
218,1.1205402672522937,0.7704339466513762,0.30604485440825685,0.3944954128440368,21.0,1022.8385441999999
219,1.1400808095000001,0.7704339466513762,0.30558539665596324,0.3944954128440368,22.0,1023.1183918999741
220,1.1578831117018349,0.7704339466513762,0.30338769885779815,0.3944954128440368,23.0,1023.9928150000051
221,1.1583391692247706,0.7704339466513762,0.3038437563807339,0.3944954128440368,23.0,1024.3430868000141
222,1.1583391692247706,0.7704339466513762,0.3038437563807339,0.3944954128440368,23.0,1024.444518400007
223,1.1392117122522936,0.7704339466513762,0.29554198748165134,0.4036697247706422,22.0,1031.7835296000121
224,1.1200428986284403,0.7704339466513762,0.29637317385779816,0.4036697247706421,21.0,1032.0156335000065
225,1.1020216473440367,0.7704339466513762,0.2983519225733945,0.4036697247706421,20.0,1032.3482576999813
226,1.091585077389908,0.7704339466513762,0.34130984803211006,0.3302752293577981,21.0,1035.7629191000015
227,1.09330944803211,0.7704339466513762,0.35973146638073394,0.29357798165137605,22.0,1039.1652957999613
228,1.09330944803211,0.7704339466513762,0.35973146638073394,0.29357798165137605,22.0,1039.4703760999837
229,1.1027107221651375,0.7704339466513762,0.3720685203302752,0.2706422018348623,23.0,1041.5039131999947
230,1.1164696451926606,0.7704339466513762,0.3704145993211009,0.2660550458715596,24.0,1041.7793784000096
231,1.062376545146789,0.7704339466513762,0.3763214992752293,0.2660550458715596,21.0,1043.4075173999881
232,1.0606521745045872,0.7704339466513762,0.3578998809266054,0.3027522935779816,20.0,1046.2208793999744
233,1.061380127440367,0.7704339466513762,0.3586278338623853,0.3027522935779816,20.0,1047.3425561999902
234,1.0718166973944954,0.7704339466513762,0.3156699084036697,0.37614678899082565,19.0,1053.3769596999628
235,1.0263671251834863,0.7704339466513762,0.319394648119266,0.3669724770642202,17.0,1059.3261898999917
236,1.0451030933944954,0.7704339466513762,0.3181306163302752,0.3669724770642202,18.0,1060.3440558000002
237,1.0400290431651376,0.7704339466513762,0.32223087802752287,0.35779816513761464,18.0,1061.2321783999796
238,0.9907006720183487,0.7704339466513762,0.491434616972477,0.11926605504587151,19.0,1069.318438599992
239,0.9985503903211009,0.7704339466513762,0.4855228673853211,0.1330275229357798,19.0,1071.0709339000168
240,0.9795740290825689,0.7704339466513762,0.48654650614678896,0.1330275229357798,18.0,1071.289662199968
241,0.9973763312844037,0.7704339466513762,0.4843488083486238,0.1330275229357798,19.0,1072.2159507999895
242,0.9795740290825689,0.7704339466513762,0.48654650614678896,0.1330275229357798,18.0,1072.4175217999727
243,0.9717068928440368,0.7704339466513762,0.49244083779816505,0.11926605504587151,18.0,1074.5419467000174
244,1.0210352639908258,0.7704339466513762,0.32323709885321095,0.35779816513761464,17.0,1081.058451699966
245,1.0144090046330274,0.7704339466513762,0.35624386701834854,0.2981651376146789,18.0,1085.159700499964
246,0.9931138416972478,0.7704339466513762,0.35953586004587146,0.29357798165137605,17.0,1088.357768499991
247,0.9901248608715596,0.7704339466513762,0.3581982553669725,0.3119266055045872,16.0,1092.8266773999785
248,0.9207516900917432,0.7704339466513762,0.44937554330275226,0.1513761467889908,16.0,1097.871946099971
249,0.9389671563302753,0.7704339466513762,0.4475910095412844,0.1513761467889908,17.0,1099.0327730000135
250,0.9565723011009174,0.7704339466513762,0.45437046623853206,0.14220183486238525,18.0,1099.8883504999685
251,0.9781488341284403,0.7704339466513762,0.455946999266055,0.14220183486238525,19.0,1100.1579028000124
252,0.9952199198165137,0.7704339466513762,0.4621923968807339,0.13302752293577969,20.0,1100.523420499987
253,0.9952199198165137,0.7704339466513762,0.4621923968807339,0.13302752293577969,20.0,1100.6316229999647
254,0.9952199198165137,0.7704339466513762,0.4621923968807339,0.13302752293577969,20.0,1100.7404519999982
255,0.9952199198165137,0.7704339466513762,0.4621923968807339,0.13302752293577969,20.0,1101.2497031000094
256,0.9960057849999999,0.7704339466513762,0.4921525739908257,0.12385321100917435,19.0,1109.6772271000082
257,0.9752261437155963,0.7704339466513762,0.49137293270642207,0.12385321100917424,18.0,1112.6604111999623
258,0.9581550580275231,0.7704339466513762,0.48512753509174317,0.13302752293577969,17.0,1112.8336161999614
259,0.9584155145412845,0.7704339466513762,0.4808008356422019,0.13761467889908252,17.0,1113.5070923999883
260,0.9618926864220185,0.7704339466513762,0.4842780075229358,0.13761467889908263,17.0,1117.53330369998
261,0.9804461327981652,0.7704339466513762,0.4874186098623854,0.1330275229357798,18.0,1117.8202373000095
262,0.957399615733945,0.7704339466513762,0.4843720927981652,0.13302752293577969,17.0,1121.0272727999836
263,0.9630061733486237,0.7704339466513762,0.40612543940366974,0.25688073394495403,15.0,1127.2847769999644
264,0.9242219499082569,0.7704339466513762,0.384405436146789,0.2798165137614679,13.0,1128.4843776999624
265,0.9369758661926606,0.7704339466513762,0.40468228821100916,0.2522935779816513,14.0,1129.4590717999963
266,0.9157424552752294,0.7704339466513762,0.40803603325688076,0.24770642201834858,13.0,1129.6582622000133
267,0.9839724339908256,0.7704339466513762,0.26562381013761466,0.518348623853211,10.0,1152.7376722999616
268,0.9903704180733944,0.7704339466513762,0.27495757403669724,0.4954128440366973,11.0,1161.0876359000104
269,1.0081007270642202,0.7704339466513762,0.27268788302752295,0.4954128440366973,12.0,1161.9403350999928
270,0.9730238668348624,0.7704339466513762,0.3185284539908257,0.3944954128440368,13.0,1170.3770157999825
271,0.9795139211009175,0.7704339466513762,0.32795428807339455,0.37155963302752293,14.0,1175.7827309999848
272,1.0765374157339451,0.7704339466513762,0.21396860839449544,0.5825688073394495,14.0,1182.2053445999627
273,0.9916253838073394,0.7704339466513762,0.3200657507798165,0.37155963302752293,15.0,1184.761898399971
274,1.001044719587156,0.7704339466513762,0.3599438021559633,0.3211009174311926,16.0,1186.2877614999888
275,1.0156463182110091,0.7704339466513762,0.3424353090366972,0.3532110091743118,16.0,1189.7337571000098
276,1.045684350229358,0.7704339466513762,0.32660178142201834,0.3990825688073394,16.0,1195.7723605000065
277,0.9465465723394495,0.7704339466513762,0.43553739802752295,0.21100917431192645,15.0,1207.8488945999998
278,0.9673018819403669,0.7704339466513762,0.42418261588532113,0.24311926605504564,15.0,1218.6275063999929
279,0.9866303981330276,0.7704339466513762,0.4235111320779817,0.24311926605504564,16.0,1219.0054425999988
280,0.9193506851376145,0.7704339466513762,0.3340295842201834,0.3853211009174312,10.0,1241.3074355999706
281,0.941160555853211,0.7704339466513762,0.33583945493577977,0.3853211009174312,11.0,1246.15257939999
282,0.9279526691559632,0.7704339466513762,0.3989618434678898,0.28899082568807344,12.0,1248.4818347999826
283,0.9593695710825688,0.7704339466513762,0.40120443346788986,0.2981651376146789,13.0,1250.4372361999704
284,0.9300725160825689,0.7704339466513762,0.44823765369724766,0.2018348623853211,14.0,1251.982015000016
285,0.9403215577752295,0.7704339466513762,0.45683531924311926,0.18348623853211,15.0,1253.290142999962
286,1.0566147820183487,0.7704339466513762,0.32872487376146786,0.4678899082568808,13.0,1269.918285999971
287,1.0609171437155964,0.7704339466513762,0.3330272354587156,0.4678899082568808,13.0,1272.2328411999624
288,0.9045747247477064,0.7704339466513762,0.46732701832568807,0.1972477064220184,12.0,1290.7882461000117
289,0.9045747247477064,0.7704339466513762,0.46732701832568807,0.1972477064220184,12.0,1290.913215700013
290,0.8857668472935779,0.7704339466513762,0.48521638857798166,0.16055045871559637,12.0,1300.5764022999792
291,0.9018523803669724,0.7704339466513762,0.49047623357798165,0.15137614678899092,13.0,1301.3263605000102
292,0.9018523803669724,0.7704339466513762,0.49047623357798165,0.15137614678899092,13.0,1301.4538358999998
293,0.9193876621559632,0.7704339466513762,0.48801151536697246,0.15137614678899092,14.0,1301.6884092999971
294,0.9193876621559632,0.7704339466513762,0.48801151536697246,0.15137614678899092,14.0,1301.8105226999614
295,0.9367265080733944,0.7704339466513762,0.4853503612844036,0.15137614678899092,15.0,1302.1107056000037
296,0.9521235530733945,0.7704339466513762,0.4853345622477064,0.1467889908256882,16.0,1302.385870099999
297,0.9345882712844036,0.7704339466513762,0.48779928045871557,0.1467889908256882,15.0,1303.0052873999812
298,0.9521235530733945,0.7704339466513762,0.4853345622477064,0.1467889908256882,16.0,1303.2597126999754
299,0.9410992263302753,0.7704339466513762,0.47265885935779817,0.12844036697247707,17.0,1307.6340785999782
300,0.9410992263302753,0.7704339466513762,0.47265885935779817,0.12844036697247707,17.0,1307.8762369999895
301,0.9235639445412844,0.7704339466513762,0.47512357756880735,0.12844036697247707,16.0,1308.535453599994
302,0.9410992263302753,0.7704339466513762,0.47265885935779817,0.12844036697247707,17.0,1308.7971649999963
303,0.8909323363302752,0.7704339466513762,0.4733176574311927,0.1376146788990824,14.0,1309.52022820001
304,0.8753571143577981,0.7704339466513762,0.4777424354587156,0.1376146788990824,13.0,1311.7165192000102
305,0.8838421715137614,0.7704339466513762,0.4816403366513762,0.14220183486238525,13.0,1313.210949499975
306,0.8948664982568806,0.7704339466513762,0.4943160395412844,0.16055045871559614,12.0,1320.230750799994
307,0.8948664982568806,0.7704339466513762,0.4943160395412844,0.16055045871559614,12.0,1320.376669499965
308,0.9020738806422017,0.7704339466513762,0.455651862293578,0.20642201834862384,12.0,1333.1776509999763
309,0.9020738806422017,0.7704339466513762,0.455651862293578,0.20642201834862384,12.0,1333.315775599971
310,0.9020738806422017,0.7704339466513762,0.455651862293578,0.20642201834862384,12.0,1333.4547537000035
311,0.8930042699541283,0.7704339466513762,0.46199509564220187,0.21100917431192645,11.0,1333.9775222999742
312,0.8606865848623853,0.7704339466513762,0.4496774105504588,0.21100917431192645,10.0,1340.6167865999741
313,0.8322059055963302,0.7704339466513762,0.45037104321100924,0.201834862385321,9.0,1341.632354100002
314,0.805694524266055,0.7704339466513762,0.45762112977064223,0.18807339449541283,8.0,1342.5295782000176
315,0.805694524266055,0.7704339466513762,0.45762112977064223,0.18807339449541283,8.0,1342.7503568999819
316,0.7955248382568807,0.7704339466513762,0.47332300339449546,0.14220183486238536,9.0,1352.9642093000002
317,0.8235631404587156,0.7704339466513762,0.6118200211926605,0.09174311926605516,6.0,1377.1514341000002
318,0.8475055208715597,0.7704339466513762,0.6065880896788991,0.10091743119266061,7.0,1377.6658532000147
319,0.8617194369266056,0.7704339466513762,0.6053891616972478,0.09633027522935789,8.0,1378.35810079996
320,0.8817194369266055,0.7704339466513762,0.6053891616972478,0.09633027522935789,9.0,1378.64300370001
321,0.8817194369266055,0.7704339466513762,0.6053891616972478,0.09633027522935789,9.0,1378.9522619000054
322,0.8817194369266055,0.7704339466513762,0.6053891616972478,0.09633027522935789,9.0,1379.071311799984
323,0.8604902029357799,0.7704339466513762,0.6087470836697249,0.09174311926605516,8.0,1379.4734113999875
324,0.8604902029357799,0.7704339466513762,0.6087470836697249,0.09174311926605516,8.0,1379.6349496999756
325,0.8421572738073395,0.7704339466513762,0.6104141545412844,0.09174311926605505,7.0,1379.8368149999878
326,0.8421572738073395,0.7704339466513762,0.6104141545412844,0.09174311926605505,7.0,1404.2300536999828
327,0.8301692899541284,0.7704339466513762,0.6046647027981651,0.10550458715596334,6.0,1404.6770718999906
328,0.8505004556422018,0.7704339466513762,0.6049958684862385,0.10550458715596334,7.0,1408.286536599975
329,0.8640888350458714,0.7704339466513762,0.6077585598165137,0.09633027522935778,8.0,1408.6165525999968
330,0.8291529215137614,0.7704339466513762,0.49484099490825684,0.17431192660550443,8.0,1428.2665715999901
331,0.8155645421100918,0.7704339466513762,0.4920783035779816,0.18348623853211,7.0,1428.5346019999706
332,0.8291529215137614,0.7704339466513762,0.49484099490825684,0.17431192660550443,8.0,1428.8770166999893
333,0.8291529215137614,0.7704339466513762,0.49484099490825684,0.17431192660550443,8.0,1429.2337871000054
334,0.8319066898165138,0.7704339466513762,0.49300760724770637,0.17889908256880727,8.0,1429.567770899972
335,0.8473037348165138,0.7704339466513762,0.49299180821100913,0.17431192660550454,9.0,1429.8320175000117
336,0.8471149604587154,0.7704339466513762,0.49280303385321095,0.17431192660550443,9.0,1430.4231562999776
337,0.8382581973394494,0.7704339466513762,0.49605636247706414,0.14220183486238525,10.0,1446.0141619999777
338,0.8111450902293578,0.7704339466513762,0.4735304113302752,0.1376146788990824,10.0,1453.4860173999914
339,0.8200018533486237,0.7704339466513762,0.470277082706422,0.16972477064220182,9.0,1468.692692200013
340,0.8353988983486238,0.7704339466513762,0.47026128366972475,0.1651376146788991,10.0,1468.9381685999688
341,0.8200018533486237,0.7704339466513762,0.470277082706422,0.16972477064220182,9.0,1470.6986460000044
342,0.8396524848165137,0.7704339466513762,0.4699277141743119,0.16972477064220182,10.0,1471.5353353999672
343,0.8400018533486238,0.7704339466513762,0.470277082706422,0.16972477064220182,10.0,1471.7522585999686
344,0.8400018533486238,0.7704339466513762,0.470277082706422,0.16972477064220182,10.0,1472.1370688999887
345,0.8177109105963303,0.7704339466513762,0.4725732959174312,0.16513761467889898,9.0,1472.6452583000064
346,0.8177109105963303,0.7704339466513762,0.4725732959174312,0.16513761467889898,9.0,1472.7550214999937
347,0.8035442369724771,0.7704339466513762,0.4738194663302752,0.16972477064220182,8.0,1477.2130221999832
348,0.8035442369724771,0.7704339466513762,0.4738194663302752,0.16972477064220182,8.0,1477.321999799984
349,0.8222990675504587,0.7704339466513762,0.47257429690825686,0.16972477064220193,9.0,1477.6204403999727
350,0.8116294386972478,0.7704339466513762,0.4543817322752293,0.1972477064220185,8.0,1483.2263156999834
351,0.7678615760091744,0.7678615760091744,0.45978818151376144,0.18807339449541294,6.0,1483.9299642000115
352,0.7907152743577982,0.7678615760091744,0.4672290358256881,0.1834862385321101,7.0,1495.1568222999922
353,0.7938646527522936,0.7678615760091744,0.47037841422018356,0.1834862385321101,7.0,1500.5751719999826
354,0.8600512525688073,0.7678615760091744,0.3042714360550459,0.4357798165137614,6.0,1519.807488099963
355,0.8046847124311927,0.7678615760091744,0.46578562986238536,0.1788990825688075,8.0,1522.5661124999751
356,0.8146498413761468,0.7678615760091744,0.46198929091743124,0.19266055045871577,8.0,1523.0493720999802
357,0.8397733419266054,0.7678615760091744,0.46252563550458725,0.1972477064220184,9.0,1526.4014427000075
358,0.8086150664678898,0.7678615760091744,0.46512882793577986,0.1834862385321102,8.0,1526.9005576999625
359,0.8086150664678898,0.7678615760091744,0.46512882793577986,0.1834862385321102,8.0,1527.0244587999769
360,0.7955690769724769,0.7678615760091744,0.47960577422018347,0.15596330275229364,8.0,1543.6416892000125
361,0.7955690769724769,0.7678615760091744,0.47960577422018347,0.15596330275229364,8.0,1543.7519995999755
362,0.7789713549999998,0.7678615760091744,0.47383374032110087,0.1651376146788991,7.0,1548.8213517999975
363,0.8166262638990825,0.7678615760091744,0.39974552995412843,0.25688073394495403,8.0,1551.612952800002
364,0.8166262638990825,0.7678615760091744,0.39974552995412843,0.25688073394495403,8.0,1551.721630999993
365,0.7862957178440365,0.7678615760091744,0.3985892958256881,0.24770642201834858,7.0,1565.5317409000127
366,0.7862957178440365,0.7678615760091744,0.3985892958256881,0.24770642201834858,7.0,1565.6528322999948
367,0.7697562568807338,0.7678615760091744,0.44920579816513756,0.16055045871559626,8.0,1567.9837697999901
368,0.7957910317889907,0.7678615760091744,0.44606626114678893,0.16972477064220182,9.0,1568.6474317999673
369,0.8100049478440365,0.7678615760091744,0.44486733316513755,0.1651376146788991,10.0,1569.2681012999965
370,0.8265444088073393,0.7678615760091744,0.39425083082568807,0.2522935779816514,9.0,1571.5557315999758
371,0.8406922994495412,0.7678615760091744,0.47096752880733944,0.16972477064220193,10.0,1576.5020763999783
372,0.8406922994495412,0.7678615760091744,0.47096752880733944,0.16972477064220193,10.0,1576.6217681000126
373,0.8574068849999998,0.7678615760091744,0.4722692703211009,0.1651376146788991,11.0,1585.0411569999997
374,0.817158194036697,0.7678615760091744,0.4766077353211009,0.16055045871559626,9.0,1585.5087742999895
375,0.82792929059633,0.7678615760091744,0.4719659878440367,0.15596330275229342,10.0,1596.793900299992
376,0.82792929059633,0.7678615760091744,0.4719659878440367,0.15596330275229342,10.0,1596.9195938999765
377,0.8424246416513761,0.7678615760091744,0.47728702697247705,0.1651376146788991,10.0,1604.8297134999884
378,0.817158194036697,0.7678615760091744,0.4766077353211009,0.16055045871559626,9.0,1611.9619961999706
379,0.817158194036697,0.7678615760091744,0.4766077353211009,0.16055045871559626,9.0,1612.4891992000048
380,0.8265596172018346,0.7678615760091744,0.47224769059633026,0.17431192660550454,9.0,1613.4790897999774
381,0.8439906162844035,0.7678615760091744,0.4742658456422018,0.16972477064220182,10.0,1613.6932826999691
382,0.8615258980733943,0.7678615760091744,0.4718011274311926,0.16972477064220182,11.0,1613.9095554999658
383,0.8788647439908255,0.7678615760091744,0.4691399733486238,0.16972477064220193,12.0,1614.19663999998
384,0.8615258980733943,0.7678615760091744,0.4718011274311926,0.16972477064220182,11.0,1614.405587999965
385,0.8652369468807338,0.7678615760091744,0.4709250202752293,0.17431192660550465,11.0,1623.8641176999663
386,0.8652369468807338,0.7678615760091744,0.4709250202752293,0.17431192660550465,11.0,1623.9852018000092
387,0.8652369468807338,0.7678615760091744,0.4709250202752293,0.17431192660550465,11.0,1624.1072904000175
388,0.8652369468807338,0.7678615760091744,0.4709250202752293,0.17431192660550465,11.0,1624.2195333999698
389,0.8787872457798165,0.7678615760091744,0.4690624751376146,0.16972477064220193,12.0,1624.5849951999844
390,0.8553382242201835,0.7678615760091744,0.4656134535779816,0.16972477064220193,11.0,1629.307468599989
391,0.8553382242201835,0.7678615760091744,0.4656134535779816,0.16972477064220193,11.0,1629.430738999974
392,0.859126771238532,0.7678615760091744,0.46481484463302747,0.17431192660550476,11.0,1629.7458611999755
393,0.8404721461926605,0.7678615760091744,0.4523987516972477,0.18807339449541294,10.0,1645.745398900006
394,0.8404721461926605,0.7678615760091744,0.4523987516972477,0.18807339449541294,10.0,1645.855891699961
395,0.8204721461926605,0.7678615760091744,0.4523987516972477,0.18807339449541294,9.0,1646.231919199985
396,0.8358691911926606,0.7678615760091744,0.45238295266055045,0.1834862385321102,10.0,1646.486125800002
397,0.8384381921100919,0.7678615760091744,0.4503647976146789,0.18807339449541294,10.0,1646.9020239000092
398,0.8199162172477064,0.7678615760091744,0.4518428227522936,0.18807339449541294,9.0,1647.3139061999973
399,0.8199162172477064,0.7678615760091744,0.4518428227522936,0.18807339449541294,9.0,1647.562035800016
400,0.8057023011926606,0.7678615760091744,0.453041750733945,0.19266055045871566,8.0,1647.897845999978
401,0.8231333002752292,0.7678615760091744,0.45505990577981653,0.18807339449541294,9.0,1648.1438766999636
402,0.8390565230733944,0.7678615760091744,0.4509831285779816,0.18807339449541294,10.0,1648.5497681999695
403,1.0379747800917432,0.7678615760091744,0.17283716541284405,0.6651376146788991,10.0,1670.5207553000073
404,1.053383776651376,0.7678615760091744,0.17283331793577983,0.6605504587155964,11.0,1670.862968500005
405,1.0856489551834863,0.7678615760091744,0.07996088178899083,0.8256880733944953,9.0,1688.6646955999895
406,0.9907531508715597,0.7678615760091744,0.18231278389908256,0.628440366972477,9.0,1708.6885739999707
407,1.009919420137615,0.7678615760091744,0.18147905316513763,0.628440366972477,10.0,1709.0012557000155
408,1.0280530546788993,0.7678615760091744,0.18419984366972478,0.6238532110091743,11.0,1709.3106776999775
409,1.0152265264220184,0.7678615760091744,0.24807056311926606,0.5871559633027523,9.0,1722.3503478000057
410,1.0079196461926605,0.7678615760091744,0.28498386637614675,0.5229357798165137,10.0,1729.8009983999655
411,1.0208244243119267,0.7678615760091744,0.28247580045871556,0.518348623853211,11.0,1730.1399620000157
412,1.020610434587156,0.7678615760091744,0.2943719024770642,0.4862385321100917,12.0,1736.5803844999755
413,1.0022607635321101,0.7678615760091744,0.29602223142201833,0.4862385321100917,11.0,1737.4230746999965
414,0.9897058142660551,0.7678615760091744,0.29888012619266047,0.49082568807339444,10.0,1737.582340999972
415,0.9897058142660551,0.7678615760091744,0.29888012619266047,0.49082568807339444,10.0,1737.9969565999927
416,0.9892358469266056,0.7678615760091744,0.32428171848623843,0.44495412844036686,11.0,1745.215712699981
417,0.8357360769724771,0.7678615760091744,0.4643599301834862,0.1513761467889907,11.0,1753.6470319000073
418,0.8359500666972477,0.7678615760091744,0.4524638281651375,0.1834862385321101,10.0,1762.9112072999706
419,0.9906970168348626,0.7678615760091744,0.3090456406880734,0.4816513761467889,10.0,1770.1105136999977
420,0.8111554317431193,0.7678615760091744,0.4522563491743119,0.17889908256880727,9.0,1772.2864502000157
421,0.8081136820183488,0.7678615760091744,0.46132469119266056,0.14678899082568797,10.0,1779.965114599967
422,0.8206686312844037,0.7678615760091744,0.4584667964220184,0.14220183486238525,11.0,1780.7671389000025
423,0.8410754487155964,0.7678615760091744,0.4726350817431193,0.12844036697247707,12.0,1781.4931018999778
424,1.0047356951834863,0.7678615760091744,0.0806989979357798,0.8440366972477065,4.0,1795.2496876000077
425,0.8403027993119266,0.7678615760091744,0.4626881204128441,0.13761467889908252,12.0,1796.1380987999728
426,0.8277478500458716,0.7678615760091744,0.46554601518348626,0.14220183486238525,11.0,1796.303544699971
427,0.8587410059678899,0.7678615760091744,0.4002088958761468,0.23853211009174302,11.0,1804.321411699988
428,0.8803179118853212,0.7678615760091744,0.4109601137201835,0.22935779816513746,12.0,1805.6797746999655
429,0.8798219666513761,0.7678615760091744,0.347895361146789,0.3119266055045872,11.0,1811.9610467000166
430,0.8566031110091743,0.7678615760091744,0.33550219357798167,0.3211009174311926,10.0,1817.9743383000023
431,0.8779860620183486,0.7678615760091744,0.34605945651376147,0.3119266055045872,11.0,1820.3217195000034
432,0.8790166668348623,0.7678615760091744,0.3608515292201835,0.2981651376146788,11.0,1834.7893213999923
433,0.8943244952293578,0.7678615760091744,0.3745079814678899,0.27981651376146777,12.0,1839.4132058999967
434,0.921232080706422,0.7678615760091744,0.3584797871284403,0.3027522935779815,13.0,1841.164610799984
435,0.8993330989908257,0.7678615760091744,0.3978652090825688,0.26146788990825687,12.0,1847.5346299000084
436,0.9289597562706423,0.7678615760091744,0.38914324250917426,0.2798165137614679,13.0,1848.6356876000063
437,0.9436229876467891,0.7678615760091744,0.3929807858119265,0.27064220183486243,14.0,1850.231612499978
438,0.9442276206743121,0.7678615760091744,0.4240441344357797,0.22018348623853212,15.0,1853.7841816999717
439,0.9563190283027525,0.7678615760091744,0.42530985399082555,0.21100917431192667,16.0,1854.5740176999825
440,0.9668297115458717,0.7678615760091744,0.4312333812706421,0.2155963302752294,16.0,1856.540466299979
441,0.9858693239128442,0.7678615760091744,0.4348601496009173,0.21100917431192667,17.0,1856.906239999982
442,0.9850561275825689,0.7678615760091744,0.43863410923394486,0.20642201834862395,17.0,1857.6290063000051
443,0.9777805390045873,0.7678615760091744,0.507688795885321,0.11009174311926617,18.0,1859.3519527000026
444,0.9587409266376148,0.7678615760091744,0.5040620275550458,0.1146788990825689,17.0,1860.0950630999869
445,0.9492217114082571,0.7678615760091744,0.5099556563623854,0.11926605504587162,16.0,1861.5859484999673
446,0.9618145266376148,0.7678615760091744,0.5071356275550458,0.1146788990825689,17.0,1862.4728009999963
447,0.9665513272522936,0.7678615760091744,0.5118724281697248,0.1146788990825689,17.0,1863.420782900008
448,0.9450530335706422,0.7678615760091744,0.47991541889174305,0.1651376146788991,15.0,1867.6710925999796
449,0.9640926459376147,0.7678615760091744,0.48354218722201825,0.16055045871559637,16.0,1868.174805699964
450,0.962382649414679,0.7678615760091744,0.4818321906990825,0.16055045871559637,16.0,1869.191598400008
451,0.9334114077174311,0.7678615760091744,0.4590994811119266,0.17431192660550454,15.0,1872.943180000002
452,0.9187481763412845,0.7678615760091744,0.45526193780917434,0.18348623853211,14.0,1874.0120685999864
453,1.060617043944954,0.7678615760091744,0.09658034669724769,0.8440366972477065,6.0,1890.7713584000012
454,0.8961460854697249,0.7678615760091744,0.4480726909743119,0.18807339449541283,13.0,1893.4050672000158
455,0.9140571767816514,0.7678615760091744,0.45974525017614676,0.17431192660550454,14.0,1894.3327033999958
456,0.9140571767816514,0.7678615760091744,0.45974525017614676,0.17431192660550454,14.0,1894.4724272000021
457,0.9140571767816514,0.7678615760091744,0.45974525017614676,0.17431192660550454,14.0,1894.6221963000135
458,0.9140571767816514,0.7678615760091744,0.45974525017614676,0.17431192660550454,14.0,1894.7754018999985
459,0.9140571767816514,0.7678615760091744,0.45974525017614676,0.17431192660550454,14.0,1894.9238335000118
460,0.926802213708257,0.7678615760091744,0.4662517549926606,0.16055045871559626,15.0,1897.539126299962
461,0.9259867982495413,0.7678615760091744,0.46543633953394503,0.16055045871559626,15.0,1899.2441224000067
462,0.9220583204174313,0.7678615760091744,0.4264619901422019,0.2155963302752294,14.0,1903.7650242999662
463,0.8813497302614679,0.7678615760091744,0.5020836752155964,0.11926605504587162,13.0,1912.4139496000134
464,0.8698289321880734,0.7678615760091744,0.4997371890688074,0.11009174311926595,13.0,1915.7216477000038
465,0.8474840561788991,0.7678615760091744,0.5065666249862385,0.10091743119266039,12.0,1920.6785136999679
466,0.8080264460091744,0.7678615760091744,0.4887603909633028,0.11926605504587151,10.0,1923.818702199962
467,0.8211611629357798,0.7678615760091744,0.47895932807339453,0.14220183486238525,10.0,1929.4576458999654
468,0.7985039067889907,0.7678615760091744,0.47630207192660556,0.14220183486238536,9.0,1935.9002371999668
469,0.8178492209174313,0.7678615760091744,0.4756473860550459,0.14220183486238536,10.0,1936.66401269997
470,0.8177964009174312,0.7678615760091744,0.4755945660550459,0.14220183486238536,10.0,1938.145548600005
471,0.8443543815137614,0.7678615760091744,0.4775653906880734,0.14678899082568808,11.0,1940.2646743999794
472,0.8247703838073394,0.7678615760091744,0.4717428608715597,0.1330275229357798,11.0,1942.0289927999838
473,0.829588300825688,0.7678615760091744,0.4811479338532111,0.12844036697247707,11.0,1944.0848721999791
474,0.8327533584403669,0.7678615760091744,0.47972583550458725,0.1330275229357798,11.0,1945.140136300004
475,0.7851877625688073,0.7678615760091744,0.48133455155963306,0.12385321100917424,9.0,1948.9178962999722
476,0.7864298089449542,0.7678615760091744,0.4779894419724771,0.12844036697247707,9.0,1952.5012102999608
477,0.9284312915596331,0.7678615760091744,0.34017441082568806,0.40825688073394495,9.0,1958.6985879999702
478,0.8151671405963303,0.7678615760091744,0.49590108555045875,0.11926605504587162,10.0,1962.6293252999894
479,0.8298739071559633,0.7678615760091744,0.49519500807339456,0.11467889908256879,11.0,1964.3128769999603
480,0.8417251211926605,0.7678615760091744,0.49787191018348625,0.12385321100917435,11.0,1966.5549067999818
481,0.8689665558807339,0.7678615760091744,0.49135187698165134,0.13761467889908263,12.0,1967.667915500002
482,1.0481559900917432,0.7678615760091744,0.218064246972477,0.6100917431192661,11.0,1991.5906986999908
483,1.0628752090091744,0.7678615760091744,0.20819630992660548,0.6146788990825688,12.0,1992.495267899998
484,1.0803444532522937,0.7678615760091744,0.2102527101330275,0.6100917431192661,13.0,1992.8958145999932
485,1.0383703823853212,0.7678615760091744,0.22204010715596328,0.5963302752293578,11.0,1995.6894487999962
486,0.9253602522477065,0.7678615760091744,0.3813235549999999,0.34403669724770636,10.0,2011.5866894999635
487,0.9244478097247706,0.7678615760091744,0.41086982807339445,0.29357798165137605,11.0,2016.3754994999617
488,0.8987443089449542,0.7678615760091744,0.4172764190366972,0.26146788990825687,11.0,2021.5740542999702
489,0.8840803938532111,0.7678615760091744,0.41802534798165136,0.2660550458715597,10.0,2022.062683600001
490,0.9076619235779817,0.7678615760091744,0.3698637584403669,0.35779816513761464,9.0,2031.1135671999655
491,0.9209047331972477,0.7678615760091744,0.41356528365596334,0.30733944954128434,10.0,2033.3273778000148
492,0.9263213466788991,0.7678615760091744,0.3868718053944954,0.33944954128440374,10.0,2036.0066819000058
493,0.9227328493944955,0.7678615760091744,0.3511732163669725,0.3715596330275228,10.0,2041.5440284999786
494,0.9364905010550458,0.7678615760091744,0.36327949188073394,0.3532110091743118,11.0,2044.7094916999922
495,0.9492021269724771,0.7678615760091744,0.36975258568807334,0.33944954128440374,12.0,2046.7114386999747
496,0.9656357156880734,0.7678615760091744,0.4258192019266055,0.27981651376146777,13.0,2048.2984746000147
497,0.9269654781651377,0.7678615760091744,0.33705722128440363,0.38990825688073383,10.0,2051.887195899966
498,0.9450138968348625,0.7678615760091744,0.3259313280275229,0.3990825688073394,11.0,2056.777481600002
499,0.9422226419724771,0.7678615760091744,0.35359878876146783,0.3486238532110091,12.0,2059.6959533999907
500,0.9625451821559634,0.7678615760091744,0.3493341729816513,0.3532110091743118,13.0,2061.6632501999848
501,0.9362918894954129,0.7678615760091744,0.40399831151376137,0.2522935779816514,14.0,2064.5567917000153
502,0.9386514090825688,0.7678615760091744,0.4322293907339449,0.20642201834862395,15.0,2067.9026931999833
503,0.9580792786697248,0.7678615760091744,0.5004645997706421,0.13761467889908252,16.0,2070.4209931999794
504,0.9682365823853212,0.7678615760091744,0.49520905944954124,0.1330275229357799,17.0,2070.850903499988
505,0.9789102196330275,0.7678615760091744,0.5058826966972476,0.1330275229357799,17.0,2081.995484699961
506,0.9622123445596331,0.7678615760091744,0.4724875739174312,0.16972477064220182,16.0,2084.6733793999883
507,0.9571228304587156,0.7678615760091744,0.4094164084403669,0.24770642201834858,15.0,2087.9045118999784
508,0.9730021472477064,0.7678615760091744,0.41447003715596326,0.23853211009174302,16.0,2093.166712299979
509,0.9630736933027524,0.7678615760091744,0.409128739174312,0.2339449541284404,16.0,2095.9886070999783
510,0.9440099069724772,0.7678615760091744,0.4359365124770643,0.18807339449541283,16.0,2098.984719100001
511,0.9473890029816514,0.7678615760091744,0.4330770763761468,0.17431192660550454,17.0,2103.5323620999698
512,0.9440782281192661,0.7678615760091744,0.405546118027523,0.23853211009174313,15.0,2106.921792900015
513,0.8750510436238532,0.7678615760091744,0.4941336124311927,0.1009174311926605,14.0,2126.8578834999935
514,0.8909760845412844,0.7678615760091744,0.5284072772018349,0.08256880733944938,14.0,2136.6226185999694
515,0.8698012710091743,0.7678615760091744,0.5272324636697249,0.08256880733944949,13.0,2137.814551699965
516,0.888640201880734,0.7678615760091744,0.5214842385779817,0.08715596330275222,14.0,2138.385292299965
517,0.9000496481651377,0.7678615760091744,0.5237193729357797,0.09633027522935778,14.0,2141.88298439997
518,0.9088198316513763,0.7678615760091744,0.5216638683486239,0.08715596330275233,15.0,2145.426798600005
519,0.9331999606422019,0.7678615760091744,0.5260439973394496,0.08715596330275233,16.0,2147.4741252000094
520,0.9143610297706422,0.7678615760091744,0.5317922224311927,0.08256880733944949,15.0,2147.8992940000026
521,0.928893138119266,0.7678615760091744,0.5309114867431194,0.07798165137614665,16.0,2148.464635099983
522,0.9461865800458715,0.7678615760091744,0.5282049286697248,0.07798165137614665,17.0,2148.8941407999955
523,0.9532496556422019,0.7678615760091744,0.5077450684862386,0.10550458715596323,17.0,2157.6929272999987
524,0.9774800232110091,0.7678615760091744,0.5165625920183486,0.10091743119266061,18.0,2160.35159809998
525,0.9774800232110091,0.7678615760091744,0.5165625920183486,0.10091743119266061,18.0,2163.0859206999885
526,1.0203808610550458,0.7678615760091744,0.5669863656422017,0.07339449541284404,19.0,2171.789130499994
527,1.037669549357798,0.7678615760091744,0.5688622099082569,0.06880733944954143,20.0,2172.5879579000175
528,1.0155966602293578,0.7678615760091744,0.5713764767431192,0.06422018348623859,19.0,2181.172080899996
529,1.0068264767431192,0.7678615760091744,0.5734319813302752,0.07339449541284404,18.0,2183.338480799983
530,1.0275450924311926,0.7678615760091744,0.5741505970183486,0.07339449541284404,19.0,2183.6261375999893
531,1.0275450924311926,0.7678615760091744,0.5741505970183486,0.07339449541284404,19.0,2183.920036799973
532,1.0090800623853209,0.7678615760091744,0.5756855669724771,0.07339449541284404,18.0,2192.1579054999747
533,0.9883614466972477,0.7678615760091744,0.5749669512844037,0.07339449541284404,17.0,2192.8517210999853
534,0.998117211559633,0.7678615760091744,0.5738970280733945,0.06422018348623859,18.0,2195.2549646999687
535,1.017869207293578,0.7678615760091744,0.5736490238073394,0.06422018348623859,19.0,2197.2950688999845
536,1.036035564357798,0.7678615760091744,0.5718153808715596,0.06422018348623859,20.0,2200.204099799972
537,1.0386204403211008,0.7678615760091744,0.5698131008715596,0.0688073394495412,20.0,2200.7196000000113
538,1.1184168216055044,0.7678615760091744,0.46777461977064216,0.2706422018348623,19.0,2207.3302994999685
539,1.0188684445871559,0.7678615760091744,0.5700611051376147,0.0688073394495412,19.0,2209.4824653000105
540,1.0026534461009176,0.7678615760091744,0.5692589506880733,0.07339449541284404,18.0,2211.2236616999726
541,1.0564434781009173,0.7678615760091744,0.5221315514954129,0.17431192660550465,18.0,2217.5724707999616
542,1.0286113211284402,0.7678615760091744,0.48512508259633025,0.1834862385321101,18.0,2226.1997318000067
543,1.0296115187431192,0.7678615760091744,0.4815381242477065,0.18807339449541272,18.0,2226.8746060999692
544,1.0326888095688074,0.7678615760091744,0.49672550681651384,0.15596330275229353,19.0,2229.7203577999608
545,1.0296115187431192,0.7678615760091744,0.4815381242477065,0.18807339449541272,18.0,2232.447286700015
546,1.0488150242935779,0.7678615760091744,0.48074162979816515,0.18807339449541272,19.0,2233.379545099975
547,1.06774818146789,0.7678615760091744,0.479674786972477,0.18807339449541272,20.0,2233.7282243999653
548,1.06774818146789,0.7678615760091744,0.479674786972477,0.18807339449541272,20.0,2234.0948453000165
549,1.0714597848165137,0.7678615760091744,0.4833863903211009,0.18807339449541272,20.0,2236.9588155999663
550,1.0470665112385322,0.7678615760091744,0.47899311674311934,0.18807339449541272,19.0,2238.377912199998
551,1.0223605631651376,0.7678615760091744,0.521443131972477,0.10091743119266061,20.0,2240.51924970001
552,1.0202205061926606,0.7678615760091744,0.5101287630733945,0.11009174311926606,20.0,2250.9045462000067
553,1.03715265353211,0.7678615760091744,0.5024737544495413,0.11467889908256867,21.0,2251.9868451000075
554,1.0474808904128439,0.7678615760091744,0.5082148353669724,0.11926605504587151,21.0,2253.034608399961
555,1.0474808904128439,0.7678615760091744,0.5082148353669724,0.11926605504587151,21.0,2253.141639999987
556,1.0679231341743118,0.7678615760091744,0.5086570791284404,0.11926605504587151,22.0,2253.3803316999692
557,1.0041051227522935,0.7678615760091744,0.5186005355963302,0.10550458715596323,19.0,2260.2766779999947
558,1.0020504502752292,0.7678615760091744,0.5119587071559633,0.11009174311926606,19.0,2261.4584299999988
559,0.980441399266055,0.7678615760091744,0.5103496561467891,0.11009174311926606,18.0,2263.466346899979
560,0.9956351285321101,0.7678615760091744,0.5147176973394496,0.10091743119266061,19.0,2263.813639800006
561,0.984231288440367,0.7678615760091744,0.5279010132110092,0.09633027522935778,18.0,2266.032252300007
562,0.984231288440367,0.7678615760091744,0.5279010132110092,0.09633027522935778,18.0,2266.1470507999766
563,0.984231288440367,0.7678615760091744,0.5279010132110092,0.09633027522935778,18.0,2266.4150163999875
564,1.0034950479816513,0.7678615760091744,0.5363390846788991,0.08715596330275233,19.0,2266.9360861000023
565,1.016838546559633,0.7678615760091744,0.5342697392201835,0.08256880733944949,20.0,2268.154414699995
566,0.9543365192201834,0.7678615760091744,0.550116335733945,0.06422018348623848,17.0,2271.572256799962
567,0.9218467956880734,0.7678615760091744,0.5284523002752294,0.07339449541284415,16.0,2273.5957706999616
568,0.9218467956880734,0.7678615760091744,0.5284523002752294,0.07339449541284415,16.0,2273.6957748999703
569,0.9218467956880734,0.7678615760091744,0.5284523002752294,0.07339449541284415,16.0,2273.822000199987
570,0.9470420286697248,0.7678615760091744,0.5290603772935779,0.07798165137614677,17.0,2274.5411338999984
571,0.9085032971100917,0.7678615760091744,0.5305216457339449,0.07798165137614677,15.0,2276.081241799984
572,0.9118688312844034,0.7678615760091744,0.5201257120183486,0.09174311926605505,15.0,2279.583513299993
573,0.9123106517889907,0.7678615760091744,0.4746959728899082,0.13761467889908252,15.0,2285.939596500015
574,0.9313796430733943,0.7678615760091744,0.47376496417431185,0.13761467889908252,16.0,2287.514889299986
575,0.9247572756880733,0.7678615760091744,0.4763169087155963,0.12844036697247707,16.0,2288.7194837999996
576,0.9261116133486236,0.7678615760091744,0.4776712463761468,0.12844036697247707,16.0,2289.7728128000163
577,0.9155796838073393,0.7678615760091744,0.4533778489449541,0.14220183486238536,16.0,2297.8656487999833
578,0.9333044611009174,0.7678615760091744,0.4465154702752293,0.1467889908256882,17.0,2298.819369099976
579,0.961155049770642,0.7678615760091744,0.46812752683486236,0.1330275229357799,18.0,2300.5201966000022
580,0.9864245748165137,0.7678615760091744,0.3728465931651376,0.2935779816513763,16.0,2307.9827559000114
581,0.9282490553211009,0.7678615760091744,0.35173529385321095,0.3165137614678899,13.0,2310.338713300007
582,0.8767797499541284,0.7678615760091744,0.4608164472018349,0.15596330275229342,13.0,2323.6295548999915
583,0.880600450825688,0.7678615760091744,0.4617013682568807,0.17889908256880716,12.0,2329.983077999961
584,0.8877251755045872,0.7678615760091744,0.4855233406422018,0.14220183486238513,13.0,2331.6374903999968
585,0.8841985056422018,0.7678615760091744,0.49869391848623856,0.10550458715596311,14.0,2334.028815699974
586,0.8995121212385322,0.7678615760091744,0.49859469004587154,0.1009174311926605,15.0,2334.320391699963
587,0.8910292708256881,0.7678615760091744,0.49635037174311925,0.11467889908256879,14.0,2336.2655315999873
588,0.8699189510550459,0.7678615760091744,0.49982720793577984,0.11009174311926595,13.0,2343.483247499971
589,1.104194908669725,0.7678615760091744,0.20199307380733947,0.6422018348623852,13.0,2356.2779944000067
590,0.8806380670183487,0.7678615760091744,0.4784362321559633,0.14220183486238513,13.0,2360.188351299963
591,0.8729731923853211,0.7678615760091744,0.502881449266055,0.11009174311926595,13.0,2364.5366668999777
592,0.8939478105045873,0.7678615760091744,0.49926891142201835,0.11467889908256879,14.0,2365.3984032999724
593,0.8814397733944955,0.7678615760091744,0.5005223422018349,0.1009174311926605,14.0,2366.93172329996
594,0.906870122706422,0.7678615760091744,0.496778379587156,0.11009174311926595,15.0,2369.7833581999876
595,0.8888416700917431,0.7678615760091744,0.49874992697247705,0.11009174311926595,14.0,2374.2422845999827
596,0.8580888248165137,0.7678615760091744,0.4758869899541285,0.14220183486238525,12.0,2401.255172299978
597,0.88087119146789,0.7678615760091744,0.4515133933027523,0.22935779816513757,10.0,2420.992511199962
598,0.8605306967431192,0.7678615760091744,0.4495215224311927,0.21100917431192656,10.0,2424.775370999996
599,0.8492239106880733,0.7678615760091744,0.505370699678899,0.12385321100917424,11.0,2427.287830599991
600,0.8944726371559633,0.7678615760091744,0.42841759128440376,0.2660550458715596,10.0,2431.0952373999753
601,0.8700757288073394,0.7678615760091744,0.47576380220183495,0.17431192660550454,11.0,2433.8852655999945
602,0.8869575076605504,0.7678615760091744,0.4909942049082569,0.15596330275229353,12.0,2434.8780485999887
603,0.9102260464678898,0.7678615760091744,0.48967558775229364,0.16055045871559626,13.0,2435.603484799969
604,0.8896212491743118,0.7678615760091744,0.4982451023853211,0.1513761467889907,12.0,2439.4393435000093
605,0.9033251927981651,0.7678615760091744,0.48736189004587155,0.15596330275229342,13.0,2442.2935515000136
606,0.9036840138990826,0.7678615760091744,0.48772071114678894,0.15596330275229342,13.0,2443.0963633999927
607,0.921428022706422,0.7678615760091744,0.48546471995412843,0.15596330275229342,14.0,2443.454727299977
608,0.916221607353211,0.7678615760091744,0.44979958900458716,0.20642201834862373,13.0,2451.7110747999977
609,0.9291853647844036,0.7678615760091744,0.45193765836238536,0.19724770642201828,14.0,2452.798603400006
610,0.9485308288669723,0.7678615760091744,0.45128312244495417,0.19724770642201828,15.0,2454.8616265999735
611,0.9472115585,0.7678615760091744,0.4499638520779817,0.19724770642201828,15.0,2455.3518203999847
612,0.8975956351972477,0.7678615760091744,0.4403479287752294,0.19724770642201828,13.0,2457.549638699973
613,0.8932750281192661,0.7678615760091744,0.4543759455504587,0.17889908256880738,13.0,2465.653375499998
614,0.9101244399541285,0.7678615760091744,0.4558125133486238,0.17431192660550454,14.0,2466.8863751000026
615,0.9078944155963302,0.7678615760091744,0.4656925807339449,0.14220183486238525,15.0,2468.9647163999616
616,0.8866481011009174,0.7678615760091744,0.4782077341284403,0.12844036697247707,14.0,2470.48006599996
617,0.9623794584862386,0.7678615760091744,0.36751707316513754,0.3348623853211009,13.0,2479.184357499995
618,0.9765221526605505,0.7678615760091744,0.36624692330275227,0.3302752293577981,14.0,2481.0707519999705
619,0.9882237542201835,0.7678615760091744,0.36418705697247705,0.34403669724770636,14.0,2483.0864063999616
620,0.9740810600458716,0.7678615760091744,0.3654572068348623,0.3486238532110092,13.0,2484.481114299968
621,0.9782644556422019,0.7678615760091744,0.35587913454128445,0.3623853211009175,13.0,2490.8601435999735
622,0.994474950733945,0.7678615760091744,0.3612639415596331,0.3532110091743119,14.0,2491.8062251000083
623,0.994474950733945,0.7678615760091744,0.3612639415596331,0.3532110091743119,14.0,2497.9683058999944
624,0.9493926300458716,0.7678615760091744,0.3620531805045872,0.30733944954128445,14.0,2506.2727979999618
625,0.9663439052752294,0.7678615760091744,0.3635916116972477,0.3027522935779816,15.0,2506.6246503000148
626,0.9103542939908258,0.7678615760091744,0.4343909912385321,0.15596330275229353,16.0,2509.1112435999676
627,0.9202281808715596,0.7678615760091744,0.42591625426605506,0.17431192660550443,16.0,2511.025742399972
628,0.981738107706422,0.7678615760091744,0.4690775572477064,0.19266055045871555,16.0,2521.0695243999944
629,0.9212843833486237,0.7678615760091744,0.41027520903669723,0.21100917431192645,15.0,2522.692448000016
630,0.9212843833486237,0.7678615760091744,0.41027520903669723,0.21100917431192645,15.0,2524.3303989999695
631,0.8935083905045871,0.7678615760091744,0.39332490426605504,0.22018348623853212,14.0,2528.364144399995
632,0.8739390453211009,0.7678615760091744,0.39375555908256876,0.22018348623853212,13.0,2532.5712146000005
633,0.9299286566055046,0.7678615760091744,0.32295617954128436,0.3669724770642202,12.0,2536.14603189996
634,0.852363556880734,0.7678615760091744,0.4042901623853211,0.18807339449541272,13.0,2538.136464799987
635,0.8932918290366971,0.7678615760091744,0.3413652235321101,0.31192660550458706,12.0,2548.1832286000135
636,0.9105492242201834,0.7678615760091744,0.3707327104587156,0.27981651376146777,13.0,2550.2298115000012
637,0.8501072795412844,0.7678615760091744,0.4203825088990826,0.1697247706422017,13.0,2552.550469400012
638,0.8316637480275229,0.7678615760091744,0.42193897738532105,0.1697247706422017,12.0,2553.7024695000146
639,0.8515107498623853,0.7678615760091744,0.42178597922018346,0.16972477064220182,13.0,2554.044268400001
640,0.8300665733027524,0.7678615760091744,0.42034180266055043,0.16972477064220182,12.0,2562.593900799984
641,0.829377060119266,0.7678615760091744,0.41965228947706423,0.1697247706422017,12.0,2562.9731848000083
642,0.8218854394770643,0.7678615760091744,0.41674782479816513,0.16513761467889898,12.0,2569.2472526999773
643,0.8422458881009175,0.7678615760091744,0.42169542938532106,0.16055045871559626,13.0,2569.77399789996
644,0.8744560648899083,0.7678615760091744,0.4384927621376147,0.15596330275229342,14.0,2573.385246299964
645,0.8540956162660551,0.7678615760091744,0.4335451575504587,0.16055045871559626,13.0,2573.8277273999993
646,0.8754467793853212,0.7678615760091744,0.4348963206697248,0.16055045871559626,14.0,2574.3086012999993
647,0.8610652285137615,0.7678615760091744,0.4329918340183486,0.18807339449541272,12.0,2576.1434395000106
648,0.884707097,0.7678615760091744,0.4841566382844037,0.16055045871559626,12.0,2582.1275487999665
649,0.8782998682385321,0.7678615760091744,0.4135292260366973,0.22477064220183474,12.0,2589.4017035000143
650,0.8417461653486239,0.7678615760091744,0.396975523146789,0.22477064220183474,11.0,2592.337992899993
651,0.8417461653486239,0.7678615760091744,0.396975523146789,0.22477064220183474,11.0,2592.702437400003
652,0.8617553349357798,0.7678615760091744,0.396984692733945,0.22477064220183474,12.0,2593.815995999961
653,0.8423948525045872,0.7678615760091744,0.4372572378256881,0.16513761467889898,12.0,2596.058215899975
654,0.8605538532844037,0.7678615760091744,0.44624192667889906,0.17431192660550454,12.0,2599.9149897999596
655,0.9366905232844037,0.7678615760091744,0.34513089025688076,0.3715596330275228,11.0,2604.5043747000163
656,0.8147612476605506,0.7678615760091744,0.45879794490825687,0.15596330275229342,10.0,2611.6765048999805
657,0.8322922042201835,0.7678615760091744,0.48550321339449537,0.14678899082568797,10.0,2623.840116199979
658,0.8475637325229357,0.7678615760091744,0.4899490536238532,0.13761467889908252,11.0,2625.5633460999816
659,0.8665593476605504,0.7678615760091744,0.48894466876146786,0.13761467889908252,12.0,2627.3254129000125
660,0.8515022441743119,0.7678615760091744,0.4709517854587156,0.16055045871559626,11.0,2633.7799962999998
661,0.869021356559633,0.7678615760091744,0.47305805380733945,0.15596330275229364,12.0,2634.1014789000037
662,0.8454475471100917,0.7678615760091744,0.4648970883944954,0.16055045871559626,11.0,2636.4323891999666
663,0.8704070440825687,0.7678615760091744,0.4744437413302752,0.15596330275229364,12.0,2637.625836699968
664,0.865766031238532,0.7678615760091744,0.4698027284862385,0.15596330275229364,12.0,2638.192236299976
665,0.8885903839908256,0.7678615760091744,0.4772142372018348,0.1513761467889908,13.0,2640.765367999964
666,0.8847011849495412,0.7678615760091744,0.44286632256422015,0.2018348623853211,12.0,2650.705073899997
667,0.8783709938944954,0.7678615760091744,0.4457104434357798,0.19266055045871566,12.0,2651.0206294999807
668,0.8859613855917431,0.7678615760091744,0.46082377091284404,0.1651376146788991,13.0,2652.034755999979
669,0.880786093119266,0.7678615760091744,0.5228044417431194,0.07798165137614677,14.0,2654.0447218999616
670,0.880786093119266,0.7678615760091744,0.5228044417431194,0.07798165137614677,14.0,2654.7647875999683
671,0.8927036249541285,0.7678615760091744,0.5071990377981652,0.10550458715596334,14.0,2655.3692053999985
672,0.9127036249541285,0.7678615760091744,0.5071990377981652,0.10550458715596334,15.0,2656.173120899999
673,0.8951916825229358,0.7678615760091744,0.5050999394036698,0.11009174311926595,14.0,2656.671311300015
674,0.9107975878899082,0.7678615760091744,0.5190544686238533,0.09174311926605505,15.0,2657.1053394000046
675,0.9107975878899082,0.7678615760091744,0.5190544686238533,0.09174311926605505,15.0,2657.3817797999945
676,0.9159728803623853,0.7678615760091744,0.457073797793578,0.17889908256880738,14.0,2658.97503099998
677,0.9338384816467891,0.7678615760091744,0.45952655504128437,0.17431192660550454,15.0,2659.2169398000115
678,1.0295943176100917,0.7678615760091744,0.33968606072935775,0.38990825688073394,15.0,2666.1573340999894
679,0.9338384816467891,0.7678615760091744,0.45952655504128437,0.17431192660550454,15.0,2666.268174499972
680,0.9338384816467891,0.7678615760091744,0.45952655504128437,0.17431192660550454,15.0,2666.5057191000087
681,0.9338384816467891,0.7678615760091744,0.45952655504128437,0.17431192660550454,15.0,2666.880802200001
682,0.9182335486238533,0.7678615760091744,0.5019032733944955,0.09633027522935766,16.0,2668.7292162000085
683,0.9673580311651377,0.7678615760091744,0.4622204164862385,0.1651376146788991,17.0,2670.643762599968
684,0.9365231729862387,0.7678615760091744,0.5001928977568808,0.09633027522935766,17.0,2670.9393202000065
685,0.9249959321238532,0.7678615760091744,0.46903262937155965,0.15596330275229364,15.0,2674.754814099986
686,0.9309728904311927,0.7678615760091744,0.4733582115321101,0.13761467889908252,16.0,2677.07712989999
687,0.9437960282752293,0.7678615760091744,0.47076850533944953,0.13302752293577969,17.0,2677.7983341999934
688,0.892841794559633,0.7678615760091744,0.45522711566055046,0.13761467889908252,15.0,2679.9743965999805
689,0.892841794559633,0.7678615760091744,0.45522711566055046,0.13761467889908252,15.0,2680.0722262999625
690,0.87665604653211,0.7678615760091744,0.44527989974311927,0.1513761467889908,14.0,2680.7270848999615
691,0.8746949352018348,0.7678615760091744,0.443318788412844,0.1513761467889908,14.0,2681.6274128999794
692,0.8746949352018348,0.7678615760091744,0.443318788412844,0.1513761467889908,14.0,2681.7390942999627
693,0.8583001980917431,0.7678615760091744,0.433162583412844,0.1651376146788991,13.0,2682.6460676999995
694,0.834762872206422,0.7678615760091744,0.4129280098211009,0.2018348623853211,11.0,2686.1307030000025
695,0.7947330322477064,0.7678615760091744,0.4220724817889908,0.19266055045871566,9.0,2689.0503615000052
696,0.8185418612844035,0.7678615760091744,0.41835837504587153,0.22018348623853223,9.0,2696.10778869997
697,0.8122423955504587,0.7678615760091744,0.44251762490825686,0.1697247706422017,10.0,2697.2545490000048
698,0.8213042128440367,0.7678615760091744,0.45323081834862383,0.18807339449541283,9.0,2703.7759382000077
699,0.8374650174770641,0.7678615760091744,0.45397877894495414,0.1834862385321102,10.0,2705.66630469996
700,0.8199556541743118,0.7678615760091744,0.43353363582568805,0.20642201834862395,9.0,2707.83761529997
701,0.8035587770183485,0.7678615760091744,0.410898226559633,0.19266055045871566,10.0,2712.0908935999614
702,0.8056945141743119,0.7678615760091744,0.40385965178899086,0.2018348623853211,10.0,2721.0362751999637
703,0.8557751111467891,0.7678615760091744,0.44935309279816515,0.20642201834862373,10.0,2733.5769087999943
704,0.8674366164678899,0.7678615760091744,0.4731246898623853,0.17431192660550443,11.0,2735.6337738999864
705,0.8860808733944955,0.7678615760091744,0.47635610275229356,0.1697247706422017,12.0,2737.553913299984
706,0.8909847845871559,0.7678615760091744,0.5058471699082568,0.16513761467889898,11.0,2743.6186279999674
707,0.8909847845871559,0.7678615760091744,0.5058471699082568,0.16513761467889898,11.0,2745.804534900002
708,0.8909847845871559,0.7678615760091744,0.5058471699082568,0.16513761467889898,11.0,2747.9447581999702
709,0.8973884925229357,0.7678615760091744,0.5151866576605505,0.14220183486238525,12.0,2748.8118725999957
710,0.914339876146789,0.7678615760091744,0.5213123532110092,0.13302752293577969,13.0,2750.0805788
711,0.9118998491284404,0.7678615760091744,0.5326337940825688,0.11926605504587151,13.0,2751.4019393000053
712,0.8773701582568807,0.7678615760091744,0.5014068555045872,0.15596330275229353,11.0,2754.0241011999897
713,0.9378482111926606,0.7678615760091744,0.2628023396330275,0.555045871559633,6.0,2778.6334284999757
714,0.8773701582568807,0.7678615760091744,0.5014068555045872,0.15596330275229353,11.0,2778.7260093999794
715,0.8647928303853212,0.7678615760091744,0.4904809037798165,0.17431192660550454,10.0,2781.990712800005
716,0.8647928303853212,0.7678615760091744,0.4904809037798165,0.17431192660550454,10.0,2782.0853504000115
717,0.887408475206422,0.7678615760091744,0.4976837045642202,0.1697247706422017,11.0,2785.377414399991
718,0.8792905739266055,0.7678615760091744,0.4958043353944954,0.18348623853211,10.0,2787.8532463000156
719,0.9122612393853211,0.7678615760091744,0.5196006889266055,0.19266055045871555,10.0,2792.985361400002
720,0.8792905739266055,0.7678615760091744,0.4958043353944954,0.18348623853211,10.0,2793.0796481000143
721,0.8792905739266055,0.7678615760091744,0.4958043353944954,0.18348623853211,10.0,2793.1742865999695
722,0.8582672081926606,0.7678615760091744,0.49936812562385324,0.17889908256880727,9.0,2797.043718000001
723,0.8749004707431194,0.7678615760091744,0.5005885441376147,0.17431192660550454,10.0,2799.188117999991
724,0.8907400030091743,0.7678615760091744,0.4964280764036697,0.17431192660550454,11.0,2800.862807700003
725,0.9071368801651376,0.7678615760091744,0.5190634856697248,0.18807339449541283,10.0,2806.8680190999876
726,1.0370427415412844,0.7678615760091744,0.3508042094311927,0.4862385321100917,10.0,2815.1121553999837
727,0.9010558758256881,0.7678615760091744,0.49628523362385324,0.22477064220183485,9.0,2818.379857199965
728,0.9120419980733945,0.7678615760091744,0.501032823761468,0.21100917431192656,10.0,2820.252125900006
729,0.9182197269724772,0.7678615760091744,0.5072105526605505,0.21100917431192656,10.0,2821.557734699978
730,1.0054526802752293,0.7678615760091744,0.22912240504587159,0.5963302752293578,9.0,2832.0909589999937
731,0.9125421464174313,0.7678615760091744,0.4969458161422019,0.2155963302752293,10.0,2834.652289199992
732,0.9370238929357799,0.7678615760091744,0.2553725167889908,0.481651376146789,10.0,2860.4751512999646
733,0.8898367578899082,0.7678615760091744,0.39460740009174317,0.27522935779816526,11.0,2867.6205367000075
734,0.902939095206422,0.7678615760091744,0.38770973740825687,0.27522935779816526,12.0,2869.0117428000085
735,0.922939095206422,0.7678615760091744,0.38770973740825687,0.27522935779816526,13.0,2874.1996679999866
736,0.9046620150229358,0.7678615760091744,0.3894326572247706,0.27522935779816526,12.0,2883.414653899963
737,0.891559677706422,0.7678615760091744,0.39633031990825685,0.27522935779816526,11.0,2884.498791299993
738,0.9114553985779817,0.7678615760091744,0.23310677472477065,0.518348623853211,8.0,2889.833000099985
739,0.8852072280733946,0.7678615760091744,0.3536475950458716,0.37155963302752304,8.0,2902.9858246999793
740,0.8228877722477064,0.7678615760091744,0.49151162545871563,0.15137614678899092,9.0,2909.174375900009
741,0.8522953724770643,0.7678615760091744,0.4917449137614679,0.16055045871559637,10.0,2912.660149500007
742,0.8388282945871559,0.7678615760091744,0.49203930376146787,0.14678899082568808,10.0,2914.7700907000108
743,0.8511272467018349,0.7678615760091744,0.44929238431651375,0.201834862385321,10.0,2916.7513390000095
744,0.8442687529816513,0.7678615760091744,0.48371829426605506,0.16055045871559637,10.0,2919.2222420999897
745,0.8421580158715596,0.7678615760091744,0.49536902504587166,0.14678899082568808,10.0,2921.819378199987
746,0.8536449323440367,0.7678615760091744,0.4639201617018349,0.16972477064220182,11.0,2924.329740599962
747,0.830046126472477,0.7678615760091744,0.4540828237201835,0.15596330275229375,11.0,2936.663012199977
748,0.8107758828486238,0.7678615760091744,0.4502254241330275,0.16055045871559637,10.0,2939.9971787999966
749,0.8264144806009174,0.7678615760091744,0.4504511778486239,0.15596330275229375,11.0,2942.5278903999715
750,0.82034232353211,0.7678615760091744,0.4810762684862385,0.11926605504587173,11.0,2945.3197356999735
751,0.830839101559633,0.7678615760091744,0.48239873458715593,0.12844036697247718,11.0,2947.904555499961
752,0.7957784473394496,0.7678615760091744,0.47357661247706423,0.14220183486238525,9.0,2968.529530800006
753,0.8147822954587158,0.7678615760091744,0.4725804605963303,0.14220183486238525,10.0,2968.9337295999867
754,0.8131734177981653,0.7678615760091744,0.47097158293577984,0.14220183486238525,10.0,2970.269535499974
755,0.8231772842201835,0.7678615760091744,0.47473691724770645,0.12844036697247696,11.0,2971.3123828999815
756,0.8297623640366972,0.7678615760091744,0.4721476851376147,0.1376146788990824,11.0,2981.45896129997
757,0.8684797291743119,0.7678615760091744,0.47251642642201835,0.15596330275229353,12.0,2983.524134200008
758,0.8463705143577983,0.7678615760091744,0.47793014738532114,0.12844036697247696,12.0,2985.4469374999753
759,0.8363666479357798,0.7678615760091744,0.47416481307339453,0.14220183486238525,11.0,2986.4153716000146
760,0.8247199005504586,0.7678615760091744,0.46416944183486236,0.16055045871559637,10.0,2992.0471852999763
761,0.8252482690366973,0.7678615760091744,0.46469781032110086,0.16055045871559637,10.0,2993.2776254999917
762,0.8198335096330276,0.7678615760091744,0.46552158302752294,0.17431192660550465,9.0,2995.77997839998
763,0.7670837038532111,0.7670837038532111,0.4419460891743119,0.1651376146788992,8.0,3018.943667499989
764,0.7859993143119266,0.7670837038532111,0.46838463541284403,0.13761467889908263,9.0,3031.0743517999654
765,0.7738786873394496,0.7670837038532111,0.474612632293578,0.11926605504587151,9.0,3033.1419299999834
766,0.7761394135963303,0.7670837038532111,0.41889170717431196,0.1972477064220184,8.0,3039.997736099991
767,0.7976583458440367,0.7670837038532111,0.4249977953853211,0.19266055045871555,9.0,3044.340716100007
768,0.8067651031376146,0.7670837038532111,0.41869170864220184,0.18807339449541294,10.0,3045.1545458000037
769,0.8212511031651376,0.7670837038532111,0.42235202059633026,0.17889908256880727,11.0,3047.5208886999753
770,0.8531403566972477,0.7670837038532111,0.3946082466055046,0.23853211009174302,11.0,3050.788082599989
771,0.8660782932568808,0.7670837038532111,0.4058948070183486,0.22018348623853212,12.0,3052.2585205999785
772,0.8708336001559633,0.7670837038532111,0.41817304969724767,0.19266055045871555,13.0,3053.445427300001
773,0.9069265957981651,0.7670837038532111,0.4113302655229358,0.2155963302752293,14.0,3055.819955200015
774,1.036939627798165,0.7670837038532111,0.00152678376146789,0.9954128440366973,2.0,3058.8346242000116
775,0.8543826736238532,0.7670837038532111,0.4338322149082569,0.16055045871559637,13.0,3069.8797990999883
776,0.8676400175688074,0.7670837038532111,0.43167671481651376,0.15596330275229353,14.0,3070.8807298999745
777,0.8671844966972477,0.7670837038532111,0.4358083499082569,0.1513761467889907,14.0,3071.270779899962
778,0.897173295055046,0.7670837038532111,0.43203568037614676,0.16513761467889898,15.0,3072.551150300016
779,0.8671116990825687,0.7670837038532111,0.46619426788990825,0.10091743119266061,15.0,3074.5435766999726
780,0.8972813268348623,0.7670837038532111,0.47636389564220183,0.10091743119266061,16.0,3075.5175623999676
781,0.8995716626146788,0.7670837038532111,0.4740670754587156,0.10550458715596345,16.0,3076.8305735000176
782,0.911887850733945,0.7670837038532111,0.4709704195412844,0.10091743119266061,17.0,3078.026740100002
783,0.9369572909174313,0.7670837038532111,0.5098013276146789,0.08715596330275233,17.0,3091.684131399961
784,0.9226320573853211,0.7670837038532111,0.49712747022935777,0.10550458715596323,16.0,3096.1876460000058
785,0.9391151495458716,0.7670837038532111,0.4981977183532109,0.10091743119266061,17.0,3097.5147921000025
786,0.9125139595917431,0.7670837038532111,0.500770840325688,0.09174311926605516,16.0,3098.9843241999624
787,0.9372496138073394,0.7670837038532111,0.5055064945412844,0.09174311926605516,17.0,3100.0156006999896
788,0.9117624195,0.7670837038532111,0.4816706763807339,0.11009174311926606,16.0,3107.121856099984
789,0.8309052072981652,0.7670837038532111,0.4287033724357798,0.14220183486238525,13.0,3121.4824929999886
790,0.793269001146789,0.7670837038532111,0.4310671662844036,0.14220183486238525,11.0,3125.595004300005
791,0.7883267666972478,0.7670837038532111,0.41860199605504583,0.16972477064220182,10.0,3127.393289999978
792,0.8104205262844036,0.7670837038532111,0.4206957556422018,0.16972477064220182,11.0,3128.054215100012
793,0.830218596880734,0.7670837038532111,0.4342552941284404,0.15596330275229353,12.0,3129.4452168999705
794,0.8192584911926605,0.7670837038532111,0.4387080324770642,0.16055045871559614,11.0,3132.3139019999653
795,1.0961967188990824,0.7670837038532111,0.0967471776146789,0.8394495412844036,8.0,3147.808892000001
796,0.7884114102752293,0.7670837038532111,0.42327379559633027,0.16513761467889898,10.0,3154.1402541999705
797,0.8084114102752293,0.7670837038532111,0.42327379559633027,0.16513761467889898,11.0,3154.8549717999995
798,0.8084114102752293,0.7670837038532111,0.42327379559633027,0.16513761467889898,11.0,3168.3685462999856
799,0.8265101655963302,0.7670837038532111,0.4259597068807339,0.16055045871559637,12.0,3171.1418739999644
800,0.8342009001834862,0.7670837038532111,0.43823759743119267,0.15596330275229353,12.0,3182.7866151999915
801,0.75181979,0.75181979,0.43585648724770637,0.15596330275229353,8.0,3190.8179033999913
802,0.768005538027523,0.75181979,0.44580370316513757,0.14220183486238525,9.0,3191.1777868999634
803,0.7998018566055046,0.75181979,0.3875082786238532,0.2522935779816513,8.0,3215.7547612999915
804,0.8846034539908257,0.75181979,0.23084198610091744,0.5137614678899083,7.0,3229.623542999965
805,0.7719114246788992,0.75181979,0.42677381,0.16513761467889898,9.0,3229.91557979997
806,0.751253884266055,0.751253884266055,0.4690520494036698,0.14220183486238525,7.0,3248.6188052999787
807,0.7675222322018349,0.751253884266055,0.4653203973394496,0.14220183486238525,8.0,3249.9365159000154
808,0.7853399325688073,0.751253884266055,0.4693766298165138,0.15596330275229353,8.0,3257.762146299996
809,0.7499598627522935,0.7499598627522935,0.46317087192660555,0.14678899082568808,7.0,3260.035248900007
810,0.769124772706422,0.7499598627522935,0.462335781880734,0.14678899082568808,8.0,3262.363557600009
811,0.7525753385779816,0.7499598627522935,0.5545936872018349,0.07798165137614665,6.0,3285.4957571999985
812,0.7568276760091743,0.7499598627522935,0.5542588686697247,0.08256880733944949,6.0,3296.7321811
813,0.7569187991284404,0.7499598627522935,0.5560013679357798,0.10091743119266039,5.0,3312.491987299989
814,0.7769497013761467,0.7499598627522935,0.560619426146789,0.09633027522935778,6.0,3313.275184399972
815,0.7684536755504587,0.7499598627522935,0.5675362443577981,0.10091743119266039,5.0,3315.29354709998
816,0.7778236370183486,0.7499598627522935,0.5569062058256881,0.10091743119266039,6.0,3322.0554054999957
817,0.7402739271100918,0.7402739271100918,0.5301821839908256,0.11009174311926606,5.0,3338.2032785000047
818,0.7776986520642203,0.7402739271100918,0.5292582850917431,0.12844036697247696,6.0,3344.240161199996
819,0.9271923631651375,0.7402739271100918,0.29673364756880727,0.5504587155963303,4.0,3359.6936442999868
820,0.7576764639449541,0.7402739271100918,0.5321718767889909,0.10550458715596323,6.0,3371.12837749999
821,0.7833384002752294,0.7402739271100918,0.537833813119266,0.10550458715596323,7.0,3372.477837499988
822,0.7921231889908257,0.7402739271100918,0.5403800697247706,0.09174311926605494,8.0,3378.4056334999623
823,0.8031463191284405,0.7402739271100918,0.5376417319724771,0.10550458715596345,8.0,3378.800725899986
824,0.803315161880734,0.7402739271100918,0.5423977306880734,0.10091743119266061,8.0,3379.132776500017
825,0.8038121467889909,0.7402739271100918,0.5428947155963303,0.10091743119266061,8.0,3379.472422599967
826,0.7793377822018349,0.7402739271100918,0.5154845711926606,0.12385321100917412,7.0,3388.210666299972
827,0.7608023539449541,0.7402739271100918,0.5215362988990826,0.11926605504587151,6.0,3390.0224954999867
828,0.7474004351834862,0.7402739271100918,0.5418958480275229,0.10550458715596323,5.0,3401.5294496999704
829,0.9454470563302751,0.7402739271100918,0.2674654049541284,0.5779816513761469,5.0,3413.40478469996
830,0.7886284035779816,0.7402739271100918,0.5860595962385321,0.08256880733944949,6.0,3423.0937906999607
831,0.7194464697706422,0.7194464697706422,0.5339418826146789,0.10550458715596323,4.0,3425.5029573999927
832,0.7311201311009173,0.7194464697706422,0.5439641677981651,0.08715596330275233,5.0,3436.412901100004
833,0.7284055878899083,0.7194464697706422,0.5120753126605505,0.09633027522935778,6.0,3441.510884099989
834,0.6944954166972477,0.6944954166972477,0.4798165176146789,0.11467889908256867,5.0,3459.2536559000146
835,0.7144473968348624,0.6944954166972477,0.4797684977522936,0.1146788990825689,6.0,3485.0042265999946
836,1.0325058144495411,0.6944954166972477,0.018377374082568804,0.9541284403669725,3.0,3494.9178945000167
837,0.7511148433486239,0.6944954166972477,0.5485460360091743,0.08256880733944949,6.0,3506.6828717999742
838,0.7225437597247706,0.6944954166972477,0.48786486064220186,0.1146788990825689,6.0,3509.1932118000113
839,0.7052968404587154,0.6944954166972477,0.5335537211926604,0.09174311926605494,4.0,3523.0598897999735
840,0.7118330363302752,0.6944954166972477,0.5722000088073395,0.059633027522935644,4.0,3546.603460000013
841,0.7251075672477063,0.6944954166972477,0.5700616956880734,0.05504587155963292,5.0,3558.1679762999993
842,0.7291018390366971,0.6944954166972477,0.578643123440367,0.050458715596330195,5.0,3569.570902800013
843,0.7353516202752293,0.6944954166972477,0.5711314367889908,0.06422018348623848,5.0,3570.968943899963
844,0.7312387354128439,0.6944954166972477,0.5670185519266054,0.06422018348623848,5.0,3581.219562799961
845,0.7570328826146788,0.6944954166972477,0.5682255431651376,0.0688073394495412,6.0,3583.3256432999624
846,0.7567530853669724,0.6944954166972477,0.5679457459174312,0.0688073394495411,6.0,3584.8070771999774
847,0.7241225585779816,0.6944954166972477,0.5415537512385321,0.08256880733944938,5.0,3593.9803185999626
848,0.7467510385779815,0.6944954166972477,0.5641822312385321,0.08256880733944949,5.0,3608.23077319999
849,0.7662900959633027,0.6944954166972477,0.5545469766972477,0.09174311926605505,6.0,3611.00473419996
850,0.7497151584403668,0.6944954166972477,0.5609078189908256,0.0688073394495412,6.0,3614.553937699995
851,0.7432695859174311,0.6944954166972477,0.5407007785779816,0.08256880733944949,6.0,3617.9026301999693
852,0.7513017638073394,0.6944954166972477,0.5349714885779816,0.09633027522935766,6.0,3627.3289056000067
853,0.7681419538073394,0.6944954166972477,0.5318116785779816,0.09633027522935766,7.0,3627.7003739000065
854,0.7629853944036696,0.6944954166972477,0.5450037430275229,0.07798165137614665,7.0,3631.456431199971
855,0.7705124082110091,0.6944954166972477,0.39987020637614673,0.2706422018348623,5.0,3651.0501975999796
856,0.7731042795412844,0.6944954166972477,0.40704923366972473,0.2660550458715596,5.0,3658.9593687999877
857,0.7501879611467889,0.6944954166972477,0.4696375024311926,0.16055045871559626,6.0,3661.8081209000084
858,0.8581933917889908,0.6944954166972477,0.3253493550917431,0.4128440366972477,6.0,3679.3441705000005
859,0.7412617433486238,0.6944954166972477,0.5341057800458716,0.08715596330275222,6.0,3687.119017699966
860,0.6989652990825688,0.6944954166972477,0.4980478678899082,0.1009174311926605,5.0,3708.9245695999707
861,0.7085685263761468,0.6944954166972477,0.492238251146789,0.09633027522935778,6.0,3709.310748899996
862,0.7164793888990825,0.6944954166972477,0.495561957706422,0.1009174311926605,6.0,3709.7610079000005
863,0.7304083152293578,0.6944954166972477,0.49407803999999994,0.09633027522935778,7.0,3710.075759199972
864,0.7377937735779816,0.6944954166972477,0.4877020304587155,0.11009174311926595,7.0,3722.424101600016
865,1.0391376517889908,0.6944954166972477,0.003724807752293578,0.9954128440366973,2.0,3723.7284075999632
866,0.725763139678899,0.6944954166972477,0.494020020412844,0.09174311926605494,7.0,3724.043892799993
867,0.7262377948165137,0.6944954166972477,0.4944946755504587,0.09174311926605494,7.0,3724.327748299984
868,0.7164793888990825,0.6944954166972477,0.495561957706422,0.1009174311926605,6.0,3724.5497821999597
869,0.7216313413761467,0.6944954166972477,0.5803469377064221,0.041284403669724745,5.0,3745.1427390999743
870,0.7359912429816513,0.6944954166972477,0.5701196833486238,0.04587155963302747,6.0,3747.4500755000045
871,0.7291411594036695,0.6944954166972477,0.5740952878440366,0.05504587155963303,5.0,3769.5512900999747
872,0.7417051021100917,0.6944954166972477,0.5712463865137615,0.050458715596330195,6.0,3788.015416099981
873,0.7350443911009172,0.6944954166972477,0.5708242076146789,0.06422018348623848,5.0,3790.307403200015
874,0.7570149898165137,0.6944954166972477,0.5727948063302752,0.06422018348623848,6.0,3793.1201880999724
875,0.7585226253669723,0.6944954166972477,0.5651281299541284,0.07339449541284393,6.0,3795.0384118999937
876,0.7491298313761467,0.6944954166972477,0.569496803853211,0.059633027522935644,6.0,3807.8351243999787
877,0.8773867193577981,0.6944954166972477,0.2636252514678899,0.5137614678899082,5.0,3819.7898844999727
878,0.7600248244036696,0.6944954166972477,0.5912174849541284,0.0688073394495412,5.0,3839.7806519999867
879,0.7521900948165137,0.6944954166972477,0.5633827553669725,0.0688073394495412,6.0,3840.869743499963
880,0.7750733733486239,0.6944954166972477,0.5816788779357798,0.07339449541284404,6.0,3859.133600800007
881,0.7833537032110092,0.6944954166972477,0.5561977399082568,0.0871559633027521,7.0,3870.0353214999777
882,0.8650828756422019,0.6944954166972477,0.3093030591284403,0.4357798165137614,6.0,3881.5233567999676
883,0.7699659238073393,0.6944954166972477,0.5611585843577981,0.0688073394495412,7.0,3882.1285746999783
884,0.7491068413302752,0.6944954166972477,0.5481894101376147,0.10091743119266061,5.0,3901.4275702000014
885,0.7712787979816513,0.6944954166972477,0.545774210825688,0.10550458715596334,6.0,3902.193693500012
886,0.790932621146789,0.6944954166972477,0.5454280339908256,0.10550458715596334,7.0,3902.519443999976
887,0.7904632683944953,0.6944954166972477,0.5449586812385321,0.10550458715596334,7.0,3902.8911704999628
888,0.8044623902752294,0.6944954166972477,0.3984073444036697,0.2660550458715596,7.0,3916.3597087999806
889,0.8265636740825688,0.6944954166972477,0.5306003713302753,0.15596330275229353,7.0,3934.189199799963
890,0.8098893762844036,0.6944954166972477,0.4159444221559633,0.2339449541284403,8.0,3936.2563674999983
891,0.8044623902752294,0.6944954166972477,0.3984073444036697,0.2660550458715596,7.0,3938.0166758999694
892,0.7724102749082569,0.6944954166972477,0.4839699079357798,0.12844036697247696,8.0,3940.5815650000004
893,0.7742186755504588,0.6944954166972477,0.4811911526146789,0.1330275229357798,8.0,3941.8211661999812
894,0.8431294484403671,0.6944954166972477,0.40331293467889906,0.2798165137614679,8.0,3953.1901599999983
895,0.8156180910091744,0.6944954166972477,0.42626029284403666,0.22935779816513757,8.0,3956.6363756000064
896,0.8039107474311926,0.6944954166972477,0.4862960685321101,0.13761467889908252,9.0,3958.0705866999924
897,0.8122306382018349,0.6944954166972477,0.4303957758165138,0.2018348623853211,9.0,3961.393997200008
898,0.834902320321101,0.6944954166972477,0.44682892582568806,0.18807339449541283,10.0,3964.9449262999697
899,0.8190088580733945,0.6944954166972477,0.48598133513761466,0.13302752293577969,10.0,3967.3810408000136
900,0.8140953277522935,0.6944954166972477,0.49024211674311924,0.12385321100917424,10.0,3970.3932686999906
901,0.8355568730275229,0.6944954166972477,0.4917036620183486,0.12385321100917424,11.0,3970.7564980000025
902,0.8086734711926606,0.6944954166972477,0.48940741614678895,0.11926605504587151,10.0,3971.5650850000093
903,0.8396650440825688,0.6944954166972477,0.44994027344036697,0.16972477064220182,11.0,3974.9255793999764
904,0.8080601948623853,0.6944954166972477,0.49796845174311927,0.11009174311926606,10.0,3978.0882622000063
905,0.8265829388073394,0.6944954166972477,0.4964911956880734,0.11009174311926606,11.0,3978.4772191999946
906,0.8272956939908256,0.6944954166972477,0.4972039508715596,0.11009174311926606,11.0,3978.9013177999877
907,0.8304439425229356,0.6944954166972477,0.5003521994036697,0.11009174311926606,11.0,3979.2692203999613
908,0.8439942414220183,0.6944954166972477,0.498489654266055,0.10550458715596334,12.0,3979.6169182999874
909,0.8465005532522935,0.6944954166972477,0.4964088101330275,0.11009174311926606,12.0,3979.8559067999595
910,0.8446578585779816,0.6944954166972477,0.4991532714220183,0.10550458715596334,12.0,3980.1570110999746
911,0.8062228072018347,0.6944954166972477,0.5053053760091744,0.10091743119266061,10.0,3983.232571200002
912,0.8295853823853212,0.6944954166972477,0.4385762080733945,0.21100917431192656,9.0,3998.9199837999768
913,0.829378243119266,0.6944954166972477,0.4521305366972477,0.19724770642201828,9.0,4001.4796570999897
914,0.8362934907798165,0.6944954166972477,0.5078531238073395,0.12844036697247696,10.0,4002.454848299967
915,0.8522013864220183,0.6944954166972477,0.5358711111926606,0.09633027522935778,11.0,4002.881526799989
916,0.8369119455504588,0.6944954166972477,0.49471011068807336,0.14220183486238525,10.0,4005.00273269997
917,0.8529370595871558,0.6944954166972477,0.5044966926146789,0.12844036697247696,11.0,4005.4267450000043
918,0.8197567616513761,0.6944954166972477,0.5050778625688073,0.11467889908256867,10.0,4009.6098866999964
919,0.8278008034862385,0.6944954166972477,0.49477328055045877,0.1330275229357798,10.0,4014.289325999969
920,0.832181941972477,0.6944954166972477,0.5020901988532109,0.11009174311926606,11.0,4015.232815800002
921,0.8540601583027522,0.6944954166972477,0.5010326353669725,0.1330275229357798,11.0,4020.479031900002
922,0.8475839713761467,0.6944954166972477,0.512905072293578,0.11467889908256867,11.0,4022.8411733999965
923,0.8534333545412843,0.6944954166972477,0.5033416114220183,0.11009174311926606,12.0,4023.2715989999706
924,0.8503719685779816,0.6944954166972477,0.5048673814220184,0.10550458715596323,12.0,4023.777834700013
925,0.8252666943119267,0.6944954166972477,0.44636761174311923,0.17889908256880727,10.0,4025.969648599974
926,1.0391376517889908,0.6944954166972477,0.003724807752293578,0.9954128440366973,2.0,4027.333500800014
927,0.8528334507798164,0.6944954166972477,0.4539343682110092,0.17889908256880727,11.0,4029.7317555999616
928,0.852998092614679,0.6944954166972477,0.43740176233944955,0.2155963302752293,10.0,4032.7059489999665
929,0.8354384811009175,0.6944954166972477,0.43525499486238534,0.22018348623853212,9.0,4035.176601999963
930,0.8127070017431193,0.6944954166972477,0.4934409466972477,0.11926605504587151,10.0,4038.279101399996
931,0.8411790292201834,0.6944954166972477,0.49273866224770646,0.12844036697247696,11.0,4040.1195792999933
932,0.8456604807339448,0.6944954166972477,0.4926329577981652,0.1330275229357798,11.0,4041.668446799973
933,0.8765209729816514,0.6944954166972477,0.37376867940366976,0.3027522935779816,10.0,4046.5856457999907
934,0.8339027065596332,0.6944954166972477,0.47335224784403673,0.16055045871559614,10.0,4050.5668259999948
935,0.8316948278027523,0.6944954166972477,0.4940801489036697,0.1376146788990824,10.0,4054.040415299998
936,0.8297476559633027,0.6944954166972477,0.4904816009174312,0.11926605504587151,11.0,4054.986170499993
937,0.8463300849541283,0.6944954166972477,0.4978897179816514,0.12844036697247696,11.0,4056.1234225999797
938,0.8371405141284404,0.6944954166972477,0.49328730311926605,0.12385321100917424,11.0,4056.972016200016
939,0.8426844658715597,0.6944954166972477,0.4942440988990825,0.12844036697247696,11.0,4057.771065799985
940,0.8613521719724769,0.6944954166972477,0.492911805,0.12844036697247696,12.0,4059.1506463999976
941,0.8149593556422019,0.6944954166972477,0.48651898866972476,0.12844036697247696,10.0,4061.663186999969
942,0.8289042539908256,0.6944954166972477,0.48211526316513764,0.14678899082568808,10.0,4064.8809735999675
943,0.846622219266055,0.6944954166972477,0.48442038440366963,0.14220183486238525,11.0,4067.121640699974
944,0.8497803085366972,0.6944954166972477,0.4784041617477064,0.1513761467889907,11.0,4068.021754799993
945,0.8243915297706421,0.6944954166972477,0.4988869426146788,0.10550458715596323,11.0,4069.0815379999694
946,0.8088137924770642,0.6944954166972477,0.47743764568807334,0.1513761467889908,9.0,4088.983765400015
947,0.8323804226605505,0.6944954166972477,0.4764171199082568,0.15596330275229353,10.0,4089.8406695000012
948,0.7934634166972477,0.6944954166972477,0.4820872699082568,0.1513761467889908,8.0,4090.083859300008
949,0.8067270881192661,0.6944954166972477,0.46617662940366966,0.16055045871559626,9.0,4090.861783100001
950,0.8121138407798165,0.6944954166972477,0.4807376939908256,0.1513761467889908,9.0,4091.7299346000073
951,0.7677297161146789,0.6944954166972477,0.4625921014357798,0.16513761467889898,7.0,4093.98623759998
952,0.7739335978440367,0.6944954166972477,0.48714460701834855,0.14678899082568808,7.0,4096.2872814
953,0.7370483979816513,0.6944954166972477,0.48860803100917427,0.12844036697247696,6.0,4099.330282300012
954,0.7370483979816513,0.6944954166972477,0.48860803100917427,0.12844036697247696,6.0,4122.670465399977
955,0.7554130339266055,0.6944954166972477,0.4869726669541284,0.12844036697247696,7.0,4123.439382300014
956,0.7542709129357799,0.6944954166972477,0.4858305459633027,0.12844036697247696,7.0,4124.700474600017
957,1.0218078802752295,0.6944954166972477,0.1374042105504587,0.7844036697247706,5.0,4136.322841799993
958,0.7657434644495413,0.6944954166972477,0.4743673176605504,0.1513761467889907,7.0,4147.529544599995
959,0.7951989874770642,0.6944954166972477,0.4929971526146789,0.14220183486238525,8.0,4150.359178200015
960,0.7861729870642202,0.6944954166972477,0.47020968431192656,0.15596330275229353,8.0,4150.9430816000095
961,0.7810779063302753,0.6944954166972477,0.4788760714678899,0.14220183486238525,8.0,4153.457511699991
962,0.7843785170642202,0.6944954166972477,0.4730023702752294,0.1513761467889907,8.0,4154.123506099975
963,0.7981383783486238,0.6944954166972477,0.47134938752293576,0.14678899082568808,9.0,4154.700785299996
964,0.754794391146789,0.6944954166972477,0.4588310883944954,0.15596330275229353,7.0,4157.50628229999
965,0.7778109426605505,0.6944954166972477,0.4756091077981651,0.14220183486238525,8.0,4164.730473899981
966,0.73563057103211,0.6944954166972477,0.450492956353211,0.16513761467889898,6.0,4165.969901899982
967,0.7462042965550458,0.6944954166972477,0.456479525912844,0.16972477064220182,6.0,4166.577816899982
968,0.7537424471880734,0.6944954166972477,0.4531919884724771,0.16055045871559626,7.0,4167.141405000002
969,0.724254410711009,0.6944954166972477,0.45287826392201835,0.1513761467889908,6.0,4178.782679600001
970,0.7418523207201835,0.6944954166972477,0.4550633298944954,0.14678899082568808,7.0,4179.58691469999
971,0.7497286640137614,0.6944954166972477,0.4537653612614679,0.15596330275229353,7.0,4180.647244299995
972,0.7418523207201835,0.6944954166972477,0.4550633298944954,0.14678899082568808,7.0,4181.5028177999775
973,0.9781653095412844,0.6944954166972477,0.1563304471559633,0.7018348623853211,6.0,4192.578021299967
974,0.9172453150688072,0.6944954166972477,0.26807100314220184,0.5091743119266054,7.0,4201.699637999991
975,0.7284161163059633,0.6944954166972477,0.42951703373715594,0.17889908256880727,6.0,4204.4865243000095
976,0.7487628287371559,0.6944954166972477,0.4298637461683486,0.17889908256880727,7.0,4205.447712299996
977,0.7531896275229357,0.6944954166972477,0.46933641651376146,0.12385321100917412,8.0,4206.636147000012
978,0.783884646559633,0.6944954166972477,0.5550773071100917,0.0688073394495412,8.0,4219.479369400011
979,0.9081002132568807,0.6944954166972477,0.28021030500000005,0.4678899082568807,8.0,4238.029351299978
980,0.9047133866055046,0.6944954166972477,0.32563081779816516,0.3990825688073394,9.0,4246.527955500002
981,0.7573947214449541,0.6944954166972477,0.4551928865825688,0.14220183486238525,8.0,4247.983985800005
982,0.782761791559633,0.6944954166972477,0.4438627089908257,0.17889908256880727,8.0,4250.716819399968
983,0.9852145016284404,0.6944954166972477,0.17548973098623855,0.6697247706422018,7.0,4264.464417900017
984,0.7652412677522935,0.6944954166972477,0.465975212706422,0.11926605504587151,9.0,4265.248116599978
985,0.7598156133715596,0.6944954166972477,0.45302662254587156,0.14678899082568797,8.0,4266.72016919998
986,0.7751390145642201,0.6944954166972477,0.4529371797018349,0.14220183486238525,9.0,4267.320581000007
987,0.7751014751972476,0.6944954166972477,0.4620739522614679,0.13302752293577969,9.0,4268.109154800011
988,0.7827459464357798,0.6944954166972477,0.451369799646789,0.1513761467889908,9.0,4269.461425999994
989,0.7945759173073395,0.6944954166972477,0.46154839437155964,0.13302752293577969,10.0,4269.926496499975
990,0.7974055603899082,0.6944954166972477,0.4643780374541284,0.13302752293577969,10.0,4270.166953800013
991,1.1379805457568808,0.6944954166972477,0.0847695365825688,0.8532110091743119,10.0,4278.794908999989
992,0.9757168480733944,0.6944954166972477,0.13259758201834862,0.7431192660550459,5.0,4298.34105019999
993,0.8136391611697247,0.6944954166972477,0.46519879419724774,0.12844036697247696,11.0,4298.814439899987
994,0.816744297912844,0.6944954166972477,0.46830393094036693,0.12844036697247696,11.0,4299.634848200018
995,0.834272533325688,0.6944954166972477,0.47041932231651373,0.12385321100917424,12.0,4299.857772000018
996,0.834272533325688,0.6944954166972477,0.47041932231651373,0.12385321100917424,12.0,4300.055665299995
997,0.7942790163073394,0.6944954166972477,0.44583864933486234,0.12844036697247718,11.0,4319.859055500012
998,0.8442068551605504,0.6944954166972477,0.4957664881880734,0.12844036697247718,11.0,4334.051852300006
999,0.799067049293578,0.6944954166972477,0.4276909025045871,0.15137614678899092,11.0,4335.573459999985
1000,0.821160808880734,0.6944954166972477,0.42978466209174304,0.15137614678899092,12.0,4336.336291000014
