Iteration,obj,obj_bound,cost,loss,comp,time
1,1.0353745397222223,0.8033642796296295,0.07574491009259259,0.8796296296296297,4.0,8.22416590002831
2,0.8479897399074073,0.8033642796296295,0.3174341843518518,0.4305555555555556,5.0,11.932682100043166
3,0.8594152138425925,0.8033642796296295,0.31034113976851846,0.44907407407407407,5.0,12.331655899994075
4,0.8756614207407406,0.8033642796296295,0.31121697629629624,0.4444444444444444,6.0,12.576003600028343
5,0.8890019722685184,0.8033642796296295,0.3184464167129629,0.43055555555555547,7.0,12.922849000024144
6,0.8998373719444444,0.8033642796296295,0.332429964537037,0.40740740740740733,8.0,14.111273400019854
7,0.9162267684722221,0.8033642796296295,0.35659713884259253,0.37962962962962954,9.0,15.032209700031672
8,0.9112173439351852,0.8033642796296295,0.39640252912037033,0.31481481481481477,10.0,17.985209200007375
9,0.9084700589351852,0.8033642796296295,0.3086552441203704,0.4398148148148149,8.0,27.317054399987683
10,0.9262822767129628,0.8033642796296295,0.30646746189814816,0.4398148148148149,9.0,27.540077599987853
11,0.9150735782407406,0.8033642796296295,0.34007357824074075,0.375,10.0,30.029758499993477
12,0.896175302175926,0.8033642796296295,0.3226567836574074,0.3935185185185185,9.0,30.837792700040154
13,0.8889881194907407,0.8033642796296295,0.3463955268981481,0.34259259259259256,10.0,31.79755820002174
14,0.9057969627777778,0.8033642796296295,0.34783399981481483,0.337962962962963,11.0,32.75690420001047
15,0.911901542824074,0.8033642796296295,0.3354200613425926,0.3564814814814815,11.0,33.667799399991054
16,0.8806090083333333,0.8033642796296295,0.4091275268518519,0.2314814814814815,12.0,35.090875299996696
17,0.9006090083333333,0.8033642796296295,0.4091275268518519,0.2314814814814815,13.0,35.74218560004374
18,0.8853056700925925,0.8033642796296295,0.40456492935185184,0.2407407407407407,12.0,36.5137107000337
19,0.8980566886111112,0.8033642796296295,0.44361224416666667,0.19444444444444442,13.0,37.91817700001411
20,0.954358647638889,0.8033642796296295,0.3300993883796296,0.3842592592592593,12.0,40.24151280004298
21,0.954358647638889,0.8033642796296295,0.3300993883796296,0.3842592592592593,12.0,41.19801480002934
22,0.9568573589814815,0.8033642796296295,0.2955610626851852,0.4212962962962963,12.0,42.14314739999827
23,0.9713279441666667,0.8033642796296295,0.29929090712962964,0.4120370370370371,13.0,43.055641199985985
24,0.9906858518055557,0.8033642796296295,0.3125377036574074,0.39814814814814814,14.0,43.9484448999865
25,1.0019188296296297,0.8033642796296295,0.3269188296296296,0.375,15.0,45.550184899999294
26,0.9830186545370372,0.8033642796296295,0.32801865453703705,0.375,14.0,47.21183190000011
27,0.9936183393981481,0.8033642796296295,0.3417664875462963,0.35185185185185186,15.0,48.80046520003816
28,1.0124049756944447,0.8033642796296295,0.3405531238425926,0.35185185185185186,16.0,49.77660939999623
29,1.0118334574074075,0.8033642796296295,0.3446112351851852,0.3472222222222222,16.0,50.86199960001977
30,1.1760125061574074,0.8033642796296295,0.14304954319444443,0.712962962962963,16.0,56.06995600002119
31,1.1589197308333332,0.8033642796296295,0.14132713824074072,0.7175925925925926,15.0,56.87910100002773
32,1.2142921456944444,0.8033642796296295,0.08095881236111112,0.8333333333333333,15.0,60.595381500024814
33,1.2142921456944444,0.8033642796296295,0.08095881236111112,0.8333333333333333,15.0,60.811040100001264
34,1.190188588611111,0.8033642796296295,0.09852192194444445,0.7916666666666667,15.0,62.61334089998854
35,1.1899655852777777,0.8033642796296295,0.10755817787037038,0.7824074074074074,15.0,63.45825910003623
36,1.1711773722685184,0.8033642796296295,0.10414033523148149,0.787037037037037,14.0,63.69571310002357
37,1.1594257809259259,0.8033642796296295,0.16498133648148147,0.6944444444444444,15.0,65.18386370001826
38,1.1636929997685184,0.8033642796296295,0.18313744421296294,0.6805555555555556,15.0,66.5595588000142
39,1.159886798009259,0.8033642796296295,0.1839608720833333,0.6759259259259259,15.0,67.79189540003426
40,1.1872220337037036,0.8033642796296295,0.19129610777777775,0.6759259259259259,16.0,68.8769864999922
41,1.1735089111574073,0.8033642796296295,0.18369409634259257,0.6898148148148149,15.0,69.58811750001041
42,1.167448524398148,0.8033642796296295,0.18689296884259257,0.6805555555555556,15.0,70.82940950000193
43,1.1845412997222222,0.8033642796296295,0.18861537379629628,0.6759259259259259,16.0,71.60925550002139
44,1.1588640370833332,0.8033642796296295,0.17830848152777778,0.6805555555555556,15.0,73.99669609998818
45,1.1650784312962963,0.8033642796296295,0.19693028314814814,0.6481481481481481,16.0,75.153996500012
46,1.2146446952777779,0.8033642796296295,0.16779284342592593,0.7268518518518519,16.0,83.22050250001485
47,1.2307359900000001,0.8033642796296295,0.18240265666666666,0.7083333333333334,17.0,83.71709150000243
48,1.1862596983333333,0.8033642796296295,0.23051895759259258,0.6157407407407407,17.0,86.28606509999372
49,1.2034789739814815,0.8033642796296295,0.22773823324074075,0.6157407407407407,18.0,86.94879659998696
50,1.1863861986574074,0.8033642796296295,0.226015828287037,0.6203703703703705,17.0,87.66655680001713
51,1.1942516646759258,0.8033642796296295,0.24165907208333332,0.5925925925925926,18.0,91.57206169998972
52,1.1999145330555556,0.8033642796296295,0.23806268120370372,0.6018518518518519,18.0,93.61471669998718
53,1.2199145330555556,0.8033642796296295,0.23806268120370372,0.6018518518518519,19.0,94.87404369999422
54,1.2026952574074075,0.8033642796296295,0.24084340555555556,0.6018518518518519,18.0,95.22573440003907
55,1.1754923515277778,0.8033642796296295,0.2567886478240741,0.5787037037037037,17.0,96.5745070000412
56,1.1968434658564815,0.8033642796296295,0.2442508732638889,0.5925925925925926,18.0,97.83215730002848
57,1.183630778449074,0.8033642796296295,0.27585300067129626,0.5277777777777777,19.0,102.17349150002701
58,1.177198876736111,0.8033642796296295,0.2694210989583333,0.5277777777777777,19.0,103.98920810001437
59,1.1652623794675927,0.8033642796296295,0.26674386094907404,0.5185185185185186,19.0,104.89141999999993
60,1.1752968088194446,0.8033642796296295,0.28455606807870365,0.4907407407407407,20.0,105.40568299998995
61,1.1926724006111111,0.8033642796296295,0.2865612895,0.48611111111111116,21.0,105.92823489999864
62,1.210937262462963,0.8033642796296295,0.2848261513518518,0.48611111111111116,22.0,106.17636819998734
63,1.210937262462963,0.8033642796296295,0.2848261513518518,0.48611111111111116,22.0,110.22246050002286
64,1.2040002520925925,0.8033642796296295,0.27011136320370366,0.5138888888888888,21.0,111.3033574000001
65,1.2248181812037038,0.8033642796296295,0.2755589219444444,0.5092592592592593,22.0,111.95459929999197
66,1.245465136712963,0.8033642796296295,0.271576247824074,0.5138888888888888,23.0,112.3309076000005
67,1.226420815,0.8033642796296295,0.26790229648148145,0.5185185185185186,22.0,113.01329480001004
68,1.2228904191666667,0.8033642796296295,0.26437190064814814,0.5185185185185186,22.0,113.47571329999482
69,1.2319435353703705,0.8033642796296295,0.2812027946296296,0.4907407407407408,23.0,114.98236150003504
70,1.0749903710648148,0.8033642796296295,0.5270274081018519,0.08796296296296302,23.0,124.9485771000036
71,1.025167244398148,0.8033642796296295,0.5325746518055556,0.09259259259259256,20.0,128.5596535000368
72,1.0430765682407408,0.8033642796296295,0.5304839756481482,0.09259259259259245,21.0,131.0340642000083
73,1.0179185614722224,0.8033642796296295,0.52069633925,0.0972222222222221,20.0,132.34024600003613
74,1.0262801051296297,0.8033642796296295,0.5290578829074074,0.0972222222222221,20.0,135.37650800001575
75,1.0451276354999999,0.8033642796296295,0.5325350429074074,0.09259259259259245,21.0,136.1530563000124
76,1.0514234998055556,0.8033642796296295,0.5079049812870371,0.14351851851851838,20.0,139.393701300025
77,1.0769735486018517,0.8033642796296295,0.4516031782314815,0.24537037037037024,19.0,142.52859360002913
78,1.0769735486018517,0.8033642796296295,0.4516031782314815,0.24537037037037024,19.0,143.59487239998998
79,1.0564369581388888,0.8033642796296295,0.45569621739814814,0.2407407407407406,18.0,144.22494939999888
80,1.0775524671666665,0.8033642796296295,0.4568117264259259,0.2407407407407406,19.0,144.89624630002072
81,1.074252833787037,0.8033642796296295,0.42721579675,0.287037037037037,18.0,145.65727399999741
82,1.063433348972222,0.8033642796296295,0.4534333489722222,0.2499999999999999,18.0,146.49707780004246
83,1.0818275210555555,0.8033642796296295,0.4518275210555555,0.2499999999999999,19.0,146.72395800001686
84,1.0818275210555555,0.8033642796296295,0.4518275210555555,0.2499999999999999,19.0,146.85712890001014
85,1.062097218,0.8033642796296295,0.45209721799999997,0.2499999999999999,18.0,147.18652889999794
86,1.0651758974444445,0.8033642796296295,0.48147219374074074,0.2037037037037036,19.0,147.99543670000276
87,1.0804378437407407,0.8033642796296295,0.48136376966666666,0.19907407407407396,20.0,148.28551499999594
88,1.0660137032314816,0.8033642796296295,0.47619888841666663,0.18981481481481477,20.0,149.52942320000147
89,1.0629350237870372,0.8033642796296295,0.4468239126759259,0.23611111111111105,19.0,150.28146560001187
90,1.0749104216111112,0.8033642796296295,0.44342894012962963,0.2314814814814814,20.0,154.88463300000876
91,1.0504126572222223,0.8033642796296295,0.448190435,0.2222222222222222,19.0,157.4120888999896
92,1.0325033333796299,0.8033642796296295,0.45028111115740743,0.22222222222222232,18.0,160.33732410002267
93,1.0283438169907408,0.8033642796296295,0.4507512243981482,0.21759259259259256,18.0,160.76010930002667
94,1.0735694099074076,0.8033642796296295,0.41579163212962966,0.2777777777777778,19.0,162.6061869999976
95,1.0669150097685187,0.8033642796296295,0.4493224171759259,0.21759259259259256,20.0,163.78129830001853
96,1.054144785601852,0.8033642796296295,0.4782188596759259,0.17592592592592593,20.0,165.28142529999604
97,1.031560240787037,0.8033642796296295,0.5560046852314815,0.05555555555555547,21.0,166.71181700000307
98,1.0509673888888889,0.8033642796296295,0.5507822037037037,0.06018518518518523,22.0,167.08190300001297
99,1.098402714490741,0.8033642796296295,0.2382175293055556,0.5601851851851851,15.0,180.4536911000032
100,1.1085296140740741,0.8033642796296295,0.19427035481481483,0.6342592592592592,14.0,181.12520300003234
101,1.1204952009722224,0.8033642796296295,0.24031001578703706,0.5601851851851851,16.0,182.9592066000332
102,1.1206873784259261,0.8033642796296295,0.24050219324074076,0.5601851851851851,16.0,183.30369820003398
103,1.0985948919444446,0.8033642796296295,0.2384097067592593,0.5601851851851851,15.0,185.01492789998883
104,1.081065347962963,0.8033642796296295,0.298102385,0.4629629629629629,16.0,187.63477060000878
105,1.1074941588425928,0.8033642796296295,0.29990156625,0.46759259259259256,17.0,189.32061940000858
106,1.1370380975925927,0.8033642796296295,0.32333439388888885,0.4537037037037036,18.0,191.08084220002638
107,1.0933459600000002,0.8033642796296295,0.3814941081481482,0.35185185185185175,18.0,197.99670620000688
108,1.0993641763888888,0.8033642796296295,0.3952901023148149,0.32407407407407396,19.0,199.3936997000128
109,1.1304315329166668,0.8033642796296295,0.3878389403240741,0.34259259259259245,20.0,199.7299090999877
110,1.130343855601852,0.8033642796296295,0.3877512630092593,0.34259259259259256,20.0,201.08002779999515
111,1.1362086992592593,0.8033642796296295,0.39676425481481487,0.3194444444444444,21.0,201.48413340002298
112,1.1181233702314817,0.8033642796296295,0.39867892578703706,0.31944444444444453,20.0,201.92449619999388
113,1.0944254092592594,0.8033642796296295,0.3996105944444444,0.3148148148148149,19.0,202.97041579999495
114,1.1121266756481485,0.8033642796296295,0.41120074972222215,0.30092592592592604,20.0,204.79911319998791
115,1.135106749814815,0.8033642796296295,0.4095511942592593,0.3055555555555556,21.0,206.126576700015
116,1.1395870468981484,0.8033642796296295,0.4542166765277777,0.24537037037037046,22.0,207.72434310003882
117,1.156966290601852,0.8033642796296295,0.4515959202314815,0.24537037037037035,23.0,208.84631200000877
118,1.167819615925926,0.8033642796296295,0.46559739370370373,0.2222222222222222,24.0,210.0796965000336
119,1.1504403722222225,0.8033642796296295,0.46821814999999994,0.22222222222222232,23.0,211.02100970002357
120,1.1721463295833336,0.8033642796296295,0.46992410736111107,0.22222222222222232,24.0,211.26679900003364
121,1.1915804300462964,0.8033642796296295,0.46935820782407406,0.22222222222222232,25.0,211.48683140001958
122,1.2654835028703708,0.8033642796296295,0.3904835028703703,0.3750000000000001,25.0,218.56903780001448
123,1.2422201258333336,0.8033642796296295,0.38259049620370367,0.37962962962962987,24.0,220.13530279998668
124,1.2254169977314817,0.8033642796296295,0.3811577384722222,0.3842592592592595,23.0,220.69912350003142
125,1.243458635462963,0.8033642796296295,0.3838290058333333,0.37962962962962987,24.0,221.23272550001275
126,1.243458635462963,0.8033642796296295,0.3838290058333333,0.37962962962962987,24.0,221.3180022999877
127,1.263458635462963,0.8033642796296295,0.3838290058333333,0.37962962962962987,25.0,224.83236490003765
128,1.280261763564815,0.8033642796296295,0.3852617635648148,0.3750000000000002,26.0,225.0475543999928
129,1.280261763564815,0.8033642796296295,0.3852617635648148,0.3750000000000002,26.0,225.1356866999995
130,1.210078704814815,0.8033642796296295,0.2747083344444444,0.49537037037037024,22.0,239.4277168000117
131,1.210078704814815,0.8033642796296295,0.2747083344444444,0.49537037037037024,22.0,239.64975869999034
132,1.210078704814815,0.8033642796296295,0.2747083344444444,0.49537037037037024,22.0,239.7282310000155
133,1.1912227616203706,0.8033642796296295,0.27585239125,0.49537037037037035,21.0,244.15851450001355
134,1.1912227616203706,0.8033642796296295,0.27585239125,0.49537037037037035,21.0,244.24548819998745
135,1.1912227616203706,0.8033642796296295,0.27585239125,0.49537037037037035,21.0,244.34093280002708
136,1.1917604787962965,0.8033642796296295,0.2980567750925926,0.45370370370370383,22.0,245.36422240000684
137,1.1724911681944445,0.8033642796296295,0.29878746449074073,0.45370370370370383,21.0,247.0237718000426
138,1.1540536116203706,0.8033642796296295,0.30034990791666666,0.45370370370370383,20.0,247.66314850002527
139,1.1359055504629632,0.8033642796296295,0.3022018467592593,0.4537037037037037,19.0,248.45461660000728
140,1.1359055504629632,0.8033642796296295,0.3022018467592593,0.4537037037037037,19.0,251.40894640004262
141,1.138137341666667,0.8033642796296295,0.29980400833333337,0.45833333333333337,19.0,253.2143858000054
142,1.1188835916203705,0.8033642796296295,0.3005502582870371,0.45833333333333337,18.0,253.4893497999874
143,1.0971910762962964,0.8033642796296295,0.3607095948148149,0.3564814814814814,19.0,255.8774962000316
144,1.0777570035185184,0.8033642796296295,0.36127552203703717,0.3564814814814815,18.0,257.17221819999395
145,1.0994495188425928,0.8033642796296295,0.30111618550925934,0.45833333333333337,17.0,257.892053699994
146,1.0787032443518518,0.8033642796296295,0.30036991101851857,0.45833333333333337,16.0,267.63850020000245
147,1.0597191388425926,0.8033642796296295,0.3013858055092593,0.45833333333333337,15.0,267.8845774999936
148,1.0597191388425926,0.8033642796296295,0.3013858055092593,0.45833333333333337,15.0,277.46638510003686
149,1.058915494212963,0.8033642796296295,0.3283599386574075,0.4305555555555556,15.0,281.47748960001627
150,1.058915494212963,0.8033642796296295,0.3283599386574075,0.4305555555555556,15.0,281.56765780004207
151,1.038915494212963,0.8033642796296295,0.3283599386574075,0.4305555555555556,14.0,284.1813628000091
152,1.038915494212963,0.8033642796296295,0.3283599386574075,0.4305555555555556,14.0,284.2764846000355
153,1.015507958101852,0.8033642796296295,0.32495240254629637,0.4305555555555556,13.0,285.7714244000381
154,1.0013616896296296,0.8033642796296295,0.3261765044444445,0.4351851851851851,12.0,286.7219189000316
155,1.0444953837962963,0.8033642796296295,0.24116205046296293,0.5833333333333334,11.0,300.04540480003925
156,1.0446683805092594,0.8033642796296295,0.2413350471759259,0.5833333333333334,11.0,301.2789967000135
157,1.0228167167129631,0.8033642796296295,0.2394833833796296,0.5833333333333334,10.0,302.27903100004187
158,1.04,0.8033642796296295,0.0,1.0,2.0,303.4921026999946
159,1.04,0.8033642796296295,0.0,1.0,2.0,308.82960220001405
160,1.05673372,0.8033642796296295,0.0013633496296296297,0.9953703703703703,3.0,309.7843162000063
161,1.04,0.8033642796296295,0.0,1.0,2.0,312.9289118000306
162,1.06,0.8033642796296295,0.0,1.0,3.0,316.6904039999936
163,1.08,0.8033642796296295,0.0,1.0,4.0,325.8881814000197
164,0.9997985638888889,0.8033642796296295,0.1220207861111111,0.7777777777777778,5.0,329.9549341000384
165,0.9880072345370371,0.8033642796296295,0.16430353083333332,0.7037037037037037,6.0,332.2861532000243
166,0.9920755356018519,0.8033642796296295,0.14985331337962962,0.7222222222222222,6.0,335.13430320000043
167,0.8723116467592593,0.8033642796296295,0.2878672023148148,0.4444444444444444,7.0,339.10400160000427
168,0.9920755356018519,0.8033642796296295,0.14985331337962962,0.7222222222222222,6.0,345.5694403999951
169,0.9928934451388889,0.8033642796296295,0.15067122291666668,0.7222222222222222,6.0,346.9940540000098
170,0.9846317664814815,0.8033642796296295,0.16870584055555554,0.6759259259259259,7.0,352.9924884000211
171,1.0116149497222222,0.8033642796296295,0.13087420898148147,0.7407407407407407,7.0,355.0575364000397
172,1.059120062037037,0.8033642796296295,0.09356450648148149,0.8055555555555556,8.0,357.2193375999923
173,0.9890228988425925,0.8033642796296295,0.1901340099537037,0.6388888888888888,8.0,366.16706100001466
174,0.9826639387037037,0.8033642796296295,0.22858986462962963,0.5740740740740741,9.0,367.6017257000203
175,0.9618460291666666,0.8033642796296295,0.2277719550925926,0.5740740740740741,8.0,377.180518600042
176,0.9644087874074074,0.8033642796296295,0.24737175037037037,0.537037037037037,9.0,379.1401970000006
177,0.8919385265740742,0.8033642796296295,0.4095311191666666,0.28240740740740744,10.0,384.9836326999939
178,0.9119385265740741,0.8033642796296295,0.4095311191666666,0.28240740740740744,11.0,387.24227119999705
179,0.9758626722222223,0.8033642796296295,0.2619737833333333,0.5138888888888888,10.0,394.5651443999959
180,0.9981998537500001,0.8033642796296295,0.2596813352314815,0.5185185185185185,11.0,394.88083159999223
181,0.9992434493981484,0.8033642796296295,0.23442863458333332,0.5648148148148148,10.0,399.4670732000377
182,1.017279267314815,0.8033642796296295,0.2509829710185185,0.5462962962962963,11.0,400.9600622000289
183,1.0343262593564815,0.8033642796296295,0.24802996306018518,0.5462962962962963,12.0,401.314436900022
184,1.0362904414398149,0.8033642796296295,0.23147562662499999,0.5648148148148148,12.0,403.00225700001465
185,1.0344596599583333,0.8033642796296295,0.23575595625462967,0.5787037037037037,11.0,406.92316410003696
186,1.035978943337963,0.8033642796296295,0.26820116556018525,0.5277777777777777,12.0,407.87837160000345
187,1.0132586807407409,0.8033642796296295,0.27011053259259266,0.5231481481481481,11.0,408.03992160002235
188,1.011739397361111,0.8033642796296295,0.23766532328703707,0.5740740740740741,10.0,413.3798606999917
189,1.065715854398148,0.8033642796296295,0.16201215069444444,0.7037037037037037,10.0,417.3462115000002
190,1.065715854398148,0.8033642796296295,0.16201215069444444,0.7037037037037037,10.0,419.530681800039
191,0.9598898167592592,0.8033642796296295,0.2041490760185185,0.6157407407407407,7.0,429.98327610001434
192,0.8813313840277778,0.8033642796296295,0.3231832358796296,0.39814814814814825,8.0,436.1388098000316
193,0.8996125585648147,0.8033642796296295,0.33998292893518517,0.37962962962962976,9.0,437.7267178000184
194,0.9013313840277779,0.8033642796296295,0.3231832358796296,0.39814814814814825,9.0,438.4702924999874
195,0.9013313840277779,0.8033642796296295,0.3231832358796296,0.39814814814814825,9.0,438.5684373000404
196,0.8994238937500001,0.8033642796296295,0.3305350048611111,0.38888888888888895,9.0,439.75351670000236
197,0.8872806178703704,0.8033642796296295,0.3152435808333333,0.4120370370370371,8.0,440.363553400035
198,0.9008181031944444,0.8033642796296295,0.31804032541666666,0.4027777777777778,9.0,440.99658879998606
199,0.9174406873148147,0.8033642796296295,0.31929253916666667,0.39814814814814814,10.0,441.5694322999916
200,0.9522491164351852,0.8033642796296295,0.28928615347222225,0.4629629629629629,10.0,445.9883755000192
201,0.9306888366203703,0.8033642796296295,0.292355503287037,0.45833333333333337,9.0,447.12890350003727
202,0.9150880635648146,0.8033642796296295,0.3400880635648148,0.375,10.0,450.76948449999327
203,0.9274357564814814,0.8033642796296295,0.3694727935185185,0.337962962962963,11.0,452.6594367999933
204,0.9074357564814814,0.8033642796296295,0.3694727935185185,0.337962962962963,10.0,453.23778720002156
205,0.9230365295370371,0.8033642796296295,0.32174023324074075,0.4212962962962964,9.0,454.9467668000143
206,0.9344383403703704,0.8033642796296295,0.3548087107407407,0.37962962962962965,10.0,455.61384569999063
207,0.9510609244907406,0.8033642796296295,0.3560609244907407,0.375,11.0,456.275891199999
208,0.9657395108333332,0.8033642796296295,0.35999877009259257,0.3657407407407407,12.0,457.0229516000254
209,0.982096082361111,0.8033642796296295,0.36098497124999995,0.36111111111111105,13.0,457.2564162000199
210,0.9657395108333332,0.8033642796296295,0.35999877009259257,0.3657407407407407,12.0,457.7697660000413
211,0.9838065107407407,0.8033642796296295,0.35806577,0.3657407407407407,13.0,458.93958420003764
212,0.950792364537037,0.8033642796296295,0.3450516237962963,0.3657407407407407,12.0,464.0264709999901
213,0.9452678987037036,0.8033642796296295,0.37971234314814817,0.3055555555555556,13.0,466.98995529999956
214,0.9643252577777778,0.8033642796296295,0.3617326651851852,0.34259259259259256,13.0,469.70890970004257
215,1.0391752883333334,0.8033642796296295,0.07343454759259259,0.8657407407407407,5.0,476.15825090004364
216,1.05625247875,0.8033642796296295,0.07514136763888889,0.8611111111111112,6.0,477.2422227000352
217,1.0471409364814814,0.8033642796296295,0.07991871425925925,0.8472222222222222,6.0,481.08921080001164
218,1.0671409364814815,0.8033642796296295,0.07991871425925925,0.8472222222222222,7.0,485.64250220003305
219,1.0237979692592591,0.8033642796296295,0.12453871,0.7592592592592593,7.0,489.4556665000273
220,0.9542513485185186,0.8033642796296295,0.17073283,0.6435185185185185,7.0,494.14770470000803
221,0.9742513485185186,0.8033642796296295,0.17073283,0.6435185185185185,8.0,503.64690470002824
222,0.8534595164814816,0.8033642796296295,0.2906817387037037,0.4027777777777778,8.0,509.8811757999938
223,0.9715196457407408,0.8033642796296295,0.18651964574074073,0.625,8.0,517.3023224000353
224,0.9723664254629629,0.8033642796296295,0.23218124027777778,0.5601851851851852,9.0,520.4554648000048
225,0.9805156718055554,0.8033642796296295,0.2388490051388889,0.5416666666666667,10.0,524.6490227000322
226,0.9872507058796295,0.8033642796296295,0.2579914466203704,0.5092592592592593,11.0,528.0877331999945
227,0.9791014595370369,0.8033642796296295,0.2513236817592593,0.5277777777777779,10.0,532.4105674999882
228,0.9864533952314813,0.8033642796296295,0.24478672856481482,0.5416666666666667,10.0,540.2348784999922
229,0.9888624308333334,0.8033642796296295,0.23645502342592592,0.5324074074074074,11.0,540.9981247000396
230,0.9962172519907406,0.8033642796296295,0.20362465939814814,0.5925925925925927,10.0,544.7537702000118
231,1.0519254496759258,0.8033642796296295,0.16674026449074072,0.6851851851851851,10.0,550.8147655000212
232,1.1183351110185185,0.8033642796296295,0.0896314073148148,0.8287037037037037,10.0,562.4331604000181
233,1.114622725324074,0.8033642796296295,0.09054865124999999,0.8240740740740741,10.0,563.5970105000306
234,1.134622725324074,0.8033642796296295,0.09054865124999999,0.8240740740740741,11.0,566.9268764000153
235,1.1530332334722222,0.8033642796296295,0.09821841865740741,0.8148148148148149,12.0,568.7722263000323
236,1.172016740138889,0.8033642796296295,0.09720192532407407,0.8148148148148149,13.0,569.1663862999994
237,1.1510538218981483,0.8033642796296295,0.134942710787037,0.7361111111111112,14.0,571.4100729000056
238,1.110687134675926,0.8033642796296295,0.06642787541666667,0.8842592592592593,8.0,581.4142839999986
239,1.1257853304166667,0.8033642796296295,0.06615570078703703,0.8796296296296297,9.0,581.9817042000359
240,1.1181844487962962,0.8033642796296295,0.05077704138888889,0.9074074074074074,8.0,596.2058993999963
241,1.0996997742129628,0.8033642796296295,0.05229236680555556,0.9074074074074074,7.0,596.4543237999897
242,1.0810977224074074,0.8033642796296295,0.08776438907407408,0.8333333333333334,8.0,597.8737231999985
243,1.055064453888889,0.8033642796296295,0.15284223166666666,0.7222222222222222,9.0,601.3572909000213
244,1.059247812361111,0.8033642796296295,0.16480336791666667,0.6944444444444444,10.0,603.5109683999908
245,1.0006499399074076,0.8033642796296295,0.1895388287962963,0.6111111111111112,10.0,606.1073522000224
246,1.0206499399074076,0.8033642796296295,0.1895388287962963,0.6111111111111112,11.0,616.0702135000029
247,1.0576954042592595,0.8033642796296295,0.15399170055555556,0.7037037037037037,10.0,627.6976443000021
248,1.0776954042592595,0.8033642796296295,0.15399170055555556,0.7037037037037037,11.0,629.1324042000342
249,1.0776954042592595,0.8033642796296295,0.15399170055555556,0.7037037037037037,11.0,629.2269170000218
250,1.0843787518981483,0.8033642796296295,0.16845282597222222,0.6759259259259259,12.0,629.5427526000421
251,1.0976954042592593,0.8033642796296295,0.15399170055555556,0.7037037037037037,12.0,630.534442800039
252,1.0825972085185185,0.8033642796296295,0.1542638751851852,0.7083333333333333,11.0,631.2743154999916
253,1.024317206157407,0.8033642796296295,0.2100579468981481,0.6342592592592593,9.0,643.347555299988
254,1.0247699352777775,0.8033642796296295,0.21051067601851847,0.6342592592592593,9.0,644.8913434999995
255,1.042114994444444,0.8033642796296295,0.21248536481481478,0.6296296296296295,10.0,645.6295064000296
256,1.042114994444444,0.8033642796296295,0.21248536481481478,0.6296296296296295,10.0,647.3561086000409
257,1.0621149944444441,0.8033642796296295,0.21248536481481478,0.6296296296296295,11.0,649.5215657000081
258,1.0611265068055553,0.8033642796296295,0.21149687717592588,0.6296296296296295,11.0,649.7720255000168
259,1.0411265068055553,0.8033642796296295,0.21149687717592588,0.6296296296296295,10.0,650.3516115000239
260,1.0584893819907406,0.8033642796296295,0.21811901162037034,0.6203703703703702,11.0,650.5960639000405
261,0.9397505541666666,0.8033642796296295,0.3323431467592593,0.40740740740740744,10.0,662.070350199996
262,0.9554578400462962,0.8033642796296295,0.33268006226851854,0.4027777777777778,11.0,662.3148046000279
263,0.9728028992129629,0.8033642796296295,0.33465475106481485,0.39814814814814814,12.0,662.6813679999905
264,0.9554578400462962,0.8033642796296295,0.33268006226851854,0.4027777777777778,11.0,662.949972100032
265,0.9745087600925926,0.8033642796296295,0.33173098231481485,0.4027777777777778,12.0,675.4310583000188
266,0.9442805636574073,0.8033642796296295,0.33539167476851856,0.38888888888888884,11.0,676.8872020000126
267,0.9225180552777779,0.8033642796296295,0.3336291663888889,0.38888888888888884,10.0,677.6136407000013
268,0.919164531851852,0.8033642796296295,0.3349052725925926,0.3842592592592592,10.0,678.6305663000094
269,0.8302738881481482,0.8033642796296295,0.4743479622222222,0.17592592592592582,9.0,694.360387600027
270,0.8473606937037037,0.8033642796296295,0.47606439740740736,0.17129629629629617,10.0,694.6090600999887
271,0.8473606937037037,0.8033642796296295,0.47606439740740736,0.17129629629629617,10.0,694.7246089000255
272,0.8521730196759261,0.8033642796296295,0.47624709374999996,0.17592592592592582,10.0,695.3988450000179
273,0.8712966224074074,0.8033642796296295,0.4800003261111111,0.17129629629629617,11.0,695.642339300015
274,0.8712966224074074,0.8033642796296295,0.4800003261111111,0.17129629629629617,11.0,695.7591251000413
275,0.8712966224074074,0.8033642796296295,0.4800003261111111,0.17129629629629617,11.0,695.8725785000133
276,0.8464856077314817,0.8033642796296295,0.4798189410648148,0.16666666666666652,10.0,696.731719500036
277,0.8619765362037038,0.8033642796296295,0.48456912879629627,0.15740740740740722,11.0,696.9976283999858
278,0.845633911064815,0.8033642796296295,0.47896724439814814,0.16666666666666652,10.0,697.8143868999905
279,0.8636755487962965,0.8033642796296295,0.48163851175925926,0.16203703703703687,11.0,698.0762766000116
280,0.845658887314815,0.8033642796296295,0.48362185027777777,0.16203703703703687,10.0,700.2832562000258
281,0.845658887314815,0.8033642796296295,0.48362185027777777,0.16203703703703687,10.0,700.5358851000201
282,0.845658887314815,0.8033642796296295,0.48362185027777777,0.16203703703703687,10.0,700.657815899991
283,0.845658887314815,0.8033642796296295,0.48362185027777777,0.16203703703703687,10.0,700.7754460999859
284,0.845658887314815,0.8033642796296295,0.48362185027777777,0.16203703703703687,10.0,700.8951474000351
285,0.845658887314815,0.8033642796296295,0.48362185027777777,0.16203703703703687,10.0,701.1431183000095
286,0.8329690260185185,0.8033642796296295,0.47704310009259254,0.17592592592592582,9.0,701.6134011000395
287,0.8484599544907407,0.8033642796296295,0.481793287824074,0.16666666666666652,10.0,701.8822829000419
288,0.8280100975462963,0.8033642796296295,0.48134343087962955,0.16666666666666652,9.0,702.0572667000233
289,0.8446326816666665,0.8033642796296295,0.48259564462962956,0.16203703703703687,10.0,702.3866007000324
290,1.0812192373611111,0.8033642796296295,0.10344145958333334,0.7777777777777778,10.0,711.2828917999868
291,0.8499540953240741,0.8033642796296295,0.4786577990277777,0.17129629629629617,10.0,711.7172249000287
292,0.8335975237962963,0.8033642796296295,0.47767159787037033,0.17592592592592582,9.0,712.5713636000291
293,0.8584575174074074,0.8033642796296295,0.44549455444444436,0.2129629629629629,10.0,717.9200475999969
294,0.8756227578703702,0.8033642796296295,0.4519190541666666,0.2037037037037036,11.0,718.1445707000094
295,0.8756227578703702,0.8033642796296295,0.4519190541666666,0.2037037037037036,11.0,718.3683082000352
296,1.0276096241203705,0.8033642796296295,0.21186888337962967,0.6157407407407407,10.0,729.4403905000072
297,1.0276096241203705,0.8033642796296295,0.21186888337962967,0.6157407407407407,10.0,733.9386511000339
298,0.9817022647685186,0.8033642796296295,0.40059115365740744,0.36111111111111105,11.0,738.3742555000354
299,1.000571322962963,0.8033642796296295,0.3994602118518518,0.36111111111111105,12.0,738.8711883000215
300,0.9832646890740742,0.8033642796296295,0.40215357796296297,0.36111111111111105,11.0,743.8687355000293
301,1.0000868389351854,0.8033642796296295,0.4036053574537037,0.3564814814814814,12.0,746.1458456999972
302,1.06,0.8033642796296295,0.0,1.0,3.0,748.0293156999978
303,1.06,0.8033642796296295,0.0,1.0,3.0,748.1127856000094
304,1.04,0.8033642796296295,0.0,1.0,2.0,749.2648438999895
305,1.04,0.8033642796296295,0.0,1.0,2.0,761.1852062999969
306,0.9699482811574074,0.8033642796296295,0.13680013300925928,0.7731481481481481,3.0,768.150778900017
307,1.04,0.8033642796296295,0.0,1.0,2.0,773.7277548999991
308,1.04,0.8033642796296295,0.0,1.0,2.0,778.219983500021
309,1.0142962401851852,0.8033642796296295,0.029851795740740743,0.9444444444444444,2.0,780.398521199997
310,1.0342962401851852,0.8033642796296295,0.029851795740740743,0.9444444444444444,3.0,786.742198300024
311,1.0342962401851852,0.8033642796296295,0.029851795740740743,0.9444444444444444,3.0,799.5562448000419
312,1.0542962401851852,0.8033642796296295,0.029851795740740743,0.9444444444444444,4.0,808.6530617999961
313,1.0489985519907405,0.8033642796296295,0.03381336680555556,0.9351851851851852,4.0,811.123683999991
314,1.0636291772685185,0.8033642796296295,0.025295843935185185,0.9583333333333334,4.0,816.0401033000089
315,1.0522645562962962,0.8033642796296295,0.058746037777777774,0.8935185185185185,5.0,819.018366000033
316,1.0178588326388889,0.8033642796296295,0.14785883263888888,0.75,6.0,821.2741772999871
317,1.0324766790277777,0.8033642796296295,0.1471063086574074,0.7453703703703703,7.0,821.7025146000087
318,1.0524766790277778,0.8033642796296295,0.1471063086574074,0.7453703703703703,8.0,833.2115672000218
319,0.9377708800462963,0.8033642796296295,0.34573384300925925,0.4120370370370371,9.0,842.2708735000342
320,0.9577708800462963,0.8033642796296295,0.34573384300925925,0.4120370370370371,10.0,847.528952600027
321,0.9551656930555554,0.8033642796296295,0.3353508782407408,0.4398148148148149,9.0,851.2603188999929
322,0.9481915977314814,0.8033642796296295,0.3639323384722222,0.3842592592592593,10.0,855.027615900035
323,0.9551656930555554,0.8033642796296295,0.3353508782407408,0.4398148148148149,9.0,859.9483052000287
324,0.9970494057407406,0.8033642796296295,0.27853088722222225,0.5185185185185186,10.0,863.7930715000257
325,0.9965671293518517,0.8033642796296295,0.25175231453703706,0.5648148148148149,9.0,867.4752742000273
326,1.0124587541203702,0.8033642796296295,0.2569031985648148,0.5555555555555556,10.0,868.9168782000197
327,0.9690026799537037,0.8033642796296295,0.3277063836574074,0.4212962962962963,11.0,872.9400590999867
328,0.9656742820833333,0.8033642796296295,0.3599335413425926,0.3657407407407408,12.0,873.7733768000035
329,0.9841410878240742,0.8033642796296295,0.36302997671296294,0.36111111111111116,13.0,875.2194300999981
330,0.9951573166203704,0.8033642796296295,0.38182398328703704,0.33333333333333337,14.0,876.134718300018
331,0.9423509861111112,0.8033642796296295,0.4664250601851852,0.17592592592592593,15.0,878.2222658999963
332,0.9218986373611111,0.8033642796296295,0.44597271143518513,0.17592592592592582,15.0,889.298970600008
333,0.9196883255555555,0.8033642796296295,0.43913276999999995,0.18055555555555558,15.0,890.4974579000263
334,0.9014399055555555,0.8033642796296295,0.43625472037037033,0.18518518518518512,14.0,893.9764308999875
335,0.8929839847685186,0.8033642796296295,0.4092802810648148,0.20370370370370372,14.0,899.2040328000439
336,0.8745171790277778,0.8033642796296295,0.4061838456944444,0.20833333333333337,13.0,900.6541244999971
337,0.8621096444444445,0.8033642796296295,0.4137763111111111,0.20833333333333337,12.0,901.1303467000253
338,0.8821096444444445,0.8033642796296295,0.4137763111111111,0.20833333333333337,13.0,902.692154599994
339,0.8279330675925927,0.8033642796296295,0.3545997342592592,0.33333333333333326,7.0,916.4073305000202
340,1.0088638491666666,0.8033642796296295,0.15738236768518515,0.7314814814814814,6.0,921.5472519000177
341,0.8479330675925927,0.8033642796296295,0.3545997342592592,0.33333333333333326,8.0,925.2048158000107
342,0.8652872392129629,0.8033642796296295,0.37047242439814815,0.3148148148148149,9.0,927.1930633999873
343,0.8958796344444444,0.8033642796296295,0.3856944492592593,0.3101851851851851,10.0,929.7727045000065
344,1.0740368955092594,0.8033642796296295,0.020333191805555557,0.9537037037037037,5.0,931.7487880000263
345,1.0168467819907407,0.8033642796296295,0.10518011532407406,0.7916666666666667,6.0,941.8117213000078
346,0.9608422850925926,0.8033642796296295,0.22362006287037034,0.5972222222222221,7.0,954.8637501000194
347,0.923185347175926,0.8033642796296295,0.2955927545833334,0.46759259259259256,8.0,962.1951970999944
348,0.9416521529166666,0.8033642796296295,0.29868918995370375,0.4629629629629629,9.0,968.4684501999873
349,0.9335563378240741,0.8033642796296295,0.20559337486111112,0.587962962962963,7.0,985.0890773000428
350,0.97223160875,0.8033642796296295,0.17945383097222223,0.6527777777777778,7.0,989.65119340003
351,0.8892197481481483,0.8033642796296295,0.27551604444444444,0.4537037037037037,8.0,995.7260157000273
352,0.97223160875,0.8033642796296295,0.17945383097222223,0.6527777777777778,7.0,999.0573154999875
353,0.9808536346296297,0.8033642796296295,0.191224005,0.6296296296296297,8.0,1000.2004293000209
354,0.9701467333796296,0.8033642796296295,0.14644302967592593,0.7037037037037037,6.0,1005.7826443000231
355,0.8880441604166668,0.8033642796296295,0.24341453078703706,0.5046296296296297,7.0,1009.5691195999971
356,0.9701467333796296,0.8033642796296295,0.14644302967592593,0.7037037037037037,6.0,1012.9972941000015
357,1.0129284793518518,0.8033642796296295,0.1738544052777778,0.6990740740740741,7.0,1017.1788965000305
358,0.9386988968055556,0.8033642796296295,0.27869889680555554,0.5,8.0,1021.2977953000227
359,0.8959171508333335,0.8033642796296295,0.25128752120370373,0.5046296296296297,7.0,1023.6695035999874
360,0.8959171508333335,0.8033642796296295,0.25128752120370373,0.5046296296296297,7.0,1029.6779755000025
361,0.9701467333796296,0.8033642796296295,0.14644302967592593,0.7037037037037037,6.0,1032.985793000029
362,0.9526235289351852,0.8033642796296295,0.20151241782407409,0.6111111111111112,7.0,1036.8410552000278
363,0.9701467333796296,0.8033642796296295,0.14644302967592593,0.7037037037037037,6.0,1041.9634366999962
364,0.9713669888425926,0.8033642796296295,0.1739595814351852,0.6574074074074074,7.0,1046.6323316000053
365,0.906856591712963,0.8033642796296295,0.26222696208333335,0.5046296296296297,7.0,1049.6413913000142
366,0.9886136730092592,0.8033642796296295,0.20509515449074073,0.6435185185185185,7.0,1057.4070190000348
367,0.9706985483796298,0.8033642796296295,0.23810595578703705,0.5925925925925926,7.0,1063.016060199996
368,1.0339886900462962,0.8033642796296295,0.12232202337962964,0.7916666666666666,6.0,1066.7900628999923
369,0.9767009447222222,0.8033642796296295,0.18077501879629632,0.6759259259259259,6.0,1080.155273500015
370,0.9724784085185184,0.8033642796296295,0.19507100111111114,0.6574074074074074,6.0,1086.0621874000062
371,0.9924784085185184,0.8033642796296295,0.19507100111111114,0.6574074074074074,7.0,1090.2386006999877
372,0.9588854866203703,0.8033642796296295,0.23555215328703705,0.5833333333333333,7.0,1095.487162000034
373,0.9598484726388888,0.8033642796296295,0.2628114356018519,0.537037037037037,8.0,1099.4365230000112
374,0.9899620409722222,0.8033642796296295,0.20181389282407408,0.6481481481481481,7.0,1100.1354441000149
375,0.9464473947222222,0.8033642796296295,0.2818177650925926,0.5046296296296297,8.0,1103.1092633000226
376,0.9563445655092593,0.8033642796296295,0.2902334543981481,0.48611111111111116,9.0,1107.2630811000126
377,0.9452818853240741,0.8033642796296295,0.279170774212963,0.48611111111111116,9.0,1109.9708862000261
378,0.9452818853240741,0.8033642796296295,0.279170774212963,0.48611111111111116,9.0,1117.0558600000222
379,0.9683683243518519,0.8033642796296295,0.28225721324074077,0.48611111111111116,10.0,1119.1205024000374
380,0.9158002797222222,0.8033642796296295,0.4333928723148148,0.28240740740740744,10.0,1123.2589007000206
381,0.9358002797222222,0.8033642796296295,0.4333928723148148,0.28240740740740744,11.0,1127.8972345000366
382,1.0287116736574073,0.8033642796296295,0.32723019217592597,0.4814814814814814,11.0,1133.1581738000386
383,1.0188145028703703,0.8033642796296295,0.3188145028703704,0.5,10.0,1137.3455177000142
384,1.036613052361111,0.8033642796296295,0.32124268199074074,0.49537037037037046,11.0,1140.343220400042
385,1.0206218703703702,0.8033642796296295,0.3252515,0.49537037037037035,10.0,1141.6169215000118
386,0.8791356568981481,0.8033642796296295,0.4320986198611111,0.287037037037037,8.0,1166.1158615000313
387,0.8651442517129629,0.8033642796296295,0.43347758504629624,0.29166666666666674,7.0,1166.810469900025
388,0.8496444940277778,0.8033642796296295,0.5368667162499999,0.1527777777777779,8.0,1169.2850240000407
389,0.8481716125925925,0.8033642796296295,0.5276160570370371,0.1805555555555557,7.0,1171.0928203000221
390,0.8522711726851853,0.8033642796296295,0.5394933949074074,0.1527777777777779,8.0,1172.8412731999997
391,0.8379274846759259,0.8033642796296295,0.5607052624537037,0.09722222222222243,9.0,1173.4699953999952
392,0.8609010365740739,0.8033642796296295,0.5544195550925926,0.10648148148148151,10.0,1173.8278155000298
393,1.0041298331018518,0.8033642796296295,0.16357427754629633,0.6805555555555556,8.0,1192.746282600041
394,0.8618717366203703,0.8033642796296295,0.5476124773611112,0.1342592592592594,9.0,1193.9494348000153
395,0.8708369130092593,0.8033642796296295,0.5750961722685185,0.11574074074074081,9.0,1206.873264599999
396,0.8478633611111112,0.8033642796296295,0.5813818796296296,0.10648148148148173,8.0,1207.120504099992
397,0.8742510723148149,0.8033642796296295,0.5738807019444445,0.12037037037037057,9.0,1207.4300856000045
398,0.8887620565277778,0.8033642796296295,0.5822805750462964,0.10648148148148151,10.0,1207.672211600002
399,0.9083703156944445,0.8033642796296295,0.581888834212963,0.10648148148148151,11.0,1208.0145513000316
400,0.9268832540277778,0.8033642796296295,0.5804017725462963,0.10648148148148151,12.0,1215.4359602000332
401,0.9051664362962963,0.8033642796296295,0.5833145844444445,0.10185185185185197,11.0,1215.7846945000347
402,0.9245038200925926,0.8033642796296295,0.5826519682407407,0.10185185185185175,12.0,1217.2083627000102
403,0.9413069481944445,0.8033642796296295,0.5840847259722223,0.09722222222222221,13.0,1217.4506115000113
404,0.9413069481944445,0.8033642796296295,0.5840847259722223,0.09722222222222221,13.0,1217.6839282999863
405,0.9413069481944445,0.8033642796296295,0.5840847259722223,0.09722222222222221,13.0,1217.896206400008
406,0.9412831310185185,0.8033642796296295,0.5840609087962962,0.09722222222222221,13.0,1218.4045626000152
407,0.9260736528240742,0.8033642796296295,0.5842218009722223,0.10185185185185197,12.0,1219.759366800019
408,0.9948467320833334,0.8033642796296295,0.38910599134259255,0.3657407407407408,12.0,1227.3685892000212
409,0.9767397005092593,0.8033642796296295,0.3863693301388889,0.37037037037037046,11.0,1228.5785040000337
410,0.97748436875,0.8033642796296295,0.38248436874999997,0.375,11.0,1229.6769923000247
411,0.99748436875,0.8033642796296295,0.38248436874999997,0.375,12.0,1233.3831336000003
412,0.99748436875,0.8033642796296295,0.38248436874999997,0.375,12.0,1233.4876627000049
413,1.0198310745833334,0.8033642796296295,0.429460704212963,0.37037037037037057,11.0,1251.0639320000191
414,1.0536857528240742,0.8033642796296295,0.3027598268981482,0.5509259259259259,10.0,1257.0100784000242
415,1.0368634021296297,0.8033642796296295,0.34464117990740745,0.4722222222222222,11.0,1259.2270601000055
416,1.0494971987962964,0.8033642796296295,0.29560830990740744,0.5138888888888888,12.0,1261.5436066000257
417,1.0492385875925925,0.8033642796296295,0.29997932833333335,0.5092592592592593,12.0,1263.9060716000386
418,1.0567332818518518,0.8033642796296295,0.38006661518518525,0.41666666666666674,13.0,1267.1231719999923
419,1.0576064590740741,0.8033642796296295,0.39797682944444446,0.37962962962962976,14.0,1268.6057131999987
420,1.0927306455555557,0.8033642796296295,0.33884175666666666,0.513888888888889,12.0,1278.5442424000357
421,0.9831453528703704,0.8033642796296295,0.44999720472222227,0.27314814814814814,13.0,1285.0273595000035
422,1.0009130794907408,0.8033642796296295,0.4523945609722223,0.2685185185185185,14.0,1286.0977602000348
423,1.012994002546296,0.8033642796296295,0.3641051136574075,0.38888888888888895,13.0,1291.7475270000286
424,1.0303620017592592,0.8033642796296295,0.37536200175925927,0.375,14.0,1292.0115738000022
425,1.0409672005555555,0.8033642796296295,0.3705968301851852,0.37037037037037035,15.0,1293.425235600036
426,1.0526931019444443,0.8033642796296295,0.17528569453703702,0.6574074074074074,11.0,1310.3584401000408
427,1.0406070965277776,0.8033642796296295,0.18319968912037035,0.6574074074074074,10.0,1311.8753294000053
428,1.0504570074074073,0.8033642796296295,0.20082737777777776,0.6296296296296297,11.0,1317.3418384999968
429,1.0576947664814815,0.8033642796296295,0.21584291462962962,0.6018518518518519,12.0,1321.990696599998
430,1.058710685324074,0.8033642796296295,0.21685883347222223,0.6018518518518519,12.0,1325.9964350000373
431,1.067554497962963,0.8033642796296295,0.2473693127777778,0.5601851851851852,13.0,1328.1112102000043
432,1.0664171036574075,0.8033642796296295,0.2725282147685185,0.513888888888889,14.0,1331.9584928000113
433,1.0813981386111111,0.8033642796296295,0.2860277682407407,0.49537037037037046,15.0,1335.5735167000093
434,1.0947721241203705,0.8033642796296295,0.2531054574537037,0.5416666666666667,15.0,1336.8051858000108
435,1.1147721241203705,0.8033642796296295,0.2531054574537037,0.5416666666666667,16.0,1341.2541853000293
436,1.130909517685185,0.8033642796296295,0.2585021102777778,0.5324074074074074,17.0,1345.7966546000098
437,1.12437523625,0.8033642796296295,0.26122708810185186,0.5231481481481481,17.0,1346.4236845000414
438,1.1351235616666666,0.8033642796296295,0.27049393203703703,0.5046296296296297,18.0,1350.2931017000228
439,1.1110920952777779,0.8033642796296295,0.2710920952777777,0.5,17.0,1352.8921520999866
440,1.1295377072222221,0.8033642796296295,0.27879696648148145,0.4907407407407407,18.0,1353.7895735999919
441,1.1095377072222223,0.8033642796296295,0.27879696648148145,0.4907407407407407,17.0,1357.6421978000435
442,1.0451022037962963,0.8033642796296295,0.36565775935185174,0.3194444444444444,18.0,1362.7883382000146
443,1.045027940601852,0.8033642796296295,0.3655834961574073,0.3194444444444444,18.0,1363.19467669999
444,1.1094634440277777,0.8033642796296295,0.278722703287037,0.4907407407407407,17.0,1366.8525586000178
445,1.062417459537037,0.8033642796296295,0.36760264472222215,0.31481481481481477,19.0,1367.674180400034
446,1.0462800659722222,0.8033642796296295,0.3622059918981481,0.32407407407407407,18.0,1374.2515352999908
447,1.028890547037037,0.8033642796296295,0.3601868433333333,0.3287037037037037,17.0,1375.2478379000095
448,1.0391025544907406,0.8033642796296295,0.37817662856481477,0.30092592592592593,18.0,1375.8160059000365
449,1.0192525405092594,0.8033642796296295,0.35517846643518514,0.32407407407407407,17.0,1379.453522099997
450,1.0373950780555556,0.8033642796296295,0.3672098928703703,0.31018518518518523,18.0,1379.9398170000059
451,1.0374303687037036,0.8033642796296295,0.35798592425925924,0.3194444444444444,18.0,1381.0031763000297
452,1.0291022002777779,0.8033642796296295,0.37280590398148145,0.2962962962962963,18.0,1384.6107949000434
453,1.0443355094444444,0.8033642796296295,0.3865577316666666,0.2777777777777777,19.0,1385.4779877000256
454,1.0237748343981483,0.8033642796296295,0.38599705662037037,0.2777777777777777,18.0,1391.9295595000149
455,1.038755869351852,0.8033642796296295,0.3994966100925926,0.2592592592592593,19.0,1396.1507281000377
456,1.0980226874537038,0.8033642796296295,0.2904300948611111,0.46759259259259256,17.0,1400.0509380000294
457,1.005796747037037,0.8033642796296295,0.38801896925925927,0.2777777777777777,17.0,1402.2607321999967
458,1.005796747037037,0.8033642796296295,0.38801896925925927,0.2777777777777777,17.0,1402.4086243000347
459,0.9975430691203704,0.8033642796296295,0.3719875135648148,0.3055555555555556,16.0,1406.695436000009
460,1.011847273287037,0.8033642796296295,0.39092134736111106,0.3009259259259258,16.0,1412.4325161000015
461,1.034138865648148,0.8033642796296295,0.38395368046296297,0.3101851851851851,17.0,1413.9301168000093
462,1.0239268581944443,0.8033642796296295,0.36596389523148143,0.3379629629629629,16.0,1414.7794820000418
463,1.0049869479166667,0.8033642796296295,0.3670239849537037,0.3379629629629629,15.0,1416.2195912000025
464,1.0249869479166667,0.8033642796296295,0.3670239849537037,0.3379629629629629,16.0,1421.6710579000064
465,1.0897764762037037,0.8033642796296295,0.34996166138888896,0.43981481481481477,15.0,1432.054027300037
466,0.9866697137962963,0.8033642796296295,0.47370675083333336,0.2129629629629629,15.0,1438.0349580000038
467,1.0268061006018518,0.8033642796296295,0.3595838783796296,0.3472222222222222,16.0,1441.7472749000299
468,0.9646273096759259,0.8033642796296295,0.48092360597222217,0.2037037037037036,14.0,1444.2560202000313
469,0.9550919492129629,0.8033642796296295,0.4806475047685185,0.19444444444444442,14.0,1446.0346485000337
470,0.9735375611574073,0.8033642796296295,0.48835237597222225,0.18518518518518512,15.0,1446.920491900004
471,0.951998660787037,0.8033642796296295,0.47755421634259254,0.19444444444444442,14.0,1448.0688452000031
472,0.9664005148148147,0.8033642796296295,0.47658569999999995,0.18981481481481477,15.0,1449.0902394999866
473,0.9522496852777778,0.8033642796296295,0.4639163519444444,0.20833333333333326,14.0,1450.096478499996
474,0.9606306341203703,0.8033642796296295,0.5171121156018519,0.14351851851851838,15.0,1451.922422200034
475,0.9778747520833333,0.8033642796296295,0.5328747520833333,0.12499999999999989,16.0,1453.2087616000208
476,0.9694938032407407,0.8033642796296295,0.4796789884259259,0.18981481481481477,15.0,1454.7205159000005
477,0.9588900374537037,0.8033642796296295,0.40889003745370367,0.2499999999999999,15.0,1458.2991726000328
478,0.9444881834259259,0.8033642796296295,0.4098585537962963,0.25462962962962954,14.0,1459.360601500026
479,0.9536298219907406,0.8033642796296295,0.4221483405092593,0.2314814814814814,15.0,1462.058691299986
480,0.9727911334722221,0.8033642796296295,0.4259392816203704,0.22685185185185186,16.0,1462.3737513000378
481,0.950499541111111,0.8033642796296295,0.4329069485185185,0.21759259259259256,15.0,1464.0729709999869
482,0.9690417619444445,0.8033642796296295,0.43144916935185185,0.21759259259259256,16.0,1464.5260429999908
483,0.9736996048611111,0.8033642796296295,0.43147738263888885,0.2222222222222221,16.0,1466.970137700031
484,0.9880932630092591,0.8033642796296295,0.4860562259722222,0.16203703703703698,17.0,1469.0932953000301
485,1.0018991699074073,0.8033642796296295,0.4983806513888889,0.1435185185185186,18.0,1470.8079902000027
486,1.0185966170833334,0.8033642796296295,0.4997077281944444,0.13888888888888884,19.0,1471.7973173999926
487,1.0001625174074076,0.8033642796296295,0.5012736285185185,0.13888888888888884,18.0,1472.8214923000196
488,1.0176728843055556,0.8033642796296295,0.49415436578703703,0.1435185185185186,19.0,1473.388780600042
489,0.9805371127314815,0.8033642796296295,0.3672037793981481,0.33333333333333326,14.0,1476.1464038999984
490,1.0015198448611111,0.8033642796296295,0.329482807824074,0.412037037037037,13.0,1477.7872158000246
491,1.0060056918518518,0.8033642796296295,0.3417464325925925,0.3842592592592593,14.0,1479.9374891000334
492,1.0251255972685185,0.8033642796296295,0.34549596763888885,0.37962962962962954,15.0,1480.2330658000428
493,1.0445745905555557,0.8033642796296295,0.3495745905555555,0.375,16.0,1480.4611204999965
494,1.0445976247685187,0.8033642796296295,0.34496799513888887,0.37962962962962954,16.0,1483.5296382000088
495,1.0445976247685187,0.8033642796296295,0.34496799513888887,0.37962962962962954,16.0,1483.6199612999917
496,1.0445976247685187,0.8033642796296295,0.34496799513888887,0.37962962962962954,16.0,1484.131519699993
497,1.043485038564815,0.8033642796296295,0.3345961496759259,0.38888888888888884,16.0,1485.1322698000004
498,1.0685490433796296,0.8033642796296295,0.33503052486111107,0.3935185185185186,17.0,1487.3974090000265
499,1.048725166388889,0.8033642796296295,0.33520664787037036,0.3935185185185186,16.0,1487.9912448000396
500,1.0783768428703704,0.8033642796296295,0.35245091694444447,0.42592592592592604,15.0,1501.5094240999897
501,1.0474201906018519,0.8033642796296295,0.361494264675926,0.42592592592592604,13.0,1503.0956508000381
502,1.0562554708796297,0.8033642796296295,0.3734776931018519,0.4027777777777778,14.0,1506.2020607999875
503,1.0748224090277778,0.8033642796296295,0.3766742608796297,0.39814814814814825,15.0,1506.4254526000004
504,1.054822409027778,0.8033642796296295,0.3766742608796297,0.39814814814814825,14.0,1509.4736692000297
505,1.054822409027778,0.8033642796296295,0.3766742608796297,0.39814814814814825,14.0,1509.7047584000393
506,1.0742714023148148,0.8033642796296295,0.38075288379629635,0.3935185185185186,15.0,1509.92405890004
507,1.1551678388888889,0.8033642796296295,0.16979746851851854,0.7453703703703705,12.0,2139.3210042000283
508,0.8415745832407407,0.8033642796296295,0.3806486573148148,0.30092592592592593,8.0,2154.2954606999992
509,0.8231510951851851,0.8033642796296295,0.38222516925925926,0.30092592592592593,7.0,2155.0689580999897
510,1.0639384034722221,0.8033642796296295,0.133753218287037,0.8101851851851851,6.0,2164.9272573000053
511,0.8177170292592593,0.8033642796296295,0.3906799922222222,0.287037037037037,7.0,2168.391835800023
512,0.873286484074074,0.8033642796296295,0.25328648407407406,0.5,6.0,2174.1939229000127
513,0.8221124097685185,0.8033642796296295,0.33174203939814817,0.37037037037037035,6.0,2184.175369100005
514,0.8092630073148149,0.8033642796296295,0.39611485916666667,0.27314814814814814,7.0,2187.9297315999866
515,0.7702594061574074,0.7702594061574074,0.45433348023148146,0.17592592592592582,7.0,2192.6175119000254
516,0.7799411464814815,0.7702594061574074,0.46253373907407414,0.15740740740740733,8.0,2193.1056514999946
517,0.8132988897222222,0.7702594061574074,0.48052111194444447,0.1527777777777778,9.0,2194.25213040004
518,0.8166057935648148,0.7702594061574074,0.5008650528240741,0.1157407407407407,10.0,2195.1336816000403
519,0.8395829994444445,0.7702594061574074,0.5038422587037037,0.1157407407407407,11.0,2201.3214413000387
520,0.8465943552777777,0.7702594061574074,0.4752980589814815,0.17129629629629628,10.0,2202.3597081000335
521,0.8132366120370371,0.7702594061574074,0.45731068611111114,0.17592592592592582,9.0,2203.7985435000155
522,0.8300462619444444,0.7702594061574074,0.4587499656481482,0.17129629629629628,10.0,2204.6019230000093
523,0.8364961503703704,0.7702594061574074,0.4729776318518518,0.1435185185185186,11.0,2204.9322178
524,0.8661818168055556,0.7702594061574074,0.42710774273148144,0.19907407407407396,12.0,2207.243488500011
525,0.8699697002314816,0.7702594061574074,0.3349697002314815,0.375,8.0,2215.979188600031
526,0.9300521451851853,0.7702594061574074,0.2715336266666667,0.5185185185185185,7.0,2228.0342970000347
527,0.9515886619907408,0.7702594061574074,0.2945516249537037,0.5370370370370371,6.0,2234.881909799995
528,0.8967735119907406,0.7702594061574074,0.3291809193981481,0.46759259259259256,5.0,2250.3299146000063
529,0.9747136910185185,0.7702594061574074,0.24045443175925926,0.6342592592592593,5.0,2262.588766300003
530,0.9110929230092591,0.7702594061574074,0.34664847856481473,0.4444444444444444,6.0,2264.756029799988
531,0.9881062590277777,0.7702594061574074,0.23069885162037035,0.6574074074074074,5.0,2271.6678730000276
532,0.9925661919907408,0.7702594061574074,0.24293656236111108,0.6296296296296295,6.0,2277.411906399997
533,0.973734283287037,0.7702594061574074,0.24410465365740736,0.6296296296296297,5.0,2277.633322000038
534,1.0546449558333333,0.7702594061574074,0.020941252129629627,0.9537037037037037,4.0,2286.7858126999927
535,0.9059721480092592,0.7702594061574074,0.33689807393518517,0.44907407407407407,6.0,2291.683855600015
536,0.9259721480092591,0.7702594061574074,0.33689807393518517,0.44907407407407407,7.0,2292.7119565000175
537,0.92852707125,0.7702594061574074,0.36574929347222224,0.4027777777777778,8.0,2297.4497892000363
538,0.9429589359722221,0.7702594061574074,0.3694404174537037,0.3935185185185185,9.0,2298.3366141000297
539,0.9393880631481479,0.7702594061574074,0.4153139890740741,0.32407407407407407,10.0,2302.8571672000107
540,0.9332411250462961,0.7702594061574074,0.4586114954166666,0.25462962962962954,11.0,2305.7194180000224
541,0.959388063148148,0.7702594061574074,0.4153139890740741,0.32407407407407407,11.0,2308.9977389000123
542,0.9933285042129629,0.7702594061574074,0.3549951708796296,0.45833333333333337,9.0,2314.6105809000437
543,0.9876999690185185,0.7702594061574074,0.471218487537037,0.3564814814814814,8.0,2326.804567700019
544,1.0021098994907407,0.7702594061574074,0.4795173068981481,0.34259259259259256,9.0,2327.316377900017
545,1.0752551263425927,0.7702594061574074,0.05710697819444445,0.8981481481481481,6.0,2335.953099300037
546,1.06,0.7702594061574074,0.0,1.0,3.0,2340.095123200037
547,1.06,0.7702594061574074,0.0,1.0,3.0,2348.7596721000155
548,0.9805376858333333,0.7702594061574074,0.104241389537037,0.7962962962962963,4.0,2356.728962399997
549,0.8828665231481481,0.7702594061574074,0.1700887453703704,0.6527777777777778,3.0,2364.708118300012
550,0.8828665231481481,0.7702594061574074,0.1700887453703704,0.6527777777777778,3.0,2372.912155900034
551,1.0155564904629628,0.7702594061574074,0.03426019416666667,0.9212962962962963,3.0,2378.2094776000013
552,0.9028665231481481,0.7702594061574074,0.1700887453703704,0.6527777777777778,4.0,2379.7488803000306
553,0.8828665231481481,0.7702594061574074,0.1700887453703704,0.6527777777777778,3.0,2380.622198200028
554,1.04,0.7702594061574074,0.0,1.0,2.0,2384.265654899995
555,0.8914663127777778,0.7702594061574074,0.17720705351851854,0.6342592592592593,4.0,2385.1798669000273
556,0.9114663127777778,0.7702594061574074,0.17720705351851854,0.6342592592592593,5.0,2394.344510200026
557,0.9030634012500001,0.7702594061574074,0.22750784569444446,0.5555555555555556,6.0,2400.6348997000023
558,0.8975176364351852,0.7702594061574074,0.21733245125000003,0.5601851851851852,6.0,2408.2038763000164
559,0.8975176364351852,0.7702594061574074,0.21733245125000003,0.5601851851851852,6.0,2423.475043800019
560,0.8889178468055555,0.7702594061574074,0.21021414310185188,0.5787037037037037,5.0,2424.331216600025
561,0.8387538067592593,0.7702594061574074,0.3206056586111111,0.39814814814814814,6.0,2429.154389800038
562,0.8497322791203704,0.7702594061574074,0.43806561245370373,0.29166666666666663,6.0,2444.1771374000236
563,0.8806240691203704,0.7702594061574074,0.4056240691203704,0.375,5.0,2461.2216453999863
564,0.8697188675462963,0.7702594061574074,0.43805220087962965,0.29166666666666663,7.0,2467.0893324000062
565,0.8697322791203704,0.7702594061574074,0.43806561245370373,0.29166666666666663,7.0,2469.3763739000424
566,0.8697322791203704,0.7702594061574074,0.43806561245370373,0.29166666666666663,7.0,2471.5988616000395
567,0.9129184905555555,0.7702594061574074,0.4025481201851852,0.37037037037037035,7.0,2486.29139930004
568,0.8874883758333334,0.7702594061574074,0.44045133879629633,0.287037037037037,8.0,2487.757031599991
569,0.8697322791203704,0.7702594061574074,0.43806561245370373,0.29166666666666663,7.0,2488.5840059000184
570,0.8195460103703704,0.7702594061574074,0.5313978622222223,0.14814814814814803,7.0,2504.2108530999976
571,0.8395460103703705,0.7702594061574074,0.5313978622222223,0.14814814814814803,8.0,2505.081966900034
572,0.8538697804166666,0.7702594061574074,0.5349808915277778,0.13888888888888873,9.0,2505.8458353999886
573,0.8674072657407408,0.7702594061574074,0.5377776361111112,0.12962962962962943,10.0,2506.5534078000346
574,0.8719114181481482,0.7702594061574074,0.537652158888889,0.13425925925925908,10.0,2506.9082568000304
575,0.8719341463425927,0.7702594061574074,0.5376748870833333,0.13425925925925908,10.0,2509.365056200011
576,1.0579095475462963,0.7702594061574074,0.2282799179166667,0.6296296296296295,10.0,2526.7332843000186
577,1.0569248664814814,0.7702594061574074,0.1717396812962963,0.6851851851851852,10.0,2546.821333400032
578,0.8485890043055555,0.7702594061574074,0.5343297450462963,0.13425925925925908,9.0,2548.0072604999878
579,0.8579409243055556,0.7702594061574074,0.534422405787037,0.14351851851851838,9.0,2549.6049129000166
580,0.8798971362962964,0.7702594061574074,0.559526765925926,0.12037037037037024,10.0,2563.9601185999927
581,0.9429494432407406,0.7702594061574074,0.35091240620370373,0.412037037037037,9.0,2581.9705451999907
582,0.9237815991203704,0.7702594061574074,0.40433715467592596,0.3194444444444444,10.0,2588.3797273000237
583,0.8834086393981482,0.7702594061574074,0.45192715791666677,0.2314814814814814,10.0,2603.105041600007
584,0.8837832825925926,0.7702594061574074,0.5202647640740741,0.14351851851851838,11.0,2605.1644395000185
585,0.8882314540740741,0.7702594061574074,0.5293425651851852,0.13888888888888884,11.0,2607.2283632000326
586,0.908231454074074,0.7702594061574074,0.5293425651851852,0.13888888888888884,12.0,2607.566260599997
587,0.9253182596296297,0.7702594061574074,0.5310590003703703,0.1342592592592592,13.0,2607.8585301000276
588,0.8902562478703703,0.7702594061574074,0.5313673589814815,0.13888888888888884,11.0,2609.712806000025
589,0.9082978856018519,0.7702594061574074,0.5340386263425926,0.1342592592592592,12.0,2609.989335899998
590,0.9073430534259259,0.7702594061574074,0.5330837941666666,0.1342592592592592,12.0,2610.2792832000414
591,0.9166696039351852,0.7702594061574074,0.545558492824074,0.11111111111111105,13.0,2611.070517699991
592,1.0013517360648148,0.7702594061574074,0.42505543976851856,0.29629629629629617,14.0,2618.5277143000276
593,0.9176244361111111,0.7702594061574074,0.5465133249999999,0.11111111111111105,13.0,2618.807023100031
594,0.9137626194444445,0.7702594061574074,0.5426515083333333,0.11111111111111105,13.0,2619.735412799986
595,0.930849425,0.7702594061574074,0.5443679435185185,0.1064814814814814,14.0,2620.010454100033
596,0.9504212919444444,0.7702594061574074,0.5393101808333333,0.11111111111111094,15.0,2622.4700558999903
597,0.9333344863888889,0.7702594061574074,0.5375937456481481,0.11574074074074059,14.0,2622.7511603999883
598,0.9686751712037037,0.7702594061574074,0.3892307267592593,0.3194444444444443,13.0,2632.4328308000113
599,0.9677203390277778,0.7702594061574074,0.38827589458333334,0.3194444444444443,13.0,2632.7403612000053
600,0.9676307241203702,0.7702594061574074,0.40355665004629626,0.32407407407407396,12.0,2642.1593195000314
601,0.9856723618518517,0.7702594061574074,0.4062279174074074,0.3194444444444443,13.0,2642.380976799992
602,0.9310912730555555,0.7702594061574074,0.5784986804629628,0.09259259259259256,13.0,2646.9658634000225
603,0.9395801831481482,0.7702594061574074,0.5808764794444443,0.07870370370370372,14.0,2647.7954611000023
604,0.9224933775925925,0.7702594061574074,0.5791600442592592,0.08333333333333337,13.0,2647.931868100015
605,0.9395801831481482,0.7702594061574074,0.5808764794444443,0.07870370370370372,14.0,2648.1908960000146
606,1.0172920743518519,0.7702594061574074,0.36229207435185184,0.375,14.0,2667.4715791000053
607,0.9576444649999998,0.7702594061574074,0.5789407612962962,0.07870370370370372,15.0,2671.042598400032
608,0.9430584976388888,0.7702594061574074,0.5797251643055555,0.08333333333333337,14.0,2671.6478218000266
609,0.9795979487037038,0.7702594061574074,0.4047831338888889,0.31481481481481477,13.0,2676.150923900015
610,1.0385272245370367,0.7702594061574074,0.349453150462963,0.44907407407407407,12.0,2693.192062499991
611,0.9615336668518518,0.7702594061574074,0.406718852037037,0.31481481481481477,12.0,2695.991942499997
612,0.9721972996759259,0.7702594061574074,0.4034935959722222,0.3287037037037036,12.0,2696.681472200027
613,0.9809694294444445,0.7702594061574074,0.43856202203703704,0.28240740740740733,13.0,2701.872187400004
614,0.9974280523611112,0.7702594061574074,0.31761323754629633,0.43981481481481477,12.0,2721.6545791000244
615,1.0120629774074075,0.7702594061574074,0.3400259403703704,0.412037037037037,13.0,2723.785635999986
616,1.031224288888889,0.7702594061574074,0.34381688148148154,0.40740740740740733,14.0,2724.9809714999865
617,1.0714542061574075,0.7702594061574074,0.35775050245370377,0.4537037037037037,13.0,2741.390411500004
618,1.0065982435648149,0.7702594061574074,0.33141305837962964,0.4351851851851851,12.0,2741.6039156999905
619,0.9993412347222221,0.7702594061574074,0.338044938425926,0.42129629629629617,12.0,2742.667537500034
620,1.0149578116203704,0.7702594061574074,0.35829114495370373,0.4166666666666665,12.0,2748.0734767999966
621,0.9972761120833333,0.7702594061574074,0.36375759356481485,0.3935185185185184,12.0,2751.6723727000062
622,1.007385784212963,0.7702594061574074,0.37238578421296303,0.3749999999999999,13.0,2752.464129800035
623,1.0244629746296297,0.7702594061574074,0.37409260425925933,0.37037037037037035,14.0,2756.157124600024
624,1.0044714697685184,0.7702594061574074,0.3694714697685186,0.375,13.0,2757.1337685000035
625,0.9710348688425925,0.7702594061574074,0.351405239212963,0.37962962962962965,12.0,2793.3803726999904
626,0.9509573523148147,0.7702594061574074,0.45484624120370376,0.23611111111111105,13.0,2797.8903964000056
627,0.9595122710648147,0.7702594061574074,0.4402530118055556,0.2592592592592592,13.0,2800.418415800028
628,0.9655433196759258,0.7702594061574074,0.4540618381944445,0.2314814814814814,14.0,2800.6678432000335
629,0.9732204974537035,0.7702594061574074,0.4293316085648149,0.26388888888888884,14.0,2802.2329889000393
630,0.9951397013425924,0.7702594061574074,0.42662118282407413,0.2685185185185184,15.0,2804.1649274000083
631,0.9606326067592592,0.7702594061574074,0.39359556972222226,0.287037037037037,14.0,2808.527534199995
632,0.9508028100462962,0.7702594061574074,0.38524725449074076,0.3055555555555556,13.0,2809.220873699989
633,0.9692115578703703,0.7702594061574074,0.3882856319444445,0.30092592592592593,14.0,2810.709241900011
634,0.8611402774537036,0.7702594061574074,0.3755847218981482,0.30555555555555547,9.0,2820.3463405999937
635,0.8611402774537036,0.7702594061574074,0.3755847218981482,0.30555555555555547,9.0,2820.4843519999995
636,0.8915945254166666,0.7702594061574074,0.3319648957870371,0.37962962962962954,9.0,2826.5997871000436
637,0.8611402774537036,0.7702594061574074,0.3755847218981482,0.30555555555555547,9.0,2826.7297588000074
638,0.8950032765277776,0.7702594061574074,0.40481809134259256,0.31018518518518523,9.0,2839.9098341999925
639,0.8611402774537036,0.7702594061574074,0.3755847218981482,0.30555555555555547,9.0,2840.6764451999916
640,0.8671706487962962,0.7702594061574074,0.38624472287037037,0.3009259259259258,9.0,2846.5186144000036
641,0.8525846814351852,0.7702594061574074,0.3870291258796296,0.30555555555555547,8.0,2847.1547374000074
642,0.8725846814351852,0.7702594061574074,0.3870291258796296,0.30555555555555547,9.0,2850.040077300044
643,0.8891135851851852,0.7702594061574074,0.3881876592592593,0.30092592592592593,10.0,2851.81772630004
644,0.882414478148148,0.7702594061574074,0.3953774411111111,0.28703703703703687,10.0,2852.0921124999877
645,1.0269356845833335,0.7702594061574074,0.16471346236111112,0.7222222222222222,7.0,2870.5034196000197
646,0.882414478148148,0.7702594061574074,0.3953774411111111,0.28703703703703687,10.0,2870.623404700018
647,0.9415220921759258,0.7702594061574074,0.2970776477314815,0.4444444444444443,10.0,2876.118009800033
648,0.9247540891666666,0.7702594061574074,0.2956800150925926,0.44907407407407396,9.0,2882.0403285000357
649,0.895052234212963,0.7702594061574074,0.4204226045833334,0.25462962962962954,11.0,2884.2706648000167
650,0.9272947488425924,0.7702594061574074,0.42803548958333343,0.2592592592592592,12.0,2890.7113298000186
651,0.92968485125,0.7702594061574074,0.4072774438425927,0.28240740740740733,12.0,2892.8816575999954
652,0.92968485125,0.7702594061574074,0.4072774438425927,0.28240740740740733,12.0,2893.013979600044
653,0.9694179995833332,0.7702594061574074,0.3142328143981482,0.4351851851851851,11.0,2899.4748439000105
654,0.99674381375,0.7702594061574074,0.307669739675926,0.44907407407407396,12.0,2902.737226600002
655,0.9735192183333332,0.7702594061574074,0.309074773888889,0.4444444444444443,11.0,2905.571345000004
656,0.9810842790277776,0.7702594061574074,0.3290472419907408,0.41203703703703687,12.0,2908.1824905000394
657,0.9833504052777776,0.7702594061574074,0.3003874423148149,0.4629629629629629,11.0,2910.004921899992
658,0.9841720649999998,0.7702594061574074,0.34139428722222226,0.4027777777777778,12.0,2913.2690551000414
659,0.9833504052777776,0.7702594061574074,0.3003874423148149,0.4629629629629629,11.0,2917.67520420003
660,0.9477038825462961,0.7702594061574074,0.36511128995370373,0.34259259259259256,12.0,2920.5622995999875
661,1.0179865706018518,0.7702594061574074,0.2378013854166667,0.5601851851851851,11.0,2936.8730272999965
662,0.9615529244444443,0.7702594061574074,0.3728492207407408,0.3287037037037037,13.0,2938.2844019000186
663,0.9615529244444443,0.7702594061574074,0.3728492207407408,0.3287037037037037,13.0,2938.4038250999874
664,0.9786397299999998,0.7702594061574074,0.37456565592592594,0.32407407407407407,14.0,2938.9826399000012
665,0.9615529244444443,0.7702594061574074,0.3728492207407408,0.3287037037037037,13.0,2944.091220800008
666,0.9925755102314814,0.7702594061574074,0.3375755102314815,0.375,14.0,2947.400799199997
667,1.0097442053703702,0.7702594061574074,0.33937383500000007,0.37037037037037035,15.0,2948.5560713000013
668,0.9382028545370369,0.7702594061574074,0.45135100268518524,0.22685185185185186,13.0,2954.8875717000337
669,0.8826457968981479,0.7702594061574074,0.5500532043055555,0.09259259259259267,12.0,2972.717679399997
670,0.9004725896759257,0.7702594061574074,0.5525096267129629,0.08796296296296302,13.0,2973.9670633000205
671,0.9004725896759257,0.7702594061574074,0.5525096267129629,0.08796296296296302,13.0,2975.243795200018
672,0.916372186898148,0.7702594061574074,0.5576684831944444,0.07870370370370372,14.0,2975.5221996000037
673,0.9171865968055554,0.7702594061574074,0.5538532634722222,0.08333333333333337,14.0,2975.7545469999895
674,0.8988920037962961,0.7702594061574074,0.5509290408333333,0.08796296296296302,13.0,2976.062924800033
675,0.9171865968055554,0.7702594061574074,0.5538532634722222,0.08333333333333337,14.0,2976.8856366000255
676,0.8983133449537035,0.7702594061574074,0.5549800116203703,0.08333333333333326,13.0,2978.533835500013
677,0.877614762361111,0.7702594061574074,0.5542814290277778,0.08333333333333326,12.0,2978.6868152000243
678,0.8732466172222221,0.7702594061574074,0.5499132838888889,0.08333333333333337,12.0,2980.798287599988
679,0.8891462144444444,0.7702594061574074,0.5550721403703704,0.07407407407407407,13.0,2981.0775466000196
680,0.8891462144444444,0.7702594061574074,0.5550721403703704,0.07407407407407407,13.0,2981.1996064000414
681,0.8630597667129631,0.7702594061574074,0.548985692638889,0.07407407407407407,12.0,2983.9189581000246
682,1.0968765891666667,0.7702594061574074,0.1763210336111111,0.6805555555555556,12.0,2996.490341800032
683,0.9968037854166667,0.7702594061574074,0.2536556372685186,0.5231481481481481,11.0,3010.1682359999977
684,0.8494067591203704,0.7702594061574074,0.5553326850462963,0.07407407407407396,11.0,3012.911397500022
685,0.8669505389814816,0.7702594061574074,0.5528764649074074,0.07407407407407396,12.0,3013.2481057000114
686,0.8669505389814816,0.7702594061574074,0.5528764649074074,0.07407407407407396,12.0,3013.467726700008
687,0.8669505389814816,0.7702594061574074,0.5528764649074074,0.07407407407407396,12.0,3013.687609100016
688,0.8669505389814816,0.7702594061574074,0.5528764649074074,0.07407407407407396,12.0,3013.7967145000002
689,0.8669505389814816,0.7702594061574074,0.5528764649074074,0.07407407407407396,12.0,3014.2383995000273
690,0.8568408668518519,0.7702594061574074,0.5442482742592593,0.09259259259259245,11.0,3014.96869150002
691,0.8568408668518519,0.7702594061574074,0.5442482742592593,0.09259259259259245,11.0,3015.1944569000043
692,0.8669505389814816,0.7702594061574074,0.5528764649074074,0.07407407407407396,12.0,3015.967792999989
693,0.8451366951388889,0.7702594061574074,0.5556922506944444,0.06944444444444431,11.0,3016.2400101000094
694,0.8350270230092594,0.7702594061574074,0.5470640600462963,0.0879629629629628,10.0,3017.003945000004
695,0.8385462738425926,0.7702594061574074,0.5413240516203703,0.0972222222222221,10.0,3017.216272299993
696,0.8486559459722223,0.7702594061574074,0.5499522422685185,0.07870370370370361,11.0,3017.970915300015
697,0.8669505389814816,0.7702594061574074,0.5528764649074074,0.07407407407407396,12.0,3018.168660800031
698,0.8669505389814816,0.7702594061574074,0.5528764649074074,0.07407407407407396,12.0,3018.3889603000134
699,0.8536443962037037,0.7702594061574074,0.5595703221296296,0.07407407407407396,11.0,3021.568596200028
700,0.8353498031944444,0.7702594061574074,0.5566460994907407,0.07870370370370361,10.0,3021.7027024000417
701,1.0305327412962964,0.7702594061574074,0.2055327412962963,0.6249999999999999,10.0,3033.030385799997
702,0.8536443962037037,0.7702594061574074,0.5595703221296296,0.07407407407407396,11.0,3033.260232600034
703,0.843534724074074,0.7702594061574074,0.5509421314814815,0.09259259259259245,10.0,3034.03403650003
704,0.8217208802314815,0.7702594061574074,0.5537579172685185,0.0879629629629628,9.0,3034.323571500019
705,0.8318305523611111,0.7702594061574074,0.5623861079166667,0.06944444444444431,10.0,3035.2820199000416
706,0.8013739424999999,0.7702594061574074,0.5626702387962962,0.07870370370370372,8.0,3036.4991086000227
707,0.7833323047685183,0.7702594061574074,0.5599989714351851,0.08333333333333337,7.0,3038.0378442000365
708,0.7991738749074073,0.7702594061574074,0.5697294304629629,0.06944444444444442,8.0,3038.2836109999917
709,0.7991738749074073,0.7702594061574074,0.5697294304629629,0.06944444444444442,8.0,3038.729725000041
710,1.0168393802777778,0.7702594061574074,0.16239493583333336,0.6944444444444444,8.0,3050.474271300016
711,0.9401545949537036,0.7702594061574074,0.34811755791666665,0.412037037037037,9.0,3066.0917688999907
712,0.8035863359259259,0.7702594061574074,0.5556233729629629,0.08796296296296291,8.0,3066.5276939999894
713,0.8036768069444447,0.7702594061574074,0.5557138439814815,0.0879629629629628,8.0,3070.0434363000095
714,1.1169667069444444,0.7702594061574074,0.014003743981481482,0.962962962962963,7.0,3086.316069099994
715,0.7914135329629631,0.7702594061574074,0.5495616811111111,0.10185185185185175,7.0,3087.1522091000224
716,0.7877137415740741,0.7702594061574074,0.5458618897222223,0.10185185185185186,7.0,3090.4380975000095
717,0.7857757200925926,0.7702594061574074,0.5439238682407408,0.10185185185185186,7.0,3090.935110100021
718,0.7991162716203704,0.7702594061574074,0.5511533086574074,0.08796296296296291,8.0,3091.2153797000065
719,0.815022974074074,0.7702594061574074,0.5563192703703703,0.07870370370370361,9.0,3091.609002400015
720,0.8018847890277777,0.7702594061574074,0.5539218260648148,0.08796296296296291,8.0,3092.5223998000147
721,0.8043662133796297,0.7702594061574074,0.5564032504166667,0.08796296296296291,8.0,3093.2238910000306
722,1.0341181686111112,0.7702594061574074,0.14726631675925927,0.7268518518518519,8.0,3105.890798700042
723,0.8202658106018519,0.7702594061574074,0.5615621068981482,0.07870370370370361,9.0,3106.1571875000373
724,0.7760631718055555,0.7702594061574074,0.5481002088425926,0.08796296296296291,7.0,3107.12870619999
725,0.9076347543981481,0.7702594061574074,0.2552273469907408,0.5324074074074074,6.0,3123.980217400007
726,0.794104809537037,0.7702594061574074,0.5507714762037037,0.08333333333333326,8.0,3124.27276610001
727,0.7773398791203704,0.7702594061574074,0.5540065457870371,0.08333333333333337,7.0,3124.625848900003
728,0.7613118788425925,0.7613118788425925,0.5579785455092593,0.08333333333333337,6.0,3127.4877350000315
729,0.77802984625,0.7613118788425925,0.563955772175926,0.07407407407407407,7.0,3127.754504100012
730,0.77802984625,0.7613118788425925,0.563955772175926,0.07407407407407407,7.0,3128.0119825000293
731,0.77802984625,0.7613118788425925,0.563955772175926,0.07407407407407407,7.0,3128.272027000028
732,1.0579391507870373,0.7613118788425925,0.09849470634259261,0.8194444444444444,7.0,3132.9121971999994
733,0.9116496789814814,0.7613118788425925,0.18053856787037037,0.6111111111111112,6.0,3144.4610809999867
734,0.77802984625,0.7613118788425925,0.563955772175926,0.07407407407407407,7.0,3144.5763002000167
735,0.7983230138888889,0.7613118788425925,0.5642489398148148,0.07407407407407407,8.0,3159.4493165999884
736,0.77802984625,0.7613118788425925,0.563955772175926,0.07407407407407407,7.0,3159.5784428000334
737,0.7613118788425925,0.7613118788425925,0.5579785455092593,0.08333333333333337,6.0,3159.7684035000275
738,0.77802984625,0.7613118788425925,0.563955772175926,0.07407407407407407,7.0,3160.042241099989
739,0.77802984625,0.7613118788425925,0.563955772175926,0.07407407407407407,7.0,3161.8442050000303
740,0.7795670553240741,0.7613118788425925,0.5608633516203704,0.07870370370370361,7.0,3162.3379473999958
741,0.7689791235185185,0.7613118788425925,0.5517569012962963,0.09722222222222221,6.0,3163.388889599999
742,0.7872737165277778,0.7613118788425925,0.5546811239351852,0.09259259259259256,7.0,3164.2019303000416
743,0.7856017076388888,0.7613118788425925,0.5530091150462962,0.09259259259259256,7.0,3165.105742999993
744,0.786065929074074,0.7613118788425925,0.5534733364814814,0.09259259259259256,7.0,3165.3774879000266
745,0.7674419144444444,0.7613118788425925,0.5548493218518519,0.09259259259259267,6.0,3165.7081649000174
746,0.7840644985648147,0.7613118788425925,0.5561015356018518,0.08796296296296302,7.0,3166.5455456000054
747,0.786370303935185,0.7613118788425925,0.5491480817129629,0.09722222222222221,7.0,3166.8578391000046
748,0.7698076021759258,0.7613118788425925,0.5479557503240741,0.10185185185185175,6.0,3168.724979999999
749,0.7754838321296296,0.7613118788425925,0.5443727210185185,0.11111111111111105,6.0,3169.5588825999876
750,0.7909747606018518,0.7613118788425925,0.54912290875,0.10185185185185175,7.0,3169.7933595000068
751,0.808357209074074,0.7613118788425925,0.5465053572222223,0.10185185185185175,8.0,3186.5430860000197
752,0.7942536623611111,0.7613118788425925,0.5477721808796296,0.1064814814814814,7.0,3187.3986487000366
753,0.8110038852314814,0.7613118788425925,0.5491520333796296,0.10185185185185175,8.0,3188.107225099986
754,0.9956914478703703,0.7613118788425925,0.24309885527777778,0.5925925925925926,8.0,3206.79723820003
755,0.7900703865740739,0.7613118788425925,0.5482185347222222,0.10185185185185175,7.0,3207.6009676000103
756,0.8041211527314814,0.7613118788425925,0.5561581897685185,0.08796296296296291,8.0,3207.8968826000346
757,0.8174617042592591,0.7613118788425925,0.5633876301851851,0.07407407407407396,9.0,3208.181832100032
758,0.8199431286111112,0.7613118788425925,0.5658690545370371,0.07407407407407396,9.0,3208.953731800022
759,0.8222489339814814,0.7613118788425925,0.5589156006481482,0.08333333333333315,9.0,3209.2480525000137
760,0.8395939931481482,0.7613118788425925,0.5608902894444444,0.0787037037037035,10.0,3209.5164330000407
761,0.8381556364351852,0.7613118788425925,0.5640815623611111,0.07407407407407385,10.0,3209.781984500005
762,0.8381556364351852,0.7613118788425925,0.5640815623611111,0.07407407407407385,10.0,3210.0457801999873
763,0.8186966919907408,0.7613118788425925,0.5646226179166667,0.07407407407407385,9.0,3210.5519989000168
764,0.8186966919907408,0.7613118788425925,0.5646226179166667,0.07407407407407385,9.0,3210.816869100032
765,0.8201350487037038,0.7613118788425925,0.561431345,0.0787037037037035,9.0,3211.070397000003
766,0.8045828909722222,0.7613118788425925,0.5566199280092593,0.08796296296296291,8.0,3211.871979599993
767,0.8045828909722222,0.7613118788425925,0.5566199280092593,0.08796296296296291,8.0,3212.147526399989
768,1.1428842735185185,0.7613118788425925,0.015291680925925926,0.9675925925925926,8.0,3217.8157303000335
769,1.0156589683333335,0.7613118788425925,0.15658489425925926,0.699074074074074,8.0,3228.2475427000318
770,0.8216696965277779,0.7613118788425925,0.5583363631944445,0.08333333333333326,9.0,3228.547552400036
771,1.1220663639814816,0.7613118788425925,0.014473771388888888,0.9675925925925926,7.0,3232.437742899987
772,0.7952965993518519,0.7613118788425925,0.5488151178703704,0.1064814814814814,7.0,3232.950189299998
773,0.8133382370833334,0.7613118788425925,0.5514863852314815,0.10185185185185175,8.0,3233.3158653000137
774,0.9736882332407408,0.7613118788425925,0.17942897398148153,0.6342592592592592,8.0,3241.5954944000114
775,0.7587627338888888,0.7587627338888888,0.5430219931481481,0.1157407407407407,5.0,3242.168184000009
776,0.7770573268981481,0.7587627338888888,0.5459462157870371,0.11111111111111105,6.0,3242.960464600008
777,0.7708045896296295,0.7587627338888888,0.5489527377777778,0.10185185185185186,6.0,3243.2921287000063
778,0.774662331111111,0.7587627338888888,0.5481808496296297,0.1064814814814814,6.0,3244.3642424000427
779,0.7720073902777778,0.7587627338888888,0.5501555384259259,0.10185185185185175,6.0,3245.0989543999895
780,0.8070738114814815,0.7587627338888888,0.5513330707407407,0.1157407407407407,7.0,3261.7278953000205
781,0.9572612995833334,0.7587627338888888,0.25707611439814815,0.5601851851851851,7.0,3274.594571200025
782,0.7920073902777778,0.7587627338888888,0.5501555384259259,0.10185185185185175,7.0,3275.517733099987
783,0.9229233918518518,0.7587627338888888,0.1979233918518519,0.625,5.0,3292.167669599992
784,0.7515367927314813,0.7515367927314813,0.54505531125,0.1064814814814814,5.0,3293.1463006000267
785,0.7655908521759258,0.7515367927314813,0.5483686299537036,0.0972222222222221,6.0,3293.751835300005
786,0.7827871876388888,0.7515367927314813,0.5501945950462962,0.09259259259259245,7.0,3294.0744005999877
787,0.7808633432407406,0.7515367927314813,0.5575300099074073,0.08333333333333326,7.0,3294.9159793000435
788,0.7696698702777777,0.7515367927314813,0.5570772776851851,0.09259259259259256,6.0,3296.3971405000193
789,0.7855694675,0.7515367927314813,0.5622361341666666,0.08333333333333326,7.0,3296.7112912000157
790,0.7855694675,0.7515367927314813,0.5622361341666666,0.08333333333333326,7.0,3296.999312800006
791,0.7863838774074073,0.7515367927314813,0.5584209144444444,0.08796296296296291,7.0,3297.222559000016
792,0.7882263194444444,0.7515367927314813,0.5556337268518519,0.09259259259259256,7.0,3297.5214897000114
793,0.8041259166666668,0.7515367927314813,0.5607925833333334,0.08333333333333326,8.0,3297.817025600001
794,0.8062679571759259,0.7515367927314813,0.558304994212963,0.08796296296296291,8.0,3298.606704200036
795,1.0857171216666668,0.7515367927314813,0.053680084629629636,0.912037037037037,6.0,3313.1033773000236
796,0.8062679571759259,0.7515367927314813,0.558304994212963,0.08796296296296291,8.0,3313.9135749000125
797,0.8236504056481482,0.7515367927314813,0.5556874426851852,0.08796296296296291,9.0,3332.288730200031
798,0.8393576915277776,0.7515367927314813,0.5560243581944444,0.08333333333333326,10.0,3332.599642999994
799,0.8197918524999999,0.7515367927314813,0.5564585191666667,0.08333333333333326,9.0,3332.9646678999998
800,0.8197918524999999,0.7515367927314813,0.5564585191666667,0.08333333333333326,9.0,3333.0718128000153
801,0.8197918524999999,0.7515367927314813,0.5564585191666667,0.08333333333333326,9.0,3333.1755860000267
802,0.8236504056481482,0.7515367927314813,0.5556874426851852,0.08796296296296291,9.0,3333.514025599987
803,0.8361484240277779,0.7515367927314813,0.5574447203240741,0.07870370370370361,10.0,3333.784390099987
804,0.8361484240277779,0.7515367927314813,0.5574447203240741,0.07870370370370361,10.0,3333.875220499991
805,0.8194344168981482,0.7515367927314813,0.5561010835648148,0.08333333333333326,9.0,3334.5229881000123
806,0.810203887175926,0.7515367927314813,0.5483520353240741,0.10185185185185175,8.0,3335.9454651999986
807,0.810203887175926,0.7515367927314813,0.5483520353240741,0.10185185185185175,8.0,3336.0420188000426
808,0.8179960601851852,0.7515367927314813,0.5592923564814815,0.07870370370370361,9.0,3336.857075900014
809,0.9574420886574073,0.7515367927314813,0.2774420886574074,0.5,9.0,3353.9364217999973
810,0.8181298714814815,0.7515367927314813,0.5547965381481481,0.08333333333333326,9.0,3354.827478400024
811,0.7945190134259259,0.7515367927314813,0.5558153097222222,0.07870370370370372,8.0,3355.4817653000355
812,1.010166682037037,0.7515367927314813,0.15109260796296298,0.6990740740740741,8.0,3369.5465740000363
813,0.8000395475925925,0.7515367927314813,0.5567062142592593,0.08333333333333337,8.0,3370.3910008000094
814,0.8061602936574073,0.7515367927314813,0.5489380714351851,0.09722222222222221,8.0,3370.672107600025
815,0.8036739680555556,0.7515367927314813,0.551081375462963,0.09259259259259256,8.0,3370.934933500015
816,0.7502092556018518,0.7502092556018518,0.5437277741203703,0.10648148148148151,5.0,3371.810811800009
817,0.7502092556018518,0.7502092556018518,0.5437277741203703,0.10648148148148151,5.0,3371.9023475000286
818,0.7502092556018518,0.7502092556018518,0.5437277741203703,0.10648148148148151,5.0,3371.993594300002
819,0.7502092556018518,0.7502092556018518,0.5437277741203703,0.10648148148148151,5.0,3389.7902261000127
820,1.0471197298148147,0.7502092556018518,0.06286047055555556,0.8842592592592593,5.0,3401.4112929000403
821,0.7702092556018518,0.7502092556018518,0.5437277741203703,0.10648148148148151,6.0,3402.1557923000073
822,0.7763347455555555,0.7502092556018518,0.5405940048148147,0.11574074074074081,6.0,3417.190914100036
823,0.794376383287037,0.7502092556018518,0.5432652721759258,0.11111111111111116,7.0,3417.92583610001
824,0.7600752315740741,0.7502092556018518,0.5443344908333333,0.11574074074074081,5.0,3418.487960300001
825,0.7807092260185186,0.7502092556018518,0.5449684852777777,0.11574074074074081,6.0,3504.862513400032
826,0.7827515585185186,0.7502092556018518,0.5423811881481482,0.12037037037037046,6.0,3517.25201440003
827,0.7781168693055556,0.7502092556018518,0.5470057581944444,0.11111111111111116,6.0,3517.7632013999973
828,0.8249568230092591,0.7502092556018518,0.4549568230092592,0.2500000000000001,6.0,3521.4685144000105
829,0.7781168693055556,0.7502092556018518,0.5470057581944444,0.11111111111111116,6.0,3521.983308500028
830,0.769414194074074,0.7502092556018518,0.5521919718518518,0.09722222222222232,6.0,3522.642603199987
831,0.7861644169444443,0.7502092556018518,0.5535718243518517,0.09259259259259267,7.0,3522.8982272000285
832,0.7902054721296295,0.7502092556018518,0.5529832499074073,0.09722222222222221,7.0,3523.27739860001
833,0.8102054721296296,0.7502092556018518,0.5529832499074073,0.09722222222222221,8.0,3523.5278005000437
834,0.780075231574074,0.7502092556018518,0.5443344908333333,0.11574074074074081,6.0,3523.734661900031
835,0.800075231574074,0.7502092556018518,0.5443344908333333,0.11574074074074081,7.0,3523.9817769000074
836,0.7917120598148147,0.7502092556018518,0.5544898375925925,0.09722222222222232,7.0,3524.5763252000324
837,0.773359832824074,0.7502092556018518,0.5422487217129628,0.11111111111111105,6.0,3525.4441951999906
838,0.7874105989814814,0.7502092556018518,0.5501883767592591,0.09722222222222221,7.0,3526.1055834
839,0.7700396816666667,0.7502092556018518,0.47411375574074077,0.17592592592592593,6.0,3539.5753440000117
840,0.7859463841203703,0.7502092556018518,0.47927971745370374,0.16666666666666663,7.0,3540.003440200002
841,0.7505183805555556,0.7502092556018518,0.4745924546296296,0.17592592592592604,5.0,3540.2266801000223
842,0.7685600182870371,0.7502092556018518,0.47726372199074074,0.1712962962962964,6.0,3540.910362800001
843,0.7844667207407408,0.7502092556018518,0.4824296837037037,0.1620370370370371,7.0,3541.5923136000056
844,0.7893215755092593,0.7502092556018518,0.4733956495833333,0.17592592592592604,7.0,3543.359373299987
845,0.7737612725,0.7502092556018518,0.4902427539814815,0.1435185185185187,7.0,3543.9935054000234
846,0.7983941868055555,0.7502092556018518,0.4902460386574074,0.14814814814814836,8.0,3545.56530310004
847,0.8666974866203704,0.7502092556018518,0.3470678569907407,0.37962962962962976,7.0,3549.152185200015
848,0.7868546112962964,0.7502092556018518,0.4801879446296296,0.16666666666666674,7.0,3549.443475999986
849,0.7971688642592591,0.7502092556018518,0.4936503457407407,0.1435185185185187,8.0,3550.888697699993
850,0.8373015974537037,0.7502092556018518,0.42730159745370366,0.2500000000000002,8.0,3552.900654600002
851,0.7826107844444445,0.7502092556018518,0.48520337703703703,0.15740740740740755,7.0,3553.5690710000345
852,0.7954628072685187,0.7502092556018518,0.49194428874999996,0.1435185185185186,8.0,3554.1341738000046
853,0.7758445439351853,0.7502092556018518,0.49232602541666665,0.1435185185185186,7.0,3554.908303000033
854,0.9106717821296297,0.7502092556018518,0.34789400435185186,0.4027777777777778,8.0,3565.601167200017
855,0.796300261712963,0.7502092556018518,0.497411372824074,0.13888888888888895,8.0,3567.365945300029
856,1.0449753727314817,0.7502092556018518,0.09775315050925927,0.8472222222222222,5.0,3579.870139100007
857,0.8184019306944446,0.7502092556018518,0.4593278566203703,0.19907407407407407,8.0,3581.8840810999973
858,0.7650758103703704,0.7502092556018518,0.4784091437037037,0.16666666666666674,6.0,3582.988277800032
859,0.820334264861111,0.7502092556018518,0.41644537597222214,0.26388888888888895,7.0,3584.328612499987
860,1.0421791228703703,0.7502092556018518,0.15829023398148148,0.7638888888888888,6.0,3596.281833700021
861,0.7874829520833333,0.7502092556018518,0.4822977668981481,0.18518518518518523,6.0,3599.7716171999928
862,0.880629970787037,0.7502092556018518,0.2898892300462963,0.4907407407407408,5.0,3614.23930060002
863,0.8337566685185185,0.7502092556018518,0.4020900018518518,0.29166666666666674,7.0,3616.9482099000015
864,0.8051197791666667,0.7502092556018518,0.48919385324074066,0.17592592592592593,7.0,3617.6202063999954
865,0.7945576628703703,0.7502092556018518,0.4925206258333333,0.1620370370370371,7.0,3618.3350124999997
866,0.858014603287037,0.7502092556018518,0.3522738625462963,0.3657407407407408,7.0,3621.9119465000113
867,0.802895916574074,0.7502092556018518,0.48234036101851846,0.18055555555555558,7.0,3622.818130700034
868,0.785699581111111,0.7502092556018518,0.4805143959259259,0.18518518518518523,6.0,3623.6468367000343
869,0.799596935324074,0.7502092556018518,0.47589323162037034,0.20370370370370372,6.0,3624.094699100009
870,0.8559485636574075,0.7502092556018518,0.3470596747685185,0.38888888888888884,6.0,3627.0415846999967
871,0.8358973826851851,0.7502092556018518,0.3470084937962963,0.38888888888888884,5.0,3628.4220119999954
872,0.8358973826851851,0.7502092556018518,0.3470084937962963,0.38888888888888884,5.0,3631.430936700024
873,0.785301990324074,0.7502092556018518,0.4815982866203703,0.20370370370370372,5.0,3636.1476913000224
874,0.7973700247222222,0.7502092556018518,0.48755520990740736,0.18981481481481488,6.0,3637.227750400023
875,0.8141202475925925,0.7502092556018518,0.48893506240740736,0.18518518518518523,7.0,3637.521995900024
876,0.907990014398148,0.7502092556018518,0.5781751995833333,0.18981481481481477,7.0,3655.1636971000116
877,0.8287062149537036,0.7502092556018518,0.4881506593981481,0.18055555555555558,8.0,3655.3987970000017
878,0.7973700247222222,0.7502092556018518,0.48755520990740736,0.18981481481481488,6.0,3655.967614400026
879,0.8186966107407407,0.7502092556018518,0.48425216629629625,0.19444444444444442,7.0,3656.9109493000433
880,0.8367382484722222,0.7502092556018518,0.48692343365740737,0.18981481481481477,8.0,3657.5955307999975
881,0.8287856460648149,0.7502092556018518,0.4882300905092592,0.18055555555555558,8.0,3658.2802846000413
882,0.8485347119907407,0.7502092556018518,0.4879791564351851,0.18055555555555558,9.0,3658.9300043000258
883,0.8682408621759261,0.7502092556018518,0.4876853066203703,0.18055555555555558,10.0,3659.3007788000396
884,0.8853276677314815,0.7502092556018518,0.48940174180555546,0.17592592592592593,11.0,3659.538284200011
885,0.8655786018055556,0.7502092556018518,0.4896526758796296,0.17592592592592593,10.0,3660.0736362999887
886,0.868273851388889,0.7502092556018518,0.4877182958333333,0.1805555555555557,10.0,3660.4581135000335
887,0.868273851388889,0.7502092556018518,0.4877182958333333,0.1805555555555557,10.0,3661.360419200035
888,1.0489317925925925,0.7502092556018518,0.14207994074074076,0.7268518518518519,9.0,3670.9001661000075
889,0.868273851388889,0.7502092556018518,0.4877182958333333,0.1805555555555557,10.0,3671.126154400001
890,0.9449638603703704,0.7502092556018518,0.38700089740740745,0.337962962962963,11.0,3682.0417817000416
891,0.8829505286574074,0.7502092556018518,0.48702460273148146,0.17592592592592604,11.0,3682.3132124000113
892,0.8874813181944445,0.7502092556018518,0.5856294663425925,0.10185185185185208,10.0,3695.643395500025
893,0.8874813181944445,0.7502092556018518,0.5856294663425925,0.10185185185185208,10.0,3695.7558530000388
894,0.8770557001851851,0.7502092556018518,0.5813149594444443,0.11574074074074092,9.0,3696.051783300005
895,0.8565427632407406,0.7502092556018518,0.3415427632407408,0.3749999999999999,7.0,3705.6258056000224
896,0.8730653777777778,0.7502092556018518,0.3473246370370371,0.3657407407407407,8.0,3708.66005950002
897,0.8765427632407407,0.7502092556018518,0.3415427632407408,0.3749999999999999,8.0,3712.5009751000325
898,0.8724494656944445,0.7502092556018518,0.34670872495370375,0.3657407407407406,8.0,3712.8325145000126
899,0.890491103425926,0.7502092556018518,0.34937999231481487,0.36111111111111094,9.0,3713.092690700025
900,0.890491103425926,0.7502092556018518,0.34937999231481487,0.36111111111111094,9.0,3713.3306616999907
901,0.8718538866203703,0.7502092556018518,0.35074277550925925,0.36111111111111094,8.0,3714.103215100011
902,0.8533377107407407,0.7502092556018518,0.35222659962962966,0.36111111111111105,7.0,3714.4368983000168
903,0.8704245162962962,0.7502092556018518,0.3539430348148148,0.3564814814814814,8.0,3714.679337300011
904,0.8677514981481482,0.7502092556018518,0.2986774240740741,0.44907407407407407,6.0,3715.5934729999863
905,0.8593793929629628,0.7502092556018518,0.33974976333333334,0.37962962962962954,7.0,3716.0208203000366
906,0.8254118871296297,0.7502092556018518,0.3983748500925926,0.2870370370370371,7.0,3721.3750885000336
907,0.8454118871296297,0.7502092556018518,0.3983748500925926,0.2870370370370371,8.0,3723.711174199998
908,0.855298182824074,0.7502092556018518,0.354187071712963,0.36111111111111105,7.0,3728.0248980000033
909,0.876844370324074,0.7502092556018518,0.36499251847222225,0.35185185185185186,8.0,3729.418412500003
910,0.8677514981481482,0.7502092556018518,0.2986774240740741,0.44907407407407407,6.0,3730.1319102999987
911,0.863162485787037,0.7502092556018518,0.3157550783796297,0.40740740740740744,7.0,3733.2006092999945
912,0.8802492913425926,0.7502092556018518,0.31747151356481484,0.4027777777777778,8.0,3733.433408599987
913,0.856743718888889,0.7502092556018518,0.31396594111111115,0.4027777777777779,7.0,3734.3430510000326
914,0.8735117218981482,0.7502092556018518,0.31536357375,0.39814814814814825,8.0,3737.210427700018
915,0.856743718888889,0.7502092556018518,0.31396594111111115,0.4027777777777779,7.0,3737.311514300003
916,0.856743718888889,0.7502092556018518,0.31396594111111115,0.4027777777777779,7.0,3737.4200483000022
917,0.856743718888889,0.7502092556018518,0.31396594111111115,0.4027777777777779,7.0,3737.5277521000244
918,0.8532452231944444,0.7502092556018518,0.30268966763888894,0.43055555555555547,6.0,3738.458006800036
919,1.0901302405555555,0.7502092556018518,0.008648759074074074,0.9814814814814815,5.0,3743.564088199986
920,0.8729582337499999,0.7502092556018518,0.3192545300462963,0.4537037037037037,5.0,3755.437471900019
921,0.8700132262037037,0.7502092556018518,0.3040873002777778,0.4259259259259258,7.0,3758.662806300039
922,0.8699954460648147,0.7502092556018518,0.30406952013888894,0.4259259259259258,7.0,3759.468349700037
923,0.8507407104166665,0.7502092556018518,0.30018515486111114,0.4305555555555556,6.0,3760.451594299986
924,0.867458677824074,0.7502092556018518,0.3061623815277778,0.4212962962962963,7.0,3760.692747400026
925,0.865765396574074,0.7502092556018518,0.3090987299074074,0.41666666666666663,7.0,3761.107140600041
926,0.8840599895833334,0.7502092556018518,0.31202295254629625,0.412037037037037,8.0,3761.404042900016
927,0.883108969537037,0.7502092556018518,0.31107193250000004,0.412037037037037,8.0,3761.653983300028
928,0.8824833639814815,0.7502092556018518,0.31507595657407406,0.40740740740740733,8.0,3761.9031636000145
929,0.8824833639814815,0.7502092556018518,0.31507595657407406,0.40740740740740733,8.0,3762.1704337000265
930,0.8824833639814815,0.7502092556018518,0.31507595657407406,0.40740740740740733,8.0,3762.4315964000416
931,0.865765396574074,0.7502092556018518,0.3090987299074074,0.41666666666666663,7.0,3763.006911900011
932,0.885765396574074,0.7502092556018518,0.3090987299074074,0.41666666666666663,8.0,3767.478755999997
933,0.8604507331944443,0.7502092556018518,0.4334136961574074,0.287037037037037,7.0,3772.6680059999926
934,0.8777943061574073,0.7502092556018518,0.43538689875000003,0.28240740740740733,8.0,3772.9077076000394
935,0.8645922045370369,0.7502092556018518,0.42366627861111117,0.3009259259259258,7.0,3774.0800923000206
936,0.8652228507407407,0.7502092556018518,0.4505932211111111,0.25462962962962954,8.0,3775.8326640999876
937,0.8949662226851849,0.7502092556018518,0.44181807453703703,0.27314814814814803,9.0,3782.335889899987
938,0.8824191862037036,0.7502092556018518,0.4524191862037037,0.2499999999999999,9.0,3782.780649900029
939,0.8819408181481481,0.7502092556018518,0.4565704477777778,0.24537037037037024,9.0,3783.1224847999983
940,0.893671540324074,0.7502092556018518,0.4714493181018518,0.2222222222222221,10.0,3783.43958559999
941,0.9056024760185184,0.7502092556018518,0.5728246982407407,0.15277777777777768,9.0,3804.272980400012
942,1.0000601071296296,0.7502092556018518,0.3000601071296296,0.5,10.0,3818.3856888000155
943,0.8475543654629629,0.7502092556018518,0.2258876987962963,0.5416666666666667,4.0,3841.0750423000427
944,0.8363046509722222,0.7502092556018518,0.25482316949074074,0.4814814814814815,5.0,3842.666086399986
945,0.8563046509722222,0.7502092556018518,0.25482316949074074,0.4814814814814815,6.0,3848.909900800034
946,0.8401176253240741,0.7502092556018518,0.28030281050925926,0.4398148148148149,6.0,3850.543551400013
947,0.8590064847685186,0.7502092556018518,0.28382129958333335,0.43518518518518523,7.0,3851.3622671000194
948,0.8601176253240741,0.7502092556018518,0.28030281050925926,0.4398148148148149,7.0,3856.6174637000076
949,0.8460211712037038,0.7502092556018518,0.2289841341666667,0.5370370370370371,4.0,3857.477251700009
950,0.8467833732407408,0.7502092556018518,0.29937596583333337,0.40740740740740744,7.0,3862.5706546999863
951,0.8502240541666666,0.7502092556018518,0.2502240541666667,0.5,5.0,3863.7443421999924
952,0.8702240541666666,0.7502092556018518,0.2502240541666667,0.5,6.0,3864.7602706000325
953,0.8702240541666666,0.7502092556018518,0.2502240541666667,0.5,6.0,3869.6351901000016
954,0.8702240541666666,0.7502092556018518,0.2502240541666667,0.5,6.0,3873.5689188000397
955,0.8675543654629629,0.7502092556018518,0.2258876987962963,0.5416666666666667,5.0,3875.1749105000054
956,0.8598032940277778,0.7502092556018518,0.23202551625,0.5277777777777778,5.0,3881.253827700042
957,0.8571674337037036,0.7502092556018518,0.2386489151851852,0.5185185185185186,5.0,3884.9399130000384
958,1.0696130682407408,0.7502092556018518,0.012761216388888887,0.9768518518518519,4.0,3889.621483199997
959,0.8753513878703704,0.7502092556018518,0.23683286935185188,0.5185185185185185,6.0,3895.5720527000376
960,0.905700766388889,0.7502092556018518,0.2718118775,0.5138888888888888,6.0,3899.9762550999876
961,0.8475543654629629,0.7502092556018518,0.2258876987962963,0.5416666666666667,4.0,3903.3631734999944
962,1.071591367037037,0.7502092556018518,0.005480255925925926,0.9861111111111112,4.0,3908.6468747000326
963,0.8427367772222223,0.7502092556018518,0.24736640685185188,0.49537037037037046,5.0,3912.205109200033
964,0.8475543654629629,0.7502092556018518,0.2258876987962963,0.5416666666666667,4.0,3917.558903700032
965,0.8505135296759259,0.7502092556018518,0.23662464078703704,0.5138888888888888,5.0,3918.9507386999903
966,0.8436789863888889,0.7502092556018518,0.24830861601851853,0.49537037037037046,5.0,3925.054540000041
967,0.8690731242592593,0.7502092556018518,0.2537027538888889,0.49537037037037046,6.0,3930.588125600014
968,0.8636789863888888,0.7502092556018518,0.24830861601851853,0.49537037037037046,6.0,3933.7637800000375
969,0.8436789863888889,0.7502092556018518,0.24830861601851853,0.49537037037037046,5.0,3939.754386399989
970,0.8394582358333333,0.7502092556018518,0.2842730506481481,0.43518518518518523,6.0,3942.6249040000257
971,0.9674899772222222,0.7502092556018518,0.13915664388888888,0.7083333333333334,6.0,3949.848745800031
972,0.8594582358333334,0.7502092556018518,0.2842730506481481,0.43518518518518523,7.0,3952.5068705999875
973,0.8632019894444445,0.7502092556018518,0.31431310055555556,0.38888888888888884,8.0,3954.0825713000377
974,0.8576108651851853,0.7502092556018518,0.34427753185185184,0.33333333333333337,9.0,3957.185664699995
975,0.8645658033796297,0.7502092556018518,0.3590102478240741,0.3055555555555556,10.0,3959.743018200039
976,0.8540598251851852,0.7502092556018518,0.3840598251851852,0.2500000000000001,11.0,3961.2872238000273
977,1.0665054597222223,0.7502092556018518,0.1581721263888889,0.7083333333333334,10.0,3966.2369451000122
978,0.8740598251851852,0.7502092556018518,0.3840598251851852,0.2500000000000001,12.0,3967.396998100041
979,0.8740598251851852,0.7502092556018518,0.3840598251851852,0.2500000000000001,12.0,3968.507684500015
980,0.8540598251851852,0.7502092556018518,0.3840598251851852,0.2500000000000001,11.0,3970.0826223000186
981,0.8655921464814815,0.7502092556018518,0.4033699242592592,0.2222222222222222,12.0,3970.878450100019
982,0.8840589522222223,0.7502092556018518,0.4064663596296296,0.21759259259259267,13.0,3971.9251211000374
983,0.9070092325000001,0.7502092556018518,0.3692314547222222,0.2777777777777778,13.0,3973.249703600013
984,0.8832825000925927,0.7502092556018518,0.40106027787037035,0.2222222222222222,13.0,3974.1560932000284
985,0.8800600554629631,0.7502092556018518,0.4024674628703704,0.21759259259259267,13.0,3974.96693960001
986,0.8855347532407408,0.7502092556018518,0.4033125310185185,0.2222222222222222,13.0,3976.0792786999955
987,0.8963212947268518,0.7502092556018518,0.37854351694907407,0.2777777777777779,12.0,3977.7362753000343
988,0.8634753602314814,0.7502092556018518,0.39347536023148144,0.2500000000000001,11.0,3980.6074119000114
989,0.9195226842129629,0.7502092556018518,0.4263745360648148,0.27314814814814814,11.0,3990.2003647999954
990,0.8836985302824074,0.7502092556018518,0.3936985302824074,0.2500000000000001,12.0,3991.725790700002
991,0.9000699123148147,0.7502092556018518,0.41469954194444447,0.24537037037037046,12.0,3997.032864500012
992,0.8996861178240741,0.7502092556018518,0.4143157474537037,0.24537037037037046,12.0,3999.202316400013
993,0.9444814396296296,0.7502092556018518,0.3572592174074074,0.3472222222222223,12.0,4002.064493699989
994,0.9167879302314815,0.7502092556018518,0.42067681912037036,0.23611111111111116,13.0,4003.0951657000114
995,0.8873973641666668,0.7502092556018518,0.36498995675925927,0.28240740740740755,12.0,4011.5422746000113
996,0.8974168269907409,0.7502092556018518,0.38741682699074076,0.2500000000000001,13.0,4014.4375392000074
997,0.8858845056944445,0.7502092556018518,0.36810672791666665,0.2777777777777778,12.0,4015.1749710000004
998,0.8982904074074075,0.7502092556018518,0.3882904074074074,0.2500000000000001,13.0,4015.9666702999966
999,0.9106798275000001,0.7502092556018518,0.31105019787037036,0.37962962962962965,11.0,4017.7620828000363
1000,0.9004063905555557,0.7502092556018518,0.34559157574074073,0.314814814814815,12.0,4019.898453300004
