Iteration,obj,obj_bound,cost,loss,comp,time
1,1.1124919155909092,1.1108860263181817,0.045219188318181815,0.9272727272727272,7.0,1.1709977999562398
2,1.132491915590909,1.1108860263181817,0.045219188318181815,0.9272727272727272,8.0,1.8848177999607287
3,1.1416058892727272,1.1108860263181817,0.036151343818181816,0.9454545454545454,8.0,2.8517577999737114
4,1.1616058892727272,1.1108860263181817,0.036151343818181816,0.9454545454545454,9.0,3.669698099954985
5,1.1337596767727274,1.1108860263181817,0.07466876768181818,0.8590909090909091,10.0,5.290280399960466
6,1.1537596767727274,1.1108860263181817,0.07466876768181818,0.8590909090909091,11.0,6.677944999944884
7,1.169613367590909,1.1108860263181817,0.07506791304545456,0.8545454545454545,12.0,8.389302499999758
8,1.189613367590909,1.1108860263181817,0.07506791304545456,0.8545454545454545,13.0,9.504254999978002
9,1.1331817059545455,1.1108860263181817,0.15045443322727273,0.7227272727272727,13.0,14.673950199969113
10,1.1485008226363638,1.1108860263181817,0.15031900445454544,0.7181818181818183,14.0,15.50838269997621
11,1.1486309535,1.1108860263181817,0.16226731713636364,0.6863636363636363,15.0,16.683075499953702
12,1.1286309535,1.1108860263181817,0.16226731713636364,0.6863636363636363,14.0,17.28712449996965
13,1.1410091893636365,1.1108860263181817,0.16828191663636363,0.6727272727272726,15.0,18.699158599949442
14,1.1467605542272727,1.1108860263181817,0.1949423724090909,0.6318181818181818,16.0,19.243250100000296
15,1.1343823183636363,1.1108860263181817,0.1889277729090909,0.6454545454545455,15.0,19.84713379997993
16,1.1485008226363638,1.1108860263181817,0.15031900445454544,0.7181818181818183,14.0,22.30628349998733
17,1.0329787824545456,1.0329787824545456,0.2593424188181819,0.5136363636363637,13.0,35.38798229995882
18,1.0590578350454547,1.0329787824545456,0.2036032895909091,0.5954545454545455,13.0,41.59596439998131
19,1.040976772,1.0329787824545456,0.20552222654545452,0.5954545454545455,12.0,48.646572199999355
20,1.064738335545909,1.0329787824545456,0.14019288100045454,0.7045454545454546,11.0,58.34667649999028
21,1.0645356186822728,1.0329787824545456,0.13999016413681817,0.7045454545454546,11.0,58.774612899986096
22,1.0645356186822728,1.0329787824545456,0.13999016413681817,0.7045454545454546,11.0,63.26090839999961
23,1.0815826865913636,1.0329787824545456,0.14158268659136364,0.7,12.0,66.17042499996023
24,1.0854241997272727,1.0329787824545456,0.152696927,0.6727272727272727,13.0,66.94573339994531
25,1.0778740471545456,1.0329787824545456,0.15696495624545453,0.640909090909091,14.0,69.20658099994762
26,1.0739399455636365,1.0329787824545456,0.18303085465454544,0.590909090909091,15.0,71.44892579998123
27,1.0415211804727273,1.0329787824545456,0.2351575441090909,0.48636363636363644,16.0,73.2372465999797
28,0.9964159926818182,0.9964159926818182,0.27550690177272724,0.4409090909090909,14.0,86.62832429999253
29,0.9853210736363636,0.9853210736363636,0.28441198272727275,0.4409090909090909,13.0,89.31290899997111
30,1.0003339486818181,0.9853210736363636,0.28851576686363634,0.4318181818181819,14.0,90.65994439995848
31,0.9851713094090908,0.9851713094090908,0.34426221850000005,0.34090909090909083,15.0,92.92075150000164
32,1.0051713094090908,0.9851713094090908,0.34426221850000005,0.34090909090909083,16.0,93.36358189996099
33,1.0215880120454546,0.9851713094090908,0.3452243756818182,0.3363636363636363,17.0,93.70705109997652
34,1.055291273590909,0.9851713094090908,0.0852912735909091,0.85,6.0,101.05166699999245
35,1.075291273590909,0.9851713094090908,0.0852912735909091,0.85,7.0,103.9802707999479
36,1.078181218909091,0.9851713094090908,0.11818121890909092,0.8,8.0,105.97637449996546
37,1.0575336719090909,0.9851713094090908,0.11753367190909092,0.8,7.0,113.95950349996565
38,1.0259199292727275,0.9851713094090908,0.055010838363636363,0.8909090909090909,4.0,121.42386359994998
39,1.0247147941363637,0.9851713094090908,0.08835115777272727,0.8363636363636364,5.0,124.13550369994482
40,1.0575026141331818,0.9851713094090908,0.043866250496818186,0.9136363636363636,5.0,131.16015709994826
41,1.102977625724091,0.9851713094090908,0.002977625724090909,1.0,5.0,139.40217619994655
42,1.1080178315422726,0.9851713094090908,0.02438146790590909,0.9636363636363636,6.0,141.62176319997525
43,1.0903603976331817,0.9851713094090908,0.0776331249059091,0.8727272727272728,7.0,147.45232959999703
44,1.067382771909091,0.9851713094090908,0.07465549918181819,0.8727272727272728,6.0,148.17767629999435
45,1.0505412345454546,0.9851713094090908,0.07145032545454545,0.8590909090909091,6.0,152.92455399996834
46,1.0599467954090909,0.9851713094090908,0.0881286135909091,0.8318181818181818,7.0,153.8881005999865
47,0.9788442342727273,0.9788442342727273,0.24157150699999996,0.5772727272727273,8.0,157.49137629999314
48,0.9972789103181818,0.9788442342727273,0.2400061830454545,0.5772727272727274,9.0,158.32486029999563
49,1.0148540409545455,0.9788442342727273,0.23758131368181817,0.5772727272727274,10.0,161.71390350000001
50,1.0336667133636364,0.9788442342727273,0.2409394406363636,0.5727272727272728,11.0,161.9440351999947
51,1.0490482587272725,0.9788442342727273,0.24086644054545456,0.5681818181818183,12.0,162.78483189997496
52,1.0448153946818182,0.9788442342727273,0.2366335765,0.5681818181818182,12.0,163.44322619994637
53,1.0614736223636363,0.9788442342727273,0.24238271327272726,0.5590909090909091,13.0,166.68023149995133
54,1.0781451744090909,0.9788442342727273,0.24359971986363635,0.5545454545454547,14.0,168.40663699997822
55,1.0981451744090909,0.9788442342727273,0.24359971986363635,0.5545454545454547,15.0,170.26343959994847
56,1.1153656970454546,0.9788442342727273,0.24991115159090907,0.5454545454545455,16.0,171.81722059997264
57,1.0830474006363635,0.9788442342727273,0.2721383097272727,0.49090909090909096,16.0,173.05168789997697
58,1.061080235818182,0.9788442342727273,0.32108023581818174,0.4,17.0,176.35742580000078
59,1.0444086837727273,0.9788442342727273,0.31986322922727267,0.40454545454545454,16.0,178.21257149998564
60,1.0161991429090909,0.9788442342727273,0.36710823381818175,0.3090909090909091,17.0,179.75254570000106
61,1.031296916681818,0.9788442342727273,0.3385696439545454,0.3727272727272728,16.0,180.9624302999582
62,1.0732640814999999,0.9788442342727273,0.28962771786363634,0.4636363636363636,16.0,184.8193693999783
63,1.0789801262272727,0.9788442342727273,0.3162528535,0.42272727272727284,17.0,186.00885289994767
64,1.087420747090909,0.9788442342727273,0.32287529254545455,0.40454545454545454,18.0,188.8799579999759
65,1.087420747090909,0.9788442342727273,0.32287529254545455,0.40454545454545454,18.0,188.97259069996653
66,1.0928948577272726,0.9788442342727273,0.35380394863636366,0.35909090909090924,19.0,190.14611459994921
67,1.1098805495,0.9788442342727273,0.35533509495454546,0.3545454545454547,20.0,190.8358569999691
68,1.1284716255454545,0.9788442342727273,0.353926171,0.3545454545454547,21.0,191.20352229999844
69,1.1084716255454545,0.9788442342727273,0.353926171,0.3545454545454547,20.0,194.55668239999795
70,1.1148958963636364,0.9788442342727273,0.36035044181818177,0.3545454545454547,20.0,195.49988189997384
71,1.1361464253636362,0.9788442342727273,0.35705551627272725,0.35909090909090935,21.0,196.31500489998143
72,1.0760919705909089,0.9788442342727273,0.4224556069545454,0.21363636363636396,22.0,199.82865529996343
73,1.0591062788181815,0.9788442342727273,0.42092446063636363,0.21818181818181848,21.0,199.99552319996292
74,1.0591062788181815,0.9788442342727273,0.42092446063636363,0.21818181818181848,21.0,200.09261539997533
75,1.0536321681818182,0.9788442342727273,0.3899958045454545,0.2636363636363639,20.0,200.92471169994678
76,1.0818417090454544,0.9788442342727273,0.34275079995454544,0.35909090909090935,19.0,202.93672569998307
77,1.0818417090454544,0.9788442342727273,0.34275079995454544,0.35909090909090935,19.0,203.0419896999956
78,1.1489308650909091,0.9788442342727273,0.29347631963636367,0.4954545454545456,18.0,209.18510509998305
79,1.1676652175454545,0.9788442342727273,0.2922106720909091,0.4954545454545457,19.0,210.43696889997227
80,1.1447659276363635,0.9788442342727273,0.2874932003636364,0.4772727272727275,19.0,213.35008089995245
81,1.1568586599545454,0.9788442342727273,0.29322229631818186,0.46363636363636385,20.0,215.13995829998748
82,1.1667314703636362,0.9788442342727273,0.30127692490909097,0.44545454545454566,21.0,218.08628969994606
83,1.2647445056922728,0.9788442342727273,0.1465626875104545,0.7181818181818183,20.0,220.51487119996455
84,1.283188524465,0.9788442342727273,0.14955216082863632,0.7136363636363636,21.0,220.98825239995494
85,1.2658813641922728,0.9788442342727273,0.1476995460104545,0.7181818181818183,20.0,221.57296119997045
86,1.2713554748286364,0.9788442342727273,0.1786282021013636,0.6727272727272728,21.0,222.71158599999035
87,1.2460001638286362,0.9788442342727273,0.25145470928318175,0.5545454545454547,22.0,224.79544509999687
88,1.2631592473545454,0.9788442342727273,0.24861379280909085,0.5545454545454547,23.0,225.6547151999548
89,1.2778735069909088,0.9788442342727273,0.24332805244545452,0.5545454545454547,24.0,226.6786393999937
90,1.2961463972181817,0.9788442342727273,0.24614639721818177,0.55,25.0,226.9232332999818
91,1.2961463972181817,0.9788442342727273,0.24614639721818177,0.55,25.0,227.05899719998706
92,1.3146309864454544,0.9788442342727273,0.2446309864454545,0.55,26.0,227.6681195999845
93,1.3399862974454546,0.9788442342727273,0.17180447926363634,0.6681818181818182,25.0,228.03399989998434
94,1.3860315582181817,0.9788442342727273,0.11057701276363636,0.7954545454545454,24.0,229.8429742999724
95,1.3643096084454545,0.9788442342727273,0.1088550629909091,0.7954545454545454,23.0,230.01294529996812
96,1.3826367496727272,0.9788442342727273,0.11172765876363636,0.7909090909090909,24.0,230.22561079997104
97,1.3641521604454543,0.9788442342727273,0.11324306953636364,0.7909090909090909,23.0,230.8072216999717
98,1.3356739397636361,0.9788442342727273,0.11112848521818182,0.8045454545454546,21.0,231.50369309994858
99,1.3204393085454544,0.9788442342727273,0.13680294490909092,0.7636363636363636,21.0,233.36632149998331
100,1.2980519210454546,0.9788442342727273,0.13896101195454547,0.759090909090909,20.0,233.63066019996768
101,1.2547764343181818,0.9788442342727273,0.18023097977272728,0.6545454545454545,21.0,234.81227109994506
102,1.1998508999545454,0.9788442342727273,0.1325781726818182,0.7272727272727273,17.0,236.19804249994922
103,1.1828333446818182,0.9788442342727273,0.12192425377272727,0.740909090909091,16.0,239.52260089997435
104,1.1170742071363635,0.9788442342727273,0.05707420713636364,0.9,8.0,245.5972836999572
105,1.0962160245454544,0.9788442342727273,0.08439784272727271,0.8318181818181818,9.0,247.06826499995077
106,1.1034807457272726,0.9788442342727273,0.09438983663636363,0.8090909090909091,10.0,248.87145579996286
107,1.0744369097727273,0.9788442342727273,0.12898236431818183,0.7454545454545455,10.0,250.20267369999783
108,1.0916726582368181,0.9788442342727273,0.10530902187318181,0.7863636363636364,10.0,252.31883209996158
109,1.1552276302727273,0.9788442342727273,0.04613672118181818,0.9090909090909091,10.0,254.30480409995653
110,1.1627645979545453,0.9788442342727273,0.03549187068181818,0.9272727272727272,10.0,254.78828909998992
111,1.1759169556363636,0.9788442342727273,0.03773513745454546,0.9181818181818182,11.0,256.8577521999832
112,1.1950053623636363,0.9788442342727273,0.01136899872727273,0.9636363636363636,11.0,258.33729539997876
113,1.181853004681818,0.9788442342727273,0.009125731954545455,0.9727272727272728,10.0,258.8110999999917
114,1.1988031558636363,0.9788442342727273,0.015166792227272727,0.9636363636363636,11.0,259.91699579998385
115,1.197537465090909,0.9788442342727273,0.018446556000000003,0.9590909090909091,11.0,261.9378888999927
116,1.1326377481363636,0.9788442342727273,0.018092293590909088,0.9545454545454546,8.0,265.4364785999642
117,1.1284558391363635,0.9788442342727273,0.018455839136363634,0.95,8.0,267.2672536999453
118,1.1284558391363635,0.9788442342727273,0.018455839136363634,0.95,8.0,267.3518325999612
119,1.1264559079090908,0.9788442342727273,0.021001362454545452,0.9454545454545454,8.0,269.41049270000076
120,1.1464559079090908,0.9788442342727273,0.021001362454545452,0.9454545454545454,9.0,270.77857359999325
121,1.1277937485454543,0.9788442342727273,0.02233920309090909,0.9454545454545454,8.0,271.1058109999867
122,1.1484412955454544,0.9788442342727273,0.022986750090909093,0.9454545454545454,9.0,272.3510219999589
123,1.1684412955454544,0.9788442342727273,0.022986750090909093,0.9454545454545454,10.0,274.1467145999777
124,1.1667593505,0.9788442342727273,0.021304805045454546,0.9454545454545454,10.0,274.5086076000007
125,1.1194954176363636,0.9788442342727273,0.0876772358181818,0.8318181818181818,10.0,276.29888459999347
126,1.1394954176363636,0.9788442342727273,0.0876772358181818,0.8318181818181818,11.0,287.47936149995076
127,1.0609639641363635,0.9788442342727273,0.13369123686363635,0.7272727272727273,10.0,291.2519862999907
128,1.0722124020454544,0.9788442342727273,0.1385760384090909,0.7136363636363636,11.0,291.6596811999916
129,1.0590737875,0.9788442342727273,0.16452833295454544,0.6545454545454545,12.0,294.0368407999631
130,1.0133286462363635,0.9788442342727273,0.10696500987272728,0.7863636363636364,6.0,300.628511399962
131,0.9912792119181818,0.9788442342727273,0.14218830282727274,0.7090909090909091,7.0,302.97840759996325
132,1.079030960690909,0.9788442342727273,0.05721277887272727,0.8818181818181818,7.0,309.0840901999618
133,1.1011494222727274,0.9788442342727273,0.05660396772727273,0.9045454545454545,7.0,322.03387699997984
134,1.0483135366818181,0.9788442342727273,0.12467717304545456,0.7636363636363637,8.0,325.74376119999215
135,1.057662612681818,0.9788442342727273,0.12311715813636365,0.7545454545454546,9.0,327.2145958999754
136,1.0804023138181817,0.9788442342727273,0.13494776836363637,0.7454545454545455,10.0,328.34042889997363
137,1.1004023138181818,0.9788442342727273,0.13494776836363637,0.7454545454545455,11.0,329.7872034999891
138,1.1131935682727272,0.9788442342727273,0.14592084100000002,0.7272727272727273,12.0,331.6593023999594
139,1.1004023138181818,0.9788442342727273,0.13494776836363637,0.7454545454545455,11.0,333.0880938999471
140,1.1128663411318183,0.9788442342727273,0.15013906840454547,0.7227272727272727,12.0,335.42897789995186
141,1.1128663411318183,0.9788442342727273,0.15013906840454547,0.7227272727272727,12.0,335.5166893999558
142,1.1826879184954546,0.9788442342727273,0.08359700940454545,0.8590909090909091,12.0,342.04834179999307
143,1.1826879184954546,0.9788442342727273,0.08359700940454545,0.8590909090909091,12.0,343.5697538999957
144,1.1513511110913637,0.9788442342727273,0.14135111109136364,0.75,13.0,346.6276265999768
145,1.1513511110913637,0.9788442342727273,0.14135111109136364,0.75,13.0,346.7114809999475
146,1.1513511110913637,0.9788442342727273,0.14135111109136364,0.75,13.0,346.8052167999558
147,1.1713511110913637,0.9788442342727273,0.14135111109136364,0.75,14.0,349.05658619996393
148,1.1713511110913637,0.9788442342727273,0.14135111109136364,0.75,14.0,349.1421069999924
149,1.0850739381772727,0.9788442342727273,0.21871030181363635,0.5863636363636364,14.0,352.2514542999561
150,1.0650739381772727,0.9788442342727273,0.21871030181363635,0.5863636363636364,13.0,354.3733153999783
151,1.1608887418136364,0.9788442342727273,0.12361601454090909,0.7772727272727273,13.0,356.0176763999625
152,1.1408887418136364,0.9788442342727273,0.12361601454090909,0.7772727272727273,12.0,357.11031479999656
153,1.1067221537272727,0.9788442342727273,0.18217669918181817,0.7045454545454546,11.0,360.71388399996795
154,1.1099213709545455,0.9788442342727273,0.18083046186363635,0.7090909090909092,11.0,372.3512532999739
155,1.1287063990909092,0.9788442342727273,0.09234276272727271,0.8363636363636364,10.0,375.0986915999674
156,1.0705484318636365,0.9788442342727273,0.17509388640909093,0.6954545454545455,10.0,379.4011080999626
157,1.0905484318636365,0.9788442342727273,0.17509388640909093,0.6954545454545455,11.0,380.1846031000023
158,1.011189425181818,0.9788442342727273,0.2893712433636364,0.4818181818181819,12.0,385.24427709996235
159,1.0299173122727274,0.9788442342727273,0.2971900395454546,0.4727272727272728,13.0,385.8425875999965
160,1.08497597885,0.9788442342727273,0.15861234248636363,0.6863636363636364,12.0,401.97099669999443
161,1.0898833414863638,0.9788442342727273,0.18897425057727274,0.6409090909090909,13.0,404.1562269999995
162,1.0894253863954546,0.9788442342727273,0.21851629548636364,0.5909090909090909,14.0,406.03618449997157
163,1.1041416754863638,0.9788442342727273,0.23141440275909092,0.5727272727272728,15.0,407.3611028000014
164,1.1209216356409093,0.9788442342727273,0.23728527200454547,0.5636363636363637,16.0,407.81492229999276
165,1.140921635640909,0.9788442342727273,0.23728527200454547,0.5636363636363637,17.0,410.12512469996
166,1.1595144895954546,0.9788442342727273,0.24951448959545458,0.55,18.0,410.90677770000184
167,1.1395144895954548,0.9788442342727273,0.24951448959545458,0.55,17.0,426.3075443999842
168,1.1561901978227271,0.9788442342727273,0.25528110691363637,0.5409090909090909,18.0,427.3965940999915
169,1.1395144895954548,0.9788442342727273,0.24951448959545458,0.55,17.0,428.37606349994894
170,1.152786020868182,0.9788442342727273,0.20551329359545456,0.6272727272727272,16.0,430.03774079994764
171,1.1600750237772728,0.9788442342727273,0.21734775105000004,0.6227272727272727,16.0,430.88323619996663
172,1.152513084368182,0.9788442342727273,0.21887672073181821,0.6136363636363636,16.0,431.998956299969
173,1.1644065045045455,0.9788442342727273,0.18986104995909095,0.6545454545454545,16.0,435.1176966999774
174,1.1267330232318182,0.9788442342727273,0.25673302323181824,0.55,16.0,437.42502919997787
175,1.1264459898363637,0.9788442342727273,0.2519005352909091,0.5545454545454546,16.0,439.80229749996215
176,1.1023447176863637,0.9788442342727273,0.2477992631409091,0.5545454545454546,15.0,441.4390386999585
177,1.1104050411363637,0.9788442342727273,0.26949595022727274,0.5409090909090909,15.0,443.4769632999669
178,1.127476339,0.9788442342727273,0.27111270263636367,0.5363636363636364,16.0,443.7202022999991
179,1.1413858534545456,0.9788442342727273,0.2832040352727273,0.5181818181818182,17.0,444.6545087999548
180,1.147266412618182,0.9788442342727273,0.27817550352727277,0.5090909090909091,18.0,445.81377069995506
181,1.1489235466363636,0.9788442342727273,0.24528718300000002,0.5636363636363636,17.0,447.81148329999996
182,1.1360269051363636,0.9788442342727273,0.23420872331818182,0.5818181818181818,16.0,448.73120499996
183,1.1604068824545455,0.9788442342727273,0.2785887006363636,0.5818181818181818,15.0,453.98279329994693
184,1.1722570211363637,0.9788442342727273,0.2840752029545454,0.5681818181818181,16.0,455.53381199995056
185,1.1671064242272726,0.9788442342727273,0.30165187877272726,0.5454545454545454,16.0,457.11017329996685
186,1.1392908355,0.9788442342727273,0.30292719913636357,0.5363636363636364,15.0,459.3006732999929
187,1.1317531423181817,0.9788442342727273,0.3408440514090909,0.49090909090909096,15.0,460.86131399997976
188,1.1235226329681818,0.9788442342727273,0.2962499056954545,0.5272727272727272,15.0,463.5470868999837
189,1.1089618100136363,0.9788442342727273,0.3298709009227272,0.4590909090909091,16.0,464.8967151999823
190,1.1074410726954544,0.9788442342727273,0.3492592545136364,0.4181818181818182,17.0,466.7231723999721
191,1.104178709609091,0.9788442342727273,0.34781507324545446,0.4363636363636364,16.0,467.94442729995353
192,1.1147008549727273,0.9788442342727273,0.36106449133636365,0.4136363636363636,17.0,468.5235473999637
193,1.1046811552,0.9788442342727273,0.37104479156363634,0.4136363636363636,16.0,468.8057148999651
194,1.112496819109091,0.9788442342727273,0.3815877282,0.3909090909090909,17.0,469.35647449997487
195,1.1210732515636364,0.9788442342727273,0.3992550697454545,0.38181818181818183,17.0,470.59473589999834
196,1.1210732515636364,0.9788442342727273,0.3992550697454545,0.38181818181818183,17.0,472.17343889997574
197,1.1319443528818183,0.9788442342727273,0.43558071651818175,0.3363636363636364,18.0,473.8932191999629
198,1.1491619805636364,0.9788442342727273,0.4373437987454545,0.3318181818181818,19.0,475.5136946999701
199,1.1644151227,0.9788442342727273,0.33986966815454545,0.5045454545454545,16.0,477.4004997999873
200,1.1721504653363637,0.9788442342727273,0.3294231926090909,0.5227272727272727,16.0,478.62804329994833
201,1.1888286799727272,0.9788442342727273,0.3306468617909091,0.5181818181818181,17.0,479.2600273999851
202,1.1973681356545454,0.9788442342727273,0.3210044992909091,0.5363636363636364,17.0,480.4467698999797
203,1.1425296276545454,0.9788442342727273,0.2388932640181818,0.5636363636363636,17.0,485.2663985999534
204,1.0477108066545453,0.9788442342727273,0.3286198975636364,0.3590909090909091,18.0,487.3542219999945
205,1.0810770548181818,0.9788442342727273,0.2101679639090909,0.5909090909090909,14.0,494.47809269995196
206,1.0790955076363637,0.9788442342727273,0.21273187127272727,0.5863636363636364,14.0,495.16185029997723
207,1.098517708909091,0.9788442342727273,0.21215407254545454,0.5863636363636364,15.0,495.43433749995893
208,1.1132493047727274,0.9788442342727273,0.21597657750000002,0.5772727272727273,16.0,496.2311101999949
209,1.130460049409091,0.9788442342727273,0.2177327766818182,0.5727272727272728,17.0,497.17604989995016
210,1.1256679255454547,0.9788442342727273,0.22657701645454545,0.5590909090909091,17.0,498.21518020000076
211,1.1269282887272727,0.9788442342727273,0.25329192509090914,0.5136363636363637,18.0,499.82010769995395
212,1.145579540681818,0.9788442342727273,0.25194317704545455,0.5136363636363637,19.0,500.6163204999757
213,1.1283687960454545,0.9788442342727273,0.2501869778636364,0.5181818181818182,18.0,501.48058609996224
214,1.1207244245454544,0.9788442342727273,0.25617897,0.5045454545454546,18.0,502.71556129999226
215,1.1017225880000001,0.9788442342727273,0.2571771334545455,0.5045454545454546,17.0,503.50578599999426
216,1.1261316747727275,0.9788442342727273,0.2570407656818182,0.5090909090909091,18.0,504.6808390999795
217,1.14101974,0.9788442342727273,0.26101974,0.5,19.0,505.0993368999916
218,1.141769751090909,0.9788442342727273,0.24995156927272727,0.5318181818181819,18.0,508.31495929998346
219,1.1604023206500003,0.9788442342727273,0.24858413883181818,0.5318181818181819,19.0,508.62648369994713
220,1.0938787958454546,0.9788442342727273,0.21660606857272724,0.5772727272727273,15.0,515.1259107999504
221,1.0865963075272727,0.9788442342727273,0.2065963075272727,0.6,14.0,516.1264318999602
222,1.0621872207545453,0.9788442342727273,0.20673267529999997,0.5954545454545455,13.0,516.6231122999452
223,1.0383126811636363,0.9788442342727273,0.2028581357090909,0.5954545454545455,12.0,517.361453599995
224,1.0548343408454544,0.9788442342727273,0.21301615902727272,0.5818181818181818,13.0,518.3195202999632
225,1.0673412068454544,0.9788442342727273,0.20097757048181816,0.5863636363636364,14.0,521.4397196999635
226,1.0673412068454544,0.9788442342727273,0.20097757048181816,0.5863636363636364,14.0,522.3119006999768
227,1.0616726275,0.9788442342727273,0.20894535477272724,0.5727272727272728,14.0,523.3079171999707
228,1.0887857653636364,0.9788442342727273,0.19514940172727271,0.6136363636363636,14.0,525.2437480999506
229,1.0602290820454545,0.9788442342727273,0.19568362749999998,0.6045454545454545,13.0,526.5379779999494
230,1.0747266419636363,0.9788442342727273,0.19472664196363634,0.6,14.0,527.5874836999574
231,1.0926220822818182,0.9788442342727273,0.1971675368272727,0.5954545454545455,15.0,527.8711671999772
232,1.0926220822818182,0.9788442342727273,0.1971675368272727,0.5954545454545455,15.0,528.9875461999909
233,1.1126220822818182,0.9788442342727273,0.1971675368272727,0.5954545454545455,16.0,530.2190874999505
234,1.1105692270545455,0.9788442342727273,0.22056922705454543,0.55,17.0,531.2518670999561
235,1.1053193857818184,0.9788442342727273,0.2289557494181818,0.5363636363636364,17.0,534.7857253999682
236,1.1053193857818184,0.9788442342727273,0.2289557494181818,0.5363636363636364,17.0,536.0534875000012
237,1.1126602493272728,0.9788442342727273,0.22720570387272726,0.5454545454545454,17.0,539.0299842999666
238,1.1126602493272728,0.9788442342727273,0.22720570387272726,0.5454545454545454,17.0,540.9741938999505
239,1.010506932459091,0.9788442342727273,0.19505238700454544,0.5954545454545455,11.0,546.7639444999513
240,1.0305069324590908,0.9788442342727273,0.19505238700454544,0.5954545454545455,12.0,551.366925099981
241,1.037850763140909,0.9788442342727273,0.20512349041363634,0.5727272727272728,13.0,552.4113476999919
242,1.057850763140909,0.9788442342727273,0.20512349041363634,0.5727272727272728,14.0,553.9402144999476
243,1.06359365205,0.9788442342727273,0.21813910659545455,0.5454545454545454,15.0,555.5922674999456
244,1.0447739034136363,0.9788442342727273,0.23568299432272727,0.509090909090909,15.0,557.122894399974
245,1.0471316643681818,0.9788442342727273,0.23349530073181818,0.5136363636363637,15.0,559.8573058999609
246,1.0586075823227272,0.9788442342727273,0.20588030959545453,0.5727272727272728,14.0,561.2622063999879
247,1.0599461142318183,0.9788442342727273,0.1954006596863636,0.6045454545454545,13.0,564.0748562999652
248,1.0663937647772728,0.9788442342727273,0.19730285568636363,0.6090909090909091,13.0,566.1112726999563
249,1.0643663084136366,0.9788442342727273,0.1998208538681818,0.6045454545454545,13.0,567.2109752999968
250,1.0387810785454543,0.9788442342727273,0.134235624,0.7045454545454546,10.0,574.6589435999631
251,1.004454616272727,0.9788442342727273,0.16081825263636362,0.6636363636363636,9.0,579.2784615999553
252,1.0185999951363636,0.9788442342727273,0.17314544968181816,0.6454545454545455,10.0,580.2305083999527
253,1.0328206547727272,0.9788442342727273,0.1764570184090909,0.6363636363636364,11.0,581.1797391999862
254,1.0185128576363636,0.9788442342727273,0.17305831218181816,0.6454545454545455,10.0,582.1125712999492
255,1.0357720230454543,0.9788442342727273,0.1748629321363636,0.6409090909090909,11.0,582.9489973000018
256,1.0557720230454544,0.9788442342727273,0.1748629321363636,0.6409090909090909,12.0,583.3863704999676
257,1.0514471708181816,0.9788442342727273,0.1632653526363636,0.6681818181818182,11.0,584.6116690999479
258,1.0488301712272725,0.9788442342727273,0.16973926213636364,0.6590909090909091,11.0,585.4829344999744
259,1.0454487635909089,0.9788442342727273,0.16181239995454544,0.6636363636363636,11.0,586.9652864999953
260,1.048065763181818,0.9788442342727273,0.15533849045454545,0.6727272727272727,11.0,587.3540954999626
261,1.068065763181818,0.9788442342727273,0.15533849045454545,0.6727272727272727,12.0,588.9971838999772
262,1.0709358789545453,0.9788442342727273,0.1791176971363636,0.6318181818181818,13.0,589.610884499969
263,1.0602590452272727,0.9788442342727273,0.17480449977272727,0.6454545454545455,12.0,589.8987915999605
264,1.0429998798181817,0.9788442342727273,0.17299987981818182,0.65,11.0,590.9336103999522
265,1.0402652517272726,0.9788442342727273,0.1702652517272727,0.65,11.0,592.982292199973
266,1.0503312707272725,0.9788442342727273,0.1785130889090909,0.6318181818181818,12.0,594.2876624999917
267,1.066768263909091,0.9788442342727273,0.17949553663636364,0.6272727272727272,13.0,595.1995892999694
268,1.0317765587272727,0.9788442342727273,0.18904928599999998,0.6227272727272728,11.0,600.3273412999697
269,1.0517765587272727,0.9788442342727273,0.18904928599999998,0.6227272727272728,12.0,605.6917928999756
270,1.0368985489090907,0.9788442342727273,0.19417127618181818,0.6227272727272728,11.0,606.8911877999781
271,1.0256158672727271,0.9788442342727273,0.25379768545454545,0.5318181818181817,12.0,611.1793779999716
272,1.0331488002272726,0.9788442342727273,0.2204215275,0.5727272727272728,12.0,614.4393210999551
273,1.0502245237727272,0.9788442342727273,0.2220427055909091,0.5681818181818181,13.0,615.054814299976
274,1.0417391854545452,0.9788442342727273,0.2153755490909091,0.5863636363636364,12.0,619.1705774999573
275,1.0191224989545453,0.9788442342727273,0.24730431713636364,0.5318181818181817,12.0,624.6506776999449
276,1.038886364,0.9788442342727273,0.2470681821818182,0.5318181818181817,13.0,625.559469299973
277,1.0253200783863636,0.9788442342727273,0.27713826020454546,0.46818181818181825,14.0,626.5135231999448
278,1.0111445980227272,0.9788442342727273,0.26932641620454545,0.4818181818181819,13.0,627.3035893999622
279,1.0188891530681818,0.9788442342727273,0.2934346076136364,0.44545454545454555,14.0,628.8014040999697
280,1.0382095015227273,0.9788442342727273,0.29275495606818186,0.44545454545454555,15.0,629.5775335999788
281,1.0348355370681819,0.9788442342727273,0.2893809916136364,0.44545454545454555,15.0,630.5382287999964
282,1.0226856188181819,0.9788442342727273,0.28995834609090904,0.4727272727272728,13.0,641.8556641999749
283,1.0663163289090911,0.9788442342727273,0.24722541981818186,0.5590909090909091,13.0,650.7470468999818
284,1.0899954051363636,0.9788442342727273,0.10817722331818182,0.7818181818181819,10.0,651.623542199959
285,1.0878596333181818,0.9788442342727273,0.061495996954545454,0.8863636363636364,7.0,657.5745479999459
286,1.106587520409091,0.9788442342727273,0.06931479313636363,0.8772727272727273,8.0,657.8286912999465
287,1.1070934251363636,0.9788442342727273,0.06072978877272727,0.8863636363636364,8.0,660.3168340999982
288,1.0346440811363635,0.9788442342727273,0.14100771749999996,0.7136363636363636,9.0,663.1176302999957
289,1.0139965341363635,0.9788442342727273,0.14036017049999996,0.7136363636363636,8.0,666.786672999966
290,0.9949110578636364,0.9788442342727273,0.1412746942272727,0.7136363636363636,7.0,669.0351801999495
291,0.9741643896363636,0.9741643896363636,0.2114371169090909,0.6227272727272727,7.0,675.9360088999965
292,0.9941643896363637,0.9741643896363636,0.2114371169090909,0.6227272727272727,8.0,676.9632005000021
293,1.0141643896363637,0.9741643896363636,0.2114371169090909,0.6227272727272727,9.0,680.0739673999487
294,1.031783562818182,0.9741643896363636,0.2090562900909091,0.6227272727272727,10.0,680.4553414999973
295,1.031783562818182,0.9741643896363636,0.2090562900909091,0.6227272727272727,10.0,682.381050099968
296,1.051783562818182,0.9741643896363636,0.2090562900909091,0.6227272727272727,11.0,683.9883623999776
297,1.0476327021818181,0.9741643896363636,0.22581452036363636,0.5818181818181818,12.0,684.7592493999982
298,1.0109426090454547,0.9741643896363636,0.2736698817727273,0.4772727272727273,13.0,686.8213006999576
299,1.0226620219545457,0.9741643896363636,0.2835711128636364,0.4590909090909091,14.0,687.4195639999816
300,1.0109426090454547,0.9741643896363636,0.2736698817727273,0.4772727272727273,13.0,688.1807980999583
301,1.0109426090454547,0.9741643896363636,0.2736698817727273,0.4772727272727273,13.0,690.4103923999937
302,1.0259764218636365,0.9741643896363636,0.2959764218636364,0.44999999999999996,14.0,692.2359276999487
303,1.0252790063636366,0.9741643896363636,0.33891537,0.38636363636363646,15.0,693.5523719999474
304,1.013785843909091,0.9741643896363636,0.32742220754545454,0.38636363636363646,15.0,694.7204588999739
305,1.030896442818182,0.9741643896363636,0.3172600791818182,0.4136363636363636,15.0,695.5473579999525
306,1.030896442818182,0.9741643896363636,0.3172600791818182,0.4136363636363636,15.0,697.4665443999693
307,1.050896442818182,0.9741643896363636,0.3172600791818182,0.4136363636363636,16.0,697.7168877999648
308,1.0332772696363637,0.9741643896363636,0.31964090600000006,0.4136363636363636,15.0,697.9686878999928
309,1.051446098318182,0.9741643896363636,0.3178097346818182,0.4136363636363636,16.0,698.2074313999619
310,1.0640987266818183,0.9741643896363636,0.3104623630454546,0.4136363636363636,17.0,703.1091670999886
311,1.045929898,0.9741643896363636,0.31229353436363644,0.4136363636363636,16.0,703.2816588999704
312,1.0332772696363637,0.9741643896363636,0.31964090600000006,0.4136363636363636,15.0,707.9803061999846
313,1.054839504909091,0.9741643896363636,0.2457485958181818,0.509090909090909,15.0,714.5006125999498
314,1.074839504909091,0.9741643896363636,0.2457485958181818,0.509090909090909,16.0,718.3316084999824
315,1.054839504909091,0.9741643896363636,0.2457485958181818,0.509090909090909,15.0,718.4266634999658
316,1.0349631990000001,0.9741643896363636,0.24587228990909088,0.509090909090909,14.0,718.6096262999927
317,1.0263881807727273,0.9741643896363636,0.2300245444090909,0.5363636363636364,13.0,720.4149905999657
318,1.054494413727273,0.9741643896363636,0.20813077736363636,0.5863636363636364,13.0,721.5344216999947
319,1.0698946931818183,0.9741643896363636,0.21716742045454543,0.5727272727272728,14.0,722.2272359999479
320,1.0424333326363637,0.9741643896363636,0.21879696899999995,0.5636363636363637,13.0,724.903246599948
321,1.0608359955909092,0.9741643896363636,0.22174508649999997,0.5590909090909091,14.0,725.581059499993
322,1.072619945727273,0.9741643896363636,0.23625630936363634,0.5363636363636364,15.0,726.23041129997
323,1.0908840985909092,0.9741643896363636,0.15997500768181816,0.6909090909090909,12.0,738.5169746999745
324,1.1108840985909092,0.9741643896363636,0.15997500768181816,0.6909090909090909,13.0,740.853837099974
325,0.959669184909091,0.959669184909091,0.3496691849090909,0.3500000000000001,13.0,750.1407616999932
326,0.9306402873181818,0.9306402873181818,0.3470039236818182,0.36363636363636376,11.0,750.6489648999996
327,0.9317697317272728,0.9306402873181818,0.34358791354545454,0.3681818181818183,11.0,750.9737353999517
328,0.9470875551818183,0.9306402873181818,0.3479966460909091,0.3590909090909091,12.0,752.8190895000007
329,0.9386848695909092,0.9306402873181818,0.41050305140909094,0.2681818181818183,13.0,754.2897804999957
330,1.0424371986363636,0.9306402873181818,0.24789174409090908,0.5545454545454546,12.0,771.9935838999809
331,1.0588954237272727,0.9306402873181818,0.2488954237272727,0.55,13.0,772.2909957999946
332,1.0570928986363637,0.9306402873181818,0.2725474440909091,0.5045454545454546,14.0,780.1582106999704
333,1.0371732766363637,0.9306402873181818,0.25717327663636363,0.5,14.0,781.9282188999932
334,1.0493800555,0.9306402873181818,0.2511982373181818,0.5181818181818182,14.0,782.8794131999603
335,1.0391684752727275,0.9306402873181818,0.2591684752727273,0.5,14.0,783.3546513999463
336,1.0560596184545454,0.9306402873181818,0.260605073,0.4954545454545455,15.0,783.5917288999772
337,1.0354119997727274,0.9306402873181818,0.26904836340909094,0.48636363636363644,14.0,785.4932805999997
338,1.0429995805454546,0.9306402873181818,0.2629995805454546,0.5,14.0,785.7891901999828
339,1.0217540620454546,0.9306402873181818,0.2572086075,0.5045454545454545,13.0,787.3564046999672
340,1.0405744164545454,0.9306402873181818,0.24421078009090913,0.5363636363636364,13.0,798.6810678999755
341,1.0605744164545454,0.9306402873181818,0.24421078009090913,0.5363636363636364,14.0,799.5818730999599
342,1.0764875546045456,0.9306402873181818,0.24466937278636364,0.5318181818181819,15.0,800.109028899984
343,1.0885519634227272,0.9306402873181818,0.2503701452409091,0.5181818181818182,16.0,800.3861022999627
344,1.089959874090909,0.9306402873181818,0.24268714681818188,0.5272727272727273,16.0,801.1595485999715
345,1.1415337245454544,0.9306402873181818,0.17789736090909092,0.6636363636363636,15.0,809.4281784999766
346,1.0898275103181818,0.9306402873181818,0.24255478304545458,0.5272727272727273,16.0,809.7007312999922
347,1.044277127590909,0.9306402873181818,0.30882258213636365,0.3954545454545455,17.0,816.7506280999514
348,1.0305752657272726,0.9306402873181818,0.3060298111818182,0.40454545454545454,16.0,816.9463528999477
349,1.0305752657272726,0.9306402873181818,0.3060298111818182,0.40454545454545454,16.0,817.7487375999917
350,1.0145467819090908,0.9306402873181818,0.3763649637272728,0.31818181818181834,16.0,824.7605472999858
351,1.0297649866363636,0.9306402873181818,0.33431044118181824,0.3954545454545455,15.0,827.1634857999743
352,1.0497649866363636,0.9306402873181818,0.33431044118181824,0.3954545454545455,16.0,828.971113299951
353,1.0656827317727273,0.9306402873181818,0.3347736408636364,0.390909090909091,17.0,829.4966503999894
354,1.0717110471363636,0.9306402873181818,0.34807468350000004,0.36363636363636376,18.0,830.0541838999488
355,1.0900640679545455,0.9306402873181818,0.3464277043181819,0.36363636363636376,19.0,830.6861167000025
356,1.1065396823181817,0.9306402873181818,0.34744877322727274,0.35909090909090924,20.0,830.9670828999951
357,1.1045812844545453,0.9306402873181818,0.2836721935454546,0.44090909090909103,19.0,837.9750949000008
358,1.0754696860909092,0.9306402873181818,0.28092423154545454,0.4545454545454546,17.0,838.7015752999578
359,1.0857275922727274,0.9306402873181818,0.27754577409090914,0.46818181818181825,17.0,840.1160685999785
360,1.0856194486363637,0.9306402873181818,0.27471035772727276,0.49090909090909096,16.0,841.6809840999776
361,1.1843733914545453,0.9306402873181818,0.14346430054545453,0.740909090909091,15.0,851.8187762000016
362,1.198647814590909,0.9306402873181818,0.14682963277272726,0.7318181818181818,16.0,852.779100499989
363,1.1433316179545454,0.9306402873181818,0.16151343613636365,0.6818181818181819,15.0,855.7799088999745
364,1.1290571948181816,0.9306402873181818,0.15814810390909093,0.6909090909090909,14.0,856.6237568999641
365,1.1372514397272728,0.9306402873181818,0.13179689427272728,0.7454545454545455,13.0,859.8896854999475
366,1.060647547,0.9306402873181818,0.0006475469999999999,1.0,3.0,861.8585384999751
367,1.080647547,0.9306402873181818,0.0006475469999999999,1.0,4.0,864.0044290999649
368,1.0755597290454546,0.9306402873181818,0.025559729045454546,0.95,5.0,865.057795199973
369,1.0755597290454546,0.9306402873181818,0.025559729045454546,0.95,5.0,865.1934416999575
370,1.0506709056818182,0.9306402873181818,0.05067090568181819,0.9,5.0,868.5307523999945
371,1.0706709056818182,0.9306402873181818,0.05067090568181819,0.9,6.0,870.3378228999791
372,1.0703901945000003,0.9306402873181818,0.04584473995454546,0.9045454545454545,6.0,872.3431570999674
373,1.018019067818182,0.9306402873181818,0.11438270418181819,0.7636363636363637,7.0,874.6995350999641
374,1.009723174227273,0.9306402873181818,0.16335953786363636,0.6863636363636363,8.0,875.8877875999897
375,1.0277232430000003,0.9306402873181818,0.16590506118181816,0.6818181818181819,9.0,876.9701759999734
376,1.0666196488181818,0.9306402873181818,0.12752873972727272,0.759090909090909,9.0,879.7761896000011
377,1.0462543976818184,0.9306402873181818,0.17352712495454545,0.6727272727272727,10.0,881.5709505999694
378,1.0277232430000003,0.9306402873181818,0.16590506118181816,0.6818181818181819,9.0,884.1051597999758
379,1.0259890385909092,0.9306402873181818,0.1596254022272727,0.6863636363636363,9.0,889.3161110999645
380,1.024151274409091,0.9306402873181818,0.15778763804545454,0.6863636363636363,9.0,890.3281676999759
381,1.044151274409091,0.9306402873181818,0.15778763804545454,0.6863636363636363,10.0,892.9873916999786
382,1.0611369661818182,0.9306402873181818,0.15931878436363636,0.6818181818181819,11.0,894.0453394999495
383,1.071748805409091,0.9306402873181818,0.18174880540909089,0.65,12.0,896.8475281999563
384,1.0537487366363636,0.9306402873181818,0.17920328209090908,0.6545454545454545,11.0,900.3501733999583
385,1.0546606957727271,0.9306402873181818,0.1801152412272727,0.6545454545454545,11.0,900.8517643999658
386,1.037675004,0.9306402873181818,0.1785840949090909,0.6590909090909091,10.0,901.2861291999579
387,1.057675004,0.9306402873181818,0.1785840949090909,0.6590909090909091,11.0,904.123816599953
388,1.0622373877272728,0.9306402873181818,0.17405556954545454,0.6681818181818182,11.0,905.4039917999762
389,1.073228434909091,0.9306402873181818,0.1832284349090909,0.65,12.0,907.5321818999946
390,1.1078882112727273,0.9306402873181818,0.1887973021818182,0.6590909090909092,13.0,909.482365099946
391,1.0900785595000002,0.9306402873181818,0.19098765040909094,0.6590909090909092,12.0,909.7577648999868
392,1.131480678818182,0.9306402873181818,0.08148067881818183,0.85,10.0,912.7653432999505
393,1.144423737409091,0.9306402873181818,0.08351464650000001,0.8409090909090909,11.0,916.639017199981
394,1.1220111213636363,0.9306402873181818,0.08110203045454545,0.8409090909090909,10.0,917.1563257999951
395,1.1527689997272728,0.9306402873181818,0.03640536336363636,0.9363636363636364,9.0,918.7249984999653
396,1.1153096102272726,0.9306402873181818,0.08803688295454545,0.8272727272727273,10.0,922.1020541999605
397,1.1353096102272726,0.9306402873181818,0.08803688295454545,0.8272727272727273,11.0,923.6928040999919
398,1.1324316071818181,0.9306402873181818,0.05970433445454545,0.8727272727272728,10.0,928.4905179999769
399,1.1251390094545455,0.9306402873181818,0.07513900945454545,0.85,10.0,931.839196499961
400,1.1455378333181818,0.9306402873181818,0.059174196954545455,0.8863636363636364,10.0,932.6796365999617
401,1.1655378333181818,0.9306402873181818,0.059174196954545455,0.8863636363636364,11.0,935.0113013999653
402,1.098416909615,0.9306402873181818,0.13568963688772728,0.7227272727272727,12.0,939.7849560999894
403,1.0817593940695456,0.9306402873181818,0.1344866667968182,0.7272727272727273,11.0,944.4963710999582
404,1.0750099756604545,0.9306402873181818,0.16682815747863639,0.6681818181818182,12.0,947.1424654999864
405,1.0717060554786364,0.9306402873181818,0.1844333282059091,0.6272727272727272,13.0,948.5091601999593
406,1.13726144,0.9306402873181818,0.10635234909090908,0.7909090909090909,12.0,949.1633543999633
407,1.0675807686604546,0.9306402873181818,0.173035314115,0.6545454545454545,12.0,956.878265599953
408,1.0452231897968183,0.9306402873181818,0.1752231897968182,0.65,11.0,957.3574495999492
409,1.0552960692513638,0.9306402873181818,0.17438697834227274,0.6409090909090909,12.0,960.1113194999634
410,1.0407182449786365,0.9306402873181818,0.194354608615,0.5863636363636364,13.0,961.1268956999993
411,1.0444790931604546,0.9306402873181818,0.19811545679681816,0.5863636363636364,13.0,961.620392999961
412,1.0441463531150001,0.9306402873181818,0.19050998947863637,0.6136363636363636,12.0,962.7257807999849
413,1.071706668048182,0.9306402873181818,0.15625212259363636,0.6954545454545454,11.0,969.4982229999732
414,1.0588604122513638,0.9306402873181818,0.19886041225136364,0.6000000000000001,13.0,971.1294324999908
415,1.0607700159331819,0.9306402873181818,0.20804274320590907,0.5727272727272728,14.0,971.5063599999994
416,1.080770015933182,0.9306402873181818,0.20804274320590907,0.5727272727272728,15.0,972.5149649999803
417,1.0986424169786364,0.9306402873181818,0.21046059879681817,0.5681818181818182,16.0,972.8168665999547
418,1.0828706966422728,0.9306402873181818,0.2310525148240909,0.5318181818181819,16.0,977.5720215999754
419,1.070737090709091,0.9306402873181818,0.2298279998,0.5409090909090909,15.0,981.9626118000015
420,1.0257570642545455,0.9306402873181818,0.38302979152727273,0.32272727272727275,16.0,985.9090952999541
421,1.002577154090909,0.9306402873181818,0.39803169954545453,0.3045454545454547,15.0,990.243599999987
422,1.0210222881363635,0.9306402873181818,0.3710222881363637,0.3500000000000001,15.0,992.5891594999703
423,1.0059893923181817,0.9306402873181818,0.3532621195909091,0.3727272727272728,14.0,994.2145282999845
424,1.0001451067727274,0.9306402873181818,0.3519632885909091,0.36818181818181817,14.0,997.1883991999784
425,1.050951619272727,0.9306402873181818,0.2964061647272727,0.4545454545454545,15.0,999.2910585999489
426,1.0564565137727273,0.9306402873181818,0.24009287740909097,0.5363636363636365,14.0,1010.8497559999814
427,1.0322528018181818,0.9306402873181818,0.23407098363636364,0.5181818181818183,14.0,1013.8170586999622
428,1.0379759407727276,0.9306402873181818,0.23524866804545452,0.5227272727272728,14.0,1019.4410082999966
429,1.0499528198636363,0.9306402873181818,0.2454073653181818,0.5045454545454546,15.0,1023.5559931999887
430,1.0699528198636363,0.9306402873181818,0.2454073653181818,0.5045454545454546,16.0,1026.7820381999481
431,1.0705129689090909,0.9306402873181818,0.24596751436363634,0.5045454545454546,16.0,1027.8173814999755
432,1.116637900409091,0.9306402873181818,0.2057288095,0.5909090909090909,16.0,1029.8935202999855
433,1.0963162595,0.9306402873181818,0.20540716859090907,0.5909090909090909,15.0,1031.2080697999918
434,1.0935068318181818,0.9306402873181818,0.20714319545454543,0.5863636363636364,15.0,1033.4468686999753
435,1.0669101515909092,0.9306402873181818,0.2096374243181818,0.5772727272727273,14.0,1039.5154954000027
436,1.0869101515909092,0.9306402873181818,0.2096374243181818,0.5772727272727273,15.0,1043.0195805999683
437,1.0669101515909092,0.9306402873181818,0.2096374243181818,0.5772727272727273,14.0,1043.8661985999788
438,1.0426547858181818,0.9306402873181818,0.20538205854545455,0.5772727272727273,13.0,1058.4889427999733
439,1.0577011449090912,0.9306402873181818,0.21406478127272727,0.5636363636363637,14.0,1060.5528199999826
440,1.0212931527272728,0.9306402873181818,0.24402042545454547,0.4772727272727274,15.0,1062.3592620999552
441,1.0577011449090912,0.9306402873181818,0.21406478127272727,0.5636363636363637,14.0,1064.1199535999913
442,1.0519950633636364,0.9306402873181818,0.21108597245454544,0.540909090909091,15.0,1069.9405051999493
443,1.0404040855909091,0.9306402873181818,0.23858590377272726,0.4818181818181819,16.0,1070.8950778999715
444,1.0598689739500002,0.9306402873181818,0.24259624667727273,0.4772727272727274,17.0,1073.326271799975
445,1.0726437528136366,0.9306402873181818,0.21900738917727272,0.5136363636363637,17.0,1081.7000236999593
446,1.0693013110409093,0.9306402873181818,0.2547558564954545,0.4545454545454547,18.0,1086.2769918999984
447,1.0516325149045456,0.9306402873181818,0.2525416058136363,0.4590909090909092,17.0,1088.513905300002
448,1.0748698855409093,0.9306402873181818,0.24850624917727274,0.48636363636363644,17.0,1091.8743091999786
449,1.0624539174045458,0.9306402873181818,0.24972664467727276,0.4727272727272729,17.0,1095.81443639996
450,1.0801619654500003,0.9306402873181818,0.2374346927227273,0.5227272727272728,16.0,1101.973956199945
451,1.0775275738954548,0.9306402873181818,0.24661848298636366,0.4909090909090911,17.0,1102.517500899965
452,1.0544774369863639,0.9306402873181818,0.27629561880454545,0.4181818181818183,18.0,1103.1089908999857
453,1.0379195359409095,0.9306402873181818,0.2661013541227273,0.431818181818182,17.0,1109.0141061999602
454,1.0567293019863637,0.9306402873181818,0.2649111201681818,0.431818181818182,18.0,1109.2969421999878
455,1.075109975168182,0.9306402873181818,0.26783724789545454,0.42727272727272747,19.0,1109.563284599979
456,1.0530836691681822,0.9306402873181818,0.2658109418954545,0.42727272727272747,18.0,1109.9496194999665
457,1.0564261109409094,0.9306402873181818,0.2300624745772727,0.48636363636363655,17.0,1113.1419784000027
458,1.057172203168182,0.9306402873181818,0.2308085668045454,0.48636363636363655,17.0,1115.3099904999835
459,1.062745553577273,0.9306402873181818,0.25729100812272726,0.44545454545454566,18.0,1117.8510345999966
460,1.0642510236227274,0.9306402873181818,0.2633419327136363,0.44090909090909103,18.0,1124.8495447999449
461,1.0956883252136365,0.9306402873181818,0.24750650703181812,0.46818181818181837,19.0,1127.8140331999748
462,1.0901149748045458,0.9306402873181818,0.22102406571363634,0.5090909090909093,18.0,1128.1911964999745
463,1.1079001619227276,0.9306402873181818,0.22335470737727267,0.5045454545454546,19.0,1129.9515899999533
464,1.1119493855590914,0.9306402873181818,0.2437675673772727,0.46818181818181837,20.0,1130.369389200001
465,1.124290356627273,0.9306402873181818,0.2124721748090909,0.531818181818182,19.0,1132.9027522999677
466,1.144290356627273,0.9306402873181818,0.2124721748090909,0.531818181818182,20.0,1136.7695752999862
467,1.1636431290818186,0.9306402873181818,0.21182494726363635,0.531818181818182,21.0,1137.2564516999992
468,1.1401143305818184,0.9306402873181818,0.20829614876363636,0.5318181818181819,20.0,1138.501236399985
469,1.1587170859909095,0.9306402873181818,0.21598981326363634,0.5227272727272727,21.0,1139.9398623000016
470,1.161351477545455,0.9306402873181818,0.20680602299999998,0.5545454545454546,20.0,1140.2164269999485
471,1.1801031399636366,0.9306402873181818,0.2055576854181818,0.5545454545454546,21.0,1140.8715214999975
472,1.2515797201818182,0.9306402873181818,0.08703426563636363,0.8045454545454545,18.0,1151.077890299959
473,1.1740007941909092,0.9306402873181818,0.26127352146363636,0.4727272727272728,22.0,1155.3928072999697
474,1.1690661775090911,0.9306402873181818,0.2772479956909091,0.431818181818182,23.0,1155.900446899992
475,1.1995164641909093,0.9306402873181818,0.27860737328181817,0.44090909090909103,24.0,1158.8289303999627
476,1.167647748318182,0.9306402873181818,0.27128411195454544,0.4363636363636364,23.0,1160.6381132999668
477,1.1737500940909094,0.9306402873181818,0.21556827590909086,0.5181818181818183,22.0,1164.8275124999927
478,1.1500132551818183,0.9306402873181818,0.26274052790909086,0.42727272727272736,23.0,1169.248857199971
479,1.1500132551818183,0.9306402873181818,0.26274052790909086,0.42727272727272736,23.0,1169.3734722999507
480,1.1730633920909093,0.9306402873181818,0.23306339209090904,0.5,22.0,1171.0035461999942
481,1.1730633920909093,0.9306402873181818,0.23306339209090904,0.5,22.0,1171.1412860999699
482,1.1534373025909093,0.9306402873181818,0.29980093895454546,0.4136363636363637,22.0,1192.2892193999724
483,1.0756934517590908,0.9306402873181818,0.30932981539545457,0.38636363636363635,19.0,1211.1489271999453
484,1.0596549010772727,0.9306402873181818,0.3132912647136364,0.38636363636363635,18.0,1212.1761480999994
485,1.0596549010772727,0.9306402873181818,0.3132912647136364,0.38636363636363635,18.0,1212.2993508999934
486,1.0703561557590908,0.9306402873181818,0.3176288830318182,0.3727272727272727,19.0,1212.8379787000013
487,1.0373755603954544,0.9306402873181818,0.3410119240318182,0.3363636363636363,18.0,1214.7947745999554
488,1.081538587440909,0.9306402873181818,0.30790222380454546,0.4136363636363636,18.0,1216.0127681999584
489,1.0430312105772725,0.9306402873181818,0.3493948469409091,0.3136363636363636,19.0,1217.1678791999584
490,1.0672170420318179,0.9306402873181818,0.3281261329409091,0.359090909090909,19.0,1218.3535823999555
491,1.0593742503954542,0.9306402873181818,0.33573788675909094,0.36363636363636354,18.0,1219.9619626999483
492,1.0706544691363635,0.9306402873181818,0.2942908327727273,0.4363636363636363,17.0,1223.9633159999503
493,1.0706544691363635,0.9306402873181818,0.2942908327727273,0.4363636363636363,17.0,1224.071250399982
494,1.086483861772727,0.9306402873181818,0.2946656799545455,0.43181818181818177,18.0,1224.4083425999852
495,1.0936633875454542,0.9306402873181818,0.300027023909091,0.4136363636363636,19.0,1225.2496676999726
496,1.0739756400909088,0.9306402873181818,0.3112483673636364,0.42272727272727273,17.0,1237.1935045999708
497,1.0465339064545451,0.9306402873181818,0.3128975428181819,0.4136363636363636,16.0,1240.1789335999638
498,1.055523889681818,0.9306402873181818,0.29188752604545454,0.4636363636363636,15.0,1242.62838379998
499,1.0477361379999999,0.9306402873181818,0.297736138,0.44999999999999996,15.0,1243.7607834999799
500,1.0032748925909092,0.9306402873181818,0.23963852895454546,0.5636363636363637,10.0,1250.7461648999597
501,0.8388979688181819,0.8388979688181819,0.46344342336363636,0.19545454545454544,9.0,1270.6235174999456
502,0.8496540329090909,0.8388979688181819,0.4678358510909091,0.18181818181818188,10.0,1271.423922499991
503,0.8430062466818182,0.8388979688181819,0.5002789739545455,0.1227272727272728,11.0,1271.9973203999689
504,0.8430062466818182,0.8388979688181819,0.5002789739545455,0.1227272727272728,11.0,1272.7903483999544
505,0.9679208928636365,0.8388979688181819,0.31428452922727274,0.4136363636363638,12.0,1289.7183179999702
506,0.8377328997727274,0.8377328997727274,0.49682380886363636,0.14090909090909098,10.0,1290.2532339999452
507,0.8506498275,0.8377328997727274,0.5033771002272728,0.12727272727272743,11.0,1290.546147599991
508,0.8641189034090908,0.8377328997727274,0.5013916306818182,0.1227272727272729,12.0,1290.8762083999463
509,0.9812044774545454,0.8377328997727274,0.33029538654545454,0.3909090909090911,13.0,1319.370843999961
510,0.8823030569090907,0.8377328997727274,0.4995757841818182,0.1227272727272729,13.0,1320.814826799964
511,0.8485755617272726,0.8377328997727274,0.4640301071818182,0.2045454545454547,9.0,1322.516555899987
512,0.852327971681818,0.8377328997727274,0.4796006989545455,0.17272727272727284,10.0,1323.8608583000023
513,0.8508980902727272,0.8377328997727274,0.4827162720909091,0.1681818181818181,10.0,1324.8082210999564
514,1.0357161101818182,0.8377328997727274,0.137534292,0.7181818181818183,9.0,1336.729108599946
515,0.8641313720909092,0.8377328997727274,0.4686768266363636,0.19545454545454544,10.0,1337.254995699972
516,0.8826788130454546,0.8377328997727274,0.46722426759090907,0.19545454545454544,11.0,1339.286672099959
517,0.8641313720909092,0.8377328997727274,0.4686768266363636,0.19545454545454544,10.0,1339.7524959999719
518,0.8568613451363638,0.8377328997727274,0.4750431633181818,0.18181818181818177,10.0,1340.2362834999803
519,1.1069131886818184,0.8377328997727274,0.06327682504545454,0.8636363636363636,9.0,1354.832709499984
520,0.8457760459090911,0.8377328997727274,0.47032150045454546,0.19545454545454544,9.0,1355.8159720999538
521,0.8462830896818183,0.8377328997727274,0.46628308968181814,0.20000000000000007,9.0,1356.3348736999906
522,0.8556894315909092,0.8377328997727274,0.4738712497727272,0.18181818181818188,10.0,1356.8279804999474
523,0.8731066540454546,0.8377328997727274,0.46401574495454545,0.20909090909090922,10.0,1379.7755283999722
524,0.8731066540454546,0.8377328997727274,0.46401574495454545,0.20909090909090922,10.0,1380.1271483000019
525,1.1145579879545457,0.8377328997727274,0.057285260681818176,0.8772727272727272,9.0,1402.4283155999728
526,0.8751545204545454,0.8377328997727274,0.4660636113636364,0.20909090909090922,10.0,1402.8083753999672
527,1.091575456090909,0.8377328997727274,0.017030001545454546,0.9545454545454546,6.0,1407.1592404999537
528,0.8751545204545454,0.8377328997727274,0.4660636113636364,0.20909090909090922,10.0,1407.2643706999952
529,0.8862398196818182,0.8377328997727274,0.47078527422727273,0.19545454545454555,11.0,1407.5937297999626
530,0.8911747657727274,0.8377328997727274,0.46026567486363634,0.19090909090909103,12.0,1426.0954439999769
531,0.9117205851818183,0.8377328997727274,0.4608114942727273,0.19090909090909092,13.0,1428.225848699978
532,0.9117205851818183,0.8377328997727274,0.4608114942727273,0.19090909090909092,13.0,1428.5879394999938
533,0.8908416676818183,0.8377328997727274,0.45993257677272725,0.19090909090909092,12.0,1428.8201025999733
534,0.9080525691363638,0.8377328997727274,0.46168893277272727,0.1863636363636364,13.0,1429.0546593999607
535,0.9080525691363638,0.8377328997727274,0.46168893277272727,0.1863636363636364,13.0,1429.1542092000018
536,1.1028204473636363,0.8377328997727274,0.05191135645454546,0.8909090909090909,8.0,1438.2231274999795
537,0.9137608678636365,0.8377328997727274,0.47194268604545453,0.18181818181818188,13.0,1439.938575499982
538,0.9137608678636365,0.8377328997727274,0.47194268604545453,0.18181818181818188,13.0,1440.0382895999937
539,0.9292908703636366,0.8377328997727274,0.472018143090909,0.17727272727272736,14.0,1457.7782299999963
540,0.9292908703636366,0.8377328997727274,0.472018143090909,0.17727272727272736,14.0,1457.884751399979
541,0.9189026889090912,0.8377328997727274,0.487084507090909,0.13181818181818195,15.0,1458.449442699959
542,0.9323887434090912,0.8377328997727274,0.49420692522727266,0.11818181818181839,16.0,1458.7425835999893
543,0.9276144486818183,0.8377328997727274,0.4776144486818182,0.15000000000000013,15.0,1459.5918687999947
544,0.8934472269090911,0.8377328997727274,0.4907199541818182,0.1227272727272729,14.0,1460.5573290999746
545,0.8985393354545456,0.8377328997727274,0.4958120627272727,0.1227272727272728,14.0,1461.259286799992
546,0.8985393354545456,0.8377328997727274,0.4958120627272727,0.1227272727272728,14.0,1461.3660846999846
547,0.8894470594090911,0.8377328997727274,0.4839925139545454,0.1454545454545455,13.0,1461.7390723999706
548,0.9052102535454547,0.8377328997727274,0.48884661718181815,0.13636363636363646,14.0,1462.1392539999797
549,0.9219273121818184,0.8377328997727274,0.452836403090909,0.2090909090909091,13.0,1463.7137564999866
550,0.9372705042272731,0.8377328997727274,0.4572705042272726,0.20000000000000007,14.0,1464.5126016999711
551,0.9117727253636365,0.8377328997727274,0.47449999809090904,0.17727272727272736,13.0,1466.0769397999975
552,0.9207187639090911,0.8377328997727274,0.45617330936363626,0.20454545454545459,13.0,1467.273167199979
553,0.9217682903636365,0.8377328997727274,0.4526773812727272,0.2090909090909091,13.0,1467.836252899957
554,0.912278781409091,0.8377328997727274,0.4386424177727273,0.21363636363636362,13.0,1489.5247331999708
555,0.922373051,0.8377328997727274,0.4396457782727272,0.22272727272727266,13.0,1505.0893957999651
556,0.902734600590909,0.8377328997727274,0.44000732786363633,0.22272727272727266,12.0,1505.4926320999512
557,1.0503620677727272,0.8377328997727274,0.20127115868181822,0.6090909090909091,12.0,1519.0122702999506
558,0.902734600590909,0.8377328997727274,0.44000732786363633,0.22272727272727266,12.0,1519.1046120999963
559,0.8826469375,0.8377328997727274,0.44446511931818183,0.21818181818181825,11.0,1521.4503522999585
560,0.8780638517272726,0.8377328997727274,0.45351839718181824,0.2045454545454547,11.0,1522.6998274999787
561,0.8696879298181818,0.8377328997727274,0.4660515661818182,0.1636363636363638,12.0,1523.1143910999526
562,0.8961448905,0.8377328997727274,0.47705398140909094,0.15909090909090928,13.0,1523.6691825999878
563,0.8696879298181818,0.8377328997727274,0.4660515661818182,0.1636363636363638,12.0,1523.8771959999576
564,0.8976691931363636,0.8377328997727274,0.46494192040909094,0.17272727272727295,13.0,1524.2136002999614
565,0.9120932534545455,0.8377328997727274,0.47300234436363636,0.1590909090909094,14.0,1524.4789727999596
566,0.8976691931363636,0.8377328997727274,0.46494192040909094,0.17272727272727295,13.0,1524.572905399953
567,0.9109940867727272,0.8377328997727274,0.4719031776818182,0.1590909090909094,14.0,1524.8303652999457
568,0.9295415277272725,0.8377328997727274,0.47045061863636367,0.1590909090909094,15.0,1526.8396505999845
569,0.9289890861363634,0.8377328997727274,0.46989817704545456,0.1590909090909094,15.0,1529.25662499998
570,0.9054633519090908,0.8377328997727274,0.4636451700909091,0.1818181818181821,13.0,1529.724035399966
571,0.8953690823181818,0.8377328997727274,0.46264180959090917,0.17272727272727306,13.0,1546.2309528999613
572,0.8827846251363637,0.8377328997727274,0.48460280695454555,0.1181818181818185,14.0,1546.8511642999947
573,0.8827846251363637,0.8377328997727274,0.48460280695454555,0.1181818181818185,14.0,1546.9676017999882
574,0.8827846251363637,0.8377328997727274,0.48460280695454555,0.1181818181818185,14.0,1547.0792110999464
575,0.8788081227272729,0.8377328997727274,0.4806263045454546,0.11818181818181839,14.0,1547.5845935999532
576,0.891392579909091,0.8377328997727274,0.4586653071818182,0.17272727272727295,13.0,1548.0820942999562
577,0.9599069420454547,0.8377328997727274,0.3653614874999999,0.3545454545454547,12.0,1571.1224532999913
578,0.891392579909091,0.8377328997727274,0.4586653071818182,0.17272727272727295,13.0,1571.2318687999505
579,0.8896881998636366,0.8377328997727274,0.45696092713636366,0.17272727272727284,13.0,1571.9761165999807
580,0.8705756450909092,0.8377328997727274,0.45784837236363635,0.17272727272727284,12.0,1572.6974251999636
581,0.855022158909091,0.8377328997727274,0.4622948861818182,0.17272727272727284,11.0,1573.059259499947
582,1.0457322548636363,0.8377328997727274,0.18482316395454546,0.640909090909091,11.0,1588.0991370999836
583,0.8661166419545455,0.8377328997727274,0.46702573286363636,0.15909090909090917,12.0,1588.6824083999963
584,0.855022158909091,0.8377328997727274,0.4622948861818182,0.17272727272727284,11.0,1589.1014236999908
585,0.855022158909091,0.8377328997727274,0.4622948861818182,0.17272727272727284,11.0,1589.197083999985
586,1.038304925090909,0.8377328997727274,0.13830492509090908,0.7000000000000001,10.0,1605.7327572999639
587,0.9200965288181817,0.8377328997727274,0.33646016518181815,0.36363636363636365,11.0,1619.1904487999855
588,0.8988372305,0.8377328997727274,0.3633826850454545,0.2954545454545455,12.0,1623.7949879999505
589,0.9070595212272726,0.8377328997727274,0.39251406668181815,0.25454545454545463,13.0,1627.776958499977
590,0.8893410818636364,0.8377328997727274,0.3947956273181818,0.2545454545454545,12.0,1630.3530146999983
591,0.9093410818636364,0.8377328997727274,0.3947956273181818,0.2545454545454545,13.0,1630.9225522999768
592,0.8908840182272728,0.8377328997727274,0.40361129095454545,0.2272727272727273,13.0,1631.5368571999716
593,0.9186129660000001,0.8377328997727274,0.4022493296363636,0.23636363636363644,14.0,1632.8175100999651
594,0.8643844981818181,0.8377328997727274,0.46165722545454535,0.22272727272727277,9.0,1654.2219783999608
595,0.8475966792272727,0.8377328997727274,0.4694148610454545,0.21818181818181825,8.0,1672.1608288999996
596,0.8298640239545455,0.8298640239545455,0.4716822057727273,0.21818181818181825,7.0,1690.9288123999722
597,0.8344975798636364,0.8298640239545455,0.4881339435,0.1863636363636364,8.0,1691.6861301999888
598,1.0178366471363636,0.8298640239545455,0.13783664713636365,0.7,9.0,1709.6102194999694
599,0.8389563,0.8298640239545455,0.4835017545454546,0.19545454545454555,8.0,1710.4185392999789
600,0.8561556388636364,0.8298640239545455,0.48524654795454547,0.19090909090909114,9.0,1710.8570039999904
601,1.0014591233181818,0.8298640239545455,0.17418639604545455,0.6272727272727273,10.0,1728.3961240999633
602,0.9349264527727272,0.8298640239545455,0.34856281640909087,0.38636363636363646,10.0,1744.918673899956
603,0.8685170008181817,0.8298640239545455,0.47942609172727274,0.20909090909090922,9.0,1746.2085311999545
604,0.8824017068181818,0.8298640239545455,0.4869471613636364,0.19545454545454566,10.0,1747.108746599988
605,0.8959504836818182,0.8298640239545455,0.47776866550000013,0.21818181818181837,10.0,1748.0227121999487
606,0.9025586829999999,0.8298640239545455,0.4871041375454547,0.19545454545454566,11.0,1748.385030699952
607,0.9205007634545453,0.8298640239545455,0.48504621800000014,0.19545454545454566,12.0,1748.8056588999461
608,0.8824868947272726,0.8298640239545455,0.4870323492727274,0.19545454545454566,10.0,1749.9095439999946
609,0.874537926090909,0.8298640239545455,0.4809015624545456,0.21363636363636374,9.0,1751.6235444999766
610,0.8876971394090909,0.8298640239545455,0.4786062303181819,0.20909090909090922,10.0,1751.95122789999
611,0.874537926090909,0.8298640239545455,0.4809015624545456,0.21363636363636374,9.0,1752.6408183999592
612,1.0578769933636363,0.8298640239545455,0.1306042660909091,0.7272727272727273,10.0,1769.9626793999923
613,0.8534775685454545,0.8298640239545455,0.479841204909091,0.21363636363636374,8.0,1770.2260632999823
614,0.8468693692272727,0.8298640239545455,0.47050573286363645,0.23636363636363644,7.0,1770.7415402999613
615,0.8548183378636364,0.8298640239545455,0.4766365196818183,0.21818181818181837,8.0,1771.1201157999458
616,0.845434651,0.8298640239545455,0.4899801055454546,0.19545454545454555,8.0,1772.9141372999875
617,0.8457221467727273,0.8298640239545455,0.49026760131818187,0.19545454545454555,8.0,1773.2854695999995
618,0.8468390064090909,0.8298640239545455,0.47956627913636374,0.2272727272727273,7.0,1773.7174696999718
619,0.8508207018636363,0.8298640239545455,0.48627524731818195,0.20454545454545459,8.0,1774.1682059000013
620,0.8517540247727273,0.8298640239545455,0.475390388409091,0.23636363636363644,7.0,1774.5484574000002
621,0.8623450770454546,0.8298640239545455,0.4796178043181819,0.22272727272727277,8.0,1775.0578609999502
622,0.8369334964545455,0.8298640239545455,0.4532971328181819,0.26363636363636356,6.0,1777.4834567999933
623,0.841733052409091,0.8298640239545455,0.46082396150000005,0.24090909090909085,7.0,1778.3806383999763
624,0.8509408900454546,0.8298640239545455,0.45639543550000006,0.2545454545454545,7.0,1779.5418801999767
625,0.8564492785454546,0.8298640239545455,0.452812914909091,0.26363636363636367,7.0,1779.923827099963
626,1.0377618653181817,0.8298640239545455,0.10685277440909091,0.7909090909090909,7.0,1798.0753800999955
627,0.8723933464090909,0.8298640239545455,0.4578478918636364,0.2545454545454545,8.0,1822.7781431999756
628,0.8836423787727273,0.8298640239545455,0.4600060151363637,0.26363636363636367,8.0,1824.1586665999494
629,0.8977571217727272,0.8298640239545455,0.4632116672272728,0.25454545454545463,9.0,1824.4154642999638
630,0.894696915909091,0.8298640239545455,0.46469691590909096,0.2500000000000001,9.0,1824.8982273999718
631,0.8998126892272726,0.8298640239545455,0.4725399619545455,0.2272727272727274,10.0,1825.5247357999906
632,0.8993986354090908,0.8298640239545455,0.4839440899545455,0.19545454545454566,11.0,1825.8728267999832
633,0.9200055824545453,0.8298640239545455,0.4845510370000001,0.19545454545454566,12.0,1826.816299500002
634,0.982532572590909,0.8298640239545455,0.3316234816818182,0.3909090909090911,13.0,1845.5226103999885
635,0.9398464323181818,0.8298640239545455,0.48439188686363643,0.19545454545454566,13.0,1845.9996514999657
636,0.8952489405454545,0.8298640239545455,0.5034307587272727,0.13181818181818195,13.0,1866.303864699963
637,0.9094637678636363,0.8298640239545455,0.5067364951363637,0.1227272727272729,14.0,1866.6866777999676
638,1.034120617681818,0.8298640239545455,0.31139334495454546,0.42272727272727295,15.0,1884.7940829999861
639,0.9914289525454545,0.8298640239545455,0.377792588909091,0.3136363636363638,15.0,1925.128939099959
640,1.132088595090909,0.8298640239545455,0.15027041327272725,0.6818181818181819,15.0,1936.6417690999806
641,0.9302243053636363,0.8298640239545455,0.5074970326363637,0.12272727272727302,15.0,1964.0585087999934
642,0.9125239737272726,0.8298640239545455,0.5052512464545456,0.12727272727272743,14.0,1964.5257564999629
643,0.8984092307272726,0.8298640239545455,0.5020455943636364,0.13636363636363646,13.0,1965.3038532999926
644,0.9153003739090908,0.8298640239545455,0.5034821920909092,0.13181818181818195,14.0,1965.564917599957
645,0.9323043151363635,0.8298640239545455,0.5050315878636364,0.12727272727272743,15.0,1965.817183599982
646,0.9150669935454544,0.8298640239545455,0.5032488117272728,0.13181818181818195,14.0,1966.2842122999718
647,0.9150669935454544,0.8298640239545455,0.5032488117272728,0.13181818181818195,14.0,1986.521631999989
648,0.9318203029999998,0.8298640239545455,0.5045475757272728,0.12727272727272743,15.0,1986.7516744999448
649,0.9148163617727271,0.8298640239545455,0.5029981799545455,0.13181818181818195,14.0,1987.025570699945
650,0.9180698002272726,0.8298640239545455,0.5017061638636364,0.13636363636363658,14.0,1987.8802477999707
651,0.915066329681818,0.8298640239545455,0.5032481478636365,0.13181818181818206,14.0,1988.2810999999638
652,0.9262807710454544,0.8298640239545455,0.49628077104545465,0.15000000000000013,14.0,1988.6334659999702
653,0.9459905138181817,0.8298640239545455,0.49599051381818193,0.15000000000000013,15.0,1988.9829639999662
654,0.9401908146363633,0.8298640239545455,0.4992817237272728,0.1409090909090911,15.0,1989.299022399995
655,0.9569441240909089,0.8298640239545455,0.5005804877272728,0.13636363636363658,16.0,1989.5275647999952
656,0.9569441240909089,0.8298640239545455,0.5005804877272728,0.13636363636363658,16.0,1989.74890029995
657,0.9231875372727272,0.8298640239545455,0.49773299181818187,0.1454545454545455,14.0,1990.08864859998
658,0.9401914784999998,0.8298640239545455,0.49928238759090915,0.14090909090909098,15.0,1990.3696919999784
659,0.9089727099545454,0.8298640239545455,0.49442725540909094,0.15454545454545454,13.0,1990.629699299985
660,0.9089325489545452,0.8298640239545455,0.49438709440909095,0.15454545454545465,13.0,1991.041505399975
661,0.9259364901818179,0.8298640239545455,0.49593649018181823,0.15000000000000013,14.0,1991.374727599963
662,0.8946070204999997,0.8298640239545455,0.4909706568636364,0.1636363636363637,12.0,1991.7375081999926
663,0.9109917328181817,0.8298640239545455,0.4964462782727273,0.15454545454545465,13.0,1991.9760590999504
664,0.9109917328181817,0.8298640239545455,0.4964462782727273,0.15454545454545465,13.0,1992.3844404999982
665,0.9257811815454545,0.8298640239545455,0.5003266360909091,0.14545454545454561,14.0,1993.116690099996
666,0.9365372456363636,0.8298640239545455,0.5047190638181818,0.13181818181818206,15.0,1993.8283945999574
667,0.9556288540454545,0.8298640239545455,0.5038106722272727,0.13181818181818206,16.0,1994.134058399999
668,0.9686033420454545,0.8298640239545455,0.5058760693181817,0.12272727272727302,17.0,1994.4302089999546
669,0.9573867971818182,0.8298640239545455,0.5019322517272726,0.09545454545454579,18.0,2012.8999116999912
670,0.9466307330909092,0.8298640239545455,0.49753982399999996,0.10909090909090935,17.0,2013.4941278999904
671,0.9511762435454547,0.8298640239545455,0.4975398799090909,0.11363636363636387,17.0,2014.0427786999498
672,0.9619323076363637,0.8298640239545455,0.5019323076363635,0.10000000000000031,18.0,2014.8027773999493
673,0.962392788409091,0.8298640239545455,0.5014836975,0.1409090909090911,16.0,2033.9322374999756
674,0.9789997146363636,0.8298640239545455,0.5026360782727273,0.13636363636363658,17.0,2034.18360379996
675,0.9960036558636364,0.8298640239545455,0.5041854740454546,0.13181818181818206,18.0,2034.43308659998
676,0.9960036558636364,0.8298640239545455,0.5041854740454546,0.13181818181818206,18.0,2035.9219908999512
677,0.9796189435454545,0.8298640239545455,0.49870985263636364,0.1409090909090911,17.0,2036.0536255999468
678,0.9960036558636364,0.8298640239545455,0.5041854740454546,0.13181818181818206,18.0,2036.3010891999584
679,0.9622468200454546,0.8298640239545455,0.5013377291363637,0.14090909090909098,16.0,2036.5791462999769
680,0.9393920166818182,0.8298640239545455,0.5030283803181818,0.13636363636363646,15.0,2037.2671771999449
681,0.9254819730909092,0.8298640239545455,0.5000274276363637,0.1454545454545455,14.0,2037.4521190999658
682,0.9254819730909092,0.8298640239545455,0.5000274276363637,0.1454545454545455,14.0,2038.7727292999625
683,0.9379415502272728,0.8298640239545455,0.5106688229545455,0.12727272727272732,15.0,2039.083967799961
684,0.9186804745000001,0.8298640239545455,0.49958956540909094,0.15909090909090906,13.0,2039.5234633999644
685,0.8995414474545455,0.8298640239545455,0.4959050838181819,0.16363636363636358,12.0,2039.6918218999635
686,0.8684849926818181,0.8298640239545455,0.5003031745000001,0.1681818181818182,10.0,2041.1555385999964
687,0.8795324257727272,0.8298640239545455,0.5049869712272728,0.15454545454545454,11.0,2041.4944763999665
688,0.8589254787272727,0.8298640239545455,0.5043800241818182,0.15454545454545454,10.0,2042.1072578000021
689,0.855294439181818,0.8298640239545455,0.5007489846363636,0.15454545454545454,10.0,2042.5947443999466
690,0.8694467636363635,0.8298640239545455,0.5039922181818182,0.1454545454545455,11.0,2042.9417144999607
691,0.8293131216363634,0.8293131216363634,0.49931312163636365,0.1499999999999999,9.0,2043.9893948999816
692,0.8351388374090907,0.8293131216363634,0.5078661101363636,0.1272727272727272,10.0,2044.3657393999747
693,0.8783593298636363,0.8293131216363634,0.48745023895454553,0.19090909090909092,10.0,2062.6105529999477
694,0.8469642439999998,0.8293131216363634,0.5087824258181818,0.11818181818181817,11.0,2077.959428799979
695,0.9116699184999999,0.8293131216363634,0.3780335548636364,0.3136363636363636,11.0,2101.639185399981
696,0.8510153069545453,0.8293131216363634,0.5037425796818182,0.1272727272727272,11.0,2102.1865438999957
697,0.831221005090909,0.8293131216363634,0.5039482778181817,0.1272727272727272,10.0,2102.3999243999715
698,0.8336066324545452,0.8293131216363634,0.4854248142727272,0.1681818181818182,9.0,2102.998022799962
699,0.837635357590909,0.8293131216363634,0.5012717212272727,0.13636363636363635,10.0,2103.4822674999596
700,0.856505913181818,0.8293131216363634,0.5046877313636363,0.13181818181818183,11.0,2103.7934159999713
701,0.8331074749999998,0.8293131216363634,0.5012892931818181,0.13181818181818183,10.0,2104.6013694999856
702,0.8331074749999998,0.8293131216363634,0.5012892931818181,0.13181818181818183,10.0,2106.27470119996
703,0.8481513386363636,0.8293131216363634,0.5054240659090908,0.1227272727272728,11.0,2106.5516565999715
704,0.9728081884545455,0.8293131216363634,0.3100809157272726,0.42272727272727284,12.0,2126.037988899974
705,0.852353428590909,0.8293131216363634,0.4441716104090908,0.16818181818181832,12.0,2146.1279816000024
706,0.8894066119090909,0.8293131216363634,0.456679339181818,0.17272727272727284,13.0,2149.84373209998
707,0.8674589452272727,0.8293131216363634,0.4438225815909089,0.1636363636363638,13.0,2153.717269899964
708,0.9267885961363637,0.8293131216363634,0.40133405068181804,0.2454545454545456,14.0,2155.6638082999852
709,0.8887490164999999,0.8293131216363634,0.4451126528636362,0.1636363636363638,14.0,2157.321255299961
710,0.9113557240909089,0.8293131216363634,0.4477193604545454,0.1636363636363638,15.0,2169.541171399993
711,0.9461666905909092,0.8293131216363634,0.3734394178636363,0.2727272727272728,15.0,2184.4882584000006
712,0.8674589452272727,0.8293131216363634,0.4438225815909089,0.1636363636363638,13.0,2186.3281039999565
713,0.8897442574545454,0.8293131216363634,0.48338062109090896,0.1863636363636365,11.0,2206.407652099966
714,0.9536068804545456,0.8293131216363634,0.3599705168181817,0.3136363636363637,14.0,2232.6770167999784
715,0.8709719808636364,0.8293131216363634,0.44279016268181803,0.16818181818181832,13.0,2239.688686199952
716,0.8567504378636362,0.8293131216363634,0.43038680149999986,0.1863636363636365,12.0,2240.3403058999684
717,0.9310418654545454,0.8293131216363634,0.3301327745454544,0.34090909090909105,13.0,2251.3330877999542
718,0.8713605453636363,0.8293131216363634,0.43863327263636354,0.17272727272727295,13.0,2251.626958699955
719,0.8686030111363635,0.8293131216363634,0.4358757384090908,0.17272727272727295,13.0,2251.9451369000017
720,0.9428944387272726,0.8293131216363634,0.33562171145454534,0.3272727272727275,14.0,2262.611007099971
721,0.8683194845,0.8293131216363634,0.44013766631818174,0.16818181818181843,13.0,2262.924069599947
722,0.8648064488636363,0.8293131216363634,0.44117008522727263,0.1636363636363639,13.0,2266.373704699974
723,0.8720069347272728,0.8293131216363634,0.45109784381818185,0.1409090909090911,14.0,2279.1645890999935
724,0.8689091665454546,0.8293131216363634,0.4707273483636364,0.11818181818181839,14.0,2291.227503299946
725,0.8900712831818183,0.8293131216363634,0.4855258286363636,0.10454545454545472,15.0,2296.328007599979
726,0.8975165835000001,0.8293131216363634,0.4838802198636364,0.11363636363636387,15.0,2300.112003699993
727,0.8975165835000001,0.8293131216363634,0.4838802198636364,0.11363636363636387,15.0,2300.4481315999874
728,0.8824110668636365,0.8293131216363634,0.48422924868181827,0.1181818181818185,14.0,2305.4407894999604
729,0.9107501019545454,0.8293131216363634,0.49893192013636356,0.13181818181818206,14.0,2324.6582462999504
730,0.900638818909091,0.8293131216363634,0.48700245527272734,0.11363636363636387,15.0,2328.214511899976
731,0.8948131031363638,0.8293131216363634,0.47844946677272737,0.13636363636363658,14.0,2328.4526778999716
732,0.8909436505000001,0.8293131216363634,0.46458001413636374,0.1863636363636365,12.0,2330.012176499993
733,0.873391435318182,0.8293131216363634,0.46702779895454555,0.1863636363636364,11.0,2330.2359674999607
734,0.8987127757272728,0.8293131216363634,0.4723491393636365,0.1863636363636364,12.0,2334.3658765999717
735,0.8551636832727274,0.8293131216363634,0.4642545923636365,0.19090909090909103,10.0,2337.5558729999466
736,0.8608121416818183,0.8293131216363634,0.46172123259090914,0.25909090909090915,7.0,2362.081715099979
737,1.0453831083636365,0.8293131216363634,0.11265583563636364,0.7727272727272727,8.0,2388.5338114999468
738,0.8623834964545455,0.8293131216363634,0.44965622372727276,0.2727272727272728,7.0,2389.130264199979
739,0.8411348902727273,0.8293131216363634,0.44840761754545455,0.2727272727272727,6.0,2390.279692699958
740,0.8842462328181817,0.8293131216363634,0.29606441463636357,0.46818181818181814,6.0,2401.8522535999655
741,0.8549630205454546,0.8293131216363634,0.4513266569090909,0.26363636363636367,7.0,2402.197461499949
742,0.8400715960909092,0.8293131216363634,0.47552614154545453,0.20454545454545459,8.0,2402.7295757999527
743,0.8417625987272728,0.8293131216363634,0.48176259872727273,0.19999999999999996,8.0,2403.018211699964
744,0.8587665399545454,0.8293131216363634,0.4833119945,0.19545454545454544,9.0,2403.246700299962
745,1.005686018409091,0.8293131216363634,0.1320496547727273,0.7136363636363636,8.0,2417.8854151999694
746,0.8417625987272728,0.8293131216363634,0.48176259872727273,0.19999999999999996,8.0,2418.0159352999763
747,0.8200442473636365,0.8200442473636365,0.4754987928181818,0.20454545454545459,7.0,2418.369750199956
748,0.8493885814090909,0.8200442473636365,0.44302494504545453,0.2863636363636365,6.0,2418.9181219999446
749,0.817701590409091,0.817701590409091,0.4658834085909091,0.2318181818181818,6.0,2419.4517564999987
750,0.8322210662272728,0.817701590409091,0.4785847025909091,0.21363636363636362,7.0,2420.3269782999996
751,0.823683637409091,0.817701590409091,0.47459272831818183,0.2090909090909091,7.0,2420.8730760999606
752,0.817701590409091,0.817701590409091,0.4658834085909091,0.2318181818181818,6.0,2420.9992039999925
753,0.8325930148636363,0.817701590409091,0.4416839239545455,0.2909090909090909,5.0,2421.489241699979
754,0.817701590409091,0.817701590409091,0.4658834085909091,0.2318181818181818,6.0,2421.6321887999657
755,0.8429749535909091,0.817701590409091,0.44570222631818185,0.2772727272727272,6.0,2422.6243875999935
756,0.9105667274999998,0.817701590409091,0.16511218204545455,0.6454545454545455,5.0,2429.2406918999623
757,0.8255073744545455,0.817701590409091,0.47187101081818184,0.21363636363636362,7.0,2430.043350199994
758,0.8272988830000002,0.817701590409091,0.46457161027272736,0.22272727272727277,7.0,2431.2383582999464
759,0.8887776556818182,0.817701590409091,0.2351412920454546,0.5136363636363637,7.0,2449.075054499961
760,0.8400509558181819,0.817701590409091,0.47277822854545454,0.2272727272727273,7.0,2450.1501502999454
761,0.8602805008636364,0.817701590409091,0.47028050086363643,0.25,7.0,2451.257001699996
762,0.880355957909091,0.817701590409091,0.47035595790909096,0.25,8.0,2477.8425667999545
763,0.8734328585454545,0.817701590409091,0.4725237676363637,0.24090909090909096,8.0,2478.1592508999747
764,0.890361586,0.817701590409091,0.47854340418181823,0.23181818181818192,9.0,2478.424655299983
765,0.890361586,0.817701590409091,0.47854340418181823,0.23181818181818192,9.0,2478.6561638999847
766,0.8791510564545455,0.817701590409091,0.47369651100000004,0.24545454545454548,8.0,2478.9479142999626
767,0.8981679800454547,0.817701590409091,0.47271343459090914,0.24545454545454548,9.0,2503.8809272999642
768,0.878939908,0.817701590409091,0.48984899890909095,0.2090909090909091,9.0,2504.313682099979
769,0.8929958079545453,0.817701590409091,0.4929958079545455,0.20000000000000007,10.0,2504.586191099952
770,0.878939908,0.817701590409091,0.48984899890909095,0.2090909090909091,9.0,2504.7266276999726
771,0.8961019596363637,0.817701590409091,0.4706474141818182,0.24545454545454548,9.0,2505.2458782999893
772,0.864760483090909,0.817701590409091,0.47294230127272735,0.2318181818181818,8.0,2505.5878122999566
773,0.8820862949545454,0.817701590409091,0.4702681131363637,0.23181818181818192,9.0,2505.984034299967
774,0.8884334016363638,0.817701590409091,0.4629788561818182,0.2454545454545456,9.0,2506.3204683999647
775,0.8884334016363638,0.817701590409091,0.4629788561818182,0.2454545454545456,9.0,2506.4411507999757
776,0.8854190934090911,0.817701590409091,0.4645100025,0.24090909090909107,9.0,2506.7945635999786
777,0.8854190934090911,0.817701590409091,0.4645100025,0.24090909090909107,9.0,2506.934943399974
778,0.8684334016363637,0.817701590409091,0.4629788561818182,0.2454545454545456,8.0,2507.358644999971
779,0.9564494712727273,0.817701590409091,0.26917674399999997,0.5272727272727273,8.0,2523.709121699969
780,0.8763784512727273,0.817701590409091,0.469105724,0.22727272727272751,9.0,2524.0395139999455
781,0.8511075897727273,0.817701590409091,0.4656530443181819,0.24545454545454548,7.0,2524.3634697999805
782,0.844760483090909,0.817701590409091,0.47294230127272735,0.2318181818181818,7.0,2524.793205199996
783,0.8600693524090909,0.817701590409091,0.48643298877272734,0.21363636363636362,8.0,2525.1668018999626
784,0.889684707,0.817701590409091,0.4524119797272728,0.2772727272727272,8.0,2543.907502999995
785,0.8524659220454545,0.817701590409091,0.4624659220454546,0.25,7.0,2544.9635263999808
786,0.8524659220454545,0.817701590409091,0.4624659220454546,0.25,7.0,2545.100560299994
787,0.8524659220454545,0.817701590409091,0.4624659220454546,0.25,7.0,2545.2245052999933
788,0.8569531941818181,0.817701590409091,0.469680466909091,0.2272727272727273,8.0,2545.7815882999566
789,0.8738443373636364,0.817701590409091,0.4711170646363637,0.22272727272727277,9.0,2546.6428957000026
790,0.8686349281363637,0.817701590409091,0.4586349281363637,0.2500000000000001,8.0,2547.1670016999706
791,0.8950375355454545,0.817701590409091,0.45140117190909096,0.26363636363636367,9.0,2547.4843849999597
792,0.8706313687272729,0.817701590409091,0.46790409600000005,0.22272727272727288,9.0,2547.8303396999836
793,0.8730475096818182,0.817701590409091,0.4821384187727273,0.19090909090909103,10.0,2548.636273399985
794,0.8720797455,0.817701590409091,0.4811706545909091,0.19090909090909103,10.0,2568.33937849995
795,0.8720797455,0.817701590409091,0.4811706545909091,0.19090909090909103,10.0,2568.435924599995
796,0.8750843184545456,0.817701590409091,0.48417522754545456,0.19090909090909103,10.0,2596.522598599957
797,0.8847413485909092,0.817701590409091,0.4638322576818182,0.24090909090909096,9.0,2598.546870399965
798,0.8952190107727274,0.817701590409091,0.46340082895454543,0.23181818181818192,10.0,2598.9299359999713
799,0.8713138942727274,0.817701590409091,0.4731320760909091,0.21818181818181814,9.0,2600.4492899999605
800,0.9078273290454544,0.817701590409091,0.44600914722727275,0.28181818181818186,9.0,2602.049280699983
801,0.907579867181818,0.817701590409091,0.4457616853636364,0.28181818181818186,9.0,2602.5552654999774
802,0.9255883760454544,0.817701590409091,0.44831564877272734,0.27727272727272734,10.0,2602.9486951999716
803,0.9124617715454546,0.817701590409091,0.4533708624545455,0.25909090909090915,10.0,2604.2155147999874
804,1.0289597216818183,0.817701590409091,0.2589597216818182,0.55,11.0,2618.162523999985
805,0.8749935885454546,0.817701590409091,0.45135722490909097,0.2636363636363638,8.0,2619.4802414999576
806,0.8749935885454546,0.817701590409091,0.45135722490909097,0.2636363636363638,8.0,2620.5581589999492
807,0.866885881409091,0.817701590409091,0.47324951777272733,0.21363636363636374,9.0,2621.082281799987
808,0.8663936028636365,0.817701590409091,0.47275723922727275,0.21363636363636374,9.0,2622.481763699965
809,0.8702282818636367,0.817701590409091,0.47931919095454545,0.19090909090909103,10.0,2623.2667927999864
810,0.8794775983636365,0.817701590409091,0.47493214381818183,0.2045454545454547,10.0,2623.658842999954
811,0.8580251420000002,0.817701590409091,0.4734796874545455,0.2045454545454547,9.0,2641.9736803999986
812,0.8682354899545457,0.817701590409091,0.4773263990454546,0.19090909090909114,10.0,2642.6480259999516
813,0.8739709382727274,0.817701590409091,0.46669821100000003,0.22727272727272751,9.0,2643.772203099972
814,0.9421261173636366,0.817701590409091,0.35394429918181824,0.3681818181818184,11.0,2664.229312999989
815,0.8763431970909092,0.817701590409091,0.45543410618181823,0.24090909090909118,9.0,2664.655531700002
816,0.8871696375909092,0.817701590409091,0.47626054668181816,0.19090909090909114,11.0,2665.097421399958
817,0.8682354899545457,0.817701590409091,0.4773263990454546,0.19090909090909114,10.0,2665.765991799999
818,1.027112321909091,0.817701590409091,0.1543850491818182,0.6727272727272727,10.0,2672.0529837999493
819,0.9168332624545456,0.817701590409091,0.3559241715454545,0.34090909090909116,11.0,2695.506719600002
820,0.9010307971818182,0.817701590409091,0.46739443354545457,0.21363636363636396,11.0,2696.380807999987
821,0.8903275817727274,0.817701590409091,0.46760030904545463,0.22272727272727277,10.0,2699.267817499989
822,0.8487758255000002,0.817701590409091,0.4778667345909091,0.19090909090909103,9.0,2700.1069959999877
823,1.0815632813181821,0.817701590409091,0.07701782677272725,0.8045454545454546,10.0,2716.470641199965
824,0.8677099731363638,0.817701590409091,0.4768008822272727,0.19090909090909103,10.0,2716.8810213999823
825,0.8534429952272728,0.817701590409091,0.47798844977272725,0.19545454545454566,9.0,2718.3281384999864
826,0.8669905920000003,0.817701590409091,0.4806269556363636,0.18636363636363662,10.0,2718.8430110999616
827,0.8714582086818183,0.817701590409091,0.48054911777272724,0.19090909090909114,10.0,2719.2307673999458
828,0.8863454746363638,0.817701590409091,0.4799818382727272,0.18636363636363662,11.0,2719.542455799994
829,1.0167616931363639,0.817701590409091,0.1694889658636364,0.6272727272727273,11.0,2742.8207847999875
830,0.8751534901363638,0.817701590409091,0.47969894468181823,0.19545454545454566,10.0,2744.4277947999653
831,0.8918606345909093,0.817701590409091,0.48095154368181825,0.19090909090909114,11.0,2744.760600999987
832,0.8914709534545456,0.817701590409091,0.48056186254545463,0.19090909090909114,11.0,2745.1507138999877
833,0.8982943805454546,0.817701590409091,0.4782943805454546,0.20000000000000007,11.0,2745.610346499947
834,0.8789577889545455,0.817701590409091,0.48350324350000007,0.19545454545454544,10.0,2747.403299400001
835,0.8789577889545455,0.817701590409091,0.48350324350000007,0.19545454545454544,10.0,2747.5109614999965
836,0.8975584427272729,0.817701590409091,0.48210389727272734,0.19545454545454544,11.0,2747.8464323999942
837,0.880521120818182,0.817701590409091,0.4805211208181819,0.20000000000000007,10.0,2748.3641630999628
838,0.9882859301363638,0.817701590409091,0.24555865740909089,0.5227272727272728,11.0,2760.944963799964
839,1.076714097818182,0.817701590409091,0.124895916,0.7318181818181818,11.0,2770.9313977999846
840,0.880521120818182,0.817701590409091,0.4805211208181819,0.20000000000000007,10.0,2771.03076949995
841,0.880521120818182,0.817701590409091,0.4805211208181819,0.20000000000000007,10.0,2772.386337199947
842,0.8621344340454546,0.817701590409091,0.48213443404545464,0.20000000000000007,9.0,2772.8891939999885
843,0.8621344340454546,0.817701590409091,0.48213443404545464,0.20000000000000007,9.0,2773.000844999973
844,0.8621344340454546,0.817701590409091,0.48213443404545464,0.20000000000000007,9.0,2773.112244399963
845,1.0448978278636365,0.817701590409091,0.06307964604545455,0.8818181818181818,5.0,2776.864609899989
846,0.8621344340454546,0.817701590409091,0.48213443404545464,0.20000000000000007,9.0,2776.9669412999647
847,0.8456016335,0.817701590409091,0.476510724409091,0.2090909090909091,8.0,2778.299771799997
848,0.8477946737272728,0.817701590409091,0.47415831009090914,0.21363636363636374,8.0,2779.2448609999847
849,0.8656855274545456,0.817701590409091,0.47659461836363637,0.20909090909090922,9.0,2779.593250199978
850,0.8822924536818182,0.817701590409091,0.47774699913636365,0.2045454545454547,10.0,2779.8617380999494
851,0.8886870267727274,0.817701590409091,0.4586870267727273,0.2500000000000002,9.0,2781.5516197999823
852,0.8898454927727273,0.817701590409091,0.4853000382272728,0.2045454545454547,10.0,2782.2659418999683
853,0.9068494340000001,0.817701590409091,0.4868494340000001,0.20000000000000018,11.0,2782.4835286999587
854,0.888471931818182,0.817701590409091,0.48392647727272736,0.2045454545454547,10.0,2783.0200450999546
855,0.9054758730454546,0.817701590409091,0.48547587304545464,0.20000000000000018,11.0,2783.2869893999887
856,0.9054758730454546,0.817701590409091,0.48547587304545464,0.20000000000000018,11.0,2783.746918699995
857,0.8781588994545455,0.817701590409091,0.45724980854545466,0.24090909090909107,9.0,2784.7725808999967
858,0.8951628406818182,0.817701590409091,0.45879920431818194,0.23636363636363655,10.0,2784.9905163999647
859,0.8615519732272728,0.817701590409091,0.4560974277727274,0.2454545454545456,8.0,2785.5363315999857
860,0.872308037318182,0.817701590409091,0.4604898555000001,0.23181818181818203,9.0,2786.185653099965
861,0.8741869398181821,0.817701590409091,0.47873239436363646,0.19545454545454566,10.0,2786.5923387999646
862,0.9826398745909091,0.817701590409091,0.13536714731818184,0.7272727272727273,6.0,2792.799414099951
863,0.8875514929090911,0.817701590409091,0.46936967472727276,0.21818181818181837,10.0,2793.746539099957
864,0.8637177659999999,0.817701590409091,0.4700814023636364,0.21363636363636362,9.0,2795.903981099953
865,0.8819643792727272,0.817701590409091,0.46832801563636367,0.21363636363636362,10.0,2796.261761599977
866,0.9536884678181817,0.817701590409091,0.2027793769090909,0.5909090909090908,8.0,2808.392739599978
867,0.8821451629545454,0.817701590409091,0.46850879931818185,0.21363636363636374,10.0,2808.7710324999643
868,0.8820443064545453,0.817701590409091,0.4729533973636364,0.2090909090909091,10.0,2809.568418699957
869,0.8626584773181818,0.817701590409091,0.4617493864090909,0.24090909090909096,8.0,2809.790597799991
870,0.8684560884545454,0.817701590409091,0.4702742702727273,0.21818181818181825,9.0,2810.2255719999666
871,0.8822164732272728,0.817701590409091,0.47312556413636364,0.20909090909090922,10.0,2810.524140900001
872,0.8764929231363636,0.817701590409091,0.4692201958636364,0.2272727272727274,9.0,2811.121091899986
873,0.8821392849545455,0.817701590409091,0.47304837586363635,0.20909090909090922,10.0,2811.466896399972
874,0.9899040942727272,0.817701590409091,0.23808591245454544,0.5318181818181819,11.0,2824.8696849999833
875,0.8898373669545454,0.817701590409091,0.4789282760454545,0.19090909090909103,11.0,2825.1912100999616
876,0.8713073669545455,0.817701590409091,0.48039827604545454,0.19090909090909103,10.0,2825.872568699997
877,0.8851507614545454,0.817701590409091,0.4787871250909091,0.1863636363636365,11.0,2826.3469839000027
878,0.9929155707727272,0.817701590409091,0.24382466168181818,0.5090909090909093,12.0,2838.297591699986
879,1.065111936090909,0.817701590409091,0.17511193609090908,0.6500000000000001,12.0,2854.02687349997
880,0.9066032178181818,0.817701590409091,0.48023958145454543,0.1863636363636365,12.0,2880.61752119998
881,0.9626467245454545,0.817701590409091,0.3544649063636363,0.3681818181818183,12.0,2898.1052373999846
882,1.0205164975454544,0.817701590409091,0.24869831572727272,0.531818181818182,12.0,2909.0585082999896
883,0.8774526794545454,0.817701590409091,0.47290722490909093,0.2045454545454547,10.0,2909.20166099997
884,0.8612869610909091,0.817701590409091,0.47674150654545455,0.2045454545454547,9.0,2909.581098399998
885,0.8673670157727273,0.817701590409091,0.46191247031818183,0.2454545454545456,8.0,2910.187825699977
886,1.1407023205454543,0.817701590409091,0.01252050236363636,0.9681818181818181,8.0,2913.044905699964
887,0.8780306713181818,0.817701590409091,0.47803067131818183,0.20000000000000018,10.0,2913.352053599956
888,1.0535593149545455,0.817701590409091,0.014468405863636364,0.9590909090909091,4.0,2915.8345060999854
889,0.8752692537272728,0.817701590409091,0.4679965264545455,0.2272727272727274,9.0,2916.2695671999827
890,0.8639009315454547,0.817701590409091,0.47935547700000003,0.2045454545454547,9.0,2917.022483799956
891,1.0030498691818182,0.817701590409091,0.1730498691818182,0.65,9.0,2923.605187799956
892,0.8727384257272728,0.817701590409091,0.4863747893636364,0.1863636363636365,10.0,2924.082002799958
893,0.8825510760454547,0.817701590409091,0.4452783487727273,0.27727272727272745,8.0,2925.0473827999667
894,0.885853571318182,0.817701590409091,0.44403538950000004,0.28181818181818197,8.0,2925.8428812999628
895,0.8961571726363637,0.817701590409091,0.452520809,0.2636363636363639,9.0,2926.154041499947
896,0.9177799785909093,0.817701590409091,0.4541436149545455,0.2636363636363639,10.0,2926.4647693999577
897,0.8823137781363638,0.817701590409091,0.45413195995454547,0.2681818181818184,8.0,2926.7067356999614
898,0.8696751910454548,0.817701590409091,0.4478570092272728,0.28181818181818197,7.0,2927.389517899952
899,0.8882556424545456,0.817701590409091,0.4464374606363637,0.28181818181818197,8.0,2927.638594799966
900,1.0349176756818181,0.817701590409091,0.12673585750000002,0.7681818181818182,7.0,2937.4094841999467
901,0.8830994049090911,0.817701590409091,0.45037213218181826,0.27272727272727293,8.0,2938.177660299989
902,0.8590790365454547,0.817701590409091,0.4718063092727273,0.2272727272727274,8.0,2938.689040599973
903,0.8590790365454547,0.817701590409091,0.4718063092727273,0.2272727272727274,8.0,2938.9986879999633
904,0.857911229590909,0.817701590409091,0.48700213868181824,0.19090909090909103,9.0,2939.6911387
905,0.851620799,0.817701590409091,0.4852571626363637,0.1863636363636365,9.0,2940.0452425999683
906,0.8701772587272727,0.817701590409091,0.4838136223636364,0.1863636363636365,10.0,2961.303514099971
907,1.0512013774545454,0.817701590409091,0.14483774109090908,0.6863636363636365,11.0,2982.63390299998
908,0.9991219270909091,0.817701590409091,0.23094010890909095,0.5681818181818183,10.0,2994.0452337999595
909,1.1012090375909092,0.817701590409091,0.08575449213636366,0.7954545454545454,11.0,3015.7330648999778
910,0.8713450656818182,0.817701590409091,0.4686177929545455,0.22272727272727288,9.0,3016.159569399955
911,0.8658143308181818,0.817701590409091,0.46035978536363636,0.2454545454545456,8.0,3016.466103999992
912,0.8892184868636365,0.817701590409091,0.4474003050454545,0.28181818181818186,8.0,3017.6390862999833
913,0.8773428550454545,0.817701590409091,0.4582519459545455,0.25909090909090915,8.0,3017.94557479996
914,0.8658245385,0.817701590409091,0.46036999304545456,0.24545454545454548,8.0,3018.2887806999497
915,0.8858245384999999,0.817701590409091,0.46036999304545456,0.24545454545454548,9.0,3018.8198302999954
916,0.8713552733636363,0.817701590409091,0.4686280006363637,0.22272727272727277,9.0,3019.4633275999804
917,0.8858245384999999,0.817701590409091,0.46036999304545456,0.24545454545454548,9.0,3019.9439295999473
918,0.879672763681818,0.817701590409091,0.4678545818636364,0.2318181818181818,9.0,3020.359664299991
919,0.8713495032727273,0.817701590409091,0.4449858669090909,0.2863636363636364,7.0,3021.0451302999863
920,0.8490386945,0.817701590409091,0.44267505813636365,0.2863636363636364,6.0,3021.281456799945
921,0.8642788662727272,0.817701590409091,0.4351879571818182,0.3090909090909091,6.0,3022.4004349999595
922,0.8660243862727274,0.817701590409091,0.44420620445454545,0.28181818181818186,7.0,3022.868580399954
923,0.8303321373181818,0.817701590409091,0.4439685009545455,0.2863636363636364,5.0,3023.793544199958
924,0.8409231895909092,0.817701590409091,0.4481959168636364,0.2727272727272727,6.0,3024.091422299971
925,0.8446032054545455,0.817701590409091,0.4518759327272728,0.2727272727272727,6.0,3024.498383399972
926,0.8473178290909091,0.817701590409091,0.4454996472727273,0.28181818181818186,6.0,3024.799803199945
927,0.875366131590909,0.817701590409091,0.42354794977272725,0.3318181818181818,6.0,3036.6812211999786
928,0.8194263534090909,0.817701590409091,0.4557899897727273,0.26363636363636367,5.0,3037.699856299965
929,0.8325787110909091,0.817701590409091,0.45803325654545457,0.25454545454545463,6.0,3038.014739199949
930,0.8525787110909092,0.817701590409091,0.45803325654545457,0.25454545454545463,7.0,3038.378493899945
931,0.8468497792272728,0.817701590409091,0.46594068831818186,0.24090909090909096,7.0,3038.8623905999702
932,0.8142687962727272,0.8142687962727272,0.44790515990909097,0.2863636363636364,4.0,3039.6021175999776
933,0.8146988568636363,0.8142687962727272,0.4119715841363636,0.32272727272727275,4.0,3062.005903699959
934,0.8295747208636364,0.8142687962727272,0.3950292663181818,0.3545454545454546,4.0,3062.708746599965
935,0.8522395793181817,0.8142687962727272,0.4249668520454546,0.32727272727272727,5.0,3066.381363899971
936,0.8346988568636363,0.8142687962727272,0.4119715841363636,0.32272727272727275,5.0,3067.122355899948
937,0.8249750110454545,0.8142687962727272,0.4158841019545454,0.3090909090909091,5.0,3067.8312574999873
938,0.8346988568636363,0.8142687962727272,0.4119715841363636,0.32272727272727275,5.0,3068.6811112999567
939,0.8584986207727273,0.8142687962727272,0.41122589350000005,0.32727272727272727,6.0,3085.653805399954
940,0.8318023022727272,0.8142687962727272,0.404529575,0.3272727272727274,5.0,3086.49282569997
941,0.8313722416818181,0.8142687962727272,0.4404631507727273,0.290909090909091,5.0,3107.4061204999452
942,0.9396215408636364,0.8142687962727272,0.15598517722727273,0.6636363636363637,6.0,3118.553818299959
943,0.8307701776818182,0.8142687962727272,0.4516792685909091,0.25909090909090915,6.0,3119.784406699997
944,0.8507701776818181,0.8142687962727272,0.4516792685909091,0.25909090909090915,7.0,3120.27487069997
945,0.9643802368181819,0.8142687962727272,0.2243802368181818,0.6000000000000001,7.0,3133.693771899969
946,0.8527381796818182,0.8142687962727272,0.4418290887727273,0.290909090909091,6.0,3134.8947553999606
947,0.8507701776818181,0.8142687962727272,0.4516792685909091,0.25909090909090915,7.0,3135.46652289998
948,0.8300145646818182,0.8142687962727272,0.45092365559090913,0.25909090909090915,6.0,3135.8484312999644
949,0.8494302122727273,0.8142687962727272,0.45033930318181814,0.25909090909090915,7.0,3169.009512699966
950,0.8300145646818182,0.8142687962727272,0.45092365559090913,0.25909090909090915,6.0,3169.446874099958
951,0.8415854752272728,0.8142687962727272,0.4443127479545455,0.27727272727272734,6.0,3170.318809999968
952,0.8329105613181819,0.8142687962727272,0.4538196522272728,0.25909090909090915,6.0,3200.021263499977
953,0.8529105613181818,0.8142687962727272,0.4538196522272728,0.25909090909090915,7.0,3200.621902199986
954,0.8709190701818181,0.8142687962727272,0.4563736156363637,0.25454545454545463,8.0,3201.1572907999507
955,0.8329105613181819,0.8142687962727272,0.4538196522272728,0.25909090909090915,6.0,3201.585162899981
956,0.8523262089090909,0.8142687962727272,0.45323529981818184,0.25909090909090915,7.0,3234.203449399967
957,0.8397500123181817,0.8142687962727272,0.4515681941363637,0.2681818181818182,6.0,3234.5521527999663
958,0.8597500123181817,0.8142687962727272,0.4515681941363637,0.2681818181818182,7.0,3235.5003610999556
959,0.9991366664090908,0.8142687962727272,0.12277303004545456,0.7363636363636363,7.0,3242.2868923999486
960,1.0188076504999999,0.8142687962727272,0.08517128686363637,0.8136363636363637,6.0,3250.1791135999956
961,0.8686595082272726,0.8142687962727272,0.44684132640909097,0.28181818181818186,7.0,3251.5226899999543
962,0.9360751470909091,0.8142687962727272,0.1706206016363636,0.6454545454545455,6.0,3259.854183999996
963,0.9385208262272726,0.8142687962727272,0.3148844625909091,0.4636363636363636,8.0,3274.994534199999
964,0.8741147756363635,0.8142687962727272,0.45956932109090914,0.2545454545454545,8.0,3275.275588999968
965,0.8348549887727272,0.8142687962727272,0.4557640796818182,0.25909090909090904,6.0,3275.5561329999473
966,0.8429321205,0.8142687962727272,0.46656848413636365,0.23636363636363633,7.0,3275.8768735999474
967,0.8565408634545454,0.8142687962727272,0.4692681361818182,0.2272727272727273,8.0,3276.307549899968
968,0.8583578359090909,0.8142687962727272,0.47108510863636366,0.2272727272727273,8.0,3276.762249799969
969,0.8565408634545454,0.8142687962727272,0.4692681361818182,0.2272727272727273,8.0,3277.2524317999487
970,0.8429321205,0.8142687962727272,0.46656848413636365,0.23636363636363633,7.0,3278.0016854999703
971,0.8354570527727273,0.8142687962727272,0.4445479618636364,0.2909090909090909,5.0,3279.125445899961
972,0.8257797348181818,0.8142687962727272,0.46487064390909094,0.24090909090909096,6.0,3279.5670121999574
973,0.8457797348181817,0.8142687962727272,0.46487064390909094,0.24090909090909096,7.0,3280.0534885999514
974,0.8604301068636363,0.8142687962727272,0.46861192504545457,0.23181818181818192,8.0,3280.8071700999863
975,0.8515006367727271,0.8142687962727272,0.4778642731363637,0.21363636363636374,8.0,3281.178175399953
976,0.9533941051363637,0.8142687962727272,0.07521228695454545,0.8181818181818181,3.0,3285.782221799949
977,0.8780954478181818,0.8142687962727272,0.4471863569090909,0.2909090909090909,7.0,3287.4383720999467
978,0.8888096204545455,0.8142687962727272,0.45153689318181817,0.2772727272727272,8.0,3287.956747199991
979,0.8883995502727273,0.8142687962727272,0.44658136845454544,0.28181818181818186,8.0,3289.188729799993
980,0.9083995502727271,0.8142687962727272,0.44658136845454544,0.28181818181818186,9.0,3289.7056065999786
981,0.8963074026818181,0.8142687962727272,0.45721649359090905,0.25909090909090915,9.0,3290.599729599955
982,0.876397377,0.8142687962727272,0.44094283154545455,0.2954545454545455,7.0,3290.9339004999492
983,0.8624426838636365,0.8142687962727272,0.4378972293181818,0.30454545454545456,6.0,3291.474296999979
984,0.936709245318182,0.8142687962727272,0.31489106349999996,0.4818181818181818,7.0,3312.1437572999857
985,0.8768074471818184,0.8142687962727272,0.4458983562727273,0.2909090909090909,7.0,3312.687283999985
986,0.8543120095000001,0.8142687962727272,0.4597665549545455,0.2545454545454545,7.0,3313.6921729999594
987,0.8486447999545454,0.8142687962727272,0.45409934540909097,0.2545454545454545,7.0,3314.4073724999907
988,0.8354737619090908,0.8142687962727272,0.4609283073636364,0.2545454545454545,6.0,3315.425523599959
989,1.0265939174545455,0.8142687962727272,0.051139372,0.8954545454545455,4.0,3322.0959966999944
990,1.0454139330909091,0.8142687962727272,0.04995938763636364,0.8954545454545455,5.0,3326.071324099961
991,0.837059319409091,0.8142687962727272,0.46978659213636365,0.2272727272727273,7.0,3326.9899792999495
992,0.8468836455454546,0.8142687962727272,0.4614291000909091,0.24545454545454548,7.0,3328.287793800002
993,0.8474724197727274,0.8142687962727272,0.44565423795454545,0.28181818181818186,6.0,3328.709738299949
994,0.8613206449545455,0.8142687962727272,0.45313882677272727,0.2681818181818182,7.0,3329.2231871999684
995,0.8634833465909091,0.8142687962727272,0.46711971022727267,0.23636363636363633,8.0,3330.064554599987
996,0.8834833465909091,0.8142687962727272,0.46711971022727267,0.23636363636363633,9.0,3330.4525771999615
997,0.8767431126363636,0.8142687962727272,0.4694703853636363,0.2272727272727273,9.0,3330.9047430999926
998,0.8753220029545454,0.8142687962727272,0.4607765484090909,0.2545454545454545,8.0,3331.3019242999726
999,0.8613206449545455,0.8142687962727272,0.45313882677272727,0.2681818181818182,7.0,3331.6320143999765
1000,0.8592386031363636,0.8142687962727272,0.4601476940454546,0.25909090909090915,7.0,3332.3294879999594
