Iteration,obj,obj_bound,cost,loss,comp,time
1,1.105482508740724,1.0855019121696834,0.07670422819773756,0.8687782805429864,8.0,9.323187300004065
2,1.1055334800529413,1.0855019121696834,0.07675519950995474,0.8687782805429864,8.0,10.071254900016356
3,1.1052762553018098,1.0855019121696834,0.07649797475882353,0.8687782805429864,8.0,10.494924400001764
4,1.10957867530181,1.0855019121696834,0.07627550788099546,0.8733031674208145,8.0,10.828212700027507
5,0.9227065919004526,0.9227065919004526,0.4912133792307692,0.2714932126696833,8.0,29.606405700033065
6,0.9227065919004526,0.9227065919004526,0.4912133792307692,0.2714932126696833,8.0,29.693077800038736
7,1.0883122950678734,0.9227065919004526,0.07500912764705883,0.8733031674208145,7.0,36.70140050002374
8,0.9791052723190045,0.9227065919004526,0.23729531756787328,0.6018099547511313,7.0,48.046113900025375
9,0.9766521049886876,0.9227065919004526,0.2212674896040724,0.6153846153846154,7.0,49.342099000001326
10,0.9512736810972849,0.9227065919004526,0.22946372634615386,0.6018099547511312,6.0,51.43650360003812
11,1.0157817719117648,0.9227065919004526,0.1834740796040724,0.6923076923076923,7.0,741.5560273000156
12,1.0169349505090497,0.9227065919004526,0.1891521450791855,0.6877828054298643,7.0,745.1357124000206
13,0.9751139981561087,0.9227065919004526,0.23330404340497737,0.6018099547511313,7.0,750.2610421000281
14,0.9982759195815387,0.9227065919004526,0.23194107795257918,0.6063348416289593,8.0,758.3467009000015
15,0.9292101726045703,0.9227065919004526,0.339345919210905,0.4298642533936651,8.0,766.3986132999999
16,0.9358320101679187,0.9227065919004526,0.36216685179687785,0.39366515837104066,9.0,771.6894591000164
17,0.8790813651583711,0.8790813651583711,0.4980858900452489,0.18099547511312208,10.0,775.5079560999875
18,1.0225580794624434,0.8790813651583711,0.2886214278787331,0.5339366515837105,10.0,784.5644227000303
19,1.0355702763402714,0.8790813651583711,0.2952082853900453,0.5203619909502263,11.0,785.7318930000183
20,1.0570177717325793,0.8790813651583711,0.296655780782353,0.5203619909502263,12.0,786.7837711999891
21,1.0440055748547512,0.8790813651583711,0.2900689232710408,0.5339366515837105,11.0,787.6066943000187
22,1.042499465334389,0.8790813651583711,0.28856281375067877,0.5339366515837105,11.0,788.623367000022
23,1.0515206223963802,0.8790813651583711,0.30020840520181,0.5113122171945701,12.0,789.7126945999917
24,1.0315792365244345,0.8790813651583711,0.3002670193298643,0.5113122171945701,11.0,790.5295661000418
25,1.0429643972031675,0.8790813651583711,0.3071272931307693,0.5158371040723981,11.0,791.6113671000348
26,0.9995686472484162,0.8790813651583711,0.3659034888773756,0.39366515837104077,12.0,793.3617540000123
27,0.9987103701895927,0.8790813651583711,0.40839362810814483,0.3303167420814481,13.0,794.3350938000367
28,0.9893985446239819,0.8790813651583711,0.39908180254253395,0.3303167420814481,13.0,802.4688676000223
29,1.016328637655656,0.8790813651583711,0.3833874611850679,0.3529411764705884,14.0,803.4287370000384
30,1.0360895767126697,0.8790813651583711,0.38314840024208147,0.3529411764705884,15.0,804.45672810002
31,0.998814502504525,0.8790813651583711,0.34587332603393667,0.3529411764705883,15.0,815.0602751999977
32,0.9805160529819004,0.8790813651583711,0.36377397153393665,0.3167420814479639,15.0,817.6579575000214
33,0.9299535006787331,0.8790813651583711,0.4799082518099547,0.19004524886877827,13.0,829.02408990002
34,0.9818228190950227,0.8790813651583711,0.45747892769230764,0.24434389140271495,14.0,834.8486962000025
35,0.9852159389592761,0.8790813651583711,0.4589715950678733,0.2262443438914028,15.0,835.6430144000333
36,1.0069623385067874,0.8790813651583711,0.4607179946153846,0.2262443438914028,16.0,836.3630380000104
37,1.0300668333438914,0.8790813651583711,0.4592976025746606,0.23076923076923095,17.0,837.0720826000324
38,1.0387082952443438,0.8790813651583711,0.46793906447511313,0.23076923076923095,17.0,838.3060084999888
39,1.0125859164208144,0.8790813651583711,0.4708664594072398,0.22171945701357487,16.0,840.5797052000416
40,1.0316301663755656,0.8790813651583711,0.469910709361991,0.22171945701357487,17.0,840.946439500025
41,1.0319227192262441,0.8790813651583711,0.4999770178687783,0.17194570135746623,18.0,841.9575949999853
42,1.0074507441131222,0.8790813651583711,0.4955050427556561,0.17194570135746623,17.0,843.6832586000091
43,1.005590046239819,0.8790813651583711,0.4936443448823529,0.17194570135746623,17.0,843.9742110000225
44,0.9487117376470589,0.8790813651583711,0.514865583800905,0.15384615384615397,14.0,858.0945274000405
45,0.9377262291402716,0.8790813651583711,0.5038800752941176,0.15384615384615397,14.0,859.6341115999967
46,0.9602794594570137,0.8790813651583711,0.5109581924886877,0.14932126696832593,15.0,860.6076510000275
47,0.9184577731674208,0.8790813651583711,0.509136506199095,0.14932126696832593,13.0,863.4705453999923
48,0.9184577731674208,0.8790813651583711,0.509136506199095,0.14932126696832593,13.0,863.8050784000079
49,0.9408118457918553,0.8790813651583711,0.5179159181900453,0.16289592760181004,13.0,866.2630124000134
50,0.8603302891402715,0.8603302891402715,0.5336334565610862,0.12669683257918574,10.0,889.7046056000399
51,0.8854354980542987,0.8603302891402715,0.5587386654751131,0.12669683257918551,10.0,906.1305567999952
52,0.9008462354751131,0.8603302891402715,0.5541494028959276,0.12669683257918551,11.0,906.4806301000062
53,0.9378344728877828,0.8603302891402715,0.3053457851049774,0.4524886877828054,9.0,918.4035528000095
54,0.9941537537556562,0.8603302891402715,0.24139357276018097,0.5927601809954751,8.0,923.6880447000149
55,0.8821279628085973,0.8603302891402715,0.3601370125823529,0.3619909502262444,8.0,932.1287523999927
56,0.8879929455411764,0.8603302891402715,0.40030063784886877,0.3076923076923077,9.0,935.3808588000247
57,0.8946591696135746,0.8603302891402715,0.4024419750434389,0.31221719457013575,9.0,936.1146723999991
58,0.9130043379846153,0.8603302891402715,0.39173736965882355,0.3212669683257918,10.0,936.8015486000222
59,0.9216857767973302,0.8603302891402715,0.4075681297385068,0.2941176470588236,11.0,938.5367850000039
60,0.9130043379846153,0.8603302891402715,0.39173736965882355,0.3212669683257918,10.0,941.1314965999918
61,0.9295194398850678,0.8603302891402715,0.3927773584371041,0.3167420814479638,11.0,941.8710292000324
62,0.9294415249529412,0.8603302891402715,0.38817455662714934,0.3212669683257918,11.0,942.4512556000263
63,0.8772775382352941,0.8603302891402715,0.4717571762443439,0.18552036199095023,11.0,949.0877768000355
64,0.89999148,0.8603302891402715,0.4744711180090498,0.18552036199095023,12.0,949.3020822000108
65,0.89999148,0.8603302891402715,0.4744711180090498,0.18552036199095023,12.0,949.5115907000145
66,0.89999148,0.8603302891402715,0.4744711180090498,0.18552036199095023,12.0,949.7180690999958
67,0.8731270645248869,0.8603302891402715,0.47665647628959273,0.17647058823529416,11.0,950.3962718000403
68,0.8772775382352941,0.8603302891402715,0.4717571762443439,0.18552036199095023,11.0,950.6316641999874
69,0.8772775382352941,0.8603302891402715,0.4717571762443439,0.18552036199095023,11.0,950.7592014000402
70,0.8772775382352941,0.8603302891402715,0.4717571762443439,0.18552036199095023,11.0,950.992556000012
71,0.8772775382352941,0.8603302891402715,0.4717571762443439,0.18552036199095023,11.0,951.3381839999929
72,0.8772775382352941,0.8603302891402715,0.4717571762443439,0.18552036199095023,11.0,951.6678262000205
73,0.89999148,0.8603302891402715,0.4744711180090498,0.18552036199095023,12.0,951.8722226000391
74,0.8358289588235295,0.8358289588235295,0.48388325746606337,0.17194570135746612,9.0,952.2587324000197
75,0.8457362250678733,0.8358289588235295,0.48474074995475114,0.1809954751131222,9.0,955.3139629000216
76,0.9389996722624434,0.8358289588235295,0.3517598532579186,0.4072398190045248,9.0,960.169504599995
77,0.9458868127601809,0.8358289588235295,0.3224478987330317,0.4434389140271493,9.0,961.2022959000315
78,0.9678792481900453,0.8358289588235295,0.3199154472850679,0.44796380090497734,10.0,962.9187754000304
79,0.9466715768325791,0.8358289588235295,0.336807323438914,0.4298642533936652,9.0,965.3249142999994
80,1.0093767081262444,0.8358289588235295,0.30258937780950224,0.5067873303167421,10.0,967.2683658000315
81,1.0282430921986425,0.8358289588235295,0.30598064875972847,0.502262443438914,11.0,968.0831775999977
82,1.015744811674208,0.8358289588235295,0.35493033203619906,0.4208144796380091,12.0,969.2558112000115
83,1.0161997036651584,0.8358289588235295,0.3463354502714932,0.4298642533936652,12.0,969.6772531000315
84,0.9095356255656109,0.8358289588235295,0.4504406029411765,0.19909502262443446,13.0,972.7936128000147
85,0.9295206854751132,0.8358289588235295,0.45042566285067864,0.19909502262443446,14.0,973.4953645000351
86,0.9476413100000001,0.8358289588235295,0.44854628737556557,0.19909502262443446,15.0,973.9349270000239
87,0.9338032342081448,0.8358289588235295,0.44828287221719454,0.18552036199095034,15.0,977.6424172000261
88,0.9338032342081448,0.8358289588235295,0.44828287221719454,0.18552036199095034,15.0,983.3212492000312
89,0.9520412543891403,0.8358289588235295,0.4510457792760181,0.1809954751131223,16.0,983.6400239000213
90,1.0738790421303621,0.8358289588235295,0.1894446529900905,0.6244343891402715,13.0,989.9368386000278
91,0.9716943235746607,0.8358289588235295,0.3251784864705882,0.3665158371040723,14.0,993.6413904000074
92,0.9599930858375565,0.8358289588235295,0.2803550767877828,0.4796380090497737,10.0,1005.6161938000005
93,0.941755065656561,0.8358289588235295,0.2775921697289593,0.48416289592760176,9.0,1005.943791800004
94,1.1122573347236198,0.8358289588235295,0.03823018540235294,0.9140271493212669,8.0,1018.7575887000421
95,0.946656015113122,0.8358289588235295,0.2689184585520362,0.497737556561086,9.0,1028.658030599996
96,0.9413335684162896,0.8358289588235295,0.3043199937556561,0.4570135746606334,9.0,1036.6932407999993
97,0.9594073168778281,0.8358289588235295,0.3069186290950226,0.4524886877828054,10.0,1036.9066100000055
98,0.9760750780542987,0.8358289588235295,0.30811127714932124,0.44796380090497734,11.0,1038.8677250000183
99,0.9760750780542987,0.8358289588235295,0.30811127714932124,0.44796380090497734,11.0,1040.1830727999914
100,0.9375613776923077,0.8358289588235295,0.31412246366515834,0.4434389140271493,9.0,1041.0177935000393
101,0.8547759537104073,0.8358289588235295,0.2732374921719457,0.46153846153846156,6.0,1055.1338344000396
102,0.8386990667873303,0.8358289588235295,0.28240947402714933,0.41628959276018096,7.0,1057.819062900031
103,0.8860398974660634,0.8358289588235295,0.23400369837104074,0.5520361990950227,5.0,1068.5921337000327
104,0.8161535280995476,0.8161535280995476,0.3160630303619909,0.38009049773755654,6.0,1074.7871676000068
105,0.8486106292307692,0.8161535280995476,0.3032712627149321,0.42533936651583704,6.0,1079.86915340001
106,0.9600624205000453,0.8161535280995476,0.20467780511542985,0.6153846153846154,7.0,1083.6985008000047
107,0.8798022058846607,0.8161535280995476,0.30803750000230773,0.41176470588235303,8.0,1088.9700505000073
108,0.8958790928077375,0.8161535280995476,0.29886551814710405,0.4570135746606335,7.0,1091.9175998000428
109,0.9355735169230769,0.8161535280995476,0.24806220470588236,0.5475113122171946,7.0,1104.8836558000185
110,0.936504526199095,0.8161535280995476,0.2651923090045249,0.5113122171945702,8.0,1105.8609241000377
111,0.9581783538914026,0.8161535280995476,0.2759159104524887,0.502262443438914,9.0,1107.1355668000178
112,0.9571283861085973,0.8161535280995476,0.26581616891402715,0.5113122171945702,9.0,1108.6216835000087
113,0.9756967623529411,0.8161535280995476,0.2689094320361991,0.5067873303167422,10.0,1109.4893785000313
114,0.9566055490950227,0.8161535280995476,0.26981821877828055,0.5067873303167421,9.0,1111.9921223000274
115,0.9527522672850679,0.8161535280995476,0.27953959760180996,0.49321266968325794,9.0,1113.300942300004
116,0.9706961661990952,0.8161535280995476,0.28200838339366513,0.4886877828054299,10.0,1113.526583400031
117,0.8949465105882353,0.8161535280995476,0.3069827096832579,0.44796380090497734,7.0,1122.4550903000054
118,0.905754736923077,0.8161535280995476,0.3087411622624434,0.4570135746606334,7.0,1123.6800829999847
119,0.916582385520362,0.8161535280995476,0.31314347149321264,0.4434389140271493,8.0,1124.6021375000128
120,0.9194493655203619,0.8161535280995476,0.29791090398190045,0.46153846153846156,8.0,1125.9677957000094
121,0.9357712236651583,0.8161535280995476,0.30328253588235293,0.4524886877828054,9.0,1127.3556654000422
122,0.9480146106334841,0.8161535280995476,0.34529967850678733,0.40271493212669685,10.0,1128.6151496000239
123,0.9363894485067872,0.8161535280995476,0.36082383764705883,0.3755656108597286,10.0,1133.519700200006
124,0.9241460615384616,0.8161535280995476,0.31880669502262443,0.42533936651583715,9.0,1134.399034400005
125,0.936503412760181,0.8161535280995476,0.33378848063348415,0.40271493212669696,10.0,1137.7349259000039
126,0.9201815546153846,0.8161535280995476,0.3284168487330317,0.41176470588235303,9.0,1138.8178227000171
127,0.9221026067420814,0.8161535280995476,0.3782112040271493,0.34389140271493224,10.0,1139.8172399000032
128,0.9240353560633483,0.8161535280995476,0.35751951895927603,0.36651583710407254,10.0,1141.1000867999974
129,0.8844074529411764,0.8161535280995476,0.27047080135746604,0.5339366515837105,4.0,1154.80386059999
130,0.9044074529411764,0.8161535280995476,0.27047080135746604,0.5339366515837105,5.0,1164.122343200026
131,0.9032268283710407,0.8161535280995476,0.30811370619909506,0.4751131221719457,6.0,1166.1170467000338
132,0.8654975348371041,0.8161535280995476,0.4313798877782805,0.2941176470588235,7.0,1172.3243864999968
133,1.0033546387737555,0.8161535280995476,0.2027211546108597,0.6606334841628959,7.0,1179.1773431000183
134,1.0045352633438913,0.8161535280995476,0.16507824976923074,0.7194570135746606,6.0,1180.662737900042
135,1.0245352633438913,0.8161535280995476,0.16507824976923074,0.7194570135746606,7.0,1182.4047163000214
136,1.0432274278687783,0.8161535280995476,0.1682953011719457,0.7149321266968326,8.0,1183.1367085000384
137,0.9597506195882353,0.8161535280995476,0.2503388548823529,0.5294117647058824,9.0,1189.1942214000155
138,0.9668562533891403,0.8161535280995476,0.2872182443393665,0.47963800904977383,10.0,1190.9124147000257
139,0.9807841566968325,0.8161535280995476,0.2830466001357466,0.497737556561086,10.0,1200.1445519000408
140,0.9990911311764705,0.8161535280995476,0.2813535746153846,0.497737556561086,11.0,1200.9319917000248
141,0.9293133264253394,0.8161535280995476,0.36352147122171946,0.32579185520361986,12.0,1203.2481040999992
142,0.9098867266968326,0.8161535280995476,0.3640948714932127,0.32579185520361986,11.0,1203.983149000036
143,0.9686992829542536,0.8161535280995476,0.296210595171448,0.4524886877828054,11.0,1215.2426781000104
144,0.9420323070266519,0.8161535280995476,0.29859339299950227,0.4434389140271493,10.0,1216.6415258999914
145,0.934585007164887,0.8161535280995476,0.3525940569386425,0.3619909502262443,11.0,1220.036766300036
146,0.899260276440905,0.8161535280995476,0.38061774250425334,0.2986425339366515,11.0,1223.710973999987
147,0.9148286735723983,0.8161535280995476,0.407860347780543,0.26696832579185525,12.0,1225.8277302000206
148,0.932354882622172,0.8161535280995476,0.40991144370814475,0.2624434389140271,13.0,1226.5696499000187
149,0.9343575322171946,0.8161535280995476,0.4552625095927602,0.19909502262443435,14.0,1227.7285828000167
150,0.9168313231674209,0.8161535280995476,0.4532114136651583,0.2036199095022624,13.0,1228.427797899989
151,0.931934457647059,0.8161535280995476,0.4754638694117647,0.17647058823529416,14.0,1229.13391460001
152,0.9531132961538462,0.8161535280995476,0.47664270791855207,0.17647058823529416,15.0,1230.0323123999988
153,0.9736675512669684,0.8161535280995476,0.4771969630316742,0.17647058823529416,16.0,1231.4604697999894
154,0.9862454135746608,0.8161535280995476,0.47882459909502256,0.16742081447963797,17.0,1233.2886399000417
155,0.9318826795927602,0.8161535280995476,0.4663623176018099,0.18552036199095023,14.0,1243.094491099997
156,0.9318826795927602,0.8161535280995476,0.4663623176018099,0.18552036199095023,14.0,1253.002321899985
157,0.9507306140271494,0.8161535280995476,0.4652102520361991,0.18552036199095023,15.0,1253.743399100029
158,0.9532135755656108,0.8161535280995476,0.4676932135746606,0.18552036199095023,15.0,1255.6293325999868
159,0.9916977971040721,0.8161535280995476,0.5197520957466063,0.171945701357466,15.0,1259.3650746000349
160,1.0083644625791854,0.8161535280995476,0.5209436480995475,0.16742081447963797,16.0,1260.2022552000126
161,1.0206383803484163,0.8161535280995476,0.5132175658687782,0.16742081447963797,17.0,1261.0350930999848
162,0.9977237572262445,0.8161535280995476,0.49935271650226243,0.15837104072398178,17.0,1268.5002842000104
163,0.9896044624298643,0.8161535280995476,0.5002831954615384,0.1493212669683257,17.0,1268.9955272999941
164,0.9745436385837105,0.8161535280995476,0.49617259785972845,0.15837104072398178,16.0,1270.7447588000214
165,0.9851111756877828,0.8161535280995476,0.5003147955972851,0.14479638009049767,17.0,1273.1200107000186
166,0.9745436385837105,0.8161535280995476,0.49617259785972845,0.15837104072398178,16.0,1274.9477702000295
167,0.9891495133800907,0.8161535280995476,0.49530335953393667,0.15384615384615374,17.0,1275.259139700036
168,0.9768755956108599,0.8161535280995476,0.5030294417647059,0.15384615384615374,16.0,1275.983810100006
169,0.9986822860180997,0.8161535280995476,0.5093610190497737,0.1493212669683257,17.0,1277.225271000003
170,1.125609662036199,0.8161535280995476,0.33312097425339365,0.4524886877828054,17.0,1281.9463252000278
171,1.0009407859728507,0.8161535280995476,0.49804485837104073,0.16289592760180993,17.0,1288.2307825000025
172,1.0356882995475112,0.8161535280995476,0.5263670325791855,0.14932126696832582,18.0,1290.8434021000285
173,1.0179280443891403,0.8161535280995476,0.5286067774208144,0.14932126696832582,17.0,1291.368828500039
174,1.000419737873303,0.8161535280995476,0.49299892339366513,0.16742081447963797,17.0,1293.7143741000327
175,1.0080184676018098,0.8161535280995476,0.4960727662443438,0.171945701357466,17.0,1297.0422722999938
176,0.9913518021266967,0.8161535280995476,0.49488121389140266,0.17647058823529405,16.0,1297.4338480000151
177,1.0062108359728505,0.8161535280995476,0.49426513461538457,0.171945701357466,17.0,1298.9477207000018
178,1.0137657664705881,0.8161535280995476,0.48182006511312214,0.171945701357466,18.0,1300.6921927999938
179,1.0690665745701358,0.8161535280995476,0.4375733619004525,0.2714932126696833,18.0,1310.0733893000288
180,1.0724406060180995,0.8161535280995476,0.4571464883710407,0.23529411764705888,19.0,1311.1647644999903
181,1.052693119276018,0.8161535280995476,0.46454832289592757,0.20814479638009054,19.0,1315.500826500007
182,1.0308864288687785,0.8161535280995476,0.4582167456108597,0.21266968325791857,18.0,1317.1856443000142
183,1.0432872393665158,0.8161535280995476,0.48229176425339365,0.1809954751131222,19.0,1318.3254804000026
184,1.0620346522171946,0.8161535280995476,0.48556406398190044,0.17647058823529416,20.0,1318.842201500025
185,1.0796285628506785,0.8161535280995476,0.47863308773755653,0.1809954751131222,21.0,1319.194813100039
186,1.0971471164705882,0.8161535280995476,0.4806765282352941,0.17647058823529416,22.0,1319.8652542000054
187,1.075968277963801,0.8161535280995476,0.47949768972850676,0.17647058823529416,21.0,1320.675211200025
188,1.0686883338900905,0.8161535280995476,0.4424439899986878,0.2262443438914028,20.0,1321.9172346999985
189,1.0578418255642985,0.8161535280995476,0.4199232735280995,0.2579185520361992,19.0,1323.0246629000176
190,1.0387689697724434,0.8161535280995476,0.4163255308584162,0.2624434389140272,18.0,1323.3406131000374
191,1.0403854488222173,0.8161535280995476,0.41794200990818997,0.2624434389140272,18.0,1325.3279317000415
192,1.0019290404059276,0.8161535280995476,0.35541320330185516,0.36651583710407243,14.0,1329.0498306000372
193,0.9887887222158823,0.8161535280995476,0.35322311135615386,0.3755656108597285,13.0,1329.999052900006
194,0.9800876727041178,0.8161535280995476,0.37167138311135745,0.34841628959276016,13.0,1333.8133370000287
195,0.9589845933828507,0.8161535280995476,0.3705683037900905,0.34841628959276016,12.0,1335.7802089999896
196,0.9275567740176471,0.8161535280995476,0.37081469256968325,0.3167420814479638,12.0,1338.7546385999885
197,0.9466486861443439,0.8161535280995476,0.36538171781855205,0.3212669683257918,13.0,1340.2876303000376
198,1.0046269509859729,0.8161535280995476,0.42978532202669684,0.33484162895927594,12.0,1344.9067053000326
199,0.9575098695380091,0.8161535280995476,0.3743424487235294,0.30316742081447967,14.0,1346.3639649000252
200,0.9762213343343893,0.8161535280995476,0.3730539135199095,0.30316742081447967,15.0,1347.2361462000408
201,0.9949522009407241,0.8161535280995476,0.37178478012624433,0.30316742081447967,16.0,1347.5264255999937
202,1.0178724714384617,0.8161535280995476,0.3611303899904977,0.3167420814479638,17.0,1348.2025067000068
203,1.028883403384163,0.8161535280995476,0.3702408694475113,0.29864253393665163,18.0,1348.5334316000226
204,1.0180222199904978,0.8161535280995476,0.36128013854253394,0.3167420814479638,17.0,1349.5758535999921
205,1.0492163790190046,0.8161535280995476,0.32007610752579185,0.3891402714932126,17.0,1353.545971799991
206,1.068007984086878,0.8161535280995476,0.3279174863493212,0.38009049773755654,18.0,1353.7701947999885
207,1.0803326738606334,0.8161535280995476,0.33834172363438914,0.3619909502262444,19.0,1354.8468057000428
208,1.0374876734986427,0.8161535280995476,0.32002161015022623,0.35746606334841624,18.0,1362.151447799988
209,1.0292821003312218,0.8161535280995476,0.3091916025936651,0.38009049773755654,17.0,1363.6433735000319
210,1.0461562153085975,0.8161535280995476,0.30154083069321264,0.3846153846153846,18.0,1365.015636200027
211,1.0442817064253394,0.8161535280995476,0.3294400774660633,0.33484162895927605,19.0,1365.6078864000156
212,1.0049107757466065,0.8161535280995476,0.32554425990950225,0.3393665158371041,17.0,1367.4612660999992
213,1.026849062488688,0.8161535280995476,0.3184327728959276,0.34841628959276016,18.0,1368.1678366000415
214,1.04533480239819,0.8161535280995476,0.330493173438914,0.33484162895927605,19.0,1368.43825810001
215,1.0284606874208144,0.8161535280995476,0.3381439453393665,0.3303167420814479,18.0,1369.8617569000344
216,1.023074978829412,0.8161535280995476,0.32108402860316737,0.3619909502262443,17.0,1374.5685248000082
217,1.028310710478733,0.8161535280995476,0.32894419464162894,0.3393665158371041,18.0,1377.981714499998
218,0.9469075045963802,0.8161535280995476,0.38636451817104067,0.28054298642533937,14.0,1380.7985321999877
219,0.9807138874283259,0.8161535280995476,0.3353745209124887,0.42533936651583704,11.0,1390.1278512999997
220,0.8533752611312216,0.8161535280995476,0.45952910728506785,0.15384615384615374,12.0,1395.5755252999952
221,0.8699562560633484,0.8161535280995476,0.4606349890950226,0.1493212669683257,13.0,1395.8658491999959
222,0.8619480597737555,0.8161535280995476,0.4635770190497737,0.158371040723982,12.0,1398.4959753000294
223,0.857744354434389,0.8161535280995476,0.4703235399547511,0.16742081447963808,11.0,1401.291226500005
224,0.8817833142986424,0.8161535280995476,0.4834122735746606,0.158371040723982,12.0,1402.9910418000072
225,0.9001627492307691,0.8161535280995476,0.4817917085067873,0.158371040723982,13.0,1403.8161820000387
226,0.9228146244796379,0.8161535280995476,0.4844435837556561,0.158371040723982,14.0,1405.4260959000094
227,0.8771338821719458,0.8161535280995476,0.48781261520361996,0.14932126696832582,12.0,1414.4810984000214
228,0.8977743429411765,0.8161535280995476,0.4884530759728507,0.14932126696832582,13.0,1414.8191793999868
229,0.916021386651584,0.8161535280995476,0.491225006561086,0.14479638009049778,14.0,1415.104082600039
230,0.93408907520362,0.8161535280995476,0.4938175819909502,0.14027149321266974,15.0,1415.4781734000426
231,0.9494216443185521,0.8161535280995476,0.4077021873049774,0.22171945701357465,16.0,1418.0496055000112
232,0.9644841561602715,0.8161535280995476,0.4072895860245249,0.2171945701357466,17.0,1419.8037037000176
233,0.96003639699819,0.8161535280995476,0.4299911481294118,0.19004524886877827,17.0,1421.5964286000235
234,0.9643954013420815,0.8161535280995476,0.4298252655954751,0.1945701357466063,17.0,1423.131031500001
235,0.9828996760932127,0.8161535280995476,0.4283295403466063,0.1945701357466063,18.0,1423.9657709000167
236,0.9972760090796381,0.8161535280995476,0.4317556470886877,0.18552036199095023,19.0,1425.6153071000008
237,0.9854572547357465,0.8161535280995476,0.43541200586696827,0.19004524886877827,18.0,1429.4350564000197
238,0.9710809217493213,0.8161535280995476,0.4319858991248869,0.19909502262443435,17.0,1430.093362500018
239,0.9698742636497737,0.8161535280995476,0.4307792410253394,0.19909502262443424,17.0,1430.470890800003
240,0.9899204798327601,0.8161535280995476,0.43082545720832577,0.19909502262443424,18.0,1431.7600965999882
241,0.9815171995160181,0.8161535280995476,0.42694706376941177,0.1945701357466063,18.0,1436.3912523000035
242,1.000647773316923,0.8161535280995476,0.4125029769368325,0.20814479638009054,19.0,1436.8199203000404
243,1.0097783540409049,0.8161535280995476,0.4125837839051583,0.21719457013574672,19.0,1442.6538986000232
244,1.0280685301042534,0.8161535280995476,0.4153988468463348,0.21266968325791868,20.0,1442.8886369999964
245,1.0185387270273303,0.8161535280995476,0.43301836503638,0.18552036199095023,20.0,1443.7076407999848
246,1.0385387270273303,0.8161535280995476,0.43301836503638,0.18552036199095023,21.0,1443.9357300000265
247,0.9994415086562896,0.8161535280995476,0.42487137290968324,0.1945701357466063,19.0,1445.8658286000136
248,0.9878372561676018,0.8161535280995476,0.41516757290968326,0.21266968325791868,18.0,1448.7557818000205
249,0.9710478962580995,0.8161535280995476,0.4093284392445249,0.22171945701357476,17.0,1449.3702077000053
250,1.0106919158056107,0.8161535280995476,0.37919870313592763,0.2714932126696833,18.0,1452.0102714000386
251,0.9675041795160182,0.8161535280995476,0.4057847225024434,0.22171945701357476,17.0,1452.7996044000029
252,0.9590114870725792,0.8161535280995476,0.4108666906924887,0.20814479638009042,17.0,1456.3694760000217
253,0.9688939924886878,0.8161535280995476,0.4233736304977376,0.18552036199095023,18.0,1457.7609051000327
254,0.9688939924886878,0.8161535280995476,0.4233736304977376,0.18552036199095023,18.0,1459.608892999997
255,0.967412184479638,0.8161535280995476,0.4264167093665158,0.1809954751131222,18.0,1460.6090759999934
256,0.9844977073303167,0.8161535280995476,0.4280271190950226,0.17647058823529416,19.0,1461.3943077999866
257,0.967412184479638,0.8161535280995476,0.4264167093665158,0.1809954751131222,18.0,1461.708830700023
258,0.987412184479638,0.8161535280995476,0.4264167093665158,0.1809954751131222,19.0,1462.472240800038
259,1.0051340305429863,0.8161535280995476,0.43318832918552036,0.17194570135746612,20.0,1463.2437820000341
260,0.9856129177828055,0.8161535280995476,0.4336672164253394,0.17194570135746612,19.0,1463.8824688000022
261,1.0031491152533936,0.8161535280995476,0.4357283007737557,0.16742081447963808,20.0,1464.2959505000035
262,1.02018157339819,0.8161535280995476,0.43466121140723984,0.18552036199095023,20.0,1468.8278069000226
263,1.0044217778325792,0.8161535280995476,0.43890141584162895,0.18552036199095023,19.0,1469.5384812999982
264,1.0044217778325792,0.8161535280995476,0.43890141584162895,0.18552036199095023,19.0,1469.9548375000013
265,0.9767567067918551,0.8161535280995476,0.43576123167873304,0.1809954751131222,18.0,1472.7169447999913
266,0.9575243771538462,0.8161535280995476,0.436528902040724,0.1809954751131222,17.0,1473.5423785999883
267,0.9556450843031674,0.8161535280995476,0.4301247223122172,0.18552036199095023,17.0,1474.664217100013
268,0.9708064762036198,0.8161535280995476,0.4388607748461539,0.171945701357466,18.0,1475.3190229000174
269,0.9708064762036198,0.8161535280995476,0.4388607748461539,0.171945701357466,18.0,1477.3225550000207
270,0.9662579159773755,0.8161535280995476,0.4388371014977376,0.16742081447963797,18.0,1478.2045633000089
271,0.984606101995475,0.8161535280995476,0.4507599481493213,0.15384615384615385,19.0,1478.8157681000303
272,0.9831527819049773,0.8161535280995476,0.4538315149366516,0.14932126696832582,19.0,1479.2189777999884
273,0.9639933490090496,0.8161535280995476,0.45467208204072396,0.14932126696832582,18.0,1480.291071899992
274,0.983489762352941,0.8161535280995476,0.45869338226244344,0.14479638009049778,19.0,1480.560460800014
275,0.9651995862895927,0.8161535280995476,0.455878319321267,0.14932126696832582,18.0,1480.7103205000167
276,0.9651995862895927,0.8161535280995476,0.455878319321267,0.14932126696832582,18.0,1480.7929530999972
277,0.9751550846153846,0.8161535280995476,0.44320938325791853,0.171945701357466,18.0,1481.3068106999854
278,0.9551550846153847,0.8161535280995476,0.44320938325791853,0.171945701357466,17.0,1481.8296454999945
279,0.9269335695022625,0.8161535280995476,0.43498786814479634,0.171945701357466,16.0,1483.937288200017
280,0.948562815520362,0.8161535280995476,0.4320922272850678,0.17647058823529405,17.0,1486.7233501999872
281,0.9412076753900454,0.8161535280995476,0.4085379921321267,0.21266968325791846,16.0,1487.54604570003
282,0.9105482159276019,0.8161535280995476,0.42502785393665155,0.18552036199095023,15.0,1488.5963999000378
283,0.9049435065158371,0.8161535280995476,0.4258484838914027,0.19909502262443435,14.0,1494.0361025999882
284,0.9243210912217195,0.8161535280995476,0.4342758423529411,0.19004524886877827,15.0,1494.2587674999959
285,0.9415179049773756,0.8161535280995476,0.4359975429864253,0.18552036199095023,16.0,1494.523231500003
286,0.9409222055203619,0.8161535280995476,0.44897650416289586,0.171945701357466,16.0,1495.0122020000126
287,0.9609222055203619,0.8161535280995476,0.44897650416289586,0.171945701357466,17.0,1495.2195461000083
288,0.9632772064253394,0.8161535280995476,0.45133150506787323,0.171945701357466,17.0,1496.0883435999858
289,0.9432772064253394,0.8161535280995476,0.45133150506787323,0.171945701357466,16.0,1496.2182271000347
290,0.9234654520361991,0.8161535280995476,0.4424699769230768,0.1809954751131222,15.0,1496.7920565000386
291,0.9401907334841628,0.8161535280995476,0.44824503212669675,0.171945701357466,16.0,1497.0433886999963
292,0.9599741683710408,0.8161535280995476,0.45255335389140267,0.16742081447963797,17.0,1497.7779612999875
293,0.9787719299547512,0.8161535280995476,0.4513511154751131,0.16742081447963797,18.0,1498.3182405999978
294,0.9593943452488689,0.8161535280995476,0.4429237570135746,0.17647058823529416,17.0,1498.4351460000034
295,0.9573327564253393,0.8161535280995476,0.44538705506787324,0.171945701357466,17.0,1498.771007800009
296,0.9767103411312217,0.8161535280995476,0.4538144135294117,0.16289592760180993,18.0,1498.9741119000246
297,1.050990684399095,0.8161535280995476,0.40402235860723973,0.26696832579185525,19.0,1500.5131664000219
298,1.0456138910692307,0.8161535280995476,0.43294420781131215,0.21266968325791857,20.0,1502.543038200005
299,1.0237440553226245,0.8161535280995476,0.43107437206470584,0.21266968325791857,19.0,1503.263197000022
300,1.0093304689140272,0.8161535280995476,0.4600092019457013,0.14932126696832582,20.0,1504.1868405999849
301,1.0293304689140272,0.8161535280995476,0.4600092019457013,0.14932126696832582,21.0,1504.4300500000245
302,1.050464241357466,0.8161535280995476,0.443043426877828,0.16742081447963797,22.0,1504.9017283000285
303,1.0697343976923077,0.8161535280995476,0.45136335696832575,0.1583710407239819,23.0,1506.1519564000191
304,1.0697343976923077,0.8161535280995476,0.45136335696832575,0.1583710407239819,23.0,1506.6668351000408
305,1.0896285578280542,0.8161535280995476,0.4557824039819004,0.15384615384615385,24.0,1507.3247482000152
306,1.0776411666968326,0.8161535280995476,0.46831989972850674,0.14932126696832593,23.0,1510.6443242999958
307,1.0582635819909503,0.8161535280995476,0.45989254126696827,0.1583710407239819,22.0,1510.7547067000414
308,1.0168924839366515,0.8161535280995476,0.45852144321266963,0.1583710407239819,20.0,1512.959944400005
309,inf,0.8161535280995476,0.0,0.0,0.0,1513.4383607000345
310,1.031306070345249,0.8161535280995476,0.4295866133316742,0.22171945701357465,19.0,1514.3966120000114
311,1.018528206968326,0.8161535280995476,0.46920693999999996,0.1493212669683257,20.0,1516.3527953000157
312,1.0246797820692308,0.8161535280995476,0.4663087413452488,0.158371040723982,20.0,1516.8293666000245
313,1.037957921402715,0.8161535280995476,0.4776864281900452,0.14027149321266963,21.0,1517.366792100016
314,1.0193129201357467,0.8161535280995476,0.4790414269230769,0.14027149321266985,20.0,1518.1694066000055
315,1.0101863366968327,0.8161535280995476,0.4699148434841629,0.14027149321266985,20.0,1623.1170180999907
316,0.9931678276923077,0.8161535280995476,0.45932167384615386,0.15384615384615397,19.0,1623.376116200001
317,1.0096427319909502,0.8161535280995476,0.46484635190045254,0.1447963800904979,20.0,1623.9807287000003
318,0.989307714162896,0.8161535280995476,0.4645113340723982,0.1447963800904979,19.0,1625.156473800016
319,1.012394114479638,0.8161535280995476,0.4630728475113123,0.14932126696832593,20.0,1627.3134576000157
320,0.9954876967873303,0.8161535280995476,0.4661664298190046,0.14932126696832593,19.0,1632.1418999999878
321,0.9655595978733031,0.8161535280995476,0.4517134440271493,0.15384615384615374,18.0,1634.6053769999999
322,0.9817588595475113,0.8161535280995476,0.46148736633484155,0.14027149321266963,19.0,1634.9173541000346
323,1.0040238825791854,0.8161535280995476,0.46375238936651586,0.14027149321266985,20.0,1635.95872460003
324,1.0210058945248868,0.8161535280995476,0.4697841750678733,0.13122171945701355,21.0,1636.657221100002
325,1.0040238825791854,0.8161535280995476,0.46375238936651586,0.14027149321266985,20.0,1637.8709053000202
326,1.033494678156561,0.8161535280995476,0.46607386367692316,0.16742081447963808,20.0,1640.5971248000278
327,1.0210707781113122,0.8161535280995476,0.4736499636316742,0.16742081447963808,19.0,1641.8595907000126
328,1.038156300961991,0.8161535280995476,0.475260373360181,0.16289592760181004,20.0,1642.4474627000163
329,1.039125320283258,0.8161535280995476,0.47170450580361994,0.16742081447963797,20.0,1647.3588225999847
330,1.058578096753846,0.8161535280995476,0.47115728227420817,0.16742081447963797,21.0,1648.369245800015
331,1.078578096753846,0.8161535280995476,0.47115728227420817,0.16742081447963797,22.0,1648.9754879000247
332,1.064150038959276,0.8161535280995476,0.47935365886877834,0.14479638009049778,22.0,1650.1054121000343
333,1.0838771960180995,0.8161535280995476,0.49718036343891403,0.12669683257918551,23.0,1650.3855169999879
334,1.0640971269230768,0.8161535280995476,0.4838256337104072,0.14027149321266974,22.0,1650.74323740002
335,1.082988238597285,0.8161535280995476,0.48271674538461534,0.14027149321266974,23.0,1651.1141563000274
336,1.0836604991701357,0.8161535280995476,0.4671899109348417,0.17647058823529416,22.0,1651.5516033000313
337,1.0731611516588235,0.8161535280995476,0.4566905634235295,0.17647058823529416,22.0,1654.7245810999884
338,1.092234964961991,0.8161535280995476,0.460289263604525,0.17194570135746612,23.0,1655.0185656000394
339,1.0773618635176472,0.8161535280995476,0.4318415015266969,0.18552036199095023,23.0,1656.524678900023
340,1.0780714851013575,0.8161535280995476,0.4325511231104073,0.18552036199095023,23.0,1657.1730626000208
341,1.0773618635176472,0.8161535280995476,0.4318415015266969,0.18552036199095023,23.0,1657.4824012999889
342,inf,0.8161535280995476,0.0,0.0,0.0,1658.2828777999966
343,1.0942568291737558,0.8161535280995476,0.4377862409384616,0.17647058823529416,24.0,1658.584519200027
344,1.1128215803049775,0.8161535280995476,0.44540076582533944,0.16742081447963797,25.0,1659.121134200017
345,1.1280610982515837,0.8161535280995476,0.42896607562714933,0.19909502262443435,25.0,1661.0924956999952
346,1.113734096441629,0.8161535280995476,0.4301141869393666,0.2036199095022625,24.0,1662.243378299987
347,0.9542669267583712,0.8161535280995476,0.4280225828669683,0.2262443438914027,15.0,1664.5301534000318
348,0.9670961332289594,0.8161535280995476,0.4253766762153846,0.22171945701357465,16.0,1664.8008943999885
349,0.9795153790497739,0.8161535280995476,0.4423208089140272,0.2171945701357465,16.0,1669.2325449000346
350,0.9660353061552036,0.8161535280995476,0.4352660753859729,0.23076923076923084,15.0,1669.9033359999885
351,0.9529733886891403,0.8161535280995476,0.48365212172081445,0.14932126696832582,16.0,1671.581256900041
352,0.9597095420828055,0.8161535280995476,0.4968136144809955,0.16289592760181004,15.0,1676.8166117999936
353,0.9597095420828055,0.8161535280995476,0.4968136144809955,0.16289592760181004,15.0,1677.2336905000266
354,0.977813364117647,0.8161535280995476,0.5039672102714933,0.15384615384615385,16.0,1677.4801334000076
355,0.9837955873755657,0.8161535280995476,0.503524094162896,0.14027149321266963,17.0,1679.1966558999848
356,0.9837955873755657,0.8161535280995476,0.503524094162896,0.14027149321266963,17.0,1679.2892802000279
357,0.9619757018099548,0.8161535280995476,0.49527886923076925,0.1266968325791854,17.0,1683.3112365000416
358,0.9619757018099548,0.8161535280995476,0.49527886923076925,0.1266968325791854,17.0,1683.4030670000357
359,0.9805339487782806,0.8161535280995476,0.493837116199095,0.1266968325791854,18.0,1683.7960168999853
360,0.9735919479185521,0.8161535280995476,0.4914200022171945,0.12217194570135737,18.0,1684.9606027000118
361,0.9931440721719457,0.8161535280995476,0.4909721264705882,0.12217194570135737,19.0,1687.2141268000123
362,0.994647462036199,0.8161535280995476,0.4943759688235293,0.14027149321266963,18.0,1688.5042415999924
363,0.9941880493665158,0.8161535280995476,0.49844144303167415,0.1357466063348416,18.0,1688.9162686000345
364,0.9813588428959277,0.8161535280995476,0.5010873496832579,0.14027149321266963,17.0,1689.1705236000125
365,0.9813588428959277,0.8161535280995476,0.5010873496832579,0.14027149321266963,17.0,1689.2548551000073
366,0.9813588428959277,0.8161535280995476,0.5010873496832579,0.14027149321266963,17.0,1689.3349822000018
367,inf,0.8161535280995476,0.0,0.0,0.0,1690.1456123000244
368,0.9632600085972851,0.8161535280995476,0.49846362850678727,0.14479638009049767,16.0,1690.6489152000286
369,0.9411503221493212,0.8161535280995476,0.4918290551809954,0.1493212669683257,15.0,1690.8333333000191
370,0.9215981978959277,0.8161535280995476,0.4922769309276017,0.1493212669683257,14.0,1692.928338800033
371,0.9449764745475113,0.8161535280995476,0.49565520757918546,0.1493212669683257,15.0,1695.5755244999891
372,0.9449764745475113,0.8161535280995476,0.49565520757918546,0.1493212669683257,15.0,1695.8282953000162
373,0.9670861609954751,0.8161535280995476,0.5022897809049773,0.14479638009049767,16.0,1696.093700300029
374,0.9670861609954751,0.8161535280995476,0.5022897809049773,0.14479638009049767,16.0,1696.185561500024
375,0.9802649947963802,0.8161535280995476,0.49999350158371036,0.14027149321266963,17.0,1696.5240541000385
376,0.9792041621719458,0.8161535280995476,0.4944077820814479,0.14479638009049767,17.0,1700.062933899986
377,0.9660253283710407,0.8161535280995476,0.4967040614027149,0.1493212669683257,16.0,1700.3005738999927
378,0.9616501747058824,0.8161535280995476,0.4689804914479638,0.21266968325791846,14.0,1704.8379451000364
379,0.9594175302714933,0.8161535280995476,0.4712727338914027,0.20814479638009042,14.0,1705.0500179000082
380,0.9724803590950226,0.8161535280995476,0.46886044959276013,0.2036199095022624,15.0,1706.8005018000258
381,0.985309565565611,0.8161535280995476,0.4662145429411764,0.19909502262443435,16.0,1707.1152536000009
382,0.9547499860180997,0.8161535280995476,0.4601798502714932,0.1945701357466062,15.0,1712.8802711000317
383,0.9412178467420815,0.8161535280995476,0.48547124040723977,0.13574660633484148,16.0,1714.0050350000383
384,0.9354592922171947,0.8161535280995476,0.47971268588235294,0.1357466063348416,16.0,1718.0826639999868
385,0.916541867285068,0.8161535280995476,0.48079526095022623,0.1357466063348416,15.0,1718.395089800004
386,0.9006706896846155,0.8161535280995476,0.4713494227162896,0.1493212669683257,14.0,1718.7129223000375
387,0.916541867285068,0.8161535280995476,0.48079526095022623,0.1357466063348416,15.0,1719.0373862000415
388,0.916541867285068,0.8161535280995476,0.48079526095022623,0.1357466063348416,15.0,1719.1516753000324
389,0.9077878983710408,0.8161535280995476,0.48299151828054304,0.14479638009049767,14.0,1719.7552506999928
390,0.9351868999470587,0.8161535280995476,0.36034527098778274,0.33484162895927605,12.0,1731.998377699987
391,0.9518029831235294,0.8161535280995476,0.36148624104208144,0.330316742081448,13.0,1733.3420736000407
392,0.9003371869696832,0.8161535280995476,0.40694352181131227,0.25339366515837103,12.0,1735.014392000041
393,0.9041762588755656,0.8161535280995476,0.3538595167941176,0.330316742081448,11.0,1739.1278276999947
394,0.9113311029479639,0.8161535280995476,0.35458902149999993,0.3167420814479639,12.0,1741.8768631999847
395,0.9028898934909503,0.8161535280995476,0.3461478120429864,0.3167420814479639,12.0,1743.2445605000248
396,0.9028898934909503,0.8161535280995476,0.3461478120429864,0.3167420814479639,12.0,1747.0700294999988
397,0.9112459013882354,0.8161535280995476,0.37522780184072396,0.27601809954751133,13.0,1749.6443264000118
398,0.9327332367728508,0.8161535280995476,0.4102897978588235,0.2624434389140272,13.0,1753.0648239000002
399,0.952658984528507,0.8161535280995476,0.41021554561447954,0.2624434389140272,14.0,1754.361019700009
400,0.9500965274244344,0.8161535280995476,0.42122774914389133,0.248868778280543,14.0,1756.6512845000252
401,0.9533636177411765,0.8161535280995476,0.42449483946063343,0.248868778280543,14.0,1763.407812200021
402,0.9297771302298643,0.8161535280995476,0.4118585781936651,0.25791855203619907,13.0,1766.035369899997
403,0.9297771302298643,0.8161535280995476,0.4118585781936651,0.25791855203619907,13.0,1766.1400360999978
404,0.9138303971076923,0.8161535280995476,0.37971275004886873,0.2941176470588236,12.0,1767.6473994000116
405,0.8949747367909502,0.8161535280995476,0.3808570897321266,0.2941176470588236,11.0,1768.504948900023
406,0.9153951707728506,0.8161535280995476,0.35602865493574654,0.339366515837104,11.0,1770.5015673000016
407,0.8949747367909502,0.8161535280995476,0.3808570897321266,0.2941176470588236,11.0,1770.5884275999852
408,0.9141293185072398,0.8161535280995476,0.38001167144841624,0.2941176470588236,12.0,1772.7680085999891
409,0.8726563734841628,0.8161535280995476,0.4199866902262443,0.21266968325791846,12.0,1775.906981600041
410,0.8945804942850678,0.8161535280995476,0.41286103727149315,0.22171945701357454,13.0,1776.4451964999898
411,0.909640176434389,0.8161535280995476,0.4214953800542986,0.20814479638009042,14.0,1776.9815795000177
412,0.9009397536199095,0.8161535280995476,0.4611207490950226,0.23981900452488691,10.0,1798.633177599986
413,0.8981724049321267,0.8161535280995476,0.4583534004072399,0.23981900452488691,10.0,1799.7563430999871
414,0.8975046532126698,0.8161535280995476,0.45768564868778283,0.23981900452488691,10.0,1802.6092766000074
415,0.8975046532126698,0.8161535280995476,0.45768564868778283,0.23981900452488691,10.0,1802.7197759000119
416,0.8553015209049775,0.8161535280995476,0.4807313851583711,0.1945701357466063,9.0,1825.04616670002
417,0.8553015209049775,0.8161535280995476,0.4807313851583711,0.1945701357466063,9.0,1825.1502698000404
418,0.8381590366968326,0.8161535280995476,0.4835889009502262,0.1945701357466063,8.0,1839.1201257000212
419,0.823372258280543,0.8161535280995476,0.47975234877828055,0.2036199095022624,7.0,1840.738259500009
420,0.7799765083257918,0.7799765083257918,0.538528544524887,0.08144796380090491,8.0,1842.6174737000256
421,0.7828210555656109,0.7799765083257918,0.5413730917647059,0.08144796380090491,8.0,1844.642181400035
422,0.8004123342986424,0.7799765083257918,0.5480141442533937,0.07239819004524883,9.0,1845.1385003000032
423,0.804130711402715,0.7799765083257918,0.5517325213574661,0.07239819004524872,9.0,1845.5676060999976
424,0.826255196877828,0.7799765083257918,0.5629067805882353,0.06334841628959276,10.0,1846.7119017000077
425,0.8457814471493211,0.7799765083257918,0.5579081439819005,0.06787330316742068,11.0,1847.2553369000088
426,0.8640897350226243,0.7799765083257918,0.5516915449773756,0.07239819004524883,12.0,1847.5774253000272
427,0.8427800791855202,0.7799765083257918,0.5413321153846155,0.08144796380090502,11.0,1848.3829022000427
428,0.8182845148416289,0.7799765083257918,0.5458863247963801,0.07239819004524872,10.0,1849.1137761000427
429,0.8412828262895927,0.7799765083257918,0.5443597493665159,0.07692307692307687,11.0,1849.38117160002
430,0.8188536297737556,0.7799765083257918,0.5419305528506788,0.07692307692307687,10.0,1849.8078267000383
431,0.8384614734389139,0.7799765083257918,0.5415383965158371,0.07692307692307687,11.0,1850.6895544999861
432,0.8587906671493211,0.7799765083257918,0.5418675902262444,0.07692307692307698,12.0,1851.5317685999908
433,0.8771567385067872,0.7799765083257918,0.5447585484615385,0.07239819004524894,13.0,1852.3004170000204
434,0.9003104672850678,0.7799765083257918,0.5433873903619909,0.0769230769230771,14.0,1852.677796300035
435,0.9101772766063347,0.7799765083257918,0.542303973438914,0.06787330316742102,15.0,1852.9133598000044
436,0.9153067161538462,0.7799765083257918,0.5429085261085973,0.07239819004524906,15.0,1853.171337100037
437,0.9202889293665157,0.7799765083257918,0.5478907393212669,0.07239819004524906,15.0,1853.627652199997
438,0.9202889293665157,0.7799765083257918,0.5478907393212669,0.07239819004524906,15.0,1855.5177077000262
439,0.9388790050226243,0.7799765083257918,0.5464808149773754,0.07239819004524906,16.0,1856.0322758000111
440,0.9567489197285066,0.7799765083257918,0.5488756165610859,0.06787330316742102,17.0,1856.298005299992
441,0.9213960140723982,0.7799765083257918,0.5289978240271493,0.07239819004524894,16.0,1857.519920599996
442,0.931389384117647,0.7799765083257918,0.5280409678280543,0.06334841628959287,17.0,1857.8242858999874
443,0.9511240894570135,0.7799765083257918,0.5277756731674208,0.06334841628959287,18.0,1858.1830007000244
444,0.9692486667420814,0.7799765083257918,0.5259002504524887,0.06334841628959287,19.0,1858.399332400004
445,0.9692486667420814,0.7799765083257918,0.5259002504524887,0.06334841628959287,19.0,1858.4872081000358
446,0.9894850047963801,0.7799765083257918,0.5261365885067874,0.06334841628959287,20.0,1858.816380000033
447,0.9894850047963801,0.7799765083257918,0.5261365885067874,0.06334841628959287,20.0,1859.1802203000407
448,0.9704429007692309,0.7799765083257918,0.527094484479638,0.06334841628959276,19.0,1860.2438715000171
449,0.9502065627149322,0.7799765083257918,0.5268581464253393,0.06334841628959276,18.0,1860.4560741999885
450,0.9502065627149322,0.7799765083257918,0.5268581464253393,0.06334841628959276,18.0,1860.5377467999933
451,0.9502065627149322,0.7799765083257918,0.5268581464253393,0.06334841628959276,18.0,1860.740216700011
452,0.9502065627149322,0.7799765083257918,0.5268581464253393,0.06334841628959276,18.0,1860.8259834999917
453,1.0345839135294117,0.7799765083257918,0.2666201126244344,0.44796380090497734,16.0,1877.5578035000362
454,0.9320819854298643,0.7799765083257918,0.5287335691402715,0.06334841628959276,17.0,1877.7079079000396
455,0.9123472800904979,0.7799765083257918,0.528998863800905,0.06334841628959276,16.0,1878.1262278000358
456,0.938816440045249,0.7799765083257918,0.5354680237556562,0.06334841628959276,17.0,1878.9562831000076
457,0.9123472800904979,0.7799765083257918,0.528998863800905,0.06334841628959276,16.0,1879.3794228000334
458,0.9400488433484164,0.7799765083257918,0.5367004270588236,0.06334841628959276,17.0,1879.7317957000341
459,0.9571479221719459,0.7799765083257918,0.5337995058823529,0.06334841628959276,18.0,1881.7562609000015
460,0.9792723322171947,0.7799765083257918,0.5313990290497738,0.0678733031674208,19.0,1882.2448076999863
461,0.969824806606335,0.7799765083257918,0.5329017296832579,0.07692307692307698,18.0,1882.7815114000114
462,1.0413953961085973,0.7799765083257918,0.5320741291402714,0.14932126696832582,18.0,1894.4307929000352
463,1.0496973085067873,0.7799765083257918,0.5294258152941176,0.14027149321266974,19.0,1894.7736936000292
464,1.0696973085067873,0.7799765083257918,0.5294258152941176,0.14027149321266974,20.0,1894.996553200006
465,1.0696973085067873,0.7799765083257918,0.5294258152941176,0.14027149321266974,20.0,1897.4922457000357
466,1.0696973085067873,0.7799765083257918,0.5294258152941176,0.14027149321266974,20.0,1897.5980958000291
467,1.0673332525791857,0.7799765083257918,0.5270617593665158,0.14027149321266974,20.0,1898.08515910001
468,1.0673332525791857,0.7799765083257918,0.5270617593665158,0.14027149321266974,20.0,1898.1825241000042
469,1.0673332525791857,0.7799765083257918,0.5270617593665158,0.14027149321266974,20.0,1898.3832957000122
470,1.0473332525791856,0.7799765083257918,0.5270617593665158,0.14027149321266974,19.0,1898.4939739000401
471,1.0673332525791857,0.7799765083257918,0.5270617593665158,0.14027149321266974,20.0,1898.7080080999876
472,1.04707706280543,0.7799765083257918,0.5384797777375565,0.10859728506787347,20.0,1905.9850677000359
473,0.9570950297285068,0.7799765083257918,0.42704978085972845,0.19004524886877838,17.0,1921.044023399998
474,0.968383248954751,0.7799765083257918,0.4383380000859728,0.19004524886877838,17.0,1925.6971527000424
475,0.9491258919411765,0.7799765083257918,0.43908064307239814,0.19004524886877827,16.0,1926.041328100022
476,0.9622201175972851,0.7799765083257918,0.4431250949728507,0.19909502262443435,16.0,1926.3868625999894
477,0.9706441084660633,0.7799765083257918,0.45869840710859733,0.171945701357466,17.0,1927.9626624000375
478,0.9729380413167421,0.7799765083257918,0.456467453081448,0.17647058823529405,17.0,1929.7259058000054
479,0.9499333313619909,0.7799765083257918,0.4534627431266969,0.17647058823529416,16.0,1929.9830535000074
480,0.9294486346199096,0.7799765083257918,0.4575029332624435,0.171945701357466,15.0,1931.591170300031
481,0.9313726265203621,0.7799765083257918,0.45942692516289596,0.171945701357466,15.0,1933.3661042000167
482,0.9313726265203621,0.7799765083257918,0.45942692516289596,0.171945701357466,15.0,1933.9342077000183
483,0.9125567957058824,0.7799765083257918,0.45608620747058826,0.17647058823529405,14.0,1935.0001768000075
484,0.9199799412669682,0.7799765083257918,0.46613378742081457,0.15384615384615385,15.0,1936.2153297000332
485,0.9575355493212669,0.7799765083257918,0.4629654135746607,0.1945701357466063,15.0,1945.7145313000074
486,0.9642745605429863,0.7799765083257918,0.38825646099547506,0.2760180995475112,15.0,1953.3750422000303
487,0.9504274966968326,0.7799765083257918,0.3898845102714932,0.28054298642533926,14.0,1953.9522771000047
488,0.9734781986877827,0.7799765083257918,0.3974600991402715,0.2760180995475112,15.0,1954.4072325000307
489,0.9309278324434389,0.7799765083257918,0.39038484601809953,0.28054298642533926,13.0,1954.5986853000359
490,0.9137828500904976,0.7799765083257918,0.3932398636651584,0.28054298642533926,12.0,1955.632306399988
491,0.9137828500904976,0.7799765083257918,0.3932398636651584,0.28054298642533926,12.0,1956.6261864000116
492,0.9188568357013573,0.7799765083257918,0.41903783117647064,0.2398190045248868,13.0,1957.5650969000417
493,0.9011089203619909,0.7799765083257918,0.42128991583710407,0.2398190045248868,12.0,1959.4623015000252
494,0.9511017409049773,0.7799765083257918,0.37173522506787327,0.339366515837104,12.0,1960.8965723000001
495,0.9773021354298643,0.7799765083257918,0.3734107327149322,0.3438914027149321,13.0,1962.1331592000206
496,0.9954076689592761,0.7799765083257918,0.37151626624434386,0.3438914027149321,14.0,1962.3932840999914
497,1.0212941892307692,0.7799765083257918,0.3502534652488688,0.37104072398190047,15.0,1963.1046402000356
498,1.0212941892307692,0.7799765083257918,0.3502534652488688,0.37104072398190047,15.0,1963.3536722999997
499,1.0454616250678732,0.7799765083257918,0.34989601420814476,0.3755656108597285,16.0,1963.722829800041
500,1.0235368609049773,0.7799765083257918,0.3524961369230769,0.37104072398190047,15.0,1965.3837398000178
501,1.0125660488235293,0.7799765083257918,0.3479506642081448,0.3846153846153846,14.0,1966.7540512999985
502,0.9902102738461538,0.7799765083257918,0.3689433055203619,0.3212669683257918,15.0,1972.874693299993
503,0.9643237535746606,0.7799765083257918,0.39020610651583704,0.2941176470588235,14.0,1973.4302115000319
504,0.9629353386425339,0.7799765083257918,0.3888176915837104,0.2941176470588235,14.0,1974.1815489000292
505,0.9806408958823529,0.7799765083257918,0.38652324882352934,0.2941176470588235,15.0,1975.1406242999947
506,0.9444326822624434,0.7799765083257918,0.46343720714932124,0.1809954751131222,15.0,1977.1679629000137
507,0.9919126482578733,0.7799765083257918,0.4139940962216742,0.25791855203619907,16.0,1980.8364595000166
508,0.9699972959049321,0.7799765083257918,0.4463773864026696,0.2036199095022624,16.0,1982.271245300013
509,0.991922060067828,0.7799765083257918,0.44377726368773757,0.20814479638009042,17.0,1983.377924200031
510,0.991922060067828,0.7799765083257918,0.44377726368773757,0.20814479638009042,17.0,1984.0931497000274
511,0.9683782749547059,0.7799765083257918,0.4357085916967873,0.21266968325791846,16.0,1985.1546791000292
512,0.9871090134841629,0.7799765083257918,0.43896421710407235,0.20814479638009042,17.0,1987.0340482000029
513,0.8523449422850227,0.7799765083257918,0.4396752590271041,0.21266968325791857,10.0,1993.435536600009
514,0.8582127522484617,0.7799765083257918,0.45006795586837106,0.20814479638009054,10.0,1998.6213669000426
515,0.8750849505452941,0.7799765083257918,0.4514650410430317,0.2036199095022625,11.0,2001.1328000000212
516,0.8404033799407693,0.7799765083257918,0.44773369668285073,0.21266968325791857,9.0,2006.0512575000175
517,0.8577028095335295,0.7799765083257918,0.4450331262756109,0.21266968325791857,10.0,2008.7626705000293
518,1.0330048198190045,0.7799765083257918,0.27834418633484165,0.574660633484163,9.0,2019.4967448000098
519,0.8598848936059278,0.7799765083257918,0.4472152103480091,0.21266968325791857,10.0,2020.8607498999918
520,0.8756214212666064,0.7799765083257918,0.4610512855200001,0.1945701357466063,11.0,2022.3623536000377
521,0.8916171244340272,0.7799765083257918,0.4570469886874209,0.19457013574660642,12.0,2023.4822020999854
522,0.9135693413571041,0.7799765083257918,0.47899920561049775,0.19457013574660642,12.0,2027.7170125000412
523,0.8589976377828055,0.7799765083257918,0.40107908574660633,0.2579185520361992,10.0,2043.5262636000407
524,0.8404399361085972,0.7799765083257918,0.4025213840723982,0.25791855203619907,9.0,2043.955398900027
525,0.8409590114479637,0.7799765083257918,0.4030404594117647,0.25791855203619907,9.0,2045.003739000007
526,0.8609399566515836,0.7799765083257918,0.4030214046153846,0.2579185520361992,10.0,2045.2530295000179
527,0.822377909954751,0.7799765083257918,0.5137806248868778,0.10859728506787325,10.0,2047.3215509000001
528,0.8668315111312217,0.7799765083257918,0.4560622803619909,0.23076923076923073,9.0,2065.896807000041
529,0.8352473456561085,0.7799765083257918,0.5176002868325791,0.11764705882352944,10.0,2067.2533806000138
530,0.8320178070135746,0.7799765083257918,0.5188956350678733,0.1131221719457014,10.0,2068.423762199993
531,0.8414892459728506,0.7799765083257918,0.5038421871493213,0.11764705882352944,11.0,2070.36683720001
532,0.8572858089140271,0.7799765083257918,0.5086885238461539,0.10859728506787325,12.0,2071.6742049999884
533,0.8608960604524886,0.7799765083257918,0.5032490016289592,0.11764705882352944,12.0,2071.9241598999943
534,0.8608960604524886,0.7799765083257918,0.5032490016289592,0.11764705882352944,12.0,2072.0389843999874
535,0.8608960604524886,0.7799765083257918,0.5032490016289592,0.11764705882352944,12.0,2072.2893690000055
536,0.8602231450226244,0.7799765083257918,0.49352631244343886,0.12669683257918551,12.0,2074.92866710003
537,0.8598277366515835,0.7799765083257918,0.4931309040723982,0.12669683257918551,12.0,2076.0870211999863
538,0.8404209221719455,0.7799765083257918,0.49372408959276015,0.12669683257918551,11.0,2076.3590688999975
539,0.8598277366515835,0.7799765083257918,0.4931309040723982,0.12669683257918551,12.0,2076.5812122999923
540,0.8598277366515835,0.7799765083257918,0.4931309040723982,0.12669683257918551,12.0,2076.79876949999
541,0.8404209221719455,0.7799765083257918,0.49372408959276015,0.12669683257918551,11.0,2077.0652304000105
542,0.8226409613574661,0.7799765083257918,0.4959441287782805,0.12669683257918551,10.0,2078.180434799986
543,0.805099588235294,0.7799765083257918,0.4984027556561086,0.12669683257918551,9.0,2078.685079900024
544,0.8196776390950227,0.7799765083257918,0.43605772959276023,0.2036199095022625,9.0,2091.9120402000262
545,0.7930335519457012,0.7799765083257918,0.4863367193665158,0.12669683257918551,9.0,2095.134356900002
546,0.7747680222171945,0.7747680222171945,0.488071189638009,0.12669683257918551,8.0,2096.6447745999903
547,0.802646911430724,0.7747680222171945,0.4345021150506335,0.20814479638009054,8.0,2104.87427510001
548,0.8171944769611312,0.7747680222171945,0.4426243412145249,0.1945701357466063,9.0,2106.7755306999898
549,0.8366012914407692,0.7747680222171945,0.44203115569416285,0.1945701357466063,10.0,2106.960352200025
550,0.8366012914407692,0.7747680222171945,0.44203115569416285,0.1945701357466063,10.0,2107.173115100013
551,0.8366012914407692,0.7747680222171945,0.44203115569416285,0.1945701357466063,10.0,2107.2799429000006
552,0.8545833538389592,0.7747680222171945,0.444538104970181,0.19004524886877827,11.0,2107.6210925999912
553,0.8593269473357918,0.7747680222171945,0.43118215095570134,0.20814479638009054,11.0,2114.987460800039
554,0.8399201328561539,0.7747680222171945,0.43177533647606336,0.20814479638009054,10.0,2115.459844500001
555,0.8292508409782353,0.7747680222171945,0.4230064970868326,0.2262443438914027,9.0,2118.384000100021
556,0.9015450176750679,0.7747680222171945,0.35312872808230766,0.34841628959276016,10.0,2123.2633055000333
557,0.8475163707067421,0.7747680222171945,0.4212720268153394,0.2262443438914027,10.0,2124.4709904000047
558,0.8266096118956108,0.7747680222171945,0.43656436302683266,0.19004524886877827,10.0,2134.4348120000213
559,0.8523423070992306,0.7747680222171945,0.4558717188639366,0.17647058823529405,11.0,2136.806101299997
560,0.834076777370724,0.7747680222171945,0.45760618913542983,0.17647058823529405,10.0,2138.1009402000345
561,0.8511951167508145,0.7747680222171945,0.4682991891490045,0.16289592760180993,11.0,2139.3499547000392
562,0.8129381808548868,0.7747680222171945,0.4564675926195928,0.17647058823529405,9.0,2142.3790373000083
563,0.8273550806787331,0.7747680222171945,0.47350892683257917,0.15384615384615374,10.0,2143.5695749000297
564,0.8357438997737556,0.7747680222171945,0.5116715015837103,0.10407239819004521,11.0,2144.0516538000084
565,0.8143938771493213,0.7747680222171945,0.5103214789592759,0.10407239819004521,10.0,2146.5903407000005
566,0.8206338088687783,0.7747680222171945,0.4758374287782805,0.14479638009049767,10.0,2147.5761640000273
567,0.8466894110407241,0.7747680222171945,0.49664416217194574,0.19004524886877827,8.0,2161.5248101000325
568,0.9355947859728508,0.7747680222171945,0.46600202579185523,0.28959276018099545,9.0,2163.2867820000392
569,0.8312275784615385,0.7747680222171945,0.487607668959276,0.2036199095022624,7.0,2172.3366639000014
570,0.7912680731674209,0.7747680222171945,0.5290961274660633,0.12217194570135748,7.0,2186.0641288000043
571,0.8149052775113123,0.7747680222171945,0.5282084449321266,0.12669683257918551,8.0,2186.6936578000314
572,0.7982702468325792,0.7747680222171945,0.5360983011312217,0.12217194570135748,7.0,2189.088116400002
573,0.7943162826696833,0.7747680222171945,0.5004701288235294,0.15384615384615397,7.0,2190.7648303000024
574,0.8074137846606335,0.7747680222171945,0.4980925176923076,0.14932126696832593,8.0,2191.8077859000186
575,0.829537090316742,0.7747680222171945,0.513066502081448,0.17647058823529416,7.0,2203.50887900003
576,0.8294273353393664,0.7747680222171945,0.5182056158823529,0.13122171945701355,9.0,2204.185859900026
577,0.8220777993665158,0.7747680222171945,0.49275653239819,0.14932126696832593,9.0,2213.0028718000394
578,0.8411548106334843,0.7747680222171945,0.48730865678733026,0.15384615384615397,10.0,2213.7410184000037
579,0.8660193559728507,0.7747680222171945,0.5102727496380091,0.1357466063348416,11.0,2217.275214800029
580,0.8803348766515837,0.7747680222171945,0.49291406217194567,0.16742081447963808,11.0,2219.8153276999947
581,0.8786208925339367,0.7747680222171945,0.4731005305429864,0.18552036199095023,11.0,2222.9191194000305
582,0.8738346519457014,0.7747680222171945,0.463789403076923,0.19004524886877827,11.0,2225.284944300016
583,0.8591706372398191,0.7747680222171945,0.4691253883710407,0.19004524886877827,10.0,2232.482640500006
584,0.8625050080542986,0.7747680222171945,0.4905593066968325,0.17194570135746612,10.0,2234.096319400007
585,0.8393715785520361,0.7747680222171945,0.5055254247058824,0.15384615384615397,9.0,2235.5705150000285
586,1.095486318249321,0.7747680222171945,0.09385735897330316,0.8416289592760181,8.0,2246.497470000002
587,0.8126946362895928,0.7747680222171945,0.5305226905882353,0.12217194570135748,8.0,2246.827968300029
588,0.832761876877828,0.7747680222171945,0.5215401574208145,0.13122171945701377,9.0,2247.215148999996
589,0.8144696595022626,0.7747680222171945,0.556822600678733,0.11764705882352944,7.0,2261.8900271999883
590,0.8345175831221721,0.7747680222171945,0.5613954111764706,0.1131221719457014,8.0,2262.9872162000393
591,0.8401523367420816,0.7747680222171945,0.5444057304072398,0.1357466063348416,8.0,2263.721531999996
592,0.8382128624886879,0.7747680222171945,0.5424662561538461,0.1357466063348416,8.0,2265.0370794000337
593,0.8577078840271494,0.7747680222171945,0.32214227316742083,0.3755656108597285,8.0,2278.7207976999925
594,0.8283318218552037,0.7747680222171945,0.5461598761538461,0.12217194570135748,8.0,2279.5047179000103
595,0.8421621764705882,0.7747680222171945,0.5445151176470587,0.11764705882352944,9.0,2280.068846500013
596,0.9338949325502262,0.7747680222171945,0.2742569235004525,0.4796380090497737,9.0,2290.184118700039
597,0.8604387039819006,0.7747680222171945,0.558266758280543,0.12217194570135748,9.0,2291.3761786000105
598,0.8349938440723983,0.7747680222171945,0.5528218983710408,0.12217194570135748,8.0,2292.66915890004
599,0.856776072760181,0.7747680222171945,0.5591290139366516,0.11764705882352944,9.0,2293.0885866000317
600,0.8796909583710408,0.7747680222171945,0.5575190126696833,0.12217194570135748,10.0,2293.7521444000304
601,0.8749678827149321,0.7747680222171945,0.5573208238914027,0.11764705882352944,10.0,2294.005440000037
602,0.8349938440723983,0.7747680222171945,0.5528218983710408,0.12217194570135748,8.0,2294.6406848999904
603,0.8766283247945703,0.7747680222171945,0.429659999002715,0.26696832579185514,9.0,2298.7456909000175
604,0.8958196698624437,0.7747680222171945,0.42432645719276024,0.2714932126696832,10.0,2299.446894599998
605,0.8911680993873305,0.7747680222171945,0.4558739817402716,0.23529411764705888,10.0,2304.474614000006
606,0.880849692279638,0.7747680222171945,0.4681800090217195,0.21266968325791868,10.0,2311.839119400014
607,0.8963723124194571,0.7747680222171945,0.46822751603936663,0.20814479638009065,11.0,2313.353781700018
608,0.880849692279638,0.7747680222171945,0.4681800090217195,0.21266968325791868,10.0,2314.467934800021
609,0.8598394482977376,0.7747680222171945,0.4671697650398191,0.21266968325791868,9.0,2315.221092700027
610,0.8774153302434391,0.7747680222171945,0.47379542074117653,0.2036199095022626,10.0,2315.5361510000075
611,1.099529746378009,0.7747680222171945,0.11862476900244344,0.8009049773755657,9.0,2329.235541400034
612,0.8084865484728507,0.7747680222171945,0.45319243082579186,0.23529411764705888,6.0,2339.25408600003
613,0.822619795882353,0.7747680222171945,0.45637545199095025,0.2262443438914028,7.0,2340.0331971000414
614,0.8415574261561086,0.7747680222171945,0.4553130822647059,0.2262443438914028,8.0,2341.259547499998
615,0.8417862083149322,0.7747680222171945,0.45554186442352945,0.2262443438914028,8.0,2342.451483600016
616,0.8526232961266969,0.7747680222171945,0.47352827350226245,0.19909502262443457,9.0,2342.980102100002
617,0.8636427391466064,0.7747680222171945,0.47812237715565614,0.18552036199095023,10.0,2343.460893600015
618,0.871155637642534,0.7747680222171945,0.47206061501809954,0.19909502262443457,10.0,2343.828395600023
619,0.8298057850904978,0.7747680222171945,0.4933351968552036,0.17647058823529416,8.0,2346.546493600006
620,0.7859492240723983,0.7747680222171945,0.4992523914932127,0.12669683257918551,8.0,2358.869060600002
621,0.8040109588235296,0.7747680222171945,0.501839013122172,0.12217194570135748,9.0,2359.4762659000116
622,0.8017275590497739,0.7747680222171945,0.5086053871040724,0.1131221719457014,9.0,2360.916294399998
623,0.8077562832579186,0.7747680222171945,0.4784350162895927,0.1493212669683257,9.0,2368.731896000041
624,0.8906329339819006,0.7747680222171945,0.4779632507239819,0.21266968325791857,10.0,2370.364211600041
625,0.9083522695022626,0.7747680222171945,0.480207473122172,0.20814479638009054,11.0,2370.594364300021
626,0.8917367884162897,0.7747680222171945,0.4790671051583711,0.21266968325791857,10.0,2371.376560600009
627,0.8469645681447966,0.7747680222171945,0.533842396199095,0.1131221719457014,10.0,2372.3855898000184
628,0.830730298642534,0.7747680222171945,0.5330832398190044,0.11764705882352955,9.0,2384.289261900005
629,0.8502913687330318,0.7747680222171945,0.5371691967873302,0.11312217194570151,10.0,2384.9062564999913
630,0.8146608565158372,0.7747680222171945,0.5189142501809954,0.1357466063348417,8.0,2385.897202300024
631,0.7705277018552037,0.7705277018552037,0.4947810955203619,0.1357466063348416,7.0,2388.65993590001
632,0.8114757345248869,0.7705277018552037,0.36115899244343896,0.3303167420814479,6.0,2408.6072626000387
633,0.7402807515384615,0.7402807515384615,0.5271585795927601,0.1131221719457014,5.0,2413.2593277000124
634,0.744327264162896,0.7402807515384615,0.5293046397285068,0.09502262443438925,6.0,2417.425429099996
635,0.8428999936651584,0.7402807515384615,0.48570542352941176,0.2171945701357466,7.0,2419.7409627999878
636,0.7729192929411766,0.7402807515384615,0.4583491571945701,0.1945701357466063,6.0,2421.4283967000083
637,0.7731501260633485,0.7402807515384615,0.49287863285067873,0.14027149321266963,7.0,2422.553509899997
638,0.7783654270588236,0.7402807515384615,0.4845192732126697,0.15384615384615374,7.0,2423.11159710004
639,0.7757493422470589,0.7402807515384615,0.4683285277674208,0.16742081447963808,7.0,2434.52993910003
640,0.8272100272244344,0.7402807515384615,0.30449509509773753,0.40271493212669685,6.0,2447.485111900023
641,0.7923564932425341,0.7402807515384615,0.46493567876289593,0.16742081447963808,8.0,2448.4507004999905
642,0.811771802325792,0.7402807515384615,0.46435098784615386,0.16742081447963808,9.0,2449.516577900038
643,0.8123213702714933,0.7402807515384615,0.4739503295475112,0.158371040723982,9.0,2464.787488700007
644,0.7937341135294118,0.7402807515384615,0.4753630728054298,0.158371040723982,8.0,2464.986375999986
645,0.7829132457466064,0.7402807515384615,0.47359197877828046,0.14932126696832593,8.0,2466.814685099991
646,0.7848047451583711,0.7402807515384615,0.5000083650678733,0.14479638009049767,7.0,2479.1110090999864
647,0.7957945506787331,0.7402807515384615,0.5019483968325792,0.15384615384615374,7.0,2481.030613699986
648,0.8033694962895928,0.7402807515384615,0.5076228899547511,0.1357466063348416,8.0,2481.644723800011
649,0.8028556524434389,0.7402807515384615,0.5116339329864253,0.13122171945701355,8.0,2482.939968299994
650,0.7827329399683258,0.7402807515384615,0.4888867861221719,0.15384615384615374,7.0,2485.4179079000023
651,0.7874509430904978,0.7402807515384615,0.5279034317782806,0.09954751131221706,8.0,2486.5181826000335
652,0.8045815881131222,0.7402807515384615,0.5114594161674209,0.1131221719457014,9.0,2494.241764300037
653,0.8082222939954751,0.7402807515384615,0.5151001220497737,0.1131221719457014,9.0,2494.6351450000075
654,0.805740892321267,0.7402807515384615,0.5261933810090498,0.09954751131221706,9.0,2494.9895737000043
655,0.826172223678733,0.7402807515384615,0.5266247123665159,0.09954751131221706,10.0,2496.0543269999907
656,0.7898309259840725,0.7402807515384615,0.4733603377487783,0.17647058823529416,7.0,2497.22870050004
657,0.8073407372723574,0.7402807515384615,0.4708701490370633,0.17647058823529416,8.0,2498.367381600023
658,0.7885926926696832,0.7402807515384615,0.4856967650678733,0.16289592760180982,7.0,2500.108925700013
659,0.7721099478004525,0.7402807515384615,0.4711144726873303,0.1809954751131222,6.0,2501.7922086000326
660,0.788890478599638,0.7402807515384615,0.4678950034865158,0.1809954751131222,7.0,2503.4409615999903
661,0.7724341263977376,0.7402807515384615,0.4714386512846154,0.1809954751131222,6.0,2504.672221500019
662,0.7860624886425339,0.7402807515384615,0.47411678728506784,0.17194570135746612,7.0,2505.923697100021
663,0.7684024681900453,0.7402807515384615,0.47645676683257915,0.17194570135746612,6.0,2507.2279454999953
664,0.7874160253846154,0.7402807515384615,0.4754703240271493,0.17194570135746612,7.0,2507.5991272000247
665,0.7909061109638009,0.7402807515384615,0.411087106438914,0.23981900452488691,7.0,2519.2579560999875
666,0.7971432510090497,0.7402807515384615,0.4651975496515837,0.17194570135746612,8.0,2521.0753436000086
667,0.8128468337104071,0.7402807515384615,0.47447579298642534,0.158371040723982,9.0,2521.404649800039
668,0.8128468337104071,0.7402807515384615,0.47447579298642534,0.158371040723982,9.0,2521.799284800014
669,0.8296415146606335,0.7402807515384615,0.47579536081447965,0.15384615384615397,10.0,2522.0434533000225
670,0.8152992862895927,0.7402807515384615,0.47692824556561086,0.158371040723982,9.0,2522.737508499995
671,0.8366186915384617,0.7402807515384615,0.4782476508144796,0.158371040723982,10.0,2523.0846895999857
672,0.8103097153339367,0.7402807515384615,0.4447893533429864,0.18552036199095034,9.0,2524.8615418000263
673,0.7911444957864254,0.7402807515384615,0.4456241337954751,0.18552036199095034,8.0,2525.755315300019
674,0.7959276376868779,0.7402807515384615,0.4413575019402715,0.19457013574660642,8.0,2526.8360147000058
675,0.7974983114425339,0.7402807515384615,0.43840328881809953,0.19909502262443446,8.0,2527.2534147000406
676,0.7886688719402715,0.7402807515384615,0.4269494149266968,0.22171945701357476,7.0,2528.118511700013
677,0.7996718844742081,0.7402807515384615,0.4451017487276018,0.19457013574660642,8.0,2528.4962711000117
678,0.7984788466914027,0.7402807515384615,0.4439087109447964,0.19457013574660642,8.0,2528.851131100033
679,0.8049179609954751,0.7402807515384615,0.4574971465158371,0.16742081447963808,9.0,2529.7550297999987
680,0.8168761449266968,0.7402807515384615,0.4423060091800905,0.19457013574660642,9.0,2530.535448200011
681,0.8208531341122172,0.7402807515384615,0.44175811148778277,0.19909502262443446,9.0,2530.837465999997
682,0.8404350956054298,0.7402807515384615,0.4413400729809954,0.19909502262443446,10.0,2531.065770999994
683,0.8404350956054298,0.7402807515384615,0.4413400729809954,0.19909502262443446,10.0,2531.39800570003
684,0.8621368750705881,0.7402807515384615,0.4520916262018099,0.19004524886877838,11.0,2532.8012181000086
685,0.8806466307239819,0.7402807515384615,0.48227559,0.1583710407239819,12.0,2533.6129986000014
686,0.8242209483257918,0.7402807515384615,0.4858499076018099,0.1583710407239819,9.0,2534.518964899995
687,0.8425999240271493,0.7402807515384615,0.4887537701809954,0.15384615384615385,10.0,2534.759870800015
688,inf,0.7402807515384615,0.0,0.0,0.0,2535.0147889000364
689,0.8625999240271492,0.7402807515384615,0.4887537701809954,0.15384615384615385,11.0,2535.1864211999928
690,0.8230641890045249,0.7402807515384615,0.46659360076923073,0.17647058823529416,9.0,2536.348901999998
691,0.8046827487733936,0.7402807515384615,0.4546374999046153,0.19004524886877838,8.0,2538.1388200999936
692,0.8180743799046153,0.7402807515384615,0.4480291310358371,0.19004524886877827,9.0,2551.132107100042
693,0.793093794841629,0.7402807515384615,0.4294738853393665,0.2036199095022625,8.0,2552.163725599996
694,0.810186960995475,0.7402807515384615,0.4310919383710407,0.19909502262443435,9.0,2552.39494930004
695,0.8301869609954751,0.7402807515384615,0.4310919383710407,0.19909502262443435,10.0,2552.5818584000226
696,0.8301869609954751,0.7402807515384615,0.4310919383710407,0.19909502262443435,10.0,2552.7705110000097
697,0.9073351849773756,0.7402807515384615,0.28389627095022624,0.4434389140271493,9.0,2565.791989899997
698,0.8301869609954751,0.7402807515384615,0.4310919383710407,0.19909502262443435,10.0,2565.9775969000184
699,0.7851398009049773,0.7402807515384615,0.47509455203619905,0.19004524886877827,6.0,2585.1458095000125
700,0.7851398009049773,0.7402807515384615,0.47509455203619905,0.19004524886877827,6.0,2585.244696400012
701,1.0902789736683258,0.7402807515384615,0.0291025030800905,0.9411764705882353,6.0,2607.383663500019
702,0.7674956492760181,0.7402807515384615,0.4774504004072398,0.19004524886877827,5.0,2625.5741801999975
703,0.7668035808144795,0.7402807515384615,0.4858081057013574,0.1809954751131222,5.0,2636.878025299986
704,1.005698588642534,0.7402807515384615,0.11836827190045247,0.7873303167420814,5.0,2649.409153399989
705,0.7896007597285067,0.7402807515384615,0.47693107647058824,0.21266968325791857,5.0,2659.8457362999907
706,0.78591011,0.7402807515384615,0.47776531361990954,0.20814479638009054,5.0,2660.3862885000417
707,0.7689821640271493,0.7402807515384615,0.48083736764705887,0.20814479638009054,4.0,2661.192104800022
708,0.7018289712669683,0.7018289712669683,0.4770325911764707,0.14479638009049778,4.0,2674.279609900026
709,0.7625705995927601,0.7018289712669683,0.5422991063800905,0.14027149321266963,4.0,2692.4841047000373
710,0.7207279345248869,0.7018289712669683,0.4759315544343892,0.14479638009049778,5.0,2692.7775813000044
711,0.718756917239819,0.7018289712669683,0.47396053714932135,0.14479638009049778,5.0,2693.1007703000214
712,0.738163731719457,0.7018289712669683,0.4733673516289593,0.14479638009049778,6.0,2693.288078600017
713,0.738163731719457,0.7018289712669683,0.4733673516289593,0.14479638009049778,6.0,2693.4715048000216
714,0.7677850398642534,0.7018289712669683,0.468690017239819,0.19909502262443446,5.0,2707.055455500027
715,0.7886446508597286,0.7018289712669683,0.46954962823529417,0.19909502262443446,6.0,2727.2899212000193
716,0.7677850398642534,0.7018289712669683,0.468690017239819,0.19909502262443446,5.0,2727.4812549999915
717,0.7677850398642534,0.7018289712669683,0.468690017239819,0.19909502262443446,5.0,2727.5736430000397
718,1.053310956361086,0.7018289712669683,0.08453267581809955,0.8687782805429864,5.0,3510.974377000006
719,0.7677850398642534,0.7018289712669683,0.468690017239819,0.19909502262443446,5.0,3511.097179400036
720,0.7483782253846154,0.7018289712669683,0.46928320276018104,0.19909502262443446,4.0,3511.466551300022
721,0.7678530636199095,0.7018289712669683,0.4778078147511312,0.19004524886877827,5.0,3524.8814644000377
722,0.7872598780995474,0.7018289712669683,0.4772146292307692,0.19004524886877827,6.0,3525.172089300002
723,0.7872598780995474,0.7018289712669683,0.4772146292307692,0.19004524886877827,6.0,3525.4975332000176
724,0.7348066917194569,0.7018289712669683,0.47906008538461536,0.1357466063348417,6.0,3539.2068370000343
725,0.7348066917194569,0.7018289712669683,0.47906008538461536,0.1357466063348417,6.0,3539.3012455000426
726,0.7119514392307691,0.7018289712669683,0.48072971977375567,0.13122171945701366,5.0,3539.5920891000424
727,0.740853703800905,0.7018289712669683,0.4851070974660634,0.1357466063348417,6.0,3548.823797399993
728,0.7568040899547511,0.7018289712669683,0.4855823704977376,0.13122171945701366,7.0,3551.357687200012
729,0.7710437559728508,0.7018289712669683,0.48434692339366525,0.12669683257918563,8.0,3558.1057449000073
730,0.7253656928054298,0.7018289712669683,0.4858181814932127,0.09954751131221717,7.0,3569.969527200039
731,0.7542673660633483,0.7018289712669683,0.4901949678733032,0.10407239819004532,8.0,3573.7618154000374
732,0.7411024312217195,0.7018289712669683,0.4906046936651584,0.0904977375565611,8.0,3582.530287500005
733,0.7258844342533938,0.7018289712669683,0.49086180981900457,0.09502262443438914,7.0,3582.833097500028
734,0.7405868428506789,0.7018289712669683,0.4900891052941177,0.0904977375565611,8.0,3583.146242799994
735,0.7489375200452489,0.7018289712669683,0.4822406874660634,0.12669683257918563,7.0,3591.857774300035
736,0.7663163653393666,0.7018289712669683,0.48414441963800914,0.12217194570135737,8.0,3596.7402505000355
737,0.7647617006334843,0.7018289712669683,0.48258975493212675,0.12217194570135737,8.0,3601.0286833000137
738,0.7603466186877829,0.7018289712669683,0.48722444674208143,0.1131221719457014,8.0,3611.072962800041
739,0.7830361161990951,0.7018289712669683,0.5034886048868779,0.09954751131221728,9.0,3613.004897100036
740,0.7751315986877829,0.7018289712669683,0.49105920049773755,0.10407239819004521,9.0,3617.1151469000033
741,0.7342961847058823,0.7018289712669683,0.48117401276018107,0.11312217194570129,7.0,3625.583978300041
742,0.7191006390497737,0.7018289712669683,0.48597846710407244,0.11312217194570129,6.0,3625.9607571000233
743,0.7483973404524887,0.7018289712669683,0.5043249422624435,0.10407239819004521,7.0,3629.148615000013
744,0.7472348685294118,0.7018289712669683,0.4941126965837105,0.11312217194570129,7.0,3629.501245499996
745,0.7987278942752941,0.7018289712669683,0.3672346816056109,0.2714932126696832,8.0,3632.8136214000406
746,0.755598962918552,0.7018289712669683,0.48247679097285073,0.11312217194570129,8.0,3635.3405593000352
747,0.7830372109728506,0.7018289712669683,0.47109150961538454,0.171945701357466,7.0,3648.9929805999855
748,0.8025039248642533,0.7018289712669683,0.4705582235067873,0.171945701357466,8.0,3649.242886400025
749,0.7983781497511311,0.7018289712669683,0.47285778776018095,0.18552036199095023,7.0,3653.143941199989
750,0.812545453914027,0.7018289712669683,0.4715499788009049,0.18099547511312208,8.0,3654.005171000026
751,0.822729823765249,0.7018289712669683,0.4591099142629865,0.2036199095022625,8.0,3668.0911729999934
752,0.822729823765249,0.7018289712669683,0.4591099142629865,0.2036199095022625,8.0,3669.985228100035
753,0.8190479184389141,0.7018289712669683,0.48972665147058825,0.14932126696832582,9.0,3671.053193400032
754,0.8406967473981901,0.7018289712669683,0.48685059355203625,0.15384615384615385,10.0,3671.6428762000287
755,0.8581492705656109,0.7018289712669683,0.49787777735294125,0.14027149321266974,11.0,3672.340360500035
756,0.8581492705656109,0.7018289712669683,0.49787777735294125,0.14027149321266974,11.0,3673.1005891000386
757,0.8777277335067873,0.7018289712669683,0.4974562402941177,0.14027149321266974,12.0,3673.350717800029
758,0.8774677870361991,0.7018289712669683,0.4971962938235294,0.14027149321266974,12.0,3676.8977706999867
759,0.8506167058144796,0.7018289712669683,0.49677055196832576,0.15384615384615385,10.0,3679.555686100037
760,0.8324439416515836,0.7018289712669683,0.49407290092760175,0.1583710407239819,9.0,3680.9408836000366
761,0.831378294954751,0.7018289712669683,0.4930072542307692,0.1583710407239819,9.0,3681.3642412000336
762,0.8395053115447962,0.7018289712669683,0.4351614201420814,0.24434389140271495,8.0,3684.6029900999856
763,0.8579996652552035,0.7018289712669683,0.43365577385248866,0.24434389140271495,9.0,3684.8792056000093
764,0.818671678800905,0.7018289712669683,0.4803006380769231,0.158371040723982,9.0,3688.2371675000177
765,0.818671678800905,0.7018289712669683,0.4803006380769231,0.158371040723982,9.0,3688.3435911000124
766,0.8341242517873302,0.7018289712669683,0.4802780979411765,0.15384615384615385,10.0,3689.555776400026
767,0.818671678800905,0.7018289712669683,0.4803006380769231,0.158371040723982,9.0,3689.670365100028
768,0.818671678800905,0.7018289712669683,0.4803006380769231,0.158371040723982,9.0,3689.788059099985
769,0.9457875911303169,0.7018289712669683,0.2680500345692308,0.497737556561086,9.0,3703.2350541999913
770,0.7910148807466063,0.7018289712669683,0.48621850065610855,0.14479638009049778,8.0,3713.8949453000096
771,0.8228516912895927,0.7018289712669683,0.507105084954751,0.1357466063348416,9.0,3716.928191200015
772,0.7454498513348415,0.7018289712669683,0.4859023400226244,0.09954751131221728,8.0,3726.2648995000054
773,0.762658717714932,0.7018289712669683,0.4876360932805429,0.09502262443438925,9.0,3730.94599680003
774,0.7798422697963798,0.7018289712669683,0.4848196453619909,0.09502262443438925,10.0,3731.2118049000273
775,0.7981380339140268,0.7018289712669683,0.483115409479638,0.09502262443438914,11.0,3731.6065124000306
776,0.8134869329185519,0.7018289712669683,0.5029891953619909,0.09049773755656121,11.0,3734.5649722000235
777,0.7798422697963798,0.7018289712669683,0.4848196453619909,0.09502262443438925,10.0,3734.9030239999993
778,0.7798422697963798,0.7018289712669683,0.4848196453619909,0.09502262443438925,10.0,3735.029739200021
779,0.8152074524660633,0.7018289712669683,0.4651622035972851,0.19004524886877827,8.0,3751.6761979000294
780,0.7347568014705882,0.7018289712669683,0.4616346295248868,0.1131221719457014,8.0,3761.2664517000085
781,0.715438285,0.7018289712669683,0.46231611305429865,0.11312217194570129,7.0,3765.2479386000196
782,0.7805939756787331,0.7018289712669683,0.4803224824660634,0.14027149321266974,8.0,3768.2863111000042
783,0.8099893227828054,0.7018289712669683,0.49424271644796375,0.1357466063348417,9.0,3772.152253200009
784,0.7916943153619909,0.7018289712669683,0.48499748278280536,0.12669683257918563,9.0,3776.777902700007
785,0.8257942113348415,0.7018289712669683,0.4493236230995474,0.17647058823529405,10.0,3779.16916759999
786,0.7899655780090498,0.7018289712669683,0.4923185191855203,0.11764705882352955,9.0,3779.4988830999937
787,0.7605702309049774,0.7018289712669683,0.4783982852036199,0.12217194570135759,8.0,3783.4717684999923
788,0.769514443755656,0.7018289712669683,0.47639227180995475,0.11312217194570151,9.0,3784.290987799992
789,0.798896756561086,0.7018289712669683,0.48124969773755655,0.11764705882352955,10.0,3786.8650310999947
790,0.8174605157466063,0.7018289712669683,0.4843383438009049,0.11312217194570151,11.0,3787.6151859000092
791,0.8296435349773755,0.7018289712669683,0.4648471548868778,0.14479638009049778,11.0,3788.783483200008
792,0.8002612221719456,0.7018289712669683,0.45998972895927603,0.14027149321266974,10.0,3792.9928331000265
793,0.8146160531221719,0.7018289712669683,0.4679192205429864,0.12669683257918563,11.0,3794.1338341000373
794,0.8384093925339366,0.7018289712669683,0.4671876730769231,0.13122171945701366,12.0,3794.442460799997
795,0.8454106146153846,0.7018289712669683,0.489664008280543,0.1357466063348417,11.0,3805.6229741999996
796,0.8306118642986425,0.7018289712669683,0.47748969235294114,0.11312217194570151,12.0,3806.4500214
797,0.8252168956561086,0.7018289712669683,0.45137074180995473,0.15384615384615385,11.0,3808.492807900009
798,0.8210788100904978,0.7018289712669683,0.451757543122172,0.14932126696832582,11.0,3809.283770100039
799,0.8017653996832579,0.7018289712669683,0.46411834085972853,0.11764705882352955,11.0,3811.077685200027
800,0.9133333326163349,0.7018289712669683,0.3513423823900905,0.3619909502262444,10.0,3826.50186280004
801,0.7837036649321267,0.7018289712669683,0.46153171923076924,0.12217194570135759,10.0,3826.6615608999855
802,0.8002602981447964,0.7018289712669683,0.462613239321267,0.11764705882352955,11.0,3826.905331899994
803,0.8153333802262444,0.7018289712669683,0.462211208280543,0.11312217194570151,12.0,3827.215231799986
804,0.7858346245248868,0.7018289712669683,0.45913779194570137,0.12669683257918563,10.0,3827.9298527000356
805,0.7961764442533936,0.7018289712669683,0.4830542723076923,0.11312217194570151,10.0,3829.5176336999866
806,0.8169969513122173,0.7018289712669683,0.48839966624434394,0.10859728506787347,11.0,3829.8692225000123
807,0.8204362455656109,0.7018289712669683,0.4873140736199095,0.11312217194570129,11.0,3830.343938600039
808,0.8197808597737557,0.7018289712669683,0.4866586878280543,0.11312217194570129,11.0,3830.8015125000384
809,0.8197570024886878,0.7018289712669683,0.5047343780542988,0.09502262443438914,11.0,3833.636062800011
810,0.8385892407692308,0.7018289712669683,0.5035666163348417,0.09502262443438925,12.0,3837.272834400006
811,0.8579830320361992,0.7018289712669683,0.50296040760181,0.09502262443438925,13.0,3840.821540600038
812,0.8769384370135747,0.7018289712669683,0.5019158125791856,0.09502262443438925,14.0,3841.335395000002
813,0.9230862158371043,0.7018289712669683,0.42589164570135746,0.21719457013574672,14.0,3843.2440672999946
814,0.8833984791855205,0.7018289712669683,0.4993260809954751,0.10407239819004532,14.0,3843.565653300029
815,0.8731267604977375,0.7018289712669683,0.5026290229411765,0.09049773755656121,14.0,3844.0041487000417
816,0.8544459016742081,0.7018289712669683,0.4289255396832579,0.18552036199095023,12.0,3848.933359000017
817,0.8544459016742081,0.7018289712669683,0.4289255396832579,0.18552036199095023,12.0,3856.9255888999905
818,0.8544459016742081,0.7018289712669683,0.4289255396832579,0.18552036199095023,12.0,3860.0379755999893
819,0.843383146199095,0.7018289712669683,0.4993107480090498,0.10407239819004532,12.0,3863.478457499994
820,0.8602383718099547,0.7018289712669683,0.5006908604977377,0.09954751131221728,13.0,3864.6462360000005
821,0.8244756331221719,0.7018289712669683,0.5004032349321267,0.10407239819004532,11.0,3868.151790200034
822,0.8430393923076922,0.7018289712669683,0.5034918809954751,0.09954751131221728,12.0,3869.0038051999873
823,0.8346897273303167,0.7018289712669683,0.4860924422624434,0.10859728506787336,12.0,3877.0270900999894
824,0.8411362286877828,0.7018289712669683,0.4265660929411764,0.19457013574660642,11.0,3879.3464207000216
825,0.8598440458823529,0.7018289712669683,0.42527391013574656,0.1945701357466063,12.0,3879.778579500038
826,0.8665997036651583,0.7018289712669683,0.43917888918552034,0.16742081447963797,13.0,3881.1178827999975
827,0.8952445715384615,0.7018289712669683,0.44329887018099545,0.171945701357466,14.0,3884.1932902000262
828,0.8560118002262442,0.7018289712669683,0.44406609886877824,0.171945701357466,12.0,3885.161923800013
829,0.8448491342986424,0.7018289712669683,0.45100298045248866,0.15384615384615385,12.0,3886.97442340001
830,0.8485584523076921,0.7018289712669683,0.4501874115837104,0.1583710407239819,12.0,3887.7054836000316
831,0.8483308980090497,0.7018289712669683,0.4499598572850679,0.1583710407239819,12.0,3888.4401975999936
832,0.865735443393665,0.7018289712669683,0.4428395157918552,0.16289592760180993,13.0,3888.794125300017
833,0.885213450995475,0.7018289712669683,0.44231752339366515,0.16289592760180993,14.0,3889.0831036000163
834,0.9031986334841628,0.7018289712669683,0.444827592760181,0.15837104072398178,15.0,3889.6617550000083
835,0.9037054035746606,0.7018289712669683,0.4453343628506788,0.1583710407239819,15.0,3890.1166303000064
836,0.9121111944343891,0.7018289712669683,0.45826504058823536,0.15384615384615374,15.0,3894.259956700029
837,0.9310501405882354,0.7018289712669683,0.45720398674208157,0.15384615384615385,16.0,3896.745692400029
838,0.9298506023981903,0.7018289712669683,0.4560044485520363,0.15384615384615385,16.0,3900.0724482000223
839,0.9441157025791858,0.7018289712669683,0.4593193224886879,0.14479638009049778,17.0,3900.615593000024
840,0.921729280361991,0.7018289712669683,0.45240801339366526,0.14932126696832582,16.0,3903.399249900016
841,0.9218326156561085,0.7018289712669683,0.44798646180995483,0.15384615384615397,16.0,3904.292896900035
842,0.9456742190497738,0.7018289712669683,0.4473031783257919,0.158371040723982,17.0,3905.462297899998
843,0.9384982976470588,0.7018289712669683,0.4491770306787331,0.14932126696832582,17.0,3907.2808937000227
844,0.9472194666515839,0.7018289712669683,0.45337331280543,0.15384615384615385,17.0,3910.889305000019
845,0.9272194666515838,0.7018289712669683,0.45337331280543,0.15384615384615385,16.0,3911.701077500009
846,0.9466262811312218,0.7018289712669683,0.45278012728506795,0.15384615384615385,17.0,3911.9014847000362
847,0.9788245838914027,0.7018289712669683,0.4163811449773756,0.2624434389140271,15.0,3923.335932200018
848,0.9270724164932127,0.7018289712669683,0.4532262626470589,0.15384615384615385,16.0,3923.6145183999906
849,0.9464156659049774,0.7018289712669683,0.45256951205882356,0.15384615384615385,17.0,3924.97049050004
850,0.9445102881674208,0.7018289712669683,0.45066413432126706,0.15384615384615385,17.0,3925.550203800027
851,0.9440701923755657,0.7018289712669683,0.45022403852941184,0.15384615384615385,17.0,3926.029595500033
852,0.9640701923755657,0.7018289712669683,0.45022403852941184,0.15384615384615385,18.0,3927.439140600036
853,0.9827457134615385,0.7018289712669683,0.4488995596153847,0.15384615384615385,19.0,3927.819180099992
854,0.9673604448416291,0.7018289712669683,0.4535142909954752,0.15384615384615385,18.0,3928.520641800016
855,0.9967729450226245,0.7018289712669683,0.43315303552036205,0.2036199095022625,18.0,3932.0933796000318
856,0.9867476515837105,0.7018289712669683,0.4574263846153847,0.14932126696832582,19.0,3933.08354349999
857,0.964275717285068,0.7018289712669683,0.41803137339366525,0.2262443438914028,16.0,3937.1369943000027
858,0.9346952837104072,0.7018289712669683,0.4265504873303168,0.20814479638009054,15.0,3938.637632900034
859,0.9147780843891403,0.7018289712669683,0.4266332880090498,0.20814479638009065,14.0,3938.9103560000076
860,0.8964388294570136,0.7018289712669683,0.42829403307692304,0.20814479638009054,13.0,3942.467148000025
861,0.9117961590497738,0.7018289712669683,0.4327011364253393,0.19909502262443446,14.0,3943.3028172000195
862,0.9317961590497739,0.7018289712669683,0.4327011364253393,0.19909502262443446,15.0,3943.6598015000345
863,0.9086681790497738,0.7018289712669683,0.42957315642533933,0.19909502262443435,14.0,3943.8982770000002
864,0.927147872443439,0.7018289712669683,0.4371026235746606,0.19004524886877827,15.0,3945.0888182999915
865,0.8887117487330317,0.7018289712669683,0.43414161298642534,0.1945701357466063,13.0,3948.641251299996
866,0.9058118007239819,0.7018289712669683,0.43576655185520363,0.19004524886877827,14.0,3949.264568899991
867,0.9021158143891403,0.7018289712669683,0.44564522615384616,0.17647058823529416,14.0,3949.865258500038
868,0.8858610892307692,0.7018289712669683,0.440340727239819,0.18552036199095023,13.0,3950.9517151000327
869,0.8430980935294117,0.7018289712669683,0.44925193968325794,0.15384615384615397,12.0,3960.202365300036
870,0.8622415223076922,0.7018289712669683,0.45292025533936653,0.1493212669683257,13.0,3960.4289699000074
871,0.8464209012217194,0.7018289712669683,0.43900008674208146,0.16742081447963808,12.0,3961.271917700011
872,0.8928405015384615,0.7018289712669683,0.3903970626244344,0.2624434389140271,12.0,3966.179685400042
873,0.8542248559728507,0.7018289712669683,0.43322938085972856,0.1809954751131223,12.0,3970.589637500001
874,0.8416846702262443,0.7018289712669683,0.4433136295022624,0.158371040723982,12.0,3972.369395799993
875,0.8598314096832579,0.7018289712669683,0.445985255837104,0.15384615384615397,13.0,3972.7361811000155
876,0.8614844153393665,0.7018289712669683,0.4431133746153845,0.15837104072398211,13.0,3973.243021800008
877,0.8525547923076923,0.7018289712669683,0.4477584122171946,0.14479638009049767,13.0,3974.222003300034
878,0.8555211641628959,0.7018289712669683,0.4461998971945701,0.1493212669683257,13.0,3974.8898870000266
879,0.8599348225339366,0.7018289712669683,0.45513844244343893,0.14479638009049767,13.0,3976.3205707999878
880,0.8324555653846153,0.7018289712669683,0.4567089590497737,0.1357466063348416,12.0,3977.001159000036
881,0.8650883254298641,0.7018289712669683,0.46219239782805427,0.16289592760181004,12.0,3985.2138910000212
882,0.8555835453846153,0.7018289712669683,0.4598369390497737,0.1357466063348417,13.0,3986.033322000003
883,0.8593981296832578,0.7018289712669683,0.4546017495927601,0.14479638009049778,13.0,3986.3823302999954
884,0.8518601017194569,0.7018289712669683,0.4561134953846153,0.1357466063348416,13.0,3987.011324000021
885,0.8491645645248869,0.7018289712669683,0.4715175057013574,0.11764705882352944,13.0,3987.27890450001
886,0.8557063951131222,0.7018289712669683,0.45543490190045244,0.14027149321266963,13.0,3988.142359599995
887,0.8324555653846153,0.7018289712669683,0.4567089590497737,0.1357466063348416,12.0,3989.064610100002
888,0.885524548959276,0.7018289712669683,0.48715350823529413,0.1583710407239819,12.0,4008.301278400002
889,0.8614132243891403,0.7018289712669683,0.44304218366515835,0.158371040723982,13.0,4009.2470201000106
890,0.8524555653846153,0.7018289712669683,0.4567089590497737,0.1357466063348416,13.0,4010.156853099994
891,0.8491645645248869,0.7018289712669683,0.4715175057013574,0.11764705882352944,13.0,4010.509561499988
892,0.8672082541628959,0.7018289712669683,0.4786109690950226,0.10859728506787336,14.0,4011.3393394000013
893,0.8691645645248869,0.7018289712669683,0.4715175057013574,0.11764705882352944,14.0,4012.178026999987
894,0.8780457047058823,0.7018289712669683,0.4506248902262443,0.16742081447963808,13.0,4023.4860824000207
895,0.8632912869683258,0.7018289712669683,0.4249202462443438,0.1583710407239819,14.0,4036.274887400039
896,0.8815992397737555,0.7018289712669683,0.43227797280542984,0.14932126696832582,15.0,4036.5615598000004
897,0.904207341674208,0.7018289712669683,0.43941096158371035,0.14479638009049778,16.0,4036.7663398000295
898,0.8860052287330316,0.7018289712669683,0.42763418800904973,0.1583710407239819,15.0,4037.384351100016
899,0.9037129966063349,0.7018289712669683,0.4389166165158371,0.14479638009049778,16.0,4037.9841231000028
900,0.8913142429864254,0.7018289712669683,0.4238934285067873,0.1674208144796382,15.0,4038.3110816000262
901,0.9088309676470587,0.7018289712669683,0.4259350400452488,0.16289592760180993,16.0,4038.5233615000034
902,0.8692004861538462,0.7018289712669683,0.41725478479638006,0.17194570135746623,14.0,4038.9924645000137
903,0.9513021864253393,0.7018289712669683,0.3481347656108597,0.3031674208144798,15.0,4042.21912850003
904,0.8508925333484163,0.7018289712669683,0.4098970582352941,0.1809954751131223,13.0,4042.7548028000165
905,0.8314724572850679,0.7018289712669683,0.4240516428054298,0.1674208144796382,12.0,4044.9917554000276
906,0.8387406780090497,0.7018289712669683,0.4222700897737556,0.17647058823529427,12.0,4046.1697402999853
907,0.8391256978280541,0.7018289712669683,0.4271799964705882,0.17194570135746623,12.0,4050.94016550004
908,0.8391817602262442,0.7018289712669683,0.4227111719909502,0.17647058823529427,12.0,4053.864780600008
909,0.857907217873303,0.7018289712669683,0.42143662963800904,0.17647058823529427,13.0,4055.822584600013
910,0.8647278715384614,0.7018289712669683,0.4146826226696832,0.19004524886877838,13.0,4056.3620939000393
911,0.895150807515837,0.7018289712669683,0.331259404800905,0.34389140271493224,11.0,4058.953253099986
912,0.8554832236651583,0.7018289712669683,0.4144877485520362,0.1809954751131223,13.0,4060.5164941000403
913,0.8706608231674208,0.7018289712669683,0.445864443076923,0.14479638009049778,14.0,4061.9264153999975
914,0.8499516514479638,0.7018289712669683,0.41990640257918554,0.19004524886877838,12.0,4063.269361899991
915,0.8592474176470589,0.7018289712669683,0.4292021687782806,0.19004524886877838,12.0,4068.2020514000324
916,0.8659575413574662,0.7018289712669683,0.39518831058823534,0.23076923076923073,12.0,4069.446336699999
917,0.8553819502714932,0.7018289712669683,0.38651317199095026,0.24886877828054288,11.0,4070.4666290000314
918,0.855101925158371,0.7018289712669683,0.3952829206334842,0.2398190045248868,11.0,4072.7822573999874
919,0.8739483507692308,0.7018289712669683,0.39865423312217196,0.23529411764705876,12.0,4073.524221700034
920,0.8751019251583712,0.7018289712669683,0.3952829206334842,0.2398190045248868,12.0,4075.2174292000127
921,0.7734816375113124,0.7018289712669683,0.3917621804977376,0.22171945701357465,8.0,4082.470153000031
922,0.8331052917647059,0.7018289712669683,0.3544627578280543,0.29864253393665163,9.0,4087.4187352000154
923,0.8006289937556561,0.7018289712669683,0.3898597629864254,0.23076923076923073,9.0,4092.1680277000414
924,0.7980197242986427,0.7018289712669683,0.40535004104072403,0.21266968325791857,9.0,4092.7518069000216
925,0.7901493986877828,0.7018289712669683,0.39295482855203623,0.2171945701357466,9.0,4093.456814000034
926,0.7768377401357465,0.7018289712669683,0.3886929437556561,0.20814479638009054,9.0,4094.9646648000344
927,0.7908069990497737,0.7018289712669683,0.38266220266968326,0.20814479638009054,10.0,4096.135917500011
928,0.7968377401357465,0.7018289712669683,0.3886929437556561,0.20814479638009054,10.0,4097.325863100006
929,0.7912070808959275,0.7018289712669683,0.4128360401719457,0.1583710407239819,11.0,4097.8321552000125
930,0.8075891123891402,0.7018289712669683,0.43636739293212673,0.13122171945701366,12.0,4099.267427099985
931,0.7984682130678732,0.7018289712669683,0.4155722854660633,0.16289592760180982,11.0,4101.1173212000285
932,0.7821667496289593,0.7018289712669683,0.4237957089049773,0.15837104072398178,10.0,4103.362247599987
933,1.0184171088144796,0.7018289712669683,0.22303249342986425,0.6153846153846154,9.0,4116.574494900007
934,0.7516893643348417,0.7018289712669683,0.45856719238914023,0.11312217194570118,9.0,4117.285096700012
935,0.7748104078733031,0.7018289712669683,0.4571633490497737,0.11764705882352922,10.0,4119.204339899996
936,0.8322305002262442,0.7018289712669683,0.35811285316742075,0.2941176470588235,9.0,4124.863593799993
937,0.7732545460633484,0.7018289712669683,0.4394083922171945,0.15384615384615374,9.0,4126.198414699989
938,0.8201691227330317,0.7018289712669683,0.3958252313303167,0.24434389140271484,9.0,4129.418248400034
939,0.7867715688597285,0.7018289712669683,0.46912451003619904,0.11764705882352922,10.0,4132.164153699996
940,0.7727124915837102,0.7018289712669683,0.48411520651583706,0.10859728506787314,9.0,4140.294298099994
941,0.9017725382805429,0.7018289712669683,0.20448747040723977,0.5972850678733032,5.0,4150.03072010004
942,0.7646177065520361,0.7018289712669683,0.4560204214841629,0.10859728506787314,10.0,4151.026115900022
943,0.7623063228868778,0.7018289712669683,0.4582339246968326,0.1040723981900451,10.0,4152.51373950002
944,0.7742866679095023,0.7018289712669683,0.4592640434751131,0.09502262443438902,11.0,4153.532828500029
945,0.7907538750588236,0.7018289712669683,0.46025613750226246,0.0904977375565611,12.0,4154.177534500021
946,0.7801071298099548,0.7018289712669683,0.4515098447420815,0.10859728506787325,11.0,4155.787723999994
947,0.7932736832036199,0.7018289712669683,0.4537261718914028,0.09954751131221717,12.0,4156.169843700016
948,0.8150849465610861,0.7018289712669683,0.4212387927149322,0.15384615384615385,12.0,4157.331715300039
949,0.7980370678190046,0.7018289712669683,0.4584895565067874,0.09954751131221706,12.0,4158.42248280003
950,0.8144248049683258,0.7018289712669683,0.4594021805339367,0.09502262443438902,13.0,4159.256125000014
951,0.8213145900361992,0.7018289712669683,0.461767078723982,0.09954751131221706,13.0,4161.994189499994
952,0.7864587457375565,0.7018289712669683,0.45786146066968325,0.10859728506787325,11.0,4163.228049100027
953,0.8103968105791854,0.7018289712669683,0.45727463863348417,0.11312217194570129,12.0,4166.43118210003
954,0.8047694284524887,0.7018289712669683,0.45617214338461537,0.10859728506787325,12.0,4167.606831900019
955,1.0542510763719457,0.7018289712669683,0.14836872343076923,0.7058823529411764,10.0,4182.20850790001
956,0.8913749795475112,0.7018289712669683,0.3293840293212669,0.3619909502262444,10.0,4187.553368800029
957,0.800293024561086,0.7018289712669683,0.4516957394932127,0.10859728506787325,12.0,4188.286433000001
958,0.8000360622533935,0.7018289712669683,0.46048855094117647,0.09954751131221717,12.0,4188.88059830002
959,0.8631229647873302,0.7018289712669683,0.4900007928416289,0.11312217194570151,13.0,4195.921405300032
960,0.8271834184977374,0.7018289712669683,0.4585861334298642,0.10859728506787347,13.0,4200.756361800013
961,0.7857161199457012,0.7018289712669683,0.4616437217556561,0.10407239819004532,11.0,4203.397680099995
962,0.8158759471402715,0.7018289712669683,0.44917911456108595,0.12669683257918563,12.0,4205.247367400036
963,0.8180196745248869,0.7018289712669683,0.4124993125339366,0.18552036199095034,11.0,4207.1374719000305
964,0.8676539074660632,0.7018289712669683,0.3871109210407239,0.2805429864253395,10.0,4211.84522160003
965,0.8193206354660634,0.7018289712669683,0.47072335039819,0.10859728506787336,12.0,4215.320369500027
966,0.8455391409954751,0.7018289712669683,0.46001877900452487,0.18552036199095034,10.0,4227.2704778999905
967,0.8040934456470588,0.7018289712669683,0.46002104745701355,0.10407239819004532,12.0,4233.201340600033
968,0.8040934456470588,0.7018289712669683,0.46002104745701355,0.10407239819004532,12.0,4233.294427599991
969,0.8040934456470588,0.7018289712669683,0.46002104745701355,0.10407239819004532,12.0,4233.3860074999975
970,0.866257255837104,0.7018289712669683,0.3611893825339366,0.2850678733031675,11.0,4239.122940800036
971,0.8453397741990949,0.7018289712669683,0.42434429908597276,0.1809954751131223,12.0,4243.81561520003
972,0.8608051187285066,0.7018289712669683,0.3647870191809955,0.27601809954751133,11.0,4246.655641500023
973,0.8040934456470588,0.7018289712669683,0.46002104745701355,0.10407239819004532,12.0,4246.756145399995
974,0.8083842616651582,0.7018289712669683,0.459786976597285,0.10859728506787347,12.0,4252.872724200017
975,0.8428889741538461,0.7018289712669683,0.4607170284524886,0.12217194570135759,13.0,4256.749811000016
976,0.8997199803167419,0.7018289712669683,0.3656023332579185,0.2941176470588237,12.0,4266.8608201000025
977,0.8339762638823527,0.7018289712669683,0.4427545444253393,0.13122171945701366,13.0,4267.551540800021
978,0.8650959347466061,0.7018289712669683,0.36455294832126695,0.2805429864253395,11.0,4270.332968500035
979,1.0139339097285065,0.7018289712669683,0.16162621742081448,0.6923076923076923,8.0,4276.048571799998
980,0.7855717570045246,0.7018289712669683,0.4569744719366515,0.10859728506787347,11.0,4276.256994299998
981,0.8702142690045247,0.7018289712669683,0.3579970744343891,0.31221719457013575,10.0,4293.634473700018
982,0.8044443514389138,0.7018289712669683,0.45584706637104067,0.10859728506787347,12.0,4293.984590200009
983,0.7629036152850679,0.7018289712669683,0.4588312170950226,0.10407239819004532,10.0,4299.089410300017
984,0.7814006355565609,0.7018289712669683,0.45732823736651584,0.10407239819004532,11.0,4299.928311800002
985,0.7855717570045246,0.7018289712669683,0.4569744719366515,0.10859728506787347,11.0,4305.139039400034
986,0.7820070388144795,0.7018289712669683,0.45793464062443434,0.10407239819004532,11.0,4308.606952400005
987,0.7884956175022624,0.7018289712669683,0.4417987849230769,0.12669683257918563,11.0,4309.199359500024
988,0.8720991372357918,0.7018289712669683,0.3851308114439367,0.26696832579185525,11.0,4312.307729299995
989,0.8065106786334841,0.7018289712669683,0.491488054199095,0.09502262443438925,11.0,4315.90403080004
990,0.7850120270045248,0.7018289712669683,0.46093962881447964,0.10407239819004532,11.0,4317.788365799992
991,0.7790116598190044,0.7018289712669683,0.3999166371945701,0.19909502262443446,9.0,4318.24045859999
992,0.7825115939728505,0.7018289712669683,0.45843919578280534,0.10407239819004532,11.0,4320.651263800042
993,0.800294718995475,0.7018289712669683,0.45359788641628956,0.12669683257918563,11.0,4324.61827830004
994,0.7630505612579186,0.7018289712669683,0.4589781630678733,0.10407239819004521,10.0,4325.850143000018
995,0.8714846441990949,0.7018289712669683,0.38451631840723977,0.26696832579185514,11.0,4330.770353700034
996,0.783306984515837,0.7018289712669683,0.46375947320361993,0.09954751131221728,11.0,4331.091859600041
997,0.7630505612579186,0.7018289712669683,0.4589781630678733,0.10407239819004521,10.0,4331.741649900039
998,0.783306984515837,0.7018289712669683,0.46375947320361993,0.09954751131221728,11.0,4332.03234179999
999,0.8025059732941175,0.7018289712669683,0.4629584619819005,0.09954751131221728,12.0,4333.613305600011
1000,0.7605876712217194,0.7018289712669683,0.46294061239819,0.11764705882352944,9.0,4347.619763800001
