Iteration,obj,obj_bound,cost,loss,comp,time
1,0.88562898,0.88562898,0.22645847308755762,0.5391705069124424,6.0,0.07623409997904673
2,0.891842179170507,0.88562898,0.2357131469124424,0.5161290322580645,7.0,3.470336699974723
3,0.891842179170507,0.88562898,0.2357131469124424,0.5161290322580645,7.0,3.543740599998273
4,0.9108610654377881,0.88562898,0.2393403281105991,0.5115207373271891,8.0,7.210609499947168
5,0.9046478662672812,0.88562898,0.23008565428571431,0.534562211981567,7.0,10.991513699991629
6,0.9568159411059909,0.88562898,0.22999566460829493,0.566820276497696,8.0,16.263065799954347
7,1.0075067739170507,0.88562898,0.18695377852534562,0.6405529953917051,9.0,18.06763719994342
8,1.0240902692165899,0.88562898,0.19275386368663594,0.631336405529954,10.0,18.964658999990206
9,1.0240902692165899,0.88562898,0.19275386368663594,0.631336405529954,10.0,19.040680399979465
10,1.0240902692165899,0.88562898,0.19275386368663594,0.631336405529954,10.0,22.763300799997523
11,1.0150233398156683,0.88562898,0.1776039849769585,0.6774193548387097,8.0,34.40274309995584
12,1.0449959742857144,0.88562898,0.09854436138248847,0.8064516129032258,7.0,39.71267869998701
13,1.0300973720276498,0.88562898,0.128161888156682,0.7419354838709677,8.0,45.1356395999901
14,1.0102357747465438,0.88562898,0.16664130470046082,0.663594470046083,9.0,46.004168599960394
15,0.9278569234101384,0.88562898,0.262419135391705,0.46543778801843316,10.0,50.505565999948885
16,1.0281431178801843,0.88562898,0.16915694276497695,0.6589861751152074,10.0,58.222930999996606
17,1.0264291047465437,0.88562898,0.1674429296313364,0.6589861751152074,10.0,64.33362839999609
18,1.0428153869124424,0.88562898,0.1684375067281106,0.6543778801843319,11.0,64.56222079996951
19,1.0496003649769583,0.88562898,0.1644390746543779,0.6451612903225807,12.0,66.47371799999382
20,1.0428153869124424,0.88562898,0.1684375067281106,0.6543778801843319,11.0,67.88407959998585
21,0.9383082794470047,0.88562898,0.3665110444239631,0.3317972350230415,12.0,72.63348239997867
22,0.9434846120737328,0.88562898,0.3241297733640553,0.4193548387096775,10.0,74.83531969995238
23,0.9545587776497696,0.88562898,0.31059564400921663,0.42396313364055305,11.0,77.74211669998476
24,0.9637585259907834,0.88562898,0.32440368728110597,0.4193548387096775,11.0,79.43837279995205
25,0.9650017971428572,0.88562898,0.34712161281105985,0.37788018433179726,12.0,83.92642189998878
26,0.9458616567281105,0.88562898,0.34798147239631333,0.37788018433179726,11.0,89.24759499996435
27,0.9157575105990782,0.88562898,0.38543492995391704,0.29032258064516125,12.0,89.97100999997929
28,0.9036482520737326,0.88562898,0.4224500953917051,0.22119815668202758,13.0,92.90584499994293
29,0.9801283318894009,0.88562898,0.3330315576958526,0.38709677419354827,13.0,99.0533948999946
30,0.9402605658064516,0.88562898,0.3684633307834102,0.3317972350230415,12.0,109.26979179994669
31,0.9262956831336404,0.88562898,0.4174477568663595,0.24884792626728103,13.0,112.57053969998378
32,0.9217714128571428,0.88562898,0.4083151916589862,0.2534562211981566,13.0,114.96332039998379
33,0.918190931751152,0.88562898,0.40473471055299537,0.2534562211981566,13.0,115.73458839999512
34,0.9007583919815667,0.88562898,0.45946806940092166,0.16129032258064513,14.0,118.09681729995646
35,0.8884247144700459,0.88562898,0.46713439188940087,0.16129032258064502,13.0,119.57299539999804
36,0.9084247144700459,0.88562898,0.46713439188940087,0.16129032258064502,14.0,120.63625139999203
37,0.9272357218894007,0.88562898,0.4659453993087558,0.16129032258064502,15.0,122.55311659997096
38,0.943619686129032,0.88562898,0.4669376584792627,0.15668202764976946,16.0,123.00600679998752
39,0.9753059913824884,0.88562898,0.4248912448387097,0.2304147465437787,16.0,125.27601769997273
40,0.9564949839631336,0.88562898,0.42608023741935486,0.2304147465437787,15.0,127.30948199995328
41,0.9731307819354837,0.88562898,0.44575751004608294,0.2073732718894009,16.0,128.1156115999911
42,0.9912417276036867,0.88562898,0.45769334050691246,0.19354838709677413,17.0,128.3946584999794
43,0.9924967682949308,0.88562898,0.45894838119815673,0.19354838709677413,17.0,129.26690599997528
44,1.014131244064516,0.88562898,0.4513662671059908,0.20276497695852524,18.0,129.51731049997034
45,0.9925337308847926,0.88562898,0.47889317788940095,0.13364055299539157,19.0,129.96412389999023
46,1.0120998107373271,0.88562898,0.4784592577419355,0.13364055299539157,20.0,130.15897399996174
47,1.0120998107373271,0.88562898,0.4784592577419355,0.13364055299539157,20.0,130.24620899994625
48,1.0062226412442397,0.88562898,0.4817986781105991,0.12442396313364046,20.0,130.59425159997772
49,1.0062226412442397,0.88562898,0.4817986781105991,0.12442396313364046,20.0,130.69708549999632
50,0.9871170085714286,0.88562898,0.48269304543778807,0.12442396313364046,19.0,131.8273655999801
51,0.9871170085714286,0.88562898,0.48269304543778807,0.12442396313364046,19.0,131.94382979994407
52,0.963991679953917,0.88562898,0.48417601175115205,0.1198156682027649,18.0,134.3495278999908
53,0.983991679953917,0.88562898,0.48417601175115205,0.1198156682027649,19.0,134.93521399999736
54,0.983991679953917,0.88562898,0.48417601175115205,0.1198156682027649,19.0,135.04577579995384
55,0.9838780329032258,0.88562898,0.4748457748387097,0.12903225806451613,19.0,137.70434299996123
56,0.9646200369124425,0.88562898,0.47558777884792625,0.12903225806451613,18.0,138.2208210999961
57,0.9778675016129031,0.88562898,0.4657937688940092,0.15207373271889413,18.0,140.77854669996304
58,0.9756881836405529,0.88562898,0.44213979654377883,0.19354838709677424,17.0,141.80211379996035
59,0.9929665165898617,0.88562898,0.44863471935483873,0.18433179723502302,18.0,142.28177449997747
60,1.057927769769585,0.88562898,0.3262227006451613,0.39170506912442393,17.0,154.65436909999698
61,1.0340590187557601,0.88562898,0.33157053949308757,0.3824884792626728,16.0,156.7167750999797
62,1.0076137099539169,0.88562898,0.3527750002764977,0.35483870967741926,15.0,157.5757133999723
63,1.0122954681566818,0.88562898,0.3390235787557604,0.3732718894009217,15.0,158.27364489994943
64,0.9158225238709676,0.88562898,0.4514907266359447,0.18433179723502302,14.0,168.96323949994985
65,0.9329774794009216,0.88562898,0.45325397709677423,0.17972350230414746,15.0,169.57856009999523
66,0.9251364449078339,0.88562898,0.43158805781105997,0.19354838709677424,15.0,178.8294858999434
67,0.9283815477788018,0.88562898,0.4516995201290323,0.15668202764976968,16.0,179.87169469997752
68,0.947095766580645,0.88562898,0.4550220338617512,0.15207373271889402,17.0,180.1169434999465
69,0.9504523116129031,0.88562898,0.46298687382488485,0.14746543778801846,17.0,180.99363409995567
70,0.9767768812442396,0.88562898,0.46009485359447005,0.15668202764976957,18.0,183.62776589998975
71,0.9622223323963133,0.88562898,0.4655403047465438,0.15668202764976957,17.0,192.80151659995317
72,0.977013540829493,0.88562898,0.4557232182488479,0.16129032258064524,18.0,193.97354739997536
73,1.0028391736405529,0.88562898,0.4569405561290323,0.1658986175115208,19.0,194.63209689996438
74,1.0215555046036866,0.88562898,0.46487347695391706,0.15668202764976957,20.0,195.29548049997538
75,1.045862038843318,0.88562898,0.46457171626267285,0.16129032258064524,21.0,195.96771749999607
76,1.0577726185207372,0.88562898,0.4656988858018433,0.15207373271889402,22.0,196.39578639995307
77,0.9568540058018433,0.88562898,0.45713050349769585,0.17972350230414746,16.0,211.30928180000046
78,0.9755407799493088,0.88562898,0.46042557257603695,0.1751152073732719,17.0,211.48939939995762
79,0.993862332345622,0.88562898,0.4587471249723502,0.1751152073732719,18.0,211.6494777999469
80,0.9669017422995392,0.88562898,0.4563948298571429,0.17050691244239635,17.0,225.78193219995592
81,0.9564730792304146,0.88562898,0.4521412819953918,0.18433179723502313,16.0,226.15369939996162
82,0.9564730792304146,0.88562898,0.4521412819953918,0.18433179723502313,16.0,226.52217579999706
83,0.9564730792304146,0.88562898,0.4521412819953918,0.18433179723502313,16.0,226.6088582999655
84,0.9501201059124422,0.88562898,0.44274683402304155,0.20737327188940102,15.0,228.39483829995152
85,0.9501201059124422,0.88562898,0.44274683402304155,0.20737327188940102,15.0,228.48713099997258
86,0.9639087779216589,0.88562898,0.44575209589400927,0.1981566820276499,16.0,228.6960353999748
87,0.9452220037741934,0.88562898,0.44245702681566823,0.20276497695852547,15.0,228.85123039997416
88,0.9452220037741934,0.88562898,0.44245702681566823,0.20276497695852547,15.0,228.9356839999673
89,0.9639087779216589,0.88562898,0.44575209589400927,0.1981566820276499,16.0,229.11233699996956
90,0.8437637192165898,0.8437637192165898,0.4395240878801844,0.24423963133640558,8.0,232.32597759994678
91,0.8583633368202763,0.8437637192165898,0.4479485902764977,0.23041474654377891,9.0,232.78529159998288
92,0.8742361732258064,0.8437637192165898,0.4054804128571429,0.3087557603686637,8.0,233.66397489997325
93,1.1178970221658986,0.8437637192165898,0.01015508668202765,0.967741935483871,7.0,248.08484089997364
94,0.8365716201382488,0.8365716201382488,0.4461568735944701,0.23041474654377891,8.0,284.1042309999466
95,0.7922137965898618,0.7922137965898618,0.48935665373271897,0.1428571428571429,8.0,285.93518449994735
96,0.7946236348387097,0.7922137965898618,0.49637478691244247,0.13824884792626735,8.0,286.7887525999686
97,0.7946236348387097,0.7922137965898618,0.49637478691244247,0.13824884792626735,8.0,286.86185469996417
98,0.7946236348387097,0.7922137965898618,0.49637478691244247,0.13824884792626735,8.0,286.94857519998914
99,0.8159251689861751,0.7922137965898618,0.5022846159907834,0.1336405529953918,9.0,287.8983259999659
100,0.8159251689861751,0.7922137965898618,0.5022846159907834,0.1336405529953918,9.0,287.9780713999644
101,0.8159251689861751,0.7922137965898618,0.5022846159907834,0.1336405529953918,9.0,288.0559208999621
102,0.9726104397235023,0.7922137965898618,0.22883163788018435,0.5437788018433178,10.0,303.6023901999579
103,0.8757432778341014,0.7922137965898618,0.376204107327189,0.2995391705069126,10.0,320.1332238999894
104,0.8577907616589862,0.7922137965898618,0.3782515911520738,0.2995391705069126,9.0,335.28382259997306
105,0.8364892275115208,0.7922137965898618,0.37234176207373276,0.30414746543778814,8.0,336.0566503999871
106,0.8234244751152073,0.7922137965898618,0.4037931387096775,0.23963133640553003,9.0,338.84846489998745
107,0.8474784718894011,0.7922137965898618,0.3648978267281107,0.32258064516129037,8.0,360.7225043999497
108,0.87676220640553,0.7922137965898618,0.3312322524884794,0.4055299539170507,7.0,362.5335622999701
109,0.8859566743778803,0.7922137965898618,0.34807649004608304,0.37788018433179726,8.0,365.12074609997217
110,0.8829405999078342,0.7922137965898618,0.36810189023041484,0.3548387096774194,8.0,366.70495409995783
111,1.0465570381566822,0.7922137965898618,0.13236348976958526,0.7741935483870968,7.0,372.93119389994536
112,1.036189557419355,0.7922137965898618,0.08669646986175115,0.8294930875576036,6.0,373.9048996999627
113,0.9964449105069124,0.7922137965898618,0.13911772156682028,0.7373271889400922,6.0,377.10439439996844
114,1.0164449105069124,0.7922137965898618,0.13911772156682028,0.7373271889400922,7.0,378.1878738999949
115,1.032790565483871,0.7922137965898618,0.1538965562672811,0.7188940092165899,8.0,378.6640865999507
116,1.0498537989400922,0.7922137965898618,0.16478467451612902,0.7050691244239631,9.0,378.92537359998096
117,1.0690252885714286,0.7922137965898618,0.17317275400921658,0.695852534562212,10.0,379.68160479998915
118,1.0286765612442397,0.7922137965898618,0.24803139995391701,0.5806451612903226,10.0,388.40370739996433
119,1.0274633714285715,0.7922137965898618,0.2468182101382488,0.5806451612903226,10.0,389.21015449997503
120,1.0276965620276497,0.7922137965898618,0.2823509399078341,0.5253456221198156,11.0,390.1230621999712
121,1.0466388728110598,0.7922137965898618,0.29050984055299534,0.5161290322580645,12.0,390.4382743999595
122,0.9975224145622119,0.7922137965898618,0.2645270228571428,0.5529953917050692,9.0,392.96674889995484
123,1.0142144355299538,0.7922137965898618,0.27965222354838704,0.5345622119815668,10.0,393.2369120999938
124,1.0274747720737327,0.7922137965898618,0.23761302092165895,0.5898617511520737,10.0,394.0811132999952
125,1.0451499349308755,0.7922137965898618,0.2214632989861751,0.6036866359447005,11.0,395.52430539997295
126,1.00937166437788,0.7922137965898618,0.23950991322580642,0.5898617511520737,9.0,396.17264329997124
127,1.02937166437788,0.7922137965898618,0.23950991322580642,0.5898617511520737,10.0,397.2435048999614
128,1.0481969341935484,0.7922137965898618,0.2521600678341014,0.5760368663594471,11.0,398.4723203999456
129,0.9995994318433179,0.7922137965898618,0.2696455147926267,0.5299539170506913,10.0,400.7566060999525
130,1.0162514149769586,0.7922137965898618,0.2755140877880184,0.5207373271889402,11.0,402.30081759998575
131,1.0362514149769586,0.7922137965898618,0.2755140877880184,0.5207373271889402,12.0,402.53183169994736
132,1.013699886267281,0.7922137965898618,0.2699210844239631,0.5437788018433181,10.0,405.4541530999704
133,1.0228827332718893,0.7922137965898618,0.24223757198156678,0.5806451612903226,10.0,407.62761449994287
134,1.0285264387096773,0.7922137965898618,0.2294480976958525,0.599078341013825,10.0,408.53477969998494
135,0.9955460328571428,0.7922137965898618,0.24872575635944696,0.566820276497696,9.0,410.792865699972
136,0.98339979,0.7922137965898618,0.2688375780184331,0.5345622119815668,9.0,411.2187341999961
137,0.9913455474654378,0.7922137965898618,0.2491335658986175,0.5622119815668203,9.0,412.7946786999819
138,1.0099704648847927,0.7922137965898618,0.22932530359447004,0.5806451612903225,10.0,414.61171429994283
139,1.02471619718894,0.7922137965898618,0.23328762576036863,0.5714285714285714,11.0,415.4980493999901
140,1.168951777142857,0.7922137965898618,0.038076201105990776,0.9308755760368663,10.0,418.75869359995704
141,1.1191974834562213,0.7922137965898618,0.1480454097235023,0.7511520737327189,11.0,425.1772725999472
142,1.1285643177419353,0.7922137965898618,0.1558454237327189,0.7327188940092166,12.0,427.6379893999547
143,1.0461650652995391,0.7922137965898618,0.22856137866359447,0.5576036866359448,13.0,430.6580304999952
144,1.0648792841013823,0.7922137965898618,0.23188389239631338,0.5529953917050692,14.0,431.22105409996584
145,1.0797417980184332,0.7922137965898618,0.24978788096774193,0.5299539170506913,15.0,432.4621884999797
146,1.0836968962211981,0.7922137965898618,0.24452638930875578,0.5391705069124425,15.0,433.3814266999834
147,1.0831891119354837,0.7922137965898618,0.2532351948847926,0.5299539170506913,15.0,434.26746569998795
148,1.1330723823502302,0.7922137965898618,0.21556086161290325,0.6175115207373272,15.0,435.95737389998976
149,1.1313234705069124,0.7922137965898618,0.2045953599078341,0.6267281105990784,15.0,436.3275427999906
150,1.1513234705069124,0.7922137965898618,0.2045953599078341,0.6267281105990784,16.0,437.07243679999374
151,1.1320306051152074,0.7922137965898618,0.205302494516129,0.6267281105990783,15.0,437.21707119996427
152,0.9960829370967741,0.7922137965898618,0.45184330576036863,0.24423963133640558,15.0,442.81173759995727
153,1.0066843047004608,0.7922137965898618,0.4747027378801843,0.21198156682027658,16.0,443.465196599951
154,1.025407703686636,0.7922137965898618,0.47803443179723504,0.2073732718894009,17.0,443.6713804999599
155,1.0441219224884792,0.7922137965898618,0.4813569455299539,0.20276497695852536,18.0,443.9614836999681
156,1.0249847049769585,0.7922137965898618,0.48221972801843316,0.20276497695852536,17.0,444.13684359996114
157,1.03418181718894,0.7922137965898618,0.489850019953917,0.18433179723502302,18.0,445.3863733999897
158,1.0158814169124424,0.7922137965898618,0.4823330298156682,0.19354838709677424,17.0,445.71057979995385
159,1.0219843414285714,0.7922137965898618,0.5053023137788019,0.15668202764976968,18.0,446.2973362999619
160,1.1776421295207373,0.7922137965898618,0.12188176085714285,0.7557603686635944,15.0,463.71999509999296
161,1.1674960856175116,0.7922137965898618,0.1363440118847926,0.7511520737327189,14.0,465.3633111999952
162,1.1149918622073733,0.7922137965898618,0.3587706640506912,0.45622119815668194,15.0,471.6733310999698
163,1.0966080521612904,0.7922137965898618,0.3696034438663594,0.4470046082949308,14.0,472.7828739999677
164,1.038625884419355,0.7922137965898618,0.43908671391244236,0.2995391705069125,15.0,475.00118659995496
165,1.0382907339585254,0.7922137965898618,0.4387515634516129,0.2995391705069125,15.0,475.57616529997904
166,1.0572947799400922,0.7922137965898618,0.43775560943317976,0.2995391705069125,16.0,476.2924649999477
167,1.026459187543779,0.7922137965898618,0.5251688649631336,0.16129032258064535,17.0,479.8645518999547
168,1.0400514014562212,0.7922137965898618,0.5325859636682027,0.14746543778801857,18.0,480.32642419997137
169,1.0242812986267282,0.7922137965898618,0.5229909760460829,0.16129032258064535,17.0,483.10099339997396
170,1.0159461994562213,0.7922137965898618,0.5208309920829493,0.1751152073732719,16.0,484.7586072999984
171,0.9968182790967743,0.7922137965898618,0.49248648186175115,0.18433179723502302,16.0,501.2543701999821
172,0.9854685086820276,0.7922137965898618,0.4550537621382489,0.2304147465437788,15.0,502.45299989997875
173,0.984303502875576,0.7922137965898618,0.4631053461935484,0.22119815668202758,15.0,503.50458499998786
174,1.0049984915852535,0.7922137965898618,0.46840862983410136,0.21658986175115202,16.0,504.34999449999304
175,1.018117771170507,0.7922137965898618,0.4661362043502304,0.21198156682027647,17.0,506.57223679998424
176,1.0342011101336404,0.7922137965898618,0.46221954331336407,0.21198156682027647,18.0,507.26682039996376
177,1.013401749764977,0.7922137965898618,0.46142018294470044,0.21198156682027647,17.0,508.5271305999486
178,1.0220355858479264,0.7922137965898618,0.468487198751152,0.19354838709677413,18.0,509.29884819994913
179,1.0019411958479263,0.7922137965898618,0.468392808751152,0.19354838709677413,17.0,510.1515367999673
180,1.0046797759170507,0.7922137965898618,0.47113138882027644,0.19354838709677413,17.0,511.3258279999718
181,1.0074693645806452,0.7922137965898618,0.486179042,0.16129032258064513,18.0,512.6985274999752
182,1.0519701326866358,0.7922137965898618,0.42008073176497696,0.2718894009216589,18.0,515.8422930999659
183,1.070989018953917,0.7922137965898618,0.42370791296313365,0.26728110599078336,19.0,517.4046955999802
184,1.0578697393686636,0.7922137965898618,0.4259803384470046,0.27188940092165903,18.0,520.622202599945
185,1.055066152640553,0.7922137965898618,0.4185684567880184,0.2764976958525346,18.0,525.0740797999897
186,1.0686372555437789,0.7922137965898618,0.4167478546221198,0.27188940092165903,19.0,525.4542796999449
187,1.082974591857143,0.7922137965898618,0.42030178079723496,0.2626728110599078,20.0,993.3048137999722
188,1.0977203241612903,0.7922137965898618,0.4242641029631336,0.2534562211981566,21.0,995.5101606999524
189,1.1182827316313364,0.7922137965898618,0.4248265104331797,0.2534562211981566,22.0,996.8380982999806
190,1.1193438282442396,0.7922137965898618,0.4304959019769585,0.24884792626728114,22.0,998.4984180999454
191,1.1379739984285715,0.7922137965898618,0.4337343670921659,0.24423963133640547,23.0,1002.0995735999895
192,1.1421677890737327,0.7922137965898618,0.43792815773732724,0.24423963133640547,23.0,1003.4203014999512
193,1.1235376188894008,0.7922137965898618,0.4346896926221198,0.24884792626728114,22.0,1007.9230227999506
194,1.1055208538202765,0.7922137965898618,0.4366729275529954,0.24884792626728114,21.0,1008.2945051999995
195,1.0838973497373272,0.7922137965898618,0.43044112853917044,0.2534562211981566,20.0,1009.4893011999666
196,1.0640219446682027,0.7922137965898618,0.4443906082626728,0.23963133640552992,19.0,1011.7043454999803
197,1.0490369642995392,0.7922137965898618,0.48009687213364055,0.18894009216589858,19.0,1014.2877974999719
198,1.0358688447142859,0.7922137965898618,0.466928752548387,0.18894009216589858,19.0,1017.7851372999721
199,1.0210238953133641,0.7922137965898618,0.47669209807834095,0.18433179723502302,18.0,1024.3427148999763
200,1.006747417341014,0.7922137965898618,0.4731990302442396,0.19354838709677413,17.0,1025.6915554999723
201,0.9893478793686636,0.7922137965898618,0.47579949227188933,0.19354838709677413,16.0,1026.750229499943
202,1.0267928106129034,0.7922137965898618,0.4487282944838709,0.25806451612903225,16.0,1028.0453429999761
203,1.0075746357741937,0.7922137965898618,0.4740262486774193,0.19354838709677424,17.0,1029.0162164999638
204,1.0324719865115208,0.7922137965898618,0.3606747514884793,0.3317972350230415,17.0,1034.182755399961
205,1.0306327851751154,0.7922137965898618,0.35883555015207375,0.3317972350230415,17.0,1034.8008602999616
206,1.041986910797235,0.7922137965898618,0.37323115042857147,0.3087557603686636,18.0,1036.5716871999903
207,1.041986910797235,0.7922137965898618,0.37323115042857147,0.3087557603686636,18.0,1037.2834616999608
208,1.0565819731935484,0.7922137965898618,0.3816510976175116,0.2949308755760369,19.0,1038.5136581999832
209,1.0765819731935484,0.7922137965898618,0.3816510976175116,0.2949308755760369,20.0,1039.1459694999503
210,1.2227582295391706,0.7922137965898618,0.1500393355299539,0.7327188940092166,17.0,1045.6297918999917
211,1.2049301894470046,0.7922137965898618,0.1383864106451613,0.7465437788018433,16.0,1046.0948502999963
212,1.2357535152073733,0.7922137965898618,0.11391019723502305,0.8018433179723502,16.0,1047.018316499947
213,1.2226454097695854,0.7922137965898618,0.13610163096774194,0.7465437788018433,17.0,1047.8385318999644
214,1.2026454097695853,0.7922137965898618,0.13610163096774194,0.7465437788018433,16.0,1048.4602600999642
215,1.1928768407373271,0.7922137965898618,0.11407499741935484,0.7788018433179723,15.0,1049.4326815999812
216,1.2228660524423964,0.7922137965898618,0.05807342571428572,0.8847926267281105,14.0,1051.880788099952
217,1.2228660524423964,0.7922137965898618,0.05807342571428572,0.8847926267281105,14.0,1051.9754737999756
218,1.2028660524423964,0.7922137965898618,0.05807342571428572,0.8847926267281105,13.0,1052.632209399948
219,1.2061428029953918,0.7922137965898618,0.06899994585253458,0.8571428571428572,14.0,1053.1367294999654
220,1.1850341687557604,0.7922137965898618,0.06789131161290324,0.8571428571428572,13.0,1053.4319735999452
221,1.181757418202765,0.7922137965898618,0.05696479147465438,0.8847926267281105,12.0,1053.7604930999805
222,1.1989117113824885,0.7922137965898618,0.05872737958525346,0.880184331797235,13.0,1054.5153329999885
223,1.2107339033179725,0.7922137965898618,0.030641737419354838,0.9400921658986175,12.0,1055.264545699989
224,1.1817411530414748,0.7922137965898618,0.12911442493087558,0.7926267281105991,13.0,1057.4193296999438
225,1.2082533549769585,0.7922137965898618,0.03276948400921659,0.935483870967742,12.0,1059.5907745999866
226,1.2097995684331797,0.7922137965898618,0.06039864677419354,0.8894009216589862,13.0,1060.6611279999488
227,1.2269687705990784,0.7922137965898618,0.062176143870967746,0.8847926267281105,14.0,1061.8322457999457
228,1.1817027232258064,0.7922137965898618,0.07534327622119816,0.8663594470046083,12.0,1063.3926325999782
229,1.134312575299539,0.7922137965898618,0.1185522066359447,0.7557603686635945,13.0,1079.4675658999477
230,0.9620391022119814,0.7922137965898618,0.4147579962211981,0.26728110599078336,14.0,1090.891625499993
231,0.9797140797695851,0.7922137965898618,0.4078246788479262,0.27188940092165903,15.0,1091.1518583999714
232,0.9699139664516128,0.7922137965898618,0.4394992199078341,0.2304147465437788,15.0,1091.6636561999912
233,0.9200911925345621,0.7922137965898618,0.3698607777880184,0.3502304147465438,10.0,1096.4312443999806
234,0.9331902124423961,0.7922137965898618,0.37678468248847924,0.33640552995391704,11.0,1096.897009999957
235,0.9149954021658984,0.7922137965898618,0.4077142961751152,0.26728110599078336,12.0,1097.9142151999986
236,0.9149954021658984,0.7922137965898618,0.4077142961751152,0.26728110599078336,12.0,1098.018672599981
237,1.0013404203225806,0.7922137965898618,0.30825286271889396,0.4930875576036866,10.0,1117.342314199952
238,0.9154008055299538,0.7922137965898618,0.4081196995391705,0.26728110599078336,12.0,1132.7463909999933
239,0.8434650431797235,0.7922137965898618,0.5159996053917051,0.14746543778801835,9.0,1151.3166360999458
240,0.8353742158064517,0.7922137965898618,0.5171253678801844,0.13824884792626724,9.0,1151.7471231999807
241,0.8102481270967743,0.7922137965898618,0.5472988183410139,0.08294930875576034,9.0,1153.5396723999875
242,0.8195268607834103,0.7922137965898618,0.5457941418894009,0.07373271889400923,10.0,1155.0947192999884
243,0.8392458678341015,0.7922137965898618,0.5455131489400922,0.07373271889400923,11.0,1156.6210019999999
244,0.8192084720737327,0.7922137965898618,0.5454757531797234,0.07373271889400923,10.0,1158.6334980999818
245,0.9204904243317973,0.7922137965898618,0.33182682986175116,0.36866359447004615,11.0,1165.390347299981
246,0.9287675809216591,0.7922137965898618,0.3523620509677419,0.33640552995391704,12.0,1172.1068286999944
247,0.9021605085714287,0.7922137965898618,0.44400382654377885,0.1981566820276497,13.0,1177.0840418000007
248,0.9466749240552996,0.7922137965898618,0.3548776890322581,0.33179723502304137,13.0,1184.3509230999625
249,0.9414490026267283,0.7922137965898618,0.3941678966359447,0.26728110599078336,14.0,1190.2802732999553
250,0.987220744746544,0.7922137965898618,0.36924839451612906,0.3179723502304147,15.0,1191.8440248999977
251,0.9889473135483873,0.7922137965898618,0.36175837345622125,0.3271889400921658,15.0,1193.7876008999883
252,0.9733335298617511,0.7922137965898618,0.4014441289400921,0.2718894009216589,15.0,1198.4027101999964
253,0.9883238401382488,0.7922137965898618,0.393392964562212,0.2949308755760368,15.0,1198.7082235999987
254,1.0091635452534564,0.7922137965898618,0.3144170014746544,0.4147465437788018,14.0,1205.412006999948
255,0.9809747954377881,0.7922137965898618,0.30161995672811065,0.4193548387096775,13.0,1206.9000877999933
256,1.0010110535483872,0.7922137965898618,0.30626450976958525,0.4147465437788018,14.0,1207.3837865999667
257,1.0210110535483872,0.7922137965898618,0.30626450976958525,0.4147465437788018,15.0,1207.6276485999697
258,0.9655711622580645,0.7922137965898618,0.48428083967741936,0.16129032258064513,16.0,1214.197057399957
259,0.9455711622580645,0.7922137965898618,0.48428083967741936,0.16129032258064513,15.0,1214.355468099995
260,0.9455711622580645,0.7922137965898618,0.48428083967741936,0.16129032258064513,15.0,1221.3420852999552
261,0.933127493732719,0.7922137965898618,0.4872288762211981,0.1658986175115208,14.0,1223.1312221999979
262,0.9500000670506912,0.7922137965898618,0.48870974447004606,0.16129032258064524,15.0,1223.356921599945
263,0.9469401341013826,0.7922137965898618,0.4902581064516129,0.15668202764976957,15.0,1223.7855555999558
264,0.9440942840092166,0.7922137965898618,0.5227117955299538,0.10138248847926268,16.0,1225.223980199953
265,0.9440942840092166,0.7922137965898618,0.5227117955299538,0.10138248847926268,16.0,1225.3040273999795
266,0.9659876766359448,0.7922137965898618,0.18239320658986174,0.663594470046083,6.0,1228.844026799954
267,0.9561035913824886,0.7922137965898618,0.16025105682027654,0.695852534562212,5.0,1238.435278299963
268,0.9561035913824886,0.7922137965898618,0.16025105682027654,0.695852534562212,5.0,1238.541866399988
269,0.9504478846543779,0.7922137965898618,0.18528659433179728,0.6451612903225806,6.0,1241.0768562999438
270,0.9526861584792629,0.7922137965898618,0.19674145801843324,0.6359447004608295,6.0,1243.6468983999803
271,0.9687835147465439,0.7922137965898618,0.21127199400921665,0.6175115207373272,7.0,1245.0698675999884
272,0.8955825275115207,0.7922137965898618,0.2318037256682028,0.543778801843318,6.0,1248.9599115999881
273,0.9549821770967742,0.7922137965898618,0.15912964253456224,0.695852534562212,5.0,1257.745526099985
274,0.9549821770967742,0.7922137965898618,0.15912964253456224,0.695852534562212,5.0,1257.991583199997
275,0.932306551935484,0.7922137965898618,0.17488719709677425,0.6774193548387097,4.0,1262.844549899979
276,0.9132943242396313,0.7922137965898618,0.20960768829493093,0.6036866359447004,5.0,1265.0726406999747
277,0.936597169953917,0.7922137965898618,0.19447735428571433,0.6221198156682027,6.0,1265.6268299999647
278,0.9593334796774194,0.7922137965898618,0.22025513866359453,0.599078341013825,7.0,1266.179246399959
279,1.0131362240552995,0.7922137965898618,0.18954175400921663,0.663594470046083,8.0,1267.0719431999605
280,1.02649360640553,0.7922137965898618,0.1921157262211982,0.6543778801843319,9.0,1268.0690119999927
281,1.0131362240552995,0.7922137965898618,0.18954175400921663,0.663594470046083,8.0,1268.9690766999847
282,0.9560002101382489,0.7922137965898618,0.19388039447004612,0.6221198156682028,7.0,1273.627199199982
283,0.9729284021658987,0.7922137965898618,0.19541688142857147,0.6175115207373272,8.0,1273.8723724999581
284,0.9725391266820277,0.7922137965898618,0.1950276059447005,0.6175115207373272,8.0,1274.1327878999873
285,0.9836223247004607,0.7922137965898618,0.22758545834101385,0.5760368663594471,9.0,1275.4886546999915
286,0.9874784301843318,0.7922137965898618,0.23909133341013827,0.5483870967741935,10.0,1276.9225767999887
287,1.0074784301843318,0.7922137965898618,0.23909133341013827,0.5483870967741935,11.0,1277.760716299992
288,1.0446015684792627,0.7922137965898618,0.20404857308755764,0.6405529953917051,10.0,1289.7297855999786
289,1.0386151307373273,0.7922137965898618,0.19345384041474656,0.6451612903225806,10.0,1293.196933899948
290,1.0955431802764977,0.7922137965898618,0.08605009271889402,0.8294930875576036,9.0,1295.3447201999952
291,1.0955431802764977,0.7922137965898618,0.08605009271889402,0.8294930875576036,9.0,1298.8458320999634
292,1.0488278180184332,0.7922137965898618,0.14375869359447005,0.7050691244239631,10.0,1300.6294912999729
293,1.0955431802764977,0.7922137965898618,0.08605009271889402,0.8294930875576036,9.0,1302.3115011999616
294,1.1155431802764977,0.7922137965898618,0.08605009271889402,0.8294930875576036,10.0,1303.6004040999687
295,1.0926145749769585,0.7922137965898618,0.13528738603686635,0.7373271889400921,11.0,1306.3335821999935
296,1.1065882925345623,0.7922137965898618,0.13847769345622118,0.728110599078341,12.0,1308.2483920999803
297,1.101894726497696,0.7922137965898618,0.16447537165898618,0.6774193548387096,13.0,1312.826492299966
298,1.0220313242396313,0.7922137965898618,0.2167778680184332,0.5852534562211982,11.0,1316.5243359999731
299,0.9932387738248847,0.7922137965898618,0.3246673452534562,0.4285714285714286,12.0,1319.9688730999478
300,1.010103430921659,0.7922137965898618,0.326140297281106,0.42396313364055305,13.0,1321.0888335999916
301,1.030103430921659,0.7922137965898618,0.326140297281106,0.42396313364055305,14.0,1321.2637069999473
302,1.0487126574654377,0.7922137965898618,0.31092463903225803,0.4377880184331797,15.0,1323.0768638999434
303,1.0667290386175117,0.7922137965898618,0.3227659049769585,0.42396313364055305,16.0,1324.0980511999805
304,1.0667290386175117,0.7922137965898618,0.3227659049769585,0.42396313364055305,16.0,1324.2033314
305,1.0769275432258065,0.7922137965898618,0.33139758930875574,0.4055299539170507,17.0,1324.9668570999638
306,1.0906034280184334,0.7922137965898618,0.32968176903225804,0.40092165898617516,18.0,1326.0477734999731
307,1.0906034280184334,0.7922137965898618,0.32968176903225804,0.40092165898617516,18.0,1326.151197799947
308,1.1649221198156683,0.7922137965898618,0.14298663594470046,0.7419354838709677,14.0,1335.568488299963
309,1.1849221198156683,0.7922137965898618,0.14298663594470046,0.7419354838709677,15.0,1337.253377599991
310,1.2036363386175115,0.7922137965898618,0.14630914967741937,0.7373271889400922,16.0,1337.4301617999445
311,1.1649221198156683,0.7922137965898618,0.14298663594470046,0.7419354838709677,14.0,1338.0797288999893
312,1.0653784111981566,0.7922137965898618,0.26003278907834104,0.5253456221198156,14.0,1341.95681829995
313,1.0722119159907835,0.7922137965898618,0.28834094824884793,0.4838709677419355,15.0,1342.7878561999532
314,1.0631946182488479,0.7922137965898618,0.29775683023041477,0.46543778801843316,15.0,1346.466583099973
315,1.0752659500921657,0.7922137965898618,0.30365304686635947,0.4516129032258064,16.0,1347.6190932999598
316,1.0903240839631336,0.7922137965898618,0.30792777059907833,0.44239631336405527,17.0,1348.8139912999468
317,1.0834905791705067,0.7922137965898618,0.27961961142857145,0.4838709677419354,16.0,1349.6103802999714
318,1.1022047979723502,0.7922137965898618,0.28294212516129036,0.47926267281105983,17.0,1349.80505549995
319,1.0646657683870968,0.7922137965898618,0.3191358144700461,0.4055299539170507,17.0,1351.6118346999865
320,1.045812964654378,0.7922137965898618,0.3202830107373272,0.4055299539170507,16.0,1354.0388871999457
321,1.061928632857143,0.7922137965898618,0.32100697387096777,0.40092165898617504,17.0,1354.987322699977
322,1.0883760094930874,0.7922137965898618,0.3228460555760369,0.4055299539170506,18.0,1355.5903742999653
323,1.0450724565898617,0.7922137965898618,0.34101715705069124,0.3640552995391705,17.0,1356.7743320999434
324,1.1363639106912442,0.7922137965898618,0.06843764341013825,0.847926267281106,11.0,1366.3226600999478
325,1.0554559522119813,0.7922137965898618,0.15195364806451614,0.7235023041474654,9.0,1376.2116614999832
326,1.071844073225806,0.7922137965898618,0.148341769078341,0.7235023041474654,10.0,1377.1779082999565
327,1.0820299968202762,0.7922137965898618,0.15696087239631334,0.7050691244239631,11.0,1378.0592167999712
328,1.086532582672811,0.7922137965898618,0.17832981769585254,0.6682027649769585,12.0,1378.9586522999452
329,1.0846974359447004,0.7922137965898618,0.23022738986175117,0.5944700460829493,13.0,1379.9366930999677
330,1.1025507673732717,0.7922137965898618,0.23729731115207375,0.5852534562211982,14.0,1380.2200653999462
331,1.1058525694930874,0.7922137965898618,0.24059911327188943,0.5852534562211982,14.0,1381.5346025999752
332,1.1258525694930874,0.7922137965898618,0.24059911327188943,0.5852534562211982,15.0,1381.797835299978
333,1.1032909714285715,0.7922137965898618,0.25186240000000004,0.5714285714285714,14.0,1382.0870192999719
334,1.0302335658986175,0.7922137965898618,0.3800031511520737,0.3502304147465439,15.0,1385.401755299943
335,1.0455822768202765,0.7922137965898618,0.3845684519354839,0.3410138248847926,16.0,1386.3774615000002
336,1.1186396823502303,0.7922137965898618,0.25642770078341015,0.5622119815668203,15.0,1389.403279399965
337,1.0432566483410137,0.7922137965898618,0.37302623359447007,0.3502304147465438,16.0,1392.4589199999464
338,1.0235667252073732,0.7922137965898618,0.3733363104608295,0.3502304147465437,15.0,1393.7647514999844
339,1.0282180142857142,0.7922137965898618,0.3687710096774194,0.35944700460829504,15.0,1394.7161300999578
340,1.0082180142857142,0.7922137965898618,0.3687710096774194,0.35944700460829504,14.0,1395.3446813999908
341,1.016199811797235,0.7922137965898618,0.34449474267281105,0.39170506912442393,14.0,1396.3429892999702
342,1.0361998117972349,0.7922137965898618,0.34449474267281105,0.39170506912442393,15.0,1396.6513726999983
343,1.0540531432258065,0.7922137965898618,0.35156466396313363,0.38248847926267293,16.0,1396.8775609000004
344,1.0540531432258065,0.7922137965898618,0.35156466396313363,0.38248847926267293,16.0,1396.966062499967
345,1.0309249196774193,0.7922137965898618,0.35304473534562214,0.37788018433179726,15.0,1397.344294599956
346,1.0608231104608294,0.7922137965898618,0.3015604376497696,0.47926267281105983,14.0,1398.2109944999684
347,1.0828077029493086,0.7922137965898618,0.2989367352073733,0.4838709677419355,15.0,1398.4590433999547
348,1.0388476987096773,0.7922137965898618,0.2995850258986175,0.47926267281105983,13.0,1399.6286957999691
349,1.0556651782027648,0.7922137965898618,0.30101080032258065,0.4746543778801844,14.0,1399.895660099981
350,1.0734069659447005,0.7922137965898618,0.3033608829953917,0.4700460829493087,15.0,1400.1495412999648
351,1.0575429874654378,0.7922137965898618,0.3028886095852535,0.4746543778801844,14.0,1400.5926103999955
352,1.060239313824885,0.7922137965898618,0.3055849359447005,0.4746543778801844,14.0,1406.5688562999712
353,1.0064507540092165,0.7922137965898618,0.2810129659907834,0.46543778801843316,13.0,1410.5661074999953
354,1.0253901671889403,0.7922137965898618,0.2799523791705069,0.46543778801843316,14.0,1411.1215180999716
355,1.0480581513824885,0.7922137965898618,0.2780120684331797,0.4700460829493087,15.0,1412.8018526999513
356,1.0480581513824885,0.7922137965898618,0.2780120684331797,0.4700460829493087,15.0,1412.9305143999518
357,1.05058669,0.7922137965898618,0.31584014622119816,0.4147465437788018,16.0,1414.1285978999804
358,1.0179189676497697,0.7922137965898618,0.3446470782488479,0.3732718894009217,15.0,1418.1457065999857
359,1.0240966787557604,0.7922137965898618,0.3538662640092165,0.3502304147465438,16.0,1418.9601707999827
360,1.0222389221658987,0.7922137965898618,0.31053385304147463,0.39170506912442393,16.0,1423.9003526999732
361,1.0365663778801844,0.7922137965898618,0.34633596313364057,0.3502304147465437,17.0,1424.5091177999857
362,1.0145352085253458,0.7922137965898618,0.34430479377880185,0.3502304147465437,16.0,1424.8513492999482
363,1.00020775281106,0.7922137965898618,0.3085026836866359,0.39170506912442393,15.0,1425.6055419999757
364,1.008780920875576,0.7922137965898618,0.34472562133640555,0.3640552995391706,15.0,1435.231235299958
365,1.028780920875576,0.7922137965898618,0.34472562133640555,0.3640552995391706,16.0,1437.8081109999912
366,1.0345372615668202,0.7922137965898618,0.356657077235023,0.37788018433179726,15.0,1439.9269420999917
367,1.045565347142857,0.7922137965898618,0.36611834253456216,0.35944700460829493,16.0,1441.1383239999996
368,1.035745656267281,0.7922137965898618,0.40081478069124415,0.2949308755760369,17.0,1441.5860768999555
369,1.0627159258064516,0.7922137965898618,0.3893518705069124,0.31336405529953926,18.0,1442.1659438999486
370,1.043247537327189,0.7922137965898618,0.41135813640552993,0.27188940092165903,18.0,1444.3214937999728
371,1.0297817093087558,0.7922137965898618,0.43632548811059907,0.2534562211981567,17.0,1445.756679299986
372,0.9996402174654377,0.7922137965898618,0.4660918303686636,0.19354838709677424,17.0,1448.3191715999856
373,0.9841305300000001,0.7922137965898618,0.4613655530414746,0.20276497695852547,16.0,1449.5944585999823
374,0.9841305300000001,0.7922137965898618,0.4613655530414746,0.20276497695852547,16.0,1449.72903029999
375,0.9841305300000001,0.7922137965898618,0.4613655530414746,0.20276497695852547,16.0,1449.8700408999575
376,1.0023482953456222,0.7922137965898618,0.4641916133179724,0.1981566820276499,17.0,1451.3205576999462
377,0.9887038053456221,0.7922137965898618,0.46133053345622116,0.20737327188940102,16.0,1451.7022649999708
378,0.9685694339631337,0.7922137965898618,0.4365878671428571,0.21198156682027658,16.0,1455.2499776999466
379,0.9789711717972349,0.7922137965898618,0.42394813032258066,0.23502304147465447,16.0,1456.5357259999728
380,0.9965549688018434,0.7922137965898618,0.4261402222580645,0.23041474654377891,17.0,1456.7907274999889
381,0.979291287235023,0.7922137965898618,0.3858350660368664,0.2534562211981567,17.0,1461.8202738999971
382,0.9698467896313363,0.7922137965898618,0.38099886336405525,0.24884792626728114,17.0,1462.7432114999974
383,0.9698467896313363,0.7922137965898618,0.38099886336405525,0.24884792626728114,17.0,1462.847531699983
384,0.9698467896313363,0.7922137965898618,0.38099886336405525,0.24884792626728114,17.0,1463.0761082999525
385,0.9647747976497695,0.7922137965898618,0.4204430004147465,0.18433179723502313,18.0,1463.9965739999898
386,0.9647747976497695,0.7922137965898618,0.4204430004147465,0.18433179723502313,18.0,1464.2285232999711
387,0.9647747976497695,0.7922137965898618,0.4204430004147465,0.18433179723502313,18.0,1464.5354794999585
388,0.9657015087557603,0.7922137965898618,0.4213697115207374,0.18433179723502302,18.0,1468.657691899978
389,0.9859968531797235,0.7922137965898618,0.4186235812903226,0.2073732718894009,18.0,1471.0017413999885
390,1.0021698502764977,0.7922137965898618,0.42862146317972355,0.19354838709677413,19.0,1471.6590649999562
391,0.9996085542857143,0.7922137965898618,0.36320302433179724,0.33640552995391704,15.0,1475.2037841999554
392,1.0339774295852535,0.7922137965898618,0.25941521760368663,0.5345622119815667,12.0,1476.0565870999708
393,1.0461950331797236,0.7922137965898618,0.2347664617511521,0.5714285714285714,12.0,1476.7295440999442
394,0.9992049335023043,0.7922137965898618,0.3014169150691245,0.4377880184331797,13.0,1478.5740503999987
395,1.0192049335023043,0.7922137965898618,0.3014169150691245,0.4377880184331797,14.0,1479.0287037999951
396,1.0337255563594472,0.7922137965898618,0.3051541277880185,0.4285714285714286,15.0,1479.4035886999918
397,1.0392049335023044,0.7922137965898618,0.3014169150691245,0.4377880184331797,15.0,1480.1348300999962
398,1.057264628248848,0.7922137965898618,0.3086931996774194,0.4285714285714286,16.0,1480.445272699988
399,1.1042547279262673,0.7922137965898618,0.24204274635944703,0.5622119815668203,15.0,1483.0270576999756
400,1.1042547279262673,0.7922137965898618,0.24204274635944703,0.5622119815668203,15.0,1483.7811871999875
401,1.064557688341014,0.7922137965898618,0.3159862597695853,0.4285714285714286,16.0,1485.5738825000008
402,1.109573616313364,0.7922137965898618,0.22588698036866356,0.6036866359447004,14.0,1490.3375763999647
403,1.1492706558986177,0.7922137965898618,0.15194346695852531,0.7373271889400921,13.0,1492.4589335999917
404,1.1692706558986175,0.7922137965898618,0.15194346695852531,0.7373271889400921,14.0,1495.040885699971
405,1.153364871013825,0.7922137965898618,0.17751233645161288,0.695852534562212,14.0,1498.0878392999875
406,1.173364871013825,0.7922137965898618,0.17751233645161288,0.695852534562212,15.0,1499.0729072999675
407,1.193364871013825,0.7922137965898618,0.17751233645161288,0.695852534562212,16.0,1502.2434906999697
408,1.188713581935484,0.7922137965898618,0.18207763723502302,0.6866359447004609,16.0,1505.1819031999912
409,1.188713581935484,0.7922137965898618,0.18207763723502302,0.6866359447004609,16.0,1505.9452218999504
410,1.115833536313364,0.7922137965898618,0.2213634902304147,0.5944700460829493,15.0,1509.271915499994
411,1.0688434366359447,0.7922137965898618,0.2880139435483871,0.4608294930875576,16.0,1510.881573999999
412,1.0549872761751153,0.7922137965898618,0.3232822070506912,0.39170506912442404,17.0,1512.5890569999465
413,1.1112731408755763,0.7922137965898618,0.27818558327188947,0.4930875576036866,17.0,1514.3774792999611
414,1.1042076822119817,0.7922137965898618,0.24964547023041475,0.5345622119815667,16.0,1515.396823099989
415,1.1184464952534563,0.7922137965898618,0.25770916806451616,0.5207373271889401,17.0,1516.5465883999714
416,1.1350214804147467,0.7922137965898618,0.2681090380184332,0.5069124423963134,18.0,1517.747983499954
417,1.1337551725806452,0.7922137965898618,0.26223443525345624,0.511520737327189,18.0,1518.7055278999615
418,1.1507856355760369,0.7922137965898618,0.26848148811059913,0.5023041474654377,19.0,1519.4087221999653
419,1.1977757352534562,0.7922137965898618,0.20183103479262676,0.6359447004608295,18.0,1521.7255364999874
420,1.2243782470967741,0.7922137965898618,0.1685257125345622,0.695852534562212,18.0,1522.5247284999932
421,1.2322471241935484,0.7922137965898618,0.20708583387096774,0.6451612903225807,19.0,1523.9532128999708
422,1.167423826221198,0.7922137965898618,0.22677866493087556,0.5806451612903226,18.0,1527.5995413999772
423,1.1821598860368663,0.7922137965898618,0.195431775437788,0.6267281105990783,18.0,1528.5801588999457
424,1.1570961531797235,0.7922137965898618,0.19958463244239627,0.6175115207373272,17.0,1532.2289550999994
425,1.2109083283870967,0.7922137965898618,0.12132307493087557,0.7695852534562212,16.0,1534.0185003999504
426,1.1973028802304146,0.7922137965898618,0.10467615211981565,0.7926267281105991,15.0,1534.9532290999778
427,1.2012602769585254,0.7922137965898618,0.10402525391705067,0.7972350230414746,15.0,1538.2632663999684
428,1.1307423468663593,0.7922137965898618,0.1809727616129032,0.6497695852534562,15.0,1541.4073186999885
429,1.1020553949769587,0.7922137965898618,0.18767751479262673,0.6543778801843319,13.0,1547.4833240999724
430,1.1199793359907835,0.7922137965898618,0.17177657101382487,0.6682027649769586,14.0,1548.3872753999894
431,1.1991406377880185,0.7922137965898618,0.058956305990783414,0.880184331797235,13.0,1554.793338999967
432,1.0897764476036864,0.7922137965898618,0.2644308254838709,0.5253456221198157,15.0,1556.5422035999945
433,1.0697764476036866,0.7922137965898618,0.2644308254838709,0.5253456221198157,14.0,1559.3733367999666
434,1.1351818483410139,0.7922137965898618,0.10255512023041474,0.7926267281105991,12.0,1567.9017829999793
435,1.1386355048387096,0.7922137965898618,0.06149264769585254,0.8571428571428572,11.0,1572.2485633999459
436,1.0848547190322582,0.7922137965898618,0.15821877433179726,0.6866359447004609,12.0,1574.5347720999853
437,1.0360950978341013,0.7922137965898618,0.2062333466820277,0.5898617511520737,12.0,1576.1846368999686
438,1.0560950978341013,0.7922137965898618,0.2062333466820277,0.5898617511520737,13.0,1577.2751353999483
439,1.0413313107834101,0.7922137965898618,0.2359856886635945,0.5253456221198156,14.0,1581.2317685999442
440,1.0173552768663594,0.7922137965898618,0.23661794967741942,0.5207373271889402,13.0,1581.4986787999514
441,1.0286116947465438,0.7922137965898618,0.24630754728110607,0.5023041474654377,14.0,1582.1048559999908
442,1.044785207235023,0.7922137965898618,0.23483129018433183,0.5299539170506913,14.0,1584.479243699985
443,1.044845371751152,0.7922137965898618,0.24410804456221202,0.5207373271889402,14.0,1588.884932899964
444,1.0256007378801844,0.7922137965898618,0.2448634106912443,0.5207373271889402,13.0,1589.8524210999603
445,1.050716650921659,0.7922137965898618,0.24997932373271897,0.5207373271889402,14.0,1590.7324738999596
446,1.050716650921659,0.7922137965898618,0.24997932373271897,0.5207373271889402,14.0,1593.109166099981
447,1.0709518305529955,0.7922137965898618,0.25482279829493093,0.5161290322580645,15.0,1594.071867599967
448,1.0770944550230415,0.7922137965898618,0.23792394811059914,0.5391705069124424,15.0,1594.8778653999907
449,1.1003127611981567,0.7922137965898618,0.24114225428571434,0.5391705069124424,16.0,1595.960154099972
450,1.1309687312903225,0.7922137965898618,0.2457152750691244,0.5852534562211982,15.0,1605.5288294999627
451,1.1226462658064515,0.7922137965898618,0.2466093994470046,0.576036866359447,15.0,1609.6451987999608
452,1.1208839403225808,0.7922137965898618,0.2847549080645161,0.5161290322580645,16.0,1611.2944812999922
453,1.1042604842396313,0.7922137965898618,0.2881314519815668,0.5161290322580645,15.0,1615.2317677999963
454,1.0935840219354838,0.7922137965898618,0.35422918322580643,0.4193548387096774,16.0,1617.129240499984
455,1.1074260567281107,0.7922137965898618,0.3526795129493087,0.4147465437788018,17.0,1617.381905599963
456,0.9947934868663594,0.7922137965898618,0.4412450997695852,0.19354838709677413,18.0,1623.3758679999737
457,1.0044128410599078,0.7922137965898618,0.44929763368663594,0.1751152073732718,19.0,1624.120996099955
458,0.9905708062672811,0.7922137965898618,0.4508473039631336,0.17972350230414746,18.0,1624.2931573999813
459,0.9703356266359446,0.7922137965898618,0.4460038294009216,0.18433179723502302,17.0,1626.0047106999555
460,0.9882079660829493,0.7922137965898618,0.44848446377880186,0.17972350230414746,18.0,1626.2733037999715
461,0.9695474584331796,0.7922137965898618,0.4498239561290322,0.17972350230414746,17.0,1628.0849323999719
462,0.9802239207373271,0.7922137965898618,0.38372622488479263,0.2764976958525345,16.0,1629.4467317999806
463,0.9557851287096775,0.7922137965898618,0.44988651119815665,0.16589861751152069,17.0,1631.045145399985
464,0.9779455567281105,0.7922137965898618,0.4474386442857143,0.17050691244239624,18.0,1631.7625453999499
465,0.9557851287096775,0.7922137965898618,0.44988651119815665,0.16589861751152069,17.0,1632.9487808999838
466,0.9575474541935483,0.7922137965898618,0.4117410025806451,0.22580645161290325,16.0,1633.7147297999472
467,0.9377779169124423,0.7922137965898618,0.41197146529953915,0.22580645161290325,15.0,1634.4588017999777
468,0.9377779169124423,0.7922137965898618,0.41197146529953915,0.22580645161290325,15.0,1634.6890060000005
469,0.9326069829032257,0.7922137965898618,0.42523371101382484,0.2073732718894009,15.0,1638.4156715999707
470,1.0260880212442396,0.7922137965898618,0.41272396594470045,0.31336405529953915,15.0,1641.773426299973
471,0.9308568770046082,0.7922137965898618,0.42348360511520733,0.2073732718894009,15.0,1642.2865579999634
472,0.9508568770046082,0.7922137965898618,0.42348360511520733,0.2073732718894009,16.0,1643.7035088999546
473,0.9290945515207374,0.7922137965898618,0.46162911373271887,0.14746543778801835,16.0,1645.0874891999993
474,0.952178953732719,0.7922137965898618,0.4601052210138249,0.15207373271889402,17.0,1645.382572499977
475,0.9397710138248847,0.7922137965898618,0.39553138248847924,0.24423963133640547,15.0,1646.5974330999888
476,0.9779103373732719,0.7922137965898618,0.27855549866359447,0.4193548387096774,14.0,1653.756244899996
477,0.9670883395852534,0.7922137965898618,0.2831252059447005,0.42396313364055294,13.0,1659.2854140999843
478,0.9709626306451613,0.7922137965898618,0.29925756152073735,0.39170506912442393,14.0,1659.8354273999576
479,0.9665205445622119,0.7922137965898618,0.31785695009216586,0.36866359447004604,14.0,1660.37308759999
480,0.9859055342396312,0.7922137965898618,0.31724193976958526,0.36866359447004604,15.0,1660.7177720999462
481,0.9805259649308755,0.7922137965898618,0.32107896032258065,0.35944700460829493,15.0,1662.9321930999868
482,1.0044960314746543,0.7922137965898618,0.32504902686635945,0.3594470046082948,16.0,1663.9223286999622
483,1.0259444515207372,0.7922137965898618,0.3218891519815668,0.3640552995391705,17.0,1664.953664999979
484,1.008483641843318,0.7922137965898618,0.39816106119815675,0.29032258064516125,16.0,1676.8279438999598
485,0.9854284199539172,0.7922137965898618,0.39510583930875576,0.29032258064516125,15.0,1677.5958252999699
486,1.0054284199539172,0.7922137965898618,0.39510583930875576,0.29032258064516125,16.0,1679.2996338999947
487,0.9817452727188942,0.7922137965898618,0.3960309870046083,0.2857142857142856,15.0,1680.165943
488,1.000067133640553,0.7922137965898618,0.3989611428571429,0.28110599078341003,16.0,1680.579673499975
489,1.0121402522580647,0.7922137965898618,0.43711721078341015,0.23502304147465436,17.0,1681.0668115000008
490,0.9938183913364056,0.7922137965898618,0.4341870549308756,0.23963133640552992,16.0,1681.377780299983
491,0.9782543578341014,0.7922137965898618,0.4294064315668203,0.24884792626728114,15.0,1682.968762399978
492,0.9787416165437788,0.7922137965898618,0.4375434598617512,0.2211981566820277,16.0,1683.604263199959
493,1.0081631042857142,0.7922137965898618,0.4669649476036866,0.2211981566820277,16.0,1691.0917735999683
494,1.0271887166359446,0.7922137965898618,0.4844237396774193,0.20276497695852536,17.0,1691.7578176999814
495,1.0464199652073733,0.7922137965898618,0.48365498824884795,0.20276497695852536,18.0,1692.5437257999438
496,1.0664199652073734,0.7922137965898618,0.48365498824884795,0.20276497695852536,19.0,1692.9167932999553
497,1.0861394147926267,0.7922137965898618,0.4879827327649769,0.1981566820276498,20.0,1693.1286542999442
498,1.066908166221198,0.7922137965898618,0.48875148419354836,0.1981566820276498,19.0,1693.8694933999795
499,1.118561380875576,0.7922137965898618,0.4251973255760369,0.31336405529953915,19.0,1695.494334499992
500,1.0407370214746543,0.7922137965898618,0.4917969293087557,0.1889400921658987,18.0,1696.0967000999954
501,1.0137694840552995,0.7922137965898618,0.48482939188940094,0.18894009216589858,17.0,1699.7601034999825
502,1.0654226987096773,0.7922137965898618,0.42127523327188937,0.30414746543778803,17.0,1701.8485966999433
503,1.1019154994930875,0.7922137965898618,0.3303025962672811,0.4516129032258065,16.0,1709.482848799962
504,0.9962931471889401,0.7922137965898618,0.5118691840552996,0.12442396313364057,18.0,1710.0161625999608
505,1.0281473408294932,0.7922137965898618,0.5022487233179723,0.16589861751152069,18.0,1712.1030700999545
506,1.0048854139170507,0.7922137965898618,0.4989867964055299,0.16589861751152069,17.0,1712.825591699977
507,0.9664191111981566,0.7922137965898618,0.44982924944700464,0.21658986175115214,15.0,1717.9644909999915
508,0.9970370098617511,0.7922137965898618,0.4251476089400922,0.27188940092165903,15.0,1718.9134073999594
509,1.0074048197235022,0.7922137965898618,0.39560758470046087,0.3317972350230415,14.0,1719.3830870999955
510,0.9371355026267282,0.7922137965898618,0.4451539358064516,0.21198156682027647,14.0,1720.5832634999533
511,0.9356347126728112,0.7922137965898618,0.44365314585253457,0.21198156682027647,14.0,1721.8596087999758
512,0.9475389538709678,0.7922137965898618,0.44938227184331797,0.1981566820276497,15.0,1722.3526604999788
513,0.9654861346543779,0.7922137965898618,0.44732945262672813,0.1981566820276497,16.0,1723.217289399996
514,0.9646260836405531,0.7922137965898618,0.4510776965437788,0.19354838709677424,16.0,1723.5848323999671
515,0.93110336921659,0.7922137965898618,0.45598816184331803,0.1751152073732718,15.0,1724.1459441999905
516,0.9356347126728112,0.7922137965898618,0.44365314585253457,0.21198156682027647,14.0,1724.449670199945
517,0.9535818934562212,0.7922137965898618,0.44160032663594473,0.21198156682027647,15.0,1725.3411655999953
518,0.937838148248848,0.7922137965898618,0.46576441552995396,0.1520737327188939,16.0,1726.1207587999525
519,0.9550452570046084,0.7922137965898618,0.4629715242857143,0.1520737327188939,17.0,1726.9227899999823
520,0.9721995501843318,0.7922137965898618,0.46473411239631335,0.14746543778801846,18.0,1727.2738727999968
521,0.9557420275115207,0.7922137965898618,0.4636682947926267,0.1520737327188939,17.0,1728.108541499998
522,0.9967277360368663,0.7922137965898618,0.40944663004608295,0.26728110599078336,16.0,1728.5479839999462
523,1.0167277360368663,0.7922137965898618,0.40944663004608295,0.26728110599078336,17.0,1729.2905609000009
524,1.0167277360368663,0.7922137965898618,0.40944663004608295,0.26728110599078336,17.0,1729.3938542999676
525,1.0167277360368663,0.7922137965898618,0.40944663004608295,0.26728110599078336,17.0,1730.223033599963
526,1.0385188186175114,0.7922137965898618,0.4250625974193548,0.2534562211981567,18.0,1730.9851801999612
527,1.0385188186175114,0.7922137965898618,0.4250625974193548,0.2534562211981567,18.0,1731.7990606999956
528,1.019643094516129,0.7922137965898618,0.4307951682488479,0.24884792626728114,17.0,1734.9432970999624
529,1.044039370875576,0.7922137965898618,0.43519144460829495,0.24884792626728114,18.0,1735.202679799986
530,1.0597831160829494,0.7922137965898618,0.4110273557142857,0.3087557603686636,17.0,1735.5174862999702
531,0.9719634661290323,0.7922137965898618,0.505972682718894,0.10599078341013835,18.0,1741.4036074999603
532,0.990143516359447,0.7922137965898618,0.5041527329493087,0.10599078341013835,19.0,1742.0756511999643
533,1.0058872615668202,0.7922137965898618,0.47998864405529956,0.1658986175115208,18.0,1742.3918502999586
534,1.0016658665898617,0.7922137965898618,0.4895921338709678,0.15207373271889413,18.0,1748.3124507999746
535,1.0201673183410138,0.7922137965898618,0.48809358562211985,0.15207373271889413,19.0,1748.610214699991
536,1.021385316175115,0.7922137965898618,0.49391987838709683,0.14746543778801846,19.0,1748.820811499958
537,1.0032052659447004,0.7922137965898618,0.49573982815668205,0.14746543778801846,18.0,1749.3427765999804
538,0.9836782176497696,0.7922137965898618,0.5054293697235023,0.13824884792626735,17.0,1753.969173099962
539,0.9888079927649769,0.7922137965898618,0.5059508499078341,0.1428571428571428,17.0,1754.9626144999638
540,0.9791593393548387,0.7922137965898618,0.5316017356682028,0.08755760368663601,18.0,1755.4324596999795
541,0.9594398897695853,0.7922137965898618,0.5272739911520737,0.09216589861751157,17.0,1755.573486899957
542,0.9775535334101382,0.7922137965898618,0.5253876347926267,0.09216589861751157,18.0,1755.7848285999498
543,1.0084709832258063,0.7922137965898618,0.5040470200921658,0.12442396313364057,19.0,1756.691210799967
544,0.9745098791751152,0.7922137965898618,0.4686112616635944,0.16589861751152069,17.0,1772.7110118999844
545,0.9745098791751152,0.7922137965898618,0.4686112616635944,0.16589861751152069,17.0,1772.9059721999802
546,0.9745098791751152,0.7922137965898618,0.4686112616635944,0.16589861751152069,17.0,1773.0196042999742
547,0.9728856929078342,0.7922137965898618,0.4715953703271889,0.16129032258064513,17.0,1774.4668589999783
548,0.9759446205576037,0.7922137965898618,0.434746463875576,0.2211981566820277,16.0,1775.831398499955
549,0.9630489548894008,0.7922137965898618,0.4095927336912442,0.2534562211981567,15.0,1778.3999794999836
550,0.945427331202765,0.7922137965898618,0.40736281507373273,0.25806451612903225,14.0,1779.9680505999713
551,0.8970177505576037,0.7922137965898618,0.4803357229078341,0.15668202764976957,13.0,1783.57971239998
552,0.8909274458064516,0.7922137965898618,0.47120394350230416,0.17972350230414746,12.0,1787.4128688999917
553,0.9112192076497696,0.7922137965898618,0.4668874104147466,0.18433179723502302,13.0,1787.7034459999995
554,0.9137379785253456,0.7922137965898618,0.4740144762211982,0.17972350230414746,13.0,1789.6984366999823
555,0.9326842452073733,0.7922137965898618,0.4729607429032258,0.17972350230414746,14.0,1789.907009299961
556,1.027541105529954,0.7922137965898618,0.3527945617511521,0.4147465437788018,13.0,1794.4945252999896
557,0.9326842452073733,0.7922137965898618,0.4729607429032258,0.17972350230414746,14.0,1794.714575399994
558,0.9721910637788018,0.7922137965898618,0.4525597273732719,0.23963133640552992,14.0,1802.7096957999747
559,0.9865903143317971,0.7922137965898618,0.4515672728571429,0.23502304147465436,15.0,1803.0232966999756
560,0.9865903143317971,0.7922137965898618,0.4515672728571429,0.23502304147465436,15.0,1803.3834018999478
561,0.9865903143317971,0.7922137965898618,0.4515672728571429,0.23502304147465436,15.0,1803.7122764999513
562,0.9633590971889401,0.7922137965898618,0.44372776078341014,0.23963133640552992,14.0,1804.250525999989
563,0.9519449762211981,0.7922137965898618,0.4384887550230415,0.2534562211981567,13.0,1817.4368210999528
564,0.9750790626728111,0.7922137965898618,0.4370145465437788,0.25806451612903225,14.0,1817.7294118999853
565,0.9784781551152074,0.7922137965898618,0.3866809200921659,0.3317972350230415,13.0,1819.4400136999902
566,0.9785954011059907,0.7922137965898618,0.3867981660829493,0.3317972350230415,13.0,1819.8703186999774
567,0.992924570046083,0.7922137965898618,0.3995605147465438,0.31336405529953915,14.0,1821.9044972999836
568,0.9785253194930876,0.7922137965898618,0.4005529692626728,0.3179723502304147,13.0,1822.1704061999917
569,0.9785253194930876,0.7922137965898618,0.4005529692626728,0.3179723502304147,13.0,1822.6272340999567
570,0.9785253194930876,0.7922137965898618,0.4005529692626728,0.3179723502304147,13.0,1822.905292999989
571,0.9575441342857143,0.7922137965898618,0.40418007898617514,0.31336405529953915,12.0,1826.9102212999715
572,0.9386624883410137,0.7922137965898618,0.4052984330414746,0.31336405529953915,11.0,1827.953158899967
573,0.9344965455760368,0.7922137965898618,0.4057407852073732,0.3087557603686636,11.0,1831.2746134999907
574,0.9541205606451613,0.7922137965898618,0.4053648002764977,0.3087557603686636,12.0,1831.6783897999558
575,0.9498822519493086,0.7922137965898618,0.4103430814423963,0.29953917050691237,12.0,1835.1985982999904
576,0.9498822519493086,0.7922137965898618,0.4103430814423963,0.29953917050691237,12.0,1835.319348399993
577,0.9302056259585253,0.7922137965898618,0.41066645545161284,0.29953917050691237,11.0,1836.183164499991
578,0.946910547986175,0.7922137965898618,0.4119796724101382,0.2949308755760368,12.0,1836.6637456999742
579,0.946910547986175,0.7922137965898618,0.4119796724101382,0.2949308755760368,12.0,1837.1238236999488
580,0.9522315866036866,0.7922137965898618,0.40808412116589854,0.30414746543778803,12.0,1838.4054311999935
581,0.9180612636543778,0.7922137965898618,0.3939137982165898,0.30414746543778803,11.0,1839.7889642999507
582,0.9323129048341013,0.7922137965898618,0.3927737343271889,0.29953917050691237,12.0,1840.1321544999955
583,0.92934484418894,0.7922137965898618,0.3990222635437788,0.29032258064516125,12.0,1840.7376317999442
584,0.9299888001797235,0.7922137965898618,0.4088828093963134,0.28110599078341014,12.0,1851.3514399999985
585,0.915598550640553,0.7922137965898618,0.40066767506451617,0.2949308755760369,11.0,1854.2373170999927
586,1.111873617921659,0.7922137965898618,0.09316394050230414,0.8387096774193549,9.0,1860.7805163999437
587,0.9235686244654377,0.7922137965898618,0.4024626336820276,0.28110599078341014,12.0,1865.654008499987
588,0.9104475856682027,0.7922137965898618,0.4538577239170507,0.21658986175115214,12.0,1871.1897322000004
589,0.9561143146543778,0.7922137965898618,0.2876350519815668,0.48847926267281105,9.0,1887.6534075999516
590,0.9577399072811059,0.7922137965898618,0.2938689395391705,0.4838709677419355,9.0,1888.3806304999744
591,0.9577399072811059,0.7922137965898618,0.2938689395391705,0.4838709677419355,9.0,1905.1685011999798
592,0.9777399072811059,0.7922137965898618,0.2938689395391705,0.4838709677419355,10.0,1906.125228799996
593,0.9727529967741935,0.7922137965898618,0.29809861889400924,0.4746543778801844,10.0,1908.2891943999566
594,0.9727529967741935,0.7922137965898618,0.29809861889400924,0.4746543778801844,10.0,1910.4796279999427
595,0.9894924767281106,0.7922137965898618,0.2948380988479262,0.4746543778801844,11.0,1911.1510665999958
596,0.9964058380184331,0.7922137965898618,0.2925348702764977,0.4838709677419355,11.0,1912.1000311999815
597,0.9713240982027649,0.7922137965898618,0.2920614253917051,0.47926267281105983,10.0,1921.4631025999552
598,0.9493881699078339,0.7922137965898618,0.2855172021658986,0.4838709677419355,9.0,1921.60253439995
599,0.929388169907834,0.7922137965898618,0.2855172021658986,0.4838709677419355,8.0,1922.411624899949
600,0.9435996517050691,0.7922137965898618,0.31198674847926267,0.4516129032258065,9.0,1922.7629905999638
601,0.9485865622119816,0.7922137965898618,0.30775706912442397,0.4608294930875576,9.0,1925.3997080999543
602,0.9485865622119816,0.7922137965898618,0.30775706912442397,0.4608294930875576,9.0,1927.8496041999897
603,0.9566595111981566,0.7922137965898618,0.3142631978341014,0.44239631336405527,10.0,1928.23787979997
604,0.9766595111981566,0.7922137965898618,0.3142631978341014,0.44239631336405527,11.0,1929.0587290999829
605,0.9862748217511521,0.7922137965898618,0.3238785083870968,0.44239631336405527,11.0,1941.3145290999673
606,0.9662748217511521,0.7922137965898618,0.3238785083870968,0.44239631336405527,10.0,1943.4997451999807
607,0.8852254689861752,0.7922137965898618,0.3319535795852535,0.3732718894009216,9.0,1955.2955388999544
608,0.9019781922119816,0.7922137965898618,0.33331459774193556,0.36866359447004604,10.0,1955.540995599993
609,0.9191473943778802,0.7922137965898618,0.3350920948387098,0.3640552995391705,11.0,1955.7463228999986
610,0.9225826122580645,0.7922137965898618,0.3339190177880185,0.36866359447004615,11.0,1956.3456239999505
611,1.0449672468248847,0.7922137965898618,0.19823913622580647,0.6267281105990783,11.0,1968.4511970999883
612,0.8933539722119817,0.7922137965898618,0.3860728662211983,0.2672811059907835,12.0,1971.9658780999598
613,0.8933539722119817,0.7922137965898618,0.3860728662211983,0.2672811059907835,12.0,1972.0596737999585
614,0.8933539722119817,0.7922137965898618,0.3860728662211983,0.2672811059907835,12.0,1972.2571021999465
615,0.8933539722119817,0.7922137965898618,0.3860728662211983,0.2672811059907835,12.0,1972.4582598999841
616,0.8748260353456222,0.7922137965898618,0.3875449293548388,0.2672811059907835,11.0,1972.6999572999775
617,0.8948260353456222,0.7922137965898618,0.3875449293548388,0.2672811059907835,12.0,1975.739421599952
618,0.9004325899078341,0.7922137965898618,0.39932659912442403,0.28110599078341003,11.0,1978.0547022999963
619,0.9078552740552996,0.7922137965898618,0.4282239376497697,0.23963133640552992,12.0,1978.9020656999783
620,0.9078552740552996,0.7922137965898618,0.4282239376497697,0.23963133640552992,12.0,1979.4098808999988
621,0.9078552740552996,0.7922137965898618,0.4282239376497697,0.23963133640552992,12.0,1979.5083107999526
622,0.877117439124424,0.7922137965898618,0.3898363331336406,0.2672811059907835,11.0,1980.6955245999852
623,0.8723752526267281,0.7922137965898618,0.4004858517050692,0.27188940092165903,10.0,1992.1794696999714
624,0.8723752526267281,0.7922137965898618,0.4004858517050692,0.27188940092165903,10.0,1992.2743353999685
625,0.8676865330414747,0.7922137965898618,0.39579713211981565,0.27188940092165903,10.0,1994.221865999978
626,0.8676865330414747,0.7922137965898618,0.39579713211981565,0.27188940092165903,10.0,1994.3128249999718
627,0.8676865330414747,0.7922137965898618,0.39579713211981565,0.27188940092165903,10.0,1994.4236872999463
628,0.8690452677419354,0.7922137965898618,0.3925475718894009,0.2764976958525346,10.0,1994.646800699993
629,0.886214469907834,0.7922137965898618,0.39432506898617514,0.27188940092165903,11.0,1994.829534199962
630,0.8857539025345621,0.7922137965898618,0.3938645016129033,0.27188940092165903,11.0,1995.8832941
631,0.9029231047004608,0.7922137965898618,0.39564199870967753,0.2672811059907835,12.0,1996.1846820999635
632,0.9057278214285713,0.7922137965898618,0.3984467154377881,0.26728110599078336,12.0,1997.815673199948
633,0.9158913552534562,0.7922137965898618,0.40861024926267286,0.26728110599078336,12.0,1999.4882114999928
634,0.9358913552534562,0.7922137965898618,0.40861024926267286,0.26728110599078336,13.0,2001.7131140999845
635,0.9552214222580644,0.7922137965898618,0.40794031626728117,0.26728110599078336,14.0,2002.5052875999827
636,0.9560892195391706,0.7922137965898618,0.4180247034101383,0.25806451612903225,14.0,2003.0985929999733
637,0.9760892195391706,0.7922137965898618,0.4180247034101383,0.25806451612903225,15.0,2004.9841070999973
638,0.9916344381566822,0.7922137965898618,0.4320031017511522,0.23963133640553003,16.0,2006.232266499952
639,1.0116344381566822,0.7922137965898618,0.4320031017511522,0.23963133640553003,17.0,2006.8680517999455
640,1.0303488952534563,0.7922137965898618,0.4307175588479264,0.23963133640553003,18.0,2007.2315367999836
641,1.0329481793548387,0.7922137965898618,0.42410025308755767,0.24884792626728114,18.0,2007.4652978999657
642,0.9913148028110599,0.7922137965898618,0.399425401889401,0.2718894009216589,16.0,2029.8664282999816
643,0.9887155187096774,0.7922137965898618,0.4060427076497697,0.2626728110599078,16.0,2030.0994072999456
644,0.9887155187096774,0.7922137965898618,0.4060427076497697,0.2626728110599078,16.0,2030.2016645999975
645,0.8689782084331796,0.7922137965898618,0.4569966416129033,0.21198156682027647,10.0,2042.1694753999473
646,0.8689782084331796,0.7922137965898618,0.4569966416129033,0.21198156682027647,10.0,2042.2715741999564
647,0.8867688529493087,0.7922137965898618,0.45939558105990796,0.2073732718894009,11.0,2042.8651232999982
648,1.0785510742857143,0.7922137965898618,0.22564784847926267,0.6129032258064517,12.0,2054.683827699977
649,0.8695996507834101,0.7922137965898618,0.45761808396313375,0.21198156682027647,10.0,2054.9000491999905
650,0.8695996507834101,0.7922137965898618,0.45761808396313375,0.21198156682027647,10.0,2054.996814599959
651,0.8426218266313363,0.7922137965898618,0.4552485547419356,0.2073732718894008,9.0,2055.3825680999435
652,0.829763308156682,0.7922137965898618,0.4577817413364056,0.21198156682027647,8.0,2056.045094399946
653,1.1038445584792624,0.7922137965898618,0.01149432806451613,0.9723502304147466,6.0,2064.7282444999437
654,0.9342902336866359,0.7922137965898618,0.3579768696313364,0.3963133640552995,9.0,2074.3987231999636
655,0.8365355911981566,0.7922137965898618,0.4553374345161291,0.22119815668202758,8.0,2075.9506859999965
656,0.8537047933640551,0.7922137965898618,0.45711493161290334,0.21658986175115202,9.0,2076.143117999949
657,0.9490670547465436,0.7922137965898618,0.19763848331797235,0.5714285714285714,9.0,2090.730247499945
658,0.924412988940092,0.7922137965898618,0.5216480119815667,0.20276497695852536,10.0,2104.545095999958
659,0.8537047933640551,0.7922137965898618,0.45711493161290334,0.21658986175115202,9.0,2104.6505708999466
660,0.8852219893087556,0.7922137965898618,0.3549915745622121,0.3502304147465437,9.0,2108.047917399963
661,0.8802891352073732,0.7922137965898618,0.3945748494930877,0.2857142857142857,10.0,2110.4609317999566
662,0.8802891352073732,0.7922137965898618,0.3945748494930877,0.2857142857142857,10.0,2110.5755011999863
663,0.8697614492626728,0.7922137965898618,0.3902222787557605,0.2995391705069125,9.0,2111.624255999981
664,0.8837243530875576,0.7922137965898618,0.39340177244239644,0.29032258064516137,10.0,2111.9587343999883
665,0.976145929032258,0.7922137965898618,0.43974039907834106,0.33640552995391704,10.0,2128.413169999956
666,0.9037243530875575,0.7922137965898618,0.39340177244239644,0.29032258064516137,11.0,2129.6772715999978
667,0.9013427453456222,0.7922137965898618,0.35572062552995404,0.34562211981566826,10.0,2131.8128058
668,0.9004552282949309,0.7922137965898618,0.3947409425806453,0.2857142857142858,11.0,2133.0016140999505
669,0.906878027142857,0.7922137965898618,0.408813511013825,0.25806451612903236,12.0,2134.2712114999886
670,0.9004552282949309,0.7922137965898618,0.3947409425806453,0.2857142857142858,11.0,2135.3841501999996
671,0.8726089330414748,0.7922137965898618,0.3884614676036867,0.30414746543778803,9.0,2135.677726099966
672,0.8926089330414748,0.7922137965898618,0.3884614676036867,0.30414746543778803,10.0,2136.8040824999916
673,0.8676660223963133,0.7922137965898618,0.3313526583410138,0.3963133640552996,7.0,2145.094425499963
674,0.8640451292165898,0.7922137965898618,0.3323400600921659,0.39170506912442404,7.0,2145.4973146999837
675,0.8812143313824885,0.7922137965898618,0.3341175571889401,0.3870967741935485,8.0,2145.7512950999662
676,0.8612143313824886,0.7922137965898618,0.3341175571889401,0.3870967741935485,7.0,2146.381355499965
677,0.8756513968663595,0.7922137965898618,0.31168826322580645,0.42396313364055316,7.0,2147.376319999981
678,0.893963000184332,0.7922137965898618,0.31921645640553,0.41474654377880193,8.0,2147.778103299963
679,0.8773070940552996,0.7922137965898618,0.3179522553456221,0.4193548387096775,7.0,2148.0568407999817
680,0.8951149338709677,0.7922137965898618,0.3203683900921659,0.41474654377880193,8.0,2148.643566199986
681,0.9151149338709677,0.7922137965898618,0.3203683900921659,0.41474654377880193,9.0,2148.850938199961
682,0.9151149338709677,0.7922137965898618,0.3203683900921659,0.41474654377880193,9.0,2149.0379641999607
683,0.9209637605069123,0.7922137965898618,0.3430835761751152,0.3778801843317974,10.0,2149.9730545999482
684,0.9186644620276498,0.7922137965898618,0.4192174574193549,0.35944700460829493,7.0,2161.6548314999673
685,0.9386644620276499,0.7922137965898618,0.4192174574193549,0.35944700460829493,8.0,2162.3694307999685
686,0.9386644620276499,0.7922137965898618,0.4192174574193549,0.35944700460829493,8.0,2162.4489658999955
687,0.9449189889400922,0.7922137965898618,0.42086368940092167,0.3640552995391706,8.0,2165.417862699949
688,0.9449189889400922,0.7922137965898618,0.42086368940092167,0.3640552995391706,8.0,2167.7635362999863
689,0.9449189889400922,0.7922137965898618,0.42086368940092167,0.3640552995391706,8.0,2167.8363223999622
690,0.9449189889400922,0.7922137965898618,0.42086368940092167,0.3640552995391706,8.0,2167.916292299982
691,0.9649189889400922,0.7922137965898618,0.42086368940092167,0.3640552995391706,9.0,2170.417556799948
692,0.9649189889400922,0.7922137965898618,0.42086368940092167,0.3640552995391706,9.0,2173.044326399977
693,0.9671823094930876,0.7922137965898618,0.41234359981566815,0.3548387096774194,10.0,2181.577305999992
694,0.9693794970046082,0.7922137965898618,0.4267988518433179,0.32258064516129037,11.0,2182.0364245999954
695,0.9649545140092165,0.7922137965898618,0.43619875364055294,0.3087557603686637,11.0,2182.923807299987
696,0.9586027577419354,0.7922137965898618,0.47897142133640547,0.23963133640553014,12.0,2185.339359799982
697,0.9816998515668202,0.7922137965898618,0.47746022023041473,0.2442396313364057,13.0,2186.3683170999866
698,0.9688913378801842,0.7922137965898618,0.5015180659907834,0.20737327188940113,13.0,2187.3694058999536
699,0.9863323592165898,0.7922137965898618,0.5035673822580645,0.20276497695852558,14.0,2187.636218199972
700,0.9804642014746543,0.7922137965898618,0.44092503096774194,0.2995391705069126,12.0,2189.781298399961
701,0.9863323592165898,0.7922137965898618,0.5035673822580645,0.20276497695852558,14.0,2190.0433180999826
702,0.9692633831797235,0.7922137965898618,0.509539880875576,0.17972350230414758,14.0,2191.1783073999686
703,0.9892633831797235,0.7922137965898618,0.509539880875576,0.17972350230414758,15.0,2191.756616699975
704,0.9508130594009216,0.7922137965898618,0.5018729672350231,0.1889400921658987,13.0,2194.014022499963
705,0.9292946330414746,0.7922137965898618,0.5049628358064516,0.18433179723502313,12.0,2205.826475799957
706,0.9599890964976958,0.7922137965898618,0.4665328752995392,0.2534562211981567,12.0,2207.445978099946
707,0.9583236567741934,0.7922137965898618,0.4648674355760369,0.2534562211981567,12.0,2208.337261599954
708,0.9595237210138248,0.7922137965898618,0.46606749981566825,0.2534562211981567,12.0,2208.996793899976
709,0.9833574343778801,0.7922137965898618,0.46990121317972355,0.2534562211981567,13.0,2209.979362599959
710,0.9716443431336406,0.7922137965898618,0.48583789152073736,0.22580645161290325,13.0,2212.8365340999444
711,0.9850645065898618,0.7922137965898618,0.4976912347004609,0.20737327188940102,14.0,2214.918453899969
712,1.004815553640553,0.7922137965898618,0.5158754614746544,0.1889400921658987,15.0,2215.3985047999886
713,1.0209164403686637,0.7922137965898618,0.5119763482027649,0.1889400921658987,16.0,2216.5069570999476
714,1.0045354558064514,0.7922137965898618,0.5155953636405529,0.1889400921658987,15.0,2217.4850524999783
715,1.0073328233179724,0.7922137965898618,0.5230010260829493,0.18433179723502313,15.0,2220.070764699951
716,1.0159278258064517,0.7922137965898618,0.5346375032258065,0.16129032258064524,16.0,2221.22036799998
717,1.0159278258064517,0.7922137965898618,0.5346375032258065,0.16129032258064524,16.0,2221.3286350999842
718,1.0640784280645161,0.7922137965898618,0.4522811930414747,0.3317972350230415,14.0,2223.63904629997
719,1.0847196770046084,0.7922137965898618,0.37614824843317973,0.4285714285714286,14.0,2226.9386620000005
720,1.0726007422580646,0.7922137965898618,0.37020442889400923,0.44239631336405527,13.0,2227.7949224999757
721,1.0092085493548386,0.7922137965898618,0.40672007009216593,0.3824884792626728,11.0,2231.6742820999934
722,1.023438192764977,0.7922137965898618,0.41016630336405535,0.3732718894009217,12.0,2232.7019318999955
723,1.0384570103225805,0.7922137965898618,0.42822659557603693,0.3502304147465438,13.0,2233.645688599965
724,1.0584570103225805,0.7922137965898618,0.42822659557603693,0.3502304147465438,14.0,2235.198185199988
725,1.0242273669124424,0.7922137965898618,0.4247803623041475,0.35944700460829493,12.0,2236.634396999958
726,1.0442273669124424,0.7922137965898618,0.4247803623041475,0.35944700460829493,13.0,2237.1103598999907
727,1.0569612201382488,0.7922137965898618,0.43133910032258066,0.34562211981566826,14.0,2237.456223499961
728,1.0376626934562212,0.7922137965898618,0.432040573640553,0.34562211981566826,13.0,2237.77826739999
729,1.0199513777880185,0.7922137965898618,0.44815414276497695,0.3317972350230415,12.0,2238.598684799974
730,1.02699258202765,0.7922137965898618,0.45823682165898616,0.3087557603686636,13.0,2239.6291187999886
731,1.02699258202765,0.7922137965898618,0.45823682165898616,0.3087557603686636,13.0,2239.7296425999957
732,1.0119700444700461,0.7922137965898618,0.43556451451612904,0.33640552995391704,12.0,2240.05584289995
733,0.9911510721658986,0.7922137965898618,0.43935383714285714,0.3317972350230415,11.0,2243.4618064999813
734,1.0077225799078342,0.7922137965898618,0.3346350223041475,0.4930875576036866,9.0,2256.952594799979
735,0.9738773033179724,0.7922137965898618,0.37756393926267284,0.3963133640552995,10.0,2258.390964899969
736,1.0182007706912442,0.7922137965898618,0.3435463928110599,0.4746543778801843,10.0,2260.424307099951
737,1.0077225799078342,0.7922137965898618,0.3346350223041475,0.4930875576036866,9.0,2261.2237250999897
738,0.9874317140092167,0.7922137965898618,0.3895515296774194,0.37788018433179715,11.0,2264.030014799966
739,0.9734002353917052,0.7922137965898618,0.39395323078341016,0.35944700460829493,11.0,2264.789613699948
740,0.9659304023041476,0.7922137965898618,0.4003082824884793,0.34562211981566815,11.0,2265.359249299974
741,0.9346546873271889,0.7922137965898618,0.36903256751152075,0.34562211981566815,11.0,2279.3932219999842
742,0.9167765629953917,0.7922137965898618,0.3711544431797235,0.34562211981566815,10.0,2283.0524261999526
743,0.9251915014285714,0.7922137965898618,0.3687859714746544,0.33640552995391704,11.0,2283.5879333999474
744,0.8916708237788018,0.7922137965898618,0.4182146025806452,0.2534562211981566,11.0,2284.998302699998
745,0.8940517400921659,0.7922137965898618,0.4328535834101383,0.22119815668202758,12.0,2285.5125745999976
746,0.9029913597235023,0.7922137965898618,0.45100979290322585,0.21198156682027647,12.0,2287.0219041999662
747,0.9163112774654378,0.7922137965898618,0.4719794802304148,0.18433179723502313,13.0,2288.08204889996
748,0.9186641736313363,0.7922137965898618,0.45129090174193554,0.20737327188940102,13.0,2289.1755789999734
749,0.9219262641935484,0.7922137965898618,0.45455299230414753,0.20737327188940102,13.0,2289.409922599967
750,0.9673309554838709,0.7922137965898618,0.29267657760368665,0.4746543778801844,10.0,2293.3292662999593
751,0.9275607413824885,0.7922137965898618,0.4494040593548388,0.1981566820276497,14.0,2294.0147848999477
752,0.9163181577419355,0.7922137965898618,0.42129511626728117,0.23502304147465436,13.0,2295.7503561999765
753,0.9565241630414747,0.7922137965898618,0.38159328746543786,0.2949308755760369,14.0,2297.2286660999525
754,0.9163181577419355,0.7922137965898618,0.42129511626728117,0.23502304147465436,13.0,2297.3340090999845
755,0.8992542274193549,0.7922137965898618,0.41962289101382494,0.23963133640553003,12.0,2297.618746799999
756,0.9411193086175115,0.7922137965898618,0.3554971888018434,0.34562211981566826,12.0,2302.049969099986
757,0.9192542274193549,0.7922137965898618,0.41962289101382494,0.23963133640553003,13.0,2303.765509299992
758,0.9306266124423963,0.7922137965898618,0.42177868617511527,0.24884792626728114,13.0,2305.01945979998
759,0.9506266124423963,0.7922137965898618,0.42177868617511527,0.24884792626728114,14.0,2305.2076835999615
760,0.9602928119354839,0.7922137965898618,0.4344863603225807,0.22580645161290325,15.0,2307.190050699981
761,0.9697133437327188,0.7922137965898618,0.44694836677419364,0.20276497695852536,16.0,2308.583508499956
762,0.9527064815207373,0.7922137965898618,0.44994150456221205,0.20276497695852536,15.0,2309.294236499991
763,0.9527064815207373,0.7922137965898618,0.44994150456221205,0.20276497695852536,15.0,2309.4747592999483
764,0.9594792797235023,0.7922137965898618,0.4382811230414747,0.22119815668202758,15.0,2311.027038499946
765,0.949104528202765,0.7922137965898618,0.42947319179723503,0.23963133640552992,14.0,2316.0706114999484
766,0.9709236092165898,0.7922137965898618,0.43590056774193553,0.23502304147465436,15.0,2316.74008399999
767,0.9536811414285715,0.7922137965898618,0.41100833036866363,0.2626728110599079,14.0,2321.6879880999913
768,0.9389107411520737,0.7922137965898618,0.41467110981566824,0.24423963133640558,14.0,2324.703682799998
769,0.92258306881106,0.7922137965898618,0.40912684761290324,0.2534562211981567,13.0,2325.3994870999595
770,0.9493066827741936,0.7922137965898618,0.42045875650691245,0.24884792626728114,14.0,2327.2231688999454
771,0.9342977718986176,0.7922137965898618,0.41466643549308757,0.23963133640552992,14.0,2327.865408499958
772,0.956258036092166,0.7922137965898618,0.4120184047557604,0.24423963133640558,15.0,2328.0968901999877
773,0.9437088044331798,0.7922137965898618,0.4086857629585253,0.23502304147465447,15.0,2330.3091809999896
774,0.9342977718986176,0.7922137965898618,0.41466643549308757,0.23963133640552992,14.0,2331.2812836999656
775,0.9359104613364057,0.7922137965898618,0.41167083,0.24423963133640558,14.0,2331.6876169999596
776,1.029917414562212,0.7922137965898618,0.27682985695852536,0.4930875576036866,13.0,2335.222830599989
777,0.9331760729032259,0.7922137965898618,0.41354473649769585,0.23963133640552992,14.0,2335.6203285999945
778,0.9531760729032257,0.7922137965898618,0.41354473649769585,0.23963133640552992,15.0,2335.8200644999743
779,0.9786006421658987,0.7922137965898618,0.3437619324884793,0.3548387096774194,14.0,2339.930113499984
780,0.9537830409216591,0.7922137965898618,0.4172853450691244,0.2764976958525346,13.0,2345.389626899967
781,1.0477899941474655,0.7922137965898618,0.28244437202764977,0.5253456221198156,12.0,2349.387844999961
782,0.9528920966359449,0.7922137965898618,0.39491974640552996,0.3179723502304147,12.0,2351.8476801999495
783,1.0468990498617512,0.7922137965898618,0.2600787733640553,0.5668202764976958,11.0,2355.7089925999753
784,0.9354585817972352,0.7922137965898618,0.3974862315668203,0.3179723502304148,11.0,2360.1096873999923
785,0.9296394311520738,0.7922137965898618,0.491482749124424,0.1981566820276498,12.0,2363.4837168999948
786,0.9296394311520738,0.7922137965898618,0.491482749124424,0.1981566820276498,12.0,2363.5903269999544
787,0.9069368467281107,0.7922137965898618,0.48878016470046093,0.1981566820276498,11.0,2366.5827146999654
788,0.9092304838248848,0.7922137965898618,0.4864655068663595,0.20276497695852536,11.0,2366.9925341999624
789,0.9319330682488479,0.7922137965898618,0.48916809129032257,0.20276497695852536,12.0,2367.689007399953
790,0.9292304838248848,0.7922137965898618,0.4864655068663595,0.20276497695852536,12.0,2367.888465099968
791,0.9408476652073733,0.7922137965898618,0.3936587251152074,0.32718894009216604,11.0,2370.114488399995
792,0.9077420138709678,0.7922137965898618,0.49419362677419354,0.19354838709677424,11.0,2370.525700899947
793,0.9077420138709678,0.7922137965898618,0.49419362677419354,0.19354838709677424,11.0,2370.6204516
794,0.9077420138709678,0.7922137965898618,0.49419362677419354,0.19354838709677424,11.0,2370.7223816999467
795,0.9297521419354839,0.7922137965898618,0.4731622801843318,0.21658986175115214,12.0,2375.8232188999536
796,0.9077420138709678,0.7922137965898618,0.49419362677419354,0.19354838709677424,11.0,2375.914415599953
797,0.9077420138709678,0.7922137965898618,0.49419362677419354,0.19354838709677424,11.0,2376.0094492999488
798,0.9227597213824885,0.7922137965898618,0.38174589649769586,0.3410138248847927,10.0,2379.204463699949
799,0.8947182311981567,0.7922137965898618,0.4965615491705069,0.1981566820276497,10.0,2384.4284498999477
800,0.8848684010138248,0.7922137965898618,0.4836702443317973,0.22119815668202758,9.0,2385.105010399944
801,0.981764188202765,0.7922137965898618,0.345542990046083,0.45622119815668205,9.0,2391.943319199956
802,1.0587962561290323,0.7922137965898618,0.25824326073732723,0.6405529953917051,8.0,2393.1689998999937
803,0.8864610816129034,0.7922137965898618,0.38240578207373277,0.3640552995391705,7.0,2395.889657599968
804,0.8835887684792627,0.7922137965898618,0.3825749435944701,0.3410138248847926,8.0,2399.616738099954
805,0.8835887684792627,0.7922137965898618,0.3825749435944701,0.3410138248847926,8.0,2399.694213999959
806,0.8835887684792627,0.7922137965898618,0.3825749435944701,0.3410138248847926,8.0,2399.774282199971
807,0.8940894867741935,0.7922137965898618,0.3915088416129032,0.32258064516129026,9.0,2400.0549598999787
808,0.9041618960368664,0.7922137965898618,0.38010659649769585,0.3640552995391705,8.0,2404.3722372999764
809,0.9201399070967742,0.7922137965898618,0.38069290248847926,0.35944700460829493,9.0,2409.6258862999966
810,0.9140352651152073,0.7922137965898618,0.40988779967741934,0.30414746543778803,10.0,2412.1574745999533
811,0.9229280871198157,0.7922137965898618,0.41721380140552994,0.2857142857142857,11.0,2412.480344499985
812,0.9396204407142857,0.7922137965898618,0.41851444993087555,0.28110599078341014,12.0,2414.2709163999534
813,0.9199738587327189,0.7922137965898618,0.4142595730184332,0.2857142857142858,11.0,2418.5828816999565
814,0.9040091233870968,0.7922137965898618,0.4136865427419355,0.29032258064516137,10.0,2419.000253999955
815,0.9179088493317972,0.7922137965898618,0.4352360382718894,0.2626728110599079,11.0,2420.59357919998
816,0.9082280394470046,0.7922137965898618,0.4271220486635945,0.28110599078341025,10.0,2420.8209853999433
817,0.9187287577419354,0.7922137965898618,0.43605594668202763,0.2626728110599079,11.0,2421.422734199965
818,0.8943283135023041,0.7922137965898618,0.4055725531336406,0.3087557603686636,9.0,2422.9540526999626
819,0.9456766103686636,0.7922137965898618,0.3524968868663594,0.43317972350230416,8.0,2436.7408087999793
820,0.9040091233870968,0.7922137965898618,0.4136865427419355,0.29032258064516137,10.0,2437.1200317999464
821,0.9207014769815668,0.7922137965898618,0.4149871912672811,0.2857142857142858,11.0,2439.0210804999806
822,0.9158970054608295,0.7922137965898618,0.44244078426267286,0.2534562211981567,11.0,2441.1527817999595
823,0.9315698193686637,0.7922137965898618,0.44272189310138255,0.24884792626728125,12.0,2442.2957254999783
824,0.938885159562212,0.7922137965898618,0.3578713346774194,0.3410138248847926,12.0,2445.240695399989
825,0.9503272162903226,0.7922137965898618,0.4000046356451613,0.29032258064516137,13.0,2446.5929289999767
826,0.9503272162903226,0.7922137965898618,0.4000046356451613,0.29032258064516137,13.0,2446.66951529996
827,0.963106272281106,0.7922137965898618,0.39278369163594473,0.29032258064516137,14.0,2448.108241299982
828,0.9589578421336405,0.7922137965898618,0.3302942476635945,0.36866359447004615,13.0,2449.7863663999597
829,0.9519645275345623,0.7922137965898618,0.3924253570276498,0.2995391705069125,13.0,2451.224735099997
830,0.9651274583640553,0.7922137965898618,0.38558828785714283,0.2995391705069125,14.0,2452.259187299991
831,0.9498009908755761,0.7922137965898618,0.3810452305069124,0.3087557603686636,13.0,2456.7249943999923
832,0.9482553182488481,0.7922137965898618,0.38254103253456223,0.2857142857142857,14.0,2461.030040999991
833,0.9733344319815669,0.7922137965898618,0.38762014626728114,0.2857142857142857,15.0,2462.218471499975
834,0.9700096486635945,0.7922137965898618,0.38429536294930877,0.2857142857142857,15.0,2463.71138959995
835,0.9602550640092167,0.7922137965898618,0.3530661239170507,0.3271889400921659,14.0,2464.9616845999844
836,0.9751832488018435,0.7922137965898618,0.3572108985714286,0.3179723502304148,15.0,2466.4742265999666
837,0.9773693870046083,0.7922137965898618,0.354788741843318,0.32258064516129037,15.0,2469.22696109995
838,0.9683907824423963,0.7922137965898618,0.3734599068663595,0.2949308755760369,15.0,2470.3449462999706
839,0.9685597659907834,0.7922137965898618,0.41814501944700466,0.2304147465437788,16.0,2471.6071228999645
840,0.992898443640553,0.7922137965898618,0.3948339275115208,0.25806451612903236,17.0,2472.874164799985
841,1.0043074889861752,0.7922137965898618,0.39241808806451617,0.27188940092165914,17.0,2474.7720772999455
842,1.0935714799078342,0.7922137965898618,0.2789171020276498,0.4746543778801844,17.0,2479.148354999954
843,1.0182273992626727,0.7922137965898618,0.395554588202765,0.2626728110599079,18.0,2480.568472999963
844,1.0130637176958526,0.7922137965898618,0.41804067622119817,0.23502304147465447,18.0,2482.393049699953
845,1.0050025676036867,0.7922137965898618,0.40997952612903227,0.23502304147465447,18.0,2484.1879361999454
846,1.0043074889861752,0.7922137965898618,0.39241808806451617,0.27188940092165914,17.0,2485.518961499969
847,1.0243074889861752,0.7922137965898618,0.39241808806451617,0.27188940092165914,18.0,2486.8196867999504
848,1.0058531616129032,0.7922137965898618,0.3909222860368664,0.29493087557603703,16.0,2490.847718199948
849,1.005684178064516,0.7922137965898618,0.3462371734562212,0.35944700460829504,15.0,2492.059809599945
850,1.005504184654378,0.7922137965898618,0.33684059018433177,0.36866359447004615,15.0,2494.335282899963
851,1.0115679466543779,0.7922137965898618,0.3244711724608295,0.3870967741935484,15.0,2496.2218238999485
852,1.0087959986635944,0.7922137965898618,0.3263075194009217,0.38248847926267293,15.0,2498.4084973999998
853,1.1680519507834102,0.7922137965898618,0.15376623649769583,0.7142857142857142,15.0,2501.0395972999977
854,1.0101403211059907,0.7922137965898618,0.2893108280184332,0.4608294930875576,13.0,2504.66274109995
855,1.005504184654378,0.7922137965898618,0.33684059018433177,0.36866359447004615,15.0,2504.740963599994
856,1.0177147997695855,0.7922137965898618,0.2907101914746544,0.44700460829493094,14.0,2507.329333599948
857,1.0046910170967742,0.7922137965898618,0.2930781138709677,0.4516129032258065,13.0,2512.6762246
858,1.0046910170967742,0.7922137965898618,0.2930781138709677,0.4516129032258065,13.0,2512.771701299993
859,0.9796119033640553,0.7922137965898618,0.28799900013824886,0.4516129032258065,12.0,2513.9378404999734
860,0.964870730875576,0.7922137965898618,0.3055158921658986,0.4193548387096774,12.0,2516.8731618999736
861,0.9568515840092168,0.7922137965898618,0.32053821995391707,0.3963133640552996,12.0,2531.880895099952
862,0.9368515840092168,0.7922137965898618,0.32053821995391707,0.3963133640552996,11.0,2534.581510399992
863,0.9213331574193548,0.7922137965898618,0.3142363832258064,0.3870967741935484,11.0,2537.7090568999993
864,0.905376836497696,0.7922137965898618,0.3090634724423963,0.3963133640552996,10.0,2548.359032899956
865,0.9168382714746545,0.7922137965898618,0.32817467700460834,0.36866359447004604,11.0,2549.7800232999725
866,0.905376836497696,0.7922137965898618,0.3090634724423963,0.3963133640552996,10.0,2549.8671859999886
867,0.9224189997235024,0.7922137965898618,0.3383637001843318,0.3640552995391706,11.0,2551.2832047999837
868,0.9179104706451613,0.7922137965898618,0.30777222179723507,0.4101382488479264,10.0,2554.47401559999
869,0.943152336451613,0.7922137965898618,0.31301408760368665,0.4101382488479264,11.0,2555.540166699968
870,0.9119960947926268,0.7922137965898618,0.3509822699078341,0.3410138248847927,11.0,2557.3394632999552
871,0.8931991260368664,0.7922137965898618,0.3736599555299539,0.2995391705069125,11.0,2560.0412461999804
872,0.9903128689400922,0.7922137965898618,0.26496724682027656,0.5253456221198156,10.0,2566.4487661999883
873,0.8860003080645161,0.7922137965898618,0.42480215138248856,0.22119815668202758,12.0,2568.2432288999553
874,0.9060003080645161,0.7922137965898618,0.42480215138248856,0.22119815668202758,13.0,2568.810153999948
875,0.9060003080645163,0.7922137965898618,0.42480215138248856,0.22119815668202758,13.0,2569.9215347999707
876,0.908944605529954,0.7922137965898618,0.38323031981566824,0.2857142857142858,12.0,2572.9551692999667
877,0.8906796553917051,0.7922137965898618,0.4248732037788019,0.22580645161290325,12.0,2576.545670399966
878,0.9104862239631337,0.7922137965898618,0.4078134129032258,0.2626728110599079,12.0,2577.6445394999464
879,0.8642414979723503,0.7922137965898618,0.39539357170506917,0.24884792626728114,11.0,2582.153285199951
880,0.9058909322580646,0.7922137965898618,0.3464439276497696,0.35944700460829493,10.0,2586.5295270999777
881,0.8768239407834102,0.7922137965898618,0.39875942465437786,0.25806451612903225,11.0,2587.311419899983
882,0.8965433903686636,0.7922137965898618,0.4030871691705069,0.2534562211981567,12.0,2588.087697699957
883,0.8839480702304148,0.7922137965898618,0.37362548958525343,0.29032258064516125,11.0,2589.8808022999438
884,0.8645096382027649,0.7922137965898618,0.4140948916589861,0.2304147465437788,11.0,2605.2757739999797
885,0.8787321130414747,0.7922137965898618,0.41753395635944696,0.2211981566820277,12.0,2606.6378020999837
886,0.884509638202765,0.7922137965898618,0.4140948916589861,0.2304147465437788,12.0,2607.3218590999604
887,0.8634833453917051,0.7922137965898618,0.40385200898617507,0.23963133640553003,11.0,2611.156658599968
888,0.8852248889861752,0.7922137965898618,0.4148101424423963,0.23041474654377891,12.0,2614.137924199982
889,0.8834833453917051,0.7922137965898618,0.40385200898617507,0.23963133640553003,12.0,2614.8377223999705
890,0.9029761098156682,0.7922137965898618,0.4033447734101382,0.23963133640552992,13.0,2617.664330499945
891,0.9021975641935485,0.7922137965898618,0.407174522718894,0.23502304147465447,13.0,2617.875438499963
892,0.9006376385714286,0.7922137965898618,0.40561459709677417,0.23502304147465447,13.0,2618.1543231999967
893,0.8717573783410139,0.7922137965898618,0.4105592216589862,0.2211981566820277,12.0,2622.436105599976
894,0.9365496342396313,0.7922137965898618,0.32023627018433176,0.3963133640552995,11.0,2637.051379999961
895,0.8814736788479264,0.7922137965898618,0.42792529175115207,0.19354838709677424,13.0,2638.439034299983
896,0.8986279720276499,0.7922137965898618,0.4296878798617511,0.1889400921658987,14.0,2638.699688099965
897,0.9634202279262672,0.7922137965898618,0.33936492838709675,0.3640552995391705,13.0,2653.018446299946
898,0.9183474216129033,0.7922137965898618,0.43401562437788016,0.18433179723502302,15.0,2653.2861649999977
899,0.9169283723041475,0.7922137965898618,0.43720487,0.17972350230414746,15.0,2653.526795899961
900,1.0393508216129033,0.7922137965898618,0.34156280317972354,0.4377880184331797,13.0,2667.0366246999474
901,0.8981670096774195,0.7922137965898618,0.4200103276497696,0.1981566820276498,14.0,2671.648822999967
902,0.9200186311520737,0.7922137965898618,0.43107853898617515,0.1889400921658987,15.0,2672.557897199993
903,0.9303023306451612,0.7922137965898618,0.4137124688940092,0.21658986175115214,15.0,2673.679361599963
904,0.9367868280184333,0.7922137965898618,0.4324550307834102,0.18433179723502302,16.0,2674.1857896999572
905,0.9418013666820277,0.7922137965898618,0.4282529795852535,0.19354838709677424,16.0,2675.52474839997
906,0.9380766128571429,0.7922137965898618,0.44296140548387103,0.1751152073732719,16.0,2676.385975699988
907,0.9265340705990783,0.7922137965898618,0.43141886322580647,0.1751152073732719,16.0,2677.0585521999747
908,0.9394525595391705,0.7922137965898618,0.4443373521658986,0.1751152073732719,16.0,2677.47384479997
909,0.9386395900460831,0.7922137965898618,0.4343077928110599,0.18433179723502302,16.0,2678.322897899954
910,0.939832987281106,0.7922137965898618,0.4401094849769585,0.17972350230414746,16.0,2678.7483505999553
911,0.9321525279723504,0.7922137965898618,0.43703732059907835,0.1751152073732719,16.0,2679.8301614999655
912,0.9224362274654379,0.7922137965898618,0.41967125050691245,0.20276497695852536,15.0,2680.7957542999648
913,0.9092020120276498,0.7922137965898618,0.4356536249308756,0.19354838709677424,14.0,2684.4874728999566
914,0.9266006542857144,0.7922137965898618,0.44226885705069124,0.18433179723502313,15.0,2685.4695110999746
915,0.9292020120276498,0.7922137965898618,0.4356536249308756,0.19354838709677424,15.0,2685.9515405999846
916,0.9292020120276498,0.7922137965898618,0.4356536249308756,0.19354838709677424,15.0,2686.231180499948
917,1.16119171718894,0.7922137965898618,0.09483227018433178,0.8663594470046083,10.0,2698.1731400999706
918,0.8848070705069124,0.7922137965898618,0.4158669783410138,0.1889400921658987,14.0,2703.586019599985
919,0.9049216684101382,0.7922137965898618,0.4067649863824885,0.1981566820276498,15.0,2704.9616737999604
920,0.9055998097235023,0.7922137965898618,0.4166597175576037,0.1889400921658987,15.0,2705.375102399965
921,0.9092033468663594,0.7922137965898618,0.42026325470046083,0.1889400921658987,15.0,2705.7922581999446
922,0.9187779087557604,0.7922137965898618,0.35923873824884794,0.2995391705069125,13.0,2708.615723999974
923,0.9019117222580645,0.7922137965898618,0.3531559618894009,0.3087557603686636,12.0,2709.2210342999897
924,0.9138539217511521,0.7922137965898618,0.3635313411059908,0.29032258064516137,13.0,2712.294486299972
925,0.8835411997695852,0.7922137965898618,0.3455688495391705,0.3179723502304147,11.0,2712.879879599961
926,0.8593121251152074,0.7922137965898618,0.336731479953917,0.32258064516129037,10.0,2720.1635821999516
927,0.8442840115207373,0.7922137965898618,0.3463116612903226,0.3179723502304148,9.0,2721.2810751999496
928,1.0075178693548386,0.7922137965898618,0.19774828410138248,0.6497695852534562,8.0,2733.536537899985
929,0.8222204032718894,0.7922137965898618,0.40719736179723504,0.23502304147465447,9.0,2738.315559599956
930,0.8417662511981567,0.7922137965898618,0.4113515046543779,0.2304147465437788,10.0,2739.3128121999907
931,0.8417662511981567,0.7922137965898618,0.4113515046543779,0.2304147465437788,10.0,2740.265596399957
932,1.070682565299539,0.7922137965898618,0.0996226574654378,0.8110599078341014,8.0,2745.6834970999626
933,0.8422204032718894,0.7922137965898618,0.40719736179723504,0.23502304147465447,10.0,2746.6261516999803
934,0.8358301459447004,0.7922137965898618,0.4146319892626728,0.2211981566820277,10.0,2747.6455337999505
935,0.805951144470046,0.7922137965898618,0.4400525269585253,0.1658986175115208,10.0,2748.661476199981
936,0.8050761555760368,0.7922137965898618,0.42535265327188937,0.17972350230414746,10.0,2749.572549899982
937,0.8243074677880184,0.7922137965898618,0.4291922604147465,0.1751152073732719,11.0,2750.3354729999555
938,0.8250761555760369,0.7922137965898618,0.42535265327188937,0.17972350230414746,11.0,2751.1256121999468
939,0.933755979078341,0.7922137965898618,0.3144011403686636,0.4193548387096775,10.0,2759.6684532999643
940,0.8250761555760369,0.7922137965898618,0.42535265327188937,0.17972350230414746,11.0,2760.4526028999826
941,0.9366104864516129,0.7922137965898618,0.30038928829493083,0.45622119815668205,9.0,2769.1480239999946
942,0.7850761555760368,0.7850761555760368,0.42535265327188937,0.17972350230414746,9.0,2770.0837031999836
943,0.7850761555760368,0.7850761555760368,0.42535265327188937,0.17972350230414746,9.0,2770.184588999953
944,0.8019766824423964,0.7850761555760368,0.42686147506912436,0.1751152073732719,10.0,2772.4418939999887
945,0.7523417911520738,0.7523417911520738,0.42183487870967745,0.17050691244239635,8.0,2776.8512977999635
946,0.7723417911520738,0.7523417911520738,0.42183487870967745,0.17050691244239635,9.0,2778.372445199988
947,0.7523417911520738,0.7523417911520738,0.42183487870967745,0.17050691244239635,8.0,2778.4737524999655
948,0.7981846335944701,0.7523417911520738,0.3755118225345622,0.2626728110599079,8.0,2782.428222699964
949,0.7723417911520738,0.7523417911520738,0.42183487870967745,0.17050691244239635,9.0,2783.275595199957
950,0.7835732922119816,0.7523417911520738,0.4453244442857143,0.13824884792626735,10.0,2784.1125872999546
951,0.7940512511981568,0.7523417911520738,0.40667797930875577,0.20737327188940102,9.0,2784.7632152999868
952,1.0363432171428573,0.7523417911520738,0.1927487470967742,0.663594470046083,9.0,2793.481954799965
953,0.7889384858986175,0.7523417911520738,0.4460813430414747,0.1428571428571429,10.0,2794.307466199971
954,0.7910027311520736,0.7523417911520738,0.4282377541935483,0.20276497695852547,8.0,2803.68479259999
955,0.7723417911520738,0.7523417911520738,0.42183487870967745,0.17050691244239635,9.0,2805.1752593999845
956,0.7872325265437787,0.7523417911520738,0.4259422039631336,0.16129032258064524,10.0,2805.4824361999636
957,0.7872325265437787,0.7523417911520738,0.4259422039631336,0.16129032258064524,10.0,2805.5784015999525
958,1.0480358838248849,0.7523417911520738,0.17679164419354843,0.6912442396313364,9.0,2813.259466999967
959,0.8070468826728111,0.7523417911520738,0.43497314995391706,0.15207373271889402,11.0,2814.1668624999584
960,0.8072325265437788,0.7523417911520738,0.4259422039631336,0.16129032258064524,11.0,2815.176792799961
961,0.8072325265437788,0.7523417911520738,0.4259422039631336,0.16129032258064524,11.0,2815.563478099997
962,0.7872325265437787,0.7523417911520738,0.4259422039631336,0.16129032258064524,10.0,2815.6605906999903
963,0.8070468826728111,0.7523417911520738,0.43497314995391706,0.15207373271889402,11.0,2816.572165599966
964,0.8173721561290322,0.7523417911520738,0.43147353861751153,0.1658986175115208,11.0,2817.880791099975
965,0.8097623513824884,0.7523417911520738,0.4238637338709677,0.1658986175115208,11.0,2818.626265399973
966,0.8072325265437788,0.7523417911520738,0.4259422039631336,0.16129032258064524,11.0,2818.8391325999983
967,0.7872325265437787,0.7523417911520738,0.4259422039631336,0.16129032258064524,10.0,2818.9336309999926
968,0.8085212152073733,0.7523417911520738,0.4318391875576037,0.15668202764976957,11.0,2819.8467302999925
969,0.7872325265437787,0.7523417911520738,0.4259422039631336,0.16129032258064524,10.0,2824.812984099961
970,0.8072325265437788,0.7523417911520738,0.4259422039631336,0.16129032258064524,11.0,2825.0286276999977
971,0.8098700731797235,0.7523417911520738,0.42397145566820277,0.1658986175115208,11.0,2825.873227199947
972,0.8703606209677419,0.7523417911520738,0.38925463018433176,0.28110599078341014,10.0,2835.156867099984
973,0.8035017853456221,0.7523417911520738,0.3930870388018433,0.2304147465437788,9.0,2836.164209099952
974,0.7872325265437787,0.7523417911520738,0.4259422039631336,0.16129032258064524,10.0,2836.26364379999
975,0.8086313697695853,0.7523417911520738,0.4181244573271889,0.17050691244239635,11.0,2839.3203748999513
976,1.0131205259447007,0.7523417911520738,0.16952605589861752,0.663594470046083,9.0,2849.5456727999845
977,0.7923351815207373,0.7523417911520738,0.4402614488018433,0.15207373271889402,10.0,2851.291208999988
978,0.7923351815207373,0.7523417911520738,0.4402614488018433,0.15207373271889402,10.0,2871.203791899956
979,0.7923351815207373,0.7523417911520738,0.4402614488018433,0.15207373271889402,10.0,2873.7485535999876
980,0.7764767942396313,0.7523417911520738,0.43057817672811055,0.1658986175115208,9.0,2875.8535888999468
981,1.0540007638248847,0.7523417911520738,0.15667357488479264,0.7373271889400922,8.0,2888.415470399952
982,0.7976110041152074,0.7523417911520738,0.43171238660368666,0.1658986175115208,10.0,2889.4765212999773
983,0.8176110041152074,0.7523417911520738,0.43171238660368666,0.1658986175115208,11.0,2890.147639199975
984,0.8076329537465438,0.7523417911520738,0.4355592210276498,0.15207373271889402,11.0,2890.627280799963
985,0.8076329537465438,0.7523417911520738,0.4355592210276498,0.15207373271889402,11.0,2890.726694199955
986,0.8103348323963133,0.7523417911520738,0.4336528047465437,0.15668202764976968,11.0,2891.492153099971
987,0.8103348323963133,0.7523417911520738,0.4336528047465437,0.15668202764976968,11.0,2891.598947899998
988,0.8103348323963133,0.7523417911520738,0.4336528047465437,0.15668202764976968,11.0,2891.7074099999736
989,0.8403524353364056,0.7523417911520738,0.42219575330875575,0.1981566820276498,11.0,2896.7994217999512
990,0.9435828617050692,0.7523417911520738,0.28579484327188936,0.4377880184331798,11.0,2900.4226473999443
991,1.04,0.7523417911520738,0.0,1.0,2.0,2902.0808851999464
992,0.8103348323963133,0.7523417911520738,0.4336528047465437,0.15668202764976968,11.0,2902.2098312999588
993,0.8331148124423963,0.7523417911520738,0.43643278479262676,0.15668202764976968,12.0,2902.51380039996
994,0.8103348323963133,0.7523417911520738,0.4336528047465437,0.15668202764976968,11.0,2902.605139399995
995,0.8298581859907834,0.7523417911520738,0.44239274820276503,0.14746543778801846,12.0,2902.9182815999957
996,1.0782039543364055,0.7523417911520738,0.11940211101843318,0.7788018433179723,9.0,2914.0051972999936
997,0.8498581859907834,0.7523417911520738,0.44239274820276503,0.14746543778801846,13.0,2914.7476442999905
998,0.9036359794009217,0.7523417911520738,0.37635487341013824,0.2672811059907835,13.0,2918.5460602999665
999,0.8313578252995392,0.7523417911520738,0.4392840925806452,0.15207373271889402,12.0,2920.095940099971
1000,0.8313578252995392,0.7523417911520738,0.4392840925806452,0.15207373271889402,12.0,2920.45034879999
