cost_train,loss_train,obj_train,cost_test,loss_test,obj_test,time,n_actions,uncover_train,conflict_train,uncover_test,conflict_test
0.41436132025663436,0.494949494949495,0.9093108152061293,0.4163710087906616,0.18181818181818182,0.5981891906088435,621.114877999993,8,0.10606060606060606,0.1864406779661017,0.20454545454545456,0.2857142857142857
0.495977430710386,0.48205128205128206,0.978028712761668,0.45221181696833335,0.22727272727272727,0.6794845442410606,666.70519600017,8,0.2,0.0,0.22727272727272727,0.0
0.3713686175923627,0.4358974358974359,0.8072660534897986,0.3680033641731027,0.24390243902439024,0.6119058031974929,624.3161907000467,8,0.06666666666666667,0.32967032967032966,0.14634146341463414,0.34285714285714286
0.4328629768333308,0.4489795918367347,0.8818425686700655,0.4314663694997602,0.2727272727272727,0.704193642227033,676.705666600028,8,0.09693877551020408,0.3220338983050847,0.06818181818181818,0.43902439024390244
0.381641566662515,0.47761194029850745,0.8592535069610224,0.38234523780083807,0.42857142857142855,0.8109166663722667,664.5119270000141,8,0.10945273631840796,0.2569832402234637,0.09523809523809523,0.2894736842105263
