cost_train,loss_train,obj_train,cost_test,loss_test,obj_test,time,n_actions
0.001417232783487437,0.9949494949494949,0.9963667277329824,0.012755095051386934,0.9545454545454546,0.9673005495968415,1487.6026754999984,4
0.0,1.0,1.0,0.0,1.0,1.0,2291.7082445999986,2
0.4694012208744637,0.2564102564102564,0.7258114772847201,0.5277539956402743,0.0975609756097561,0.6253149712500303,1641.9955174999996,8
0.3578516979573602,0.3622448979591837,0.720096595916544,0.37010101333147477,0.3409090909090909,0.7110101042405657,1367.6156311999985,10
0.1873428174815837,0.7412935323383084,0.9286363498198922,0.2001820890578979,0.7380952380952381,0.938277327153136,1628.8967370000028,6
