cost_train,loss_train,obj_train,cost_test,loss_test,obj_test,time,n_actions
0.20789554342050434,0.803030303030303,1.0109258464508073,0.23361432742049273,0.7727272727272727,1.0063416001477654,11.333941000048071,8
0.0959967086861226,0.9128205128205128,1.0088172215066353,0.10709460452596545,0.9090909090909091,1.0161855136168745,17.009727000026032,8
0.08774940560087988,0.9128205128205128,1.0005699184213928,0.04940556233690206,0.9512195121951219,1.000625074532024,21.589978999923915,8
0.08385923275436545,0.9285714285714286,1.012430661325794,0.06531228904338447,0.9772727272727273,1.0425850163161117,15.492773700039834,8
0.0,1.0,1.0,0.0,1.0,1.0,18.146323299966753,8
