Iteration,obj,obj_bound,cost,loss,comp,time
1,0.6116533612673267,0.6097983669603959,0.3051187078019802,0.12871287128712872,7.0,4.655977399961557
2,0.5916040059108911,0.5916040059108911,0.31506935244554457,0.12871287128712883,6.0,5.058246099972166
3,0.619498579049505,0.5916040059108911,0.3129639255841584,0.1287128712871286,7.0,6.5758677999838255
4,0.6327691615346535,0.5916040059108911,0.3188087654950495,0.13861386138613851,7.0,7.271447399980389
5,0.6302847846039604,0.5916040059108911,0.26434419054455444,0.20792079207920788,7.0,16.111497099976987
6,0.6011604733168316,0.5916040059108911,0.26521987925742574,0.20792079207920788,6.0,16.407121800002642
7,0.6257227695544554,0.5916040059108911,0.27463366064356437,0.18811881188118806,7.0,19.448295799957123
8,0.6456721266831684,0.5916040059108911,0.3091374732178218,0.1287128712871286,8.0,22.591861099994276
9,0.6272091266732673,0.5916040059108911,0.3503774435049505,0.08910891089108908,7.0,32.53056879999349
10,0.6476507967722773,0.5916040059108911,0.34081911360396044,0.08910891089108908,8.0,35.06324429996312
11,0.6197562236336633,0.5916040059108911,0.3429245404653466,0.08910891089108908,7.0,36.69118659995729
12,0.6212422222277229,0.5916040059108911,0.32955905391089113,0.1089108910891089,7.0,39.78890429995954
13,0.6486082902475248,0.5916040059108911,0.31207363678217825,0.1287128712871286,8.0,42.76411799999187
14,0.6661563808811881,0.5916040059108911,0.31447321256435645,0.10891089108910879,9.0,43.04660239996156
15,0.692522603950495,0.5916040059108911,0.30341369305940596,0.1188118811881187,10.0,44.67649759998312
16,0.714280368009901,0.5916040059108911,0.31002294226732674,0.09900990099009888,11.0,47.47821299999487
17,0.6446380121782178,0.5916040059108911,0.337806329009901,0.08910891089108908,8.0,67.48618999996688
18,0.6441959115841585,0.5916040059108911,0.3002355155445545,0.13861386138613863,8.0,78.41276209999342
19,0.6352350683168316,0.5916040059108911,0.2989974445544554,0.16831683168316824,7.0,92.24093009997159
20,0.6558420957425743,0.5916040059108911,0.3118816997029703,0.13861386138613851,8.0,97.53760569996666
21,0.6613847774257426,0.5916040059108911,0.28772141108910887,0.17821782178217815,8.0,105.7741150999791
22,0.6387043895841584,0.5916040059108911,0.2876152806732673,0.18811881188118806,7.0,106.74330469995039
23,0.6666048272079208,0.5916040059108911,0.2855157182970297,0.18811881188118806,8.0,114.89806019997923
24,0.6904175360198019,0.5916040059108911,0.24962545681188117,0.22772277227722781,9.0,122.97550479997881
25,0.7019898869108911,0.5916040059108911,0.3054552334455446,0.12871287128712872,10.0,127.32680789998267
26,0.7319743880990098,0.5916040059108911,0.30543973463366336,0.12871287128712872,11.0,129.34930369997164
27,0.7305028622970298,0.5916040059108911,0.33367117912871286,0.08910891089108908,11.0,135.84908539999742
28,0.7081616792871288,0.5916040059108911,0.3413299961188119,0.08910891089108919,10.0,142.3154663000023
29,0.6671312026930694,0.5916040059108911,0.2860420937821782,0.18811881188118806,8.0,150.1887550999527
30,0.6923213744752476,0.5916040059108911,0.31093523586138616,0.14851485148514842,9.0,155.7332080999622
31,0.640073192079208,0.5916040059108911,0.29640982574257424,0.17821782178217815,7.0,160.96829940000316
32,0.6135351948118812,0.5916040059108911,0.2998718284752475,0.17821782178217815,6.0,161.2025980000035
33,0.5840010549108912,0.5840010549108912,0.3003376885742574,0.17821782178217815,5.0,162.45230519998586
34,0.5914814815346535,0.5840010549108912,0.3078181151980198,0.17821782178217815,5.0,163.27360199997202
35,0.6075251062871287,0.5840010549108912,0.32356471024752476,0.13861386138613851,6.0,171.5954536999925
36,0.636618225,0.5840010549108912,0.3226578289603961,0.13861386138613851,7.0,172.11280820000684
37,0.6357286435148515,0.5840010549108912,0.3217682474752475,0.13861386138613851,7.0,176.9087321999832
38,0.6624570692574256,0.5840010549108912,0.29621944549504947,0.16831683168316824,8.0,181.9831142000039
39,0.6895414473762376,0.5840010549108912,0.29330382361386137,0.16831683168316824,9.0,186.67875959997764
40,0.6902580220000001,0.5840010549108912,0.316297625960396,0.13861386138613851,9.0,194.51097319996916
41,0.6750910098217822,0.5840010549108912,0.33825932665346536,0.08910891089108919,9.0,199.54285069997422
42,0.7030267565247525,0.5840010549108912,0.3361950733564356,0.08910891089108897,10.0,201.06797479995294
43,0.680008045049505,0.5840010549108912,0.33575061930693073,0.09900990099009888,9.0,202.65004429995315
44,0.7019184300990099,0.5840010549108912,0.33508674693069307,0.08910891089108897,10.0,205.32291019998956
45,0.6947836846039603,0.5840010549108912,0.32795200143564357,0.08910891089108897,10.0,206.02512859995477
46,0.7221102287623762,0.5840010549108912,0.34755577331683174,0.05940594059405924,11.0,206.62205509998603
47,0.7500144188613862,0.5840010549108912,0.3454599634158416,0.05940594059405924,12.0,208.05188280000584
48,0.7226878747029702,0.5840010549108912,0.3258561915346535,0.08910891089108897,11.0,208.39163279999048
49,0.7352523287623762,0.5840010549108912,0.3306978733168317,0.05940594059405924,12.0,209.34964979998767
50,0.7133419437128713,0.5840010549108912,0.3313617456930693,0.06930693069306937,11.0,211.61949389998335
51,0.7466411623267326,0.5840010549108912,0.304957994009901,0.10891089108910879,12.0,215.13540129998
52,0.7469934295940595,0.5840010549108912,0.3053102612772277,0.10891089108910879,12.0,215.51341640000464
53,0.6901541878019801,0.5840010549108912,0.32332250463366335,0.08910891089108897,10.0,229.4294952999917
54,0.7144142621584157,0.5840010549108912,0.30273109384158414,0.10891089108910879,11.0,241.25170949997846
55,0.6901541878019801,0.5840010549108912,0.32332250463366335,0.08910891089108897,10.0,249.14969160000328
56,0.6775897337425743,0.5840010549108912,0.31848082285148516,0.1188118811881187,9.0,249.52629209996667
57,0.6891376857029703,0.5840010549108912,0.31517728966336633,0.13861386138613851,9.0,254.12794469995424
58,0.717036966,0.5840010549108912,0.31307656996039607,0.13861386138613851,10.0,256.5720146999811
59,0.7281925171881187,0.5840010549108912,0.331360834019802,0.08910891089108897,11.0,258.5943305999972
60,0.7467872333267327,0.5840010549108912,0.3273812927326733,0.07920792079207906,12.0,266.05755519995
61,0.7467471502574258,0.5840010549108912,0.3050639819405941,0.10891089108910879,12.0,268.6895707999938
62,0.7202142565940594,0.5840010549108912,0.3233825734257426,0.08910891089108897,11.0,282.7808313999558
63,0.6935053874059406,0.5840010549108912,0.32667370423762376,0.08910891089108897,10.0,283.0855410999502
64,0.7163062216633663,0.5840010549108912,0.3343260236435644,0.06930693069306915,11.0,285.0173107999726
65,0.7403956008217822,0.5840010549108912,0.31386094735643566,0.1287128712871286,11.0,289.9753785000066
66,0.7220353183465347,0.5840010549108912,0.3180749223069307,0.13861386138613863,10.0,298.5563084000023
67,0.7501297108811881,0.5840010549108912,0.31616931484158417,0.13861386138613863,11.0,300.26794180000434
68,0.7528419113564356,0.5840010549108912,0.31888151531683173,0.13861386138613863,11.0,303.344583099999
69,0.7029097277227723,0.5840010549108912,0.29924636138613864,0.17821782178217827,9.0,317.1715472000069
70,0.7029097277227723,0.5840010549108912,0.29924636138613864,0.17821782178217827,9.0,317.66876339999726
71,0.6705859639207921,0.5840010549108912,0.30434834015841583,0.16831683168316836,8.0,318.4661072999588
72,0.6415221796633663,0.5840010549108912,0.30528455590099013,0.16831683168316836,7.0,318.7118466999964
73,0.6126828027722773,0.5840010549108912,0.306445179009901,0.16831683168316836,6.0,319.1070068999543
74,0.6138061810198019,0.5840010549108912,0.30756855725742577,0.16831683168316836,6.0,319.67587320000166
75,0.5864848103960395,0.5840010549108912,0.3102471866336633,0.16831683168316836,5.0,329.2601854999666
76,0.5849689068316831,0.5840010549108912,0.30873128306930686,0.16831683168316836,5.0,329.8492983999895
77,0.5849689068316831,0.5840010549108912,0.30873128306930686,0.16831683168316836,5.0,330.1800312999985
78,0.6101253708910891,0.5840010549108912,0.30388774712871286,0.16831683168316836,6.0,341.228338899964
79,0.6386970951188119,0.5840010549108912,0.30245947135643564,0.16831683168316836,7.0,344.83145409997087
80,0.6467675808415841,0.5840010549108912,0.3031042145049505,0.17821782178217827,7.0,345.5393455000012
81,0.6120598792574257,0.5840010549108912,0.29809948321782176,0.13861386138613863,7.0,355.1493942999514
82,0.6392721743069307,0.5840010549108912,0.317589005990099,0.10891089108910901,8.0,358.37849969998933
83,0.6409800821188119,0.5840010549108912,0.26761374548514855,0.2178217821782179,7.0,370.5058215999743
84,0.6390902152376238,0.5840010549108912,0.25087239345544554,0.2376237623762376,7.0,379.6374208999914
85,0.6667413362376238,0.5840010549108912,0.24852351445544557,0.2376237623762376,8.0,381.171812399989
86,0.6779378046039604,0.5840010549108912,0.2742744382673268,0.17821782178217815,9.0,386.81748189998325
87,0.6758054018217823,0.5840010549108912,0.27956777805940597,0.16831683168316824,9.0,388.3601363999769
88,0.6502866836039605,0.5840010549108912,0.27662331726732675,0.17821782178217815,8.0,389.6825267999666
89,0.6744242903366338,0.5840010549108912,0.270760924,0.17821782178217815,9.0,391.27056239999365
90,0.6779884525841584,0.5840010549108912,0.2743250862475248,0.17821782178217815,9.0,392.90763589995913
91,0.7046548124455445,0.5840010549108912,0.27099144610891096,0.17821782178217815,10.0,394.04647539998405
92,0.7046548124455445,0.5840010549108912,0.27099144610891096,0.17821782178217815,10.0,394.2577273999923
93,0.6753497079207922,0.5840010549108912,0.2716863415841585,0.17821782178217815,9.0,394.392017999955
94,0.6844281089108911,0.5840010549108912,0.27304197029702976,0.14851485148514842,10.0,396.5944639999652
95,0.6624997368316832,0.5840010549108912,0.2736878556435644,0.15841584158415845,9.0,398.2180418999633
96,0.6709132587524753,0.5840010549108912,0.26724989241584163,0.17821782178217815,9.0,400.6918939999887
97,0.6957873572376239,0.5840010549108912,0.26212399090099014,0.17821782178217827,10.0,402.7546159999911
98,0.6709132587524753,0.5840010549108912,0.26724989241584163,0.17821782178217815,9.0,404.3048126999638
99,0.646775652019802,0.5840010549108912,0.27311228568316837,0.17821782178217815,8.0,405.88695509999525
100,0.646775652019802,0.5840010549108912,0.27311228568316837,0.17821782178217815,8.0,407.5195177999558
101,0.6354747918217822,0.5840010549108912,0.26953419776237625,0.20792079207920788,7.0,409.6390576999984
102,0.6377405847920792,0.5840010549108912,0.27179999073267325,0.20792079207920788,7.0,410.77195739996387
103,0.6257309562772277,0.5840010549108912,0.26721610479207925,0.19801980198019808,7.0,412.486899099953
104,0.5991995576633664,0.5840010549108912,0.2706847061782178,0.19801980198019808,6.0,413.30994109995663
105,0.5510724795445544,0.5510724795445544,0.3793893112277228,0.10891089108910901,3.0,423.1010864999844
106,0.5442947278415842,0.5442947278415842,0.32063136150495053,0.17821782178217827,3.0,430.7173331999802
107,0.5708561999405941,0.5442947278415842,0.31719283360396044,0.17821782178217827,4.0,434.9753754999838
108,0.5768955787326733,0.5442947278415842,0.300657954970297,0.16831683168316847,5.0,437.49716909998097
109,0.5887156644752476,0.5442947278415842,0.31218101100990103,0.12871287128712883,6.0,440.90886789996875
110,0.6144177534851486,0.5442947278415842,0.3227345851683169,0.10891089108910901,7.0,442.11590380000416
111,0.6139012225148515,0.5442947278415842,0.3447923116237624,0.1188118811881187,6.0,447.1651742999675
112,0.6364482732970297,0.5442947278415842,0.3373393624059406,0.1188118811881188,7.0,451.49374959996203
113,0.6581376401287129,0.5442947278415842,0.3216029866633663,0.12871287128712872,8.0,453.4988798999693
114,0.6361402222079208,0.5442947278415842,0.33703131131683167,0.1188118811881188,7.0,454.8111806999659
115,0.5980296261485148,0.5442947278415842,0.2914949726831683,0.12871287128712872,7.0,458.6651181000052
116,0.5732562311782179,0.5442947278415842,0.28929583513861384,0.13861386138613851,6.0,462.40670599997975
117,0.595546891009901,0.5442947278415842,0.2890122375445544,0.1287128712871286,7.0,542.1439104999881
118,0.6241035126732672,0.5442947278415842,0.28756885920792075,0.1287128712871286,8.0,544.1504146999796
119,0.6500728048811881,0.5442947278415842,0.28353815141584154,0.1287128712871286,9.0,546.1234053999651
120,0.6777010254059406,0.5442947278415842,0.281166371940594,0.1287128712871286,10.0,547.7325067999773
121,0.6759616935940593,0.5442947278415842,0.2794270401287128,0.12871287128712872,10.0,548.4422898999765
122,0.6987244726039603,0.5442947278415842,0.2796155617128713,0.1188118811881188,11.0,550.3133188000065
123,0.7224238427029702,0.5442947278415842,0.27331493181188116,0.1188118811881187,12.0,550.6830771999666
124,0.7411397824059406,0.5442947278415842,0.2768823566633663,0.09900990099009888,13.0,550.98058209999
125,0.744202555,0.5442947278415842,0.2873708718316831,0.08910891089108897,13.0,552.2937071999768
126,0.711228651039604,0.5442947278415842,0.307268255,0.13861386138613851,10.0,558.0581040999969
127,0.6821446606237624,0.5442947278415842,0.30818426458415843,0.13861386138613851,9.0,558.2631445999723
128,0.6860050083465347,0.5442947278415842,0.3268960974554455,0.1188118811881188,9.0,560.9147948999889
129,0.6555027693564357,0.5442947278415842,0.3115423733168317,0.13861386138613851,8.0,563.9027551999898
130,0.6811170752475249,0.5442947278415842,0.29230519405940597,0.15841584158415833,9.0,566.8463554999908
131,0.7072155115841584,0.5442947278415842,0.2884036303960396,0.15841584158415833,10.0,570.1431585999671
132,0.7337769836831682,0.5442947278415842,0.2849651024950495,0.15841584158415833,11.0,571.8542482999619
133,0.7265092902574257,0.5442947278415842,0.27769740906930696,0.15841584158415833,11.0,573.5406383999507
134,0.7020032526831683,0.5442947278415842,0.2831913714950495,0.15841584158415833,10.0,573.7285249999841
135,0.7092709461089108,0.5442947278415842,0.2904590649207921,0.15841584158415833,10.0,575.4204438999877
136,0.7272352866633662,0.5442947278415842,0.2932748906237624,0.13861386138613851,11.0,576.6289050999912
137,0.6971239043663366,0.5442947278415842,0.29316350832673266,0.13861386138613851,10.0,579.1181930999737
138,0.6766546863465346,0.5442947278415842,0.2875457754554455,0.1188118811881187,10.0,583.605550599983
139,0.6602258679306932,0.5442947278415842,0.2936912144653465,0.1287128712871286,9.0,587.8621167999809
140,0.5308867956237624,0.5308867956237624,0.3223719441386138,0.19801980198019797,2.0,596.818492099992
141,0.5508700815544555,0.5308867956237624,0.23809780432673266,0.29702970297029696,3.0,605.9924316999968
142,0.5522341316237623,0.5308867956237624,0.25431333954455443,0.27722772277227714,3.0,617.6870953000034
143,0.567142227851485,0.5308867956237624,0.38031054468316833,0.08910891089108908,4.0,625.1123165999888
144,0.5794525925049505,0.5308867956237624,0.3554921964653465,0.13861386138613863,4.0,633.0607581999502
145,0.5566845888415841,0.5308867956237624,0.3627241928019802,0.13861386138613863,3.0,633.74420929997
146,0.5665208612079208,0.5308867956237624,0.3574119503168317,0.1188118811881188,4.0,634.7518181999912
147,0.5807788397227723,0.5308867956237624,0.37137289912871285,0.07920792079207917,5.0,641.479423599958
148,0.6002909356633663,0.5308867956237624,0.34603350992079207,0.09900990099009899,6.0,645.2502966999891
149,0.5798940357623763,0.5308867956237624,0.3404880951683169,0.07920792079207917,6.0,650.0510183000006
150,0.5871432321881189,0.5308867956237624,0.24377689555445542,0.2178217821782178,6.0,655.1748315999866
151,0.5721327673960395,0.5308867956237624,0.3104495990792079,0.10891089108910879,6.0,662.2413582999725
152,0.5934264910297029,0.5308867956237624,0.3091690652871286,0.09900990099009888,7.0,664.4800878999522
153,0.60837019690099,0.5308867956237624,0.32381574145544545,0.05940594059405924,8.0,664.9257285000058
154,0.5800643061089108,0.5308867956237624,0.3106583655148514,0.07920792079207917,7.0,666.4458613999886
155,0.5721327673960395,0.5308867956237624,0.3104495990792079,0.10891089108910879,6.0,668.1909567999537
156,0.5671614998613861,0.5308867956237624,0.3277555592673267,0.07920792079207917,6.0,670.2061458999524
157,0.5858886082772277,0.5308867956237624,0.3093539548118812,0.1287128712871286,6.0,671.5891316999914
158,0.5814167383762376,0.5308867956237624,0.3048820849108911,0.12871287128712872,6.0,674.260407899972
159,0.5952443501584158,0.5308867956237624,0.31841266699009907,0.08910891089108908,7.0,675.2514418999781
160,0.602449483920792,0.5308867956237624,0.3404692859009901,0.06930693069306926,7.0,676.1456109999563
161,0.5736441660990099,0.5308867956237624,0.34166396807920796,0.06930693069306926,6.0,677.6070955999894
162,0.5997260559207921,0.5308867956237624,0.3377458579009901,0.06930693069306926,7.0,678.0865301999729
163,0.6250702372079208,0.5308867956237624,0.3405157817623762,0.05940594059405935,8.0,679.2578022999805
164,0.5997260559207921,0.5308867956237624,0.3377458579009901,0.06930693069306926,7.0,680.636905399966
165,0.6270908827821783,0.5308867956237624,0.32768494218811883,0.07920792079207917,8.0,683.9182435999974
166,0.6172546104158416,0.5308867956237624,0.33299718467326733,0.09900990099009899,7.0,684.8279054999584
167,0.5982254928415842,0.5308867956237624,0.2994136116534653,0.15841584158415845,6.0,685.8890861999826
168,0.6258361284851485,0.5308867956237624,0.2970242472970297,0.15841584158415845,7.0,687.8227047999972
169,0.6515989888415842,0.5308867956237624,0.3299158205247525,0.1089108910891089,8.0,690.0782420999603
170,0.6710554669603961,0.5308867956237624,0.31194655606930694,0.1188118811881188,9.0,691.4208579999977
171,0.6708087815445545,0.5308867956237624,0.3116998706534653,0.1188118811881188,9.0,693.1010484999861
172,0.6970905147821782,0.5308867956237624,0.34540734646534654,0.10891089108910879,9.0,699.364932299999
173,0.6682778499306931,0.5308867956237624,0.35402042418811885,0.09900990099009888,8.0,700.571635500004
174,0.6401449495346535,0.5308867956237624,0.3558875237920792,0.09900990099009888,7.0,701.5158391000004
175,0.6658215635940594,0.5308867956237624,0.35156413785148516,0.09900990099009888,8.0,702.5673445999855
176,0.6402783338910891,0.5308867956237624,0.3485951655742574,0.10891089108910879,7.0,702.8614711999544
177,0.6204998158613861,0.5308867956237624,0.32911367724752477,0.14851485148514854,6.0,712.1148861999973
178,0.6471047212079207,0.5308867956237624,0.32571858259405945,0.14851485148514854,7.0,716.696189099981
179,0.6693877419999998,0.5308867956237624,0.3105758608118812,0.15841584158415845,8.0,718.4154188999673
180,0.6821689765544554,0.5308867956237624,0.315634323089109,0.12871287128712872,9.0,718.7566114999936
181,0.6836294956633664,0.5308867956237624,0.30966909962376243,0.13861386138613851,9.0,719.7105628999998
182,0.7028451666138613,0.5308867956237624,0.30631051314851493,0.1287128712871286,10.0,722.8461144999601
183,0.6924192559207921,0.5308867956237624,0.29588460245544557,0.1287128712871286,10.0,723.8630124999909
184,0.716820405,0.5308867956237624,0.29771149410891096,0.1188118811881187,11.0,724.228666299954
185,0.7167522652277228,0.5308867956237624,0.29021761176237626,0.1287128712871286,11.0,725.6320998999872
186,0.7170723023267327,0.5308867956237624,0.2905376488613861,0.1287128712871286,11.0,726.8725282999803
187,0.7401146260891089,0.5308867956237624,0.3058572003465347,0.09900990099009888,12.0,727.8553555999533
188,0.7516690263069307,0.5308867956237624,0.3248373431386139,0.08910891089108897,12.0,728.8191491999896
189,0.7782304984059406,0.5308867956237624,0.32139881523762376,0.08910891089108897,13.0,730.8678910000017
190,0.7961961762673266,0.5308867956237624,0.3242159782475248,0.06930693069306915,14.0,732.5652023999719
191,0.7834149417128713,0.5308867956237624,0.319157515970297,0.09900990099009888,13.0,733.1940020999755
192,0.8112389252772276,0.5308867956237624,0.32440724210891086,0.08910891089108897,14.0,735.5209224999999
193,0.8375909427821782,0.5308867956237624,0.32075925961386137,0.08910891089108897,15.0,737.0509485999937
194,0.8310451212574257,0.5308867956237624,0.2919362103663366,0.1188118811881188,15.0,743.3884519999847
195,0.8337388442277227,0.5308867956237624,0.2872041907623762,0.12871287128712872,15.0,744.3269669999718
196,0.8339581197524752,0.5308867956237624,0.30970069400990097,0.09900990099009899,15.0,747.3053287999937
197,0.8600941461881189,0.5308867956237624,0.31326246301980193,0.08910891089108908,16.0,748.1360186999664
198,0.8650163545445544,0.5308867956237624,0.33303615652475244,0.06930693069306926,16.0,750.0538357999758
199,0.7421036237722772,0.5308867956237624,0.3081432277326733,0.13861386138613874,11.0,761.3650270999642
200,0.7670715207029702,0.5308867956237624,0.31053686723762375,0.1287128712871286,12.0,761.8117258999846
201,0.7615081557524752,0.5308867956237624,0.31239924486138615,0.1188118811881187,12.0,762.4750389999826
202,0.7844954622475248,0.5308867956237624,0.2905350662079208,0.13861386138613851,13.0,770.2314167000004
203,0.8129796271683168,0.5308867956237624,0.28901923112871286,0.13861386138613851,14.0,773.5667414999916
204,0.7895691706633663,0.5308867956237624,0.28818303204950496,0.14851485148514842,13.0,774.1458784999559
205,0.7702809353069308,0.5308867956237624,0.27632053926732675,0.13861386138613851,13.0,776.7006091999938
206,0.7375515116138613,0.5308867956237624,0.2884426007227722,0.11881188118811858,12.0,784.5230657999637
207,0.7658502795643565,0.5308867956237624,0.28674136867326727,0.11881188118811858,13.0,785.7378957999754
208,0.7705526292673268,0.5308867956237624,0.27659223322772275,0.1386138613861384,13.0,787.1969951000065
209,0.7708287799603961,0.5308867956237624,0.27686838392079205,0.13861386138613851,13.0,787.6976423999877
210,0.7883630719405941,0.5308867956237624,0.28667990362376233,0.10891089108910879,14.0,789.1910812999704
211,0.8159310201584158,0.5308867956237624,0.28424785184158413,0.10891089108910879,15.0,789.7158484999673
212,0.7873525181782178,0.5308867956237624,0.2856693498613861,0.10891089108910879,14.0,792.030470800004
213,0.8132918056336633,0.5308867956237624,0.2890343798910891,0.09900990099009888,15.0,792.6562300999649
214,0.7673966492277229,0.5308867956237624,0.3257134809108911,0.10891089108910879,12.0,799.21471749997
215,0.789339199029703,0.5308867956237624,0.32508177328712873,0.09900990099009888,13.0,799.9321261000005
216,0.7330521963960397,0.5308867956237624,0.32879477065346535,0.09900990099009888,11.0,800.6118176999735
217,0.7554645118118812,0.5308867956237624,0.3212070860693069,0.09900990099009888,12.0,809.3979474999942
218,0.730741162930693,0.5308867956237624,0.32648373718811885,0.09900990099009888,11.0,811.9137137999642
219,0.7540176614455445,0.5308867956237624,0.32718597827722773,0.08910891089108897,12.0,812.5449520999682
220,0.7518216266039603,0.5308867956237624,0.3249899434356436,0.08910891089108897,12.0,814.0503597999923
221,0.779062636960396,0.5308867956237624,0.3222309537920792,0.08910891089108897,13.0,815.5063004999538
222,0.7566503215445544,0.5308867956237624,0.32981863837623765,0.08910891089108897,12.0,821.5411463999772
223,0.7810673919405942,0.5308867956237624,0.3539386790693069,0.04950495049504933,13.0,825.064865399967
224,0.7566503215445544,0.5308867956237624,0.32981863837623765,0.08910891089108897,12.0,831.37631589995
225,0.7387278042772276,0.5308867956237624,0.35674760625742574,0.06930693069306926,11.0,840.0177803999977
226,0.761950353980198,0.5308867956237624,0.3425444133861386,0.07920792079207906,12.0,840.7998357999604
227,0.7627646484257427,0.5308867956237624,0.3433587078316832,0.07920792079207906,12.0,841.5031497000018
228,0.7395420987227723,0.5308867956237624,0.35756190070297034,0.06930693069306926,11.0,843.0186154999537
229,0.7597538322871287,0.5308867956237624,0.3403478916930694,0.07920792079207917,12.0,846.0131205999642
230,0.7600570162376238,0.5308867956237624,0.34065107564356445,0.07920792079207917,12.0,846.3845797999529
231,0.7394472343663366,0.5308867956237624,0.34261555119801984,0.08910891089108908,11.0,848.6605736999772
232,0.7663892387623763,0.5308867956237624,0.3395575555940594,0.08910891089108908,12.0,850.5891001999844
233,0.7373250075544554,0.5308867956237624,0.3404933243861386,0.08910891089108908,11.0,850.7903043999686
234,0.7623755974455445,0.5308867956237624,0.3429696568514851,0.07920792079207917,12.0,853.1592907999875
235,0.7380986612574256,0.5308867956237624,0.3486927206633663,0.07920792079207917,11.0,855.1541636000038
236,0.7224052770990097,0.5308867956237624,0.33299933650495045,0.07920792079207917,11.0,859.5489045999711
237,0.7494981799702969,0.5308867956237624,0.3300922393762376,0.07920792079207906,12.0,861.7712604999542
238,0.7767999227029703,0.5308867956237624,0.32739398210891085,0.07920792079207906,13.0,862.2427476999583
239,0.7763592181089108,0.5308867956237624,0.3269532775148515,0.07920792079207906,13.0,863.0955948999617
240,0.8037149597920792,0.5308867956237624,0.3243090191980198,0.07920792079207906,14.0,863.5135952999699
241,0.776622056920792,0.5308867956237624,0.32721611632673264,0.07920792079207906,13.0,865.1484482999658
242,0.7483948737920791,0.5308867956237624,0.30671170547524745,0.10891089108910879,12.0,867.3923597999965
243,0.7761917854950495,0.5308867956237624,0.30450861717821776,0.10891089108910879,13.0,868.8059534999775
244,0.8027270147623762,0.5308867956237624,0.30104384644554455,0.10891089108910879,14.0,869.9235654999502
245,0.8307868507029703,0.5308867956237624,0.29910368238613855,0.10891089108910879,15.0,870.6516774999909
246,0.8026993231584159,0.5308867956237624,0.30101615484158417,0.10891089108910879,14.0,871.6829165999661
247,0.8022011705544554,0.5308867956237624,0.30051800223762376,0.1089108910891089,14.0,873.2980550999637
248,0.7782324641188119,0.5308867956237624,0.29169781065346534,0.12871287128712872,13.0,874.568583299988
249,0.7572470768514852,0.5308867956237624,0.3007124233861386,0.12871287128712872,12.0,876.6702787999529
250,0.7317487292772278,0.5308867956237624,0.320065560960396,0.1089108910891089,11.0,878.1159821999609
251,0.7469972395742575,0.5308867956237624,0.3201655564059406,0.08910891089108908,12.0,878.4738216999685
252,0.7226282825049506,0.5308867956237624,0.32579659933663363,0.08910891089108908,11.0,878.7931878999807
253,0.7203692322277229,0.5308867956237624,0.3161118064851485,0.09900990099009899,11.0,880.5540532000014
254,0.7398648304455446,0.5308867956237624,0.30560740470297026,0.09900990099009899,12.0,881.6142014999641
255,0.703223498069307,0.5308867956237624,0.32896607232673264,0.0990099009900991,10.0,882.1050197999575
256,0.7076917173168317,0.5308867956237624,0.3334342915742574,0.0990099009900991,10.0,882.8174031999661
257,0.735779244861386,0.5308867956237624,0.33152181911881184,0.0990099009900991,11.0,883.560835399956
258,0.7090520886831683,0.5308867956237624,0.3199431777920792,0.1188118811881188,10.0,884.1700444999733
259,0.6579570971287128,0.5308867956237624,0.3214224436633663,0.1287128712871286,8.0,889.9898723000078
260,0.6384642462178217,0.5308867956237624,0.3319295927524752,0.1287128712871286,7.0,891.6928065999527
261,0.6090311213663366,0.5308867956237624,0.33249646790099,0.1287128712871286,6.0,892.5328720999532
262,0.6196033172871287,0.5308867956237624,0.34306866382178214,0.1287128712871286,6.0,897.7458721000003
263,0.6457726205544554,0.5308867956237624,0.3318122245148515,0.13861386138613851,7.0,899.1285910999868
264,0.6656447771881188,0.5308867956237624,0.3365358662970297,0.1188118811881187,8.0,899.6453451999696
265,0.6644744416237623,0.5308867956237624,0.31308830300990104,0.14851485148514842,8.0,902.0332423999789
266,0.6363783343960396,0.5308867956237624,0.31499219578217824,0.14851485148514842,7.0,903.7429805999855
267,0.6068633344554455,0.5308867956237624,0.3154771958415842,0.14851485148514842,6.0,903.9085084999679
268,0.6290968571782178,0.5308867956237624,0.30771071856435644,0.14851485148514842,7.0,906.1099013999919
269,0.6023541077821782,0.5308867956237624,0.2664135137227722,0.20792079207920788,6.0,918.4638308999711
270,0.5862957033762377,0.5308867956237624,0.29490956476237623,0.14851485148514842,6.0,922.4372053999687
271,0.6004402729900989,0.5308867956237624,0.31618284724752477,0.09900990099009899,7.0,923.1838219999918
272,0.5781271401683168,0.5308867956237624,0.3238697144257425,0.09900990099009899,6.0,924.7296488999855
273,0.5810568298217822,0.5308867956237624,0.2970964337821782,0.13861386138613863,6.0,927.6581608999986
274,0.6081421473465346,0.5308867956237624,0.2941817513069307,0.13861386138613874,7.0,929.4382919999771
275,0.6064933130792078,0.5308867956237624,0.32253291703960396,0.13861386138613863,6.0,935.0040415999829
276,0.5923487434653466,0.5308867956237624,0.3012596345544554,0.18811881188118806,5.0,936.4509591999813
277,0.5607778033663366,0.5308867956237624,0.29939166475247525,0.14851485148514854,5.0,938.5151433999999
278,0.5851330451485148,0.5308867956237624,0.3160241342574257,0.1188118811881188,6.0,939.8470935999649
279,0.6030415895940594,0.5308867956237624,0.281655450980198,0.14851485148514854,7.0,944.2802532999776
280,0.6330415895940593,0.5308867956237624,0.281655450980198,0.14851485148514842,8.0,945.8254815999535
281,0.6151330451485149,0.5308867956237624,0.3160241342574257,0.1188118811881187,7.0,948.5185100999661
282,0.637709086,0.5308867956237624,0.2863229473861386,0.14851485148514842,8.0,952.2386513999663
283,0.6412875101287128,0.5308867956237624,0.2899013715148515,0.14851485148514842,8.0,953.4023061000044
284,0.6636896730990098,0.5308867956237624,0.289729277059406,0.13861386138613851,9.0,957.1243118999992
285,0.688403377792079,0.5308867956237624,0.2844429817524753,0.13861386138613851,10.0,957.6812334999559
286,0.7033629345643564,0.5308867956237624,0.2916797662475248,0.10891089108910879,11.0,960.641780899954
287,0.7333629345643564,0.5308867956237624,0.2916797662475248,0.10891089108910879,12.0,964.0836149999523
288,0.7068200041683168,0.5308867956237624,0.2728596081287129,0.13861386138613851,11.0,966.4428763999604
289,0.7307653909009901,0.5308867956237624,0.2742307374356436,0.1287128712871286,12.0,967.7012326999684
290,0.7521906650594059,0.5308867956237624,0.28050749674257425,0.10891089108910879,13.0,968.1707724999869
291,0.7783617006435644,0.5308867956237624,0.2766785323267327,0.10891089108910879,14.0,970.1186737999669
292,0.8125332316732673,0.5308867956237624,0.30342432078217824,0.1188118811881187,14.0,972.1630177999614
293,0.7483617006435643,0.5308867956237624,0.2766785323267327,0.1089108910891089,13.0,973.5993789999629
294,0.7657271174752476,0.5308867956237624,0.2714696917326733,0.09900990099009899,14.0,974.0290181000018
295,0.5813304436732672,0.5308867956237624,0.2599443050594059,0.14851485148514854,7.0,981.0434020999819
296,0.6169008272574257,0.5308867956237624,0.2658117183465346,0.18811881188118806,7.0,983.8686051999684
297,0.6288413998712871,0.5308867956237624,0.2774552612574257,0.14851485148514842,8.0,985.6636510999524
298,0.647359742910891,0.5308867956237624,0.2588448914257426,0.19801980198019797,8.0,987.4734773999662
299,0.6653372912079207,0.5308867956237624,0.2839511525940594,0.14851485148514854,9.0,992.2105197999626
300,0.6905051328910892,0.5308867956237624,0.25713879625742575,0.2178217821782178,9.0,998.6410160999512
301,0.7122558871485148,0.5308867956237624,0.25631529308910894,0.20792079207920788,10.0,1005.8414998999797
302,0.7330539495247526,0.5308867956237624,0.27681632576237625,0.16831683168316824,11.0,1008.7686006999575
303,0.7585697093267327,0.5308867956237624,0.3020350558613861,0.1287128712871286,12.0,1015.7395062999567
304,0.7043721067326733,0.5308867956237624,0.278134482970297,0.16831683168316824,10.0,1015.9228029999649
305,0.7317173517821782,0.5308867956237624,0.27547972801980203,0.16831683168316824,11.0,1021.7702168999822
306,0.7304155591584158,0.5308867956237624,0.3038809056930693,0.12871287128712872,11.0,1037.7306463999557
307,0.7062646571485148,0.5308867956237624,0.30973000368316833,0.12871287128712872,10.0,1038.090090899961
308,0.693909091108911,0.5308867956237624,0.30480018021782174,0.1188118811881188,10.0,1039.1607164999587
309,0.7129980974455445,0.5308867956237624,0.3235921568514852,0.07920792079207939,11.0,1046.9774217999657
310,0.6898474049306931,0.5308867956237624,0.3304414643366337,0.07920792079207939,10.0,1048.8702929999563
311,0.7140554825544554,0.5308867956237624,0.324649541960396,0.07920792079207917,11.0,1053.8331326000043
312,0.635785970920792,0.5308867956237624,0.2621226045841584,0.17821782178217815,8.0,1064.719428499986
313,0.6626150504257426,0.5308867956237624,0.2589516840891089,0.17821782178217815,9.0,1068.4384707999998
314,0.6842954203267326,0.5308867956237624,0.2580577965643564,0.16831683168316824,10.0,1073.3008791999891
315,0.6868521132574257,0.5308867956237624,0.26061448949504945,0.16831683168316824,10.0,1073.6602100000018
316,0.6651717433564357,0.5308867956237624,0.26150837701980195,0.17821782178217815,9.0,1078.150520599971
317,0.6755976724158417,0.5308867956237624,0.27193430607920793,0.17821782178217815,9.0,1079.6534387999563
318,0.691310372910891,0.5308867956237624,0.33933017489108913,0.06930693069306926,10.0,1083.699532700004
319,0.6848152812277227,0.5308867956237624,0.3328350832079208,0.06930693069306937,10.0,1086.4169455999509
320,0.6838986713366336,0.5308867956237624,0.2576610475742574,0.16831683168316824,10.0,1093.2029219999677
321,0.7074505606435644,0.5308867956237624,0.26606442202970293,0.14851485148514842,11.0,1096.0594665999524
322,0.7112689531089109,0.5308867956237624,0.2998828144950495,0.14851485148514842,10.0,1098.7014370999532
323,0.7074505606435644,0.5308867956237624,0.26606442202970293,0.14851485148514842,11.0,1102.176679599972
324,0.7207484302178218,0.5308867956237624,0.3090652619009901,0.1089108910891089,11.0,1108.0420445000054
325,0.6966210015247524,0.5308867956237624,0.2700863480594059,0.12871287128712872,11.0,1112.2140084999846
326,0.7189904770693069,0.5308867956237624,0.3070102790495049,0.06930693069306926,12.0,1114.446999799984
327,0.7421600296435643,0.5308867956237624,0.31503131677227725,0.04950495049504944,13.0,1115.0498012999888
328,0.7587267150891088,0.5308867956237624,0.3090237447920792,0.03960396039603953,14.0,1115.3964591999538
329,0.7149785995742574,0.5308867956237624,0.3178498867029702,0.04950495049504944,12.0,1115.6514273000066
330,0.6893536077227722,0.5308867956237624,0.32222489485148514,0.04950495049504944,11.0,1121.1055777999572
331,0.7136952126930692,0.5308867956237624,0.3239922423960396,0.03960396039603953,12.0,1121.5355491999653
332,0.7341066053663365,0.5308867956237624,0.3441066053663366,1.1102230246251565e-16,13.0,1122.7151586999535
333,0.72234880190099,0.5308867956237624,0.34007157417821776,0.02970297029702962,12.0,1124.119442299998
334,0.7490437527920792,0.5308867956237624,0.3367665250693069,0.02970297029702962,13.0,1125.1812845999957
335,0.7456299064356435,0.5308867956237624,0.3333526787128713,0.02970297029702962,13.0,1126.7078999999794
336,0.7189349555445543,0.5308867956237624,0.33665772782178216,0.02970297029702962,12.0,1127.6732520000078
337,0.69656548,0.5308867956237624,0.29973379683168316,0.08910891089108908,11.0,1129.3702463000081
338,0.6814000324752476,0.5308867956237624,0.27743963643564357,0.13861386138613851,10.0,1131.1830360000022
339,0.7110591030693069,0.5308867956237624,0.27709870702970296,0.13861386138613851,11.0,1132.5955125999753
340,0.7365720863069307,0.5308867956237624,0.27261169026732673,0.13861386138613851,12.0,1133.6783488999936
341,0.6960036246435644,0.5308867956237624,0.2920432286039604,0.13861386138613851,10.0,1136.6464837999665
342,0.7222523068217821,0.5308867956237624,0.28829191078217825,0.13861386138613851,11.0,1138.145538599987
343,0.7353119777128713,0.5308867956237624,0.2862030668217822,0.1188118811881187,12.0,1139.4895784999826
344,0.7353119777128713,0.5308867956237624,0.2862030668217822,0.1188118811881187,12.0,1141.2412156999926
345,0.7160148256237623,0.5308867956237624,0.24492571671287128,0.18811881188118806,11.0,1143.8677683999995
346,0.7387990853267327,0.5308867956237624,0.23770997641584157,0.18811881188118806,12.0,1146.3336323999683
347,0.7605979987920792,0.5308867956237624,0.2814890879009901,0.1188118811881187,13.0,1147.7302109999582
348,0.732218687881188,0.5308867956237624,0.283109776990099,0.1188118811881187,12.0,1148.8598529999726
349,0.7328686991683168,0.5308867956237624,0.27633404570297027,0.1287128712871286,12.0,1151.3144268000033
350,0.7328461845148515,0.5308867956237624,0.2985887587722772,0.09900990099009899,12.0,1840.4609371999977
351,0.7564272278019801,0.5308867956237624,0.29216980205940596,0.09900990099009899,13.0,1844.350109299994
352,0.7589389429702971,0.5308867956237624,0.28725577465346536,0.1089108910891089,13.0,1846.7933733999962
353,0.732793731049505,0.5308867956237624,0.30596204788118814,0.08910891089108908,12.0,1847.5782576999627
354,0.7603015655049505,0.5308867956237624,0.3034698823366337,0.08910891089108908,13.0,1849.5276540999766
355,0.7546188092871288,0.5308867956237624,0.2755098983960396,0.1188118811881188,13.0,1851.3726078000036
356,0.7430910816534654,0.5308867956237624,0.25685345789108915,0.16831683168316836,12.0,1852.3664704999537
357,0.7219922836138614,0.5308867956237624,0.2509031747029703,0.18811881188118817,11.0,1854.0701736999908
358,0.6911656781980198,0.5308867956237624,0.22779934156435644,0.2178217821782179,10.0,1856.643792799965
359,0.6683814184950496,0.5308867956237624,0.23501508186138614,0.2178217821782179,9.0,1858.6022192999953
360,0.6452062135445544,0.5308867956237624,0.23441413433663366,0.22772277227722781,8.0,1861.3147462999914
361,0.6146588295841584,0.5308867956237624,0.23386675037623764,0.22772277227722781,7.0,1862.696683499962
362,0.6168293656633663,0.5308867956237624,0.22861154388118812,0.2376237623762375,7.0,1864.372998799954
363,0.5943343201089109,0.5308867956237624,0.2880966963465346,0.16831683168316836,6.0,1865.3487759999698
364,0.5878078494752474,0.5308867956237624,0.2889959682871287,0.15841584158415845,6.0,1867.0115602999576
365,0.5611796386633664,0.5308867956237624,0.32207072777227724,0.1188118811881188,5.0,1874.4087526999647
366,0.5839077462970297,0.5308867956237624,0.3296503205544555,0.09900990099009899,6.0,1875.3354950000066
367,0.6012183886732673,0.5308867956237624,0.32438670550495047,0.08910891089108908,7.0,1875.9683128999895
368,0.5839077462970297,0.5308867956237624,0.3296503205544555,0.09900990099009899,6.0,1877.3516029999591
369,0.6095516563366337,0.5308867956237624,0.3252942305940595,0.09900990099009888,7.0,1878.87684729998
370,0.5917527732277228,0.5308867956237624,0.3374953474851486,0.09900990099009888,6.0,1880.142170899955
371,0.6118909319405941,0.5308867956237624,0.3350592487722773,0.08910891089108897,7.0,1881.6629866999574
372,0.6331804078811881,0.5308867956237624,0.3114972395643565,0.10891089108910879,8.0,1882.6000485999975
373,0.6104523002475247,0.5308867956237624,0.30391764678217825,0.1287128712871286,7.0,1883.5001053999877
374,0.5935075203960396,0.5308867956237624,0.2946956392079208,0.15841584158415833,6.0,1886.963017400005
375,0.6224423246435643,0.5308867956237624,0.2936304434554456,0.15841584158415833,7.0,1888.4230663999915
376,0.5989843053465347,0.5308867956237624,0.31502390930693075,0.13861386138613851,6.0,1889.5437772999867
377,0.6215149167524752,0.5308867956237624,0.30755452071287137,0.13861386138613851,7.0,1892.7793140999856
378,0.6430704954653466,0.5308867956237624,0.30653584200000006,0.1287128712871286,8.0,1893.588255599956
379,0.6409197204158416,0.5308867956237624,0.3043850669504951,0.1287128712871286,8.0,1894.6830986999557
380,0.6177060903168317,0.5308867956237624,0.3037456942772278,0.13861386138613851,7.0,1896.4115916999872
381,0.6365763109108911,0.5308867956237624,0.32231888516831686,0.09900990099009888,8.0,1897.1482367999852
382,0.6579558861584158,0.5308867956237624,0.32112420299009903,0.08910891089108897,9.0,1898.1806724999915
383,0.6521845512871287,0.5308867956237624,0.28564989782178213,0.1287128712871286,9.0,1903.9593935000012
384,0.6754920374257425,0.5308867956237624,0.2863831265346534,0.1188118811881187,10.0,1907.6796500000055
385,0.7029766767326732,0.5308867956237624,0.28386776584158413,0.1188118811881187,11.0,1908.9856293000048
386,0.6957296748514851,0.5308867956237624,0.28404650653465346,0.10891089108910879,11.0,1910.0558930999832
387,0.697237191881188,0.5308867956237624,0.2929797661386138,0.09900990099009888,11.0,1912.946826600004
388,0.6955500154653464,0.5308867956237624,0.29871833229702965,0.08910891089108919,11.0,1915.0050742999883
389,0.7228102433564356,0.5308867956237624,0.2959785601881188,0.08910891089108919,12.0,1916.7960283999564
390,0.7228254794950495,0.5308867956237624,0.2956967666237624,0.04950495049504955,13.0,1918.3487529999693
391,0.7328027975544554,0.5308867956237624,0.2756740846831683,0.04950495049504955,14.0,1919.78268319997
392,0.7377507542673267,0.5308867956237624,0.27319629882178215,0.05940594059405924,14.0,1920.7711189999827
393,0.6850166252673267,0.5308867956237624,0.27333345695049505,0.10891089108910879,11.0,1924.8121835999773
394,0.6905240715049505,0.5308867956237624,0.2788409031881188,0.10891089108910879,11.0,1926.2080956999562
395,0.6955911071683167,0.5308867956237624,0.29133368142574256,0.09900990099009899,11.0,1929.5153934999835
396,0.7219820698415842,0.5308867956237624,0.2877246440990099,0.09900990099009899,12.0,1930.4824514999636
397,0.7011689817227722,0.5308867956237624,0.2894858134059406,0.10891089108910879,11.0,1934.4896595999599
398,0.7220138407920792,0.5308867956237624,0.2951821576237624,0.08910891089108897,12.0,1934.7611328999628
399,0.7510387634851485,0.5308867956237624,0.2942070803168317,0.08910891089108897,13.0,1935.3626401000074
400,0.7301939044158416,0.5308867956237624,0.2885107360990099,0.10891089108910879,12.0,1936.0838439000072
401,0.7589534448415842,0.5308867956237624,0.2872702765247525,0.10891089108910879,13.0,1936.8571665000054
402,0.7541404022178217,0.5308867956237624,0.2898829764752475,0.09900990099009888,13.0,1937.5784819999826
403,0.7297627353861387,0.5308867956237624,0.2658023393465347,0.13861386138613851,12.0,1939.3830033999984
404,0.757643258039604,0.5308867956237624,0.263682862,0.13861386138613851,13.0,1940.8226342999842
405,0.7538359904356435,0.5308867956237624,0.25987559439603963,0.1386138613861384,13.0,1941.468828299956
406,0.7285325801782179,0.5308867956237624,0.2868494118613861,0.10891089108910879,12.0,1943.2573028999614
407,0.752724030079208,0.5308867956237624,0.2884666043366337,0.09900990099009888,13.0,1943.5704486999894
408,0.7111641316831683,0.5308867956237624,0.2994809633663366,0.10891089108910879,11.0,1947.51380169997
409,0.6821392089900989,0.5308867956237624,0.3004560406732673,0.10891089108910879,10.0,1947.8869906999753
410,0.6568259641386138,0.5308867956237624,0.30514279582178216,0.1089108910891089,9.0,1949.3849994000047
411,0.6572841700792079,0.5308867956237624,0.32045248691089107,0.08910891089108908,9.0,1950.8629665999906
412,0.6370465326534653,0.5308867956237624,0.3227891069108911,0.09900990099009899,8.0,1951.191847399983
413,0.6384197870792079,0.5308867956237624,0.3018851336138614,0.12871287128712872,8.0,1952.031755300006
414,0.6397058297920792,0.5308867956237624,0.28831969117821776,0.14851485148514842,8.0,1959.2332663999987
415,0.6397058297920792,0.5308867956237624,0.28831969117821776,0.14851485148514842,8.0,1959.5681735999533
416,0.6488729384752475,0.5308867956237624,0.30491254243564353,0.13861386138613851,8.0,1961.539987600001
417,0.6730146296633663,0.5308867956237624,0.2990542336237624,0.13861386138613851,9.0,1963.1313977999962
418,0.6488729384752475,0.5308867956237624,0.30491254243564353,0.13861386138613851,8.0,1965.120907799981
419,0.621844193009901,0.5308867956237624,0.307883796970297,0.13861386138613851,7.0,1965.3411550999735
420,0.6196130724455445,0.5308867956237624,0.30565267640594057,0.13861386138613851,7.0,1968.4865027999622
421,0.6402111032970297,0.5308867956237624,0.3036764498316831,0.1287128712871286,8.0,1969.929777399986
422,0.6680916259504952,0.5308867956237624,0.3015569724851485,0.1287128712871286,9.0,1972.477910699963
423,0.6442604298415842,0.5308867956237624,0.3077257763762376,0.1287128712871286,8.0,1972.7914306999883
424,0.6533057530099011,0.5308867956237624,0.3016225846930693,0.10891089108910901,9.0,1974.7232567999745
425,0.6311699674059406,0.5308867956237624,0.30206105651485143,0.11881188118811892,8.0,1976.825940599956
426,0.6600117006039604,0.5308867956237624,0.30090278971287127,0.11881188118811892,9.0,1978.6262353999773
427,0.655182088990099,0.5308867956237624,0.3034989206732673,0.10891089108910901,9.0,1979.8886146000004
428,0.6451602215841585,0.5308867956237624,0.28605131069306927,0.1188118811881188,9.0,1981.1466139999684
429,0.6489067608910891,0.5308867956237624,0.28237210742574254,0.12871287128712872,9.0,1983.8797078999924
430,0.6602915101782179,0.5308867956237624,0.3011825992871287,0.1188118811881188,9.0,1987.9847896999563
431,0.6821755343564356,0.5308867956237624,0.30049236603960394,0.1089108910891089,10.0,1989.0543600999517
432,0.7111323810891088,0.5308867956237624,0.2994492127722772,0.1089108910891089,11.0,1990.1586260999902
433,0.7294740264752475,0.5308867956237624,0.3026423433069307,0.08910891089108908,12.0,1991.0587179999566
434,0.6753580966930692,0.5308867956237624,0.2565462155049505,0.15841584158415845,10.0,1996.8849938999629
435,0.6970270178712871,0.5308867956237624,0.2482151366831683,0.15841584158415845,11.0,1997.2072699999553
436,0.7223910768514851,0.5308867956237624,0.25100493823762376,0.14851485148514854,12.0,1997.5019764999743
437,0.7227138123564356,0.5308867956237624,0.25132767374257425,0.14851485148514854,12.0,1998.0055510999518
438,0.7523703087623762,0.5308867956237624,0.2509841701485149,0.14851485148514854,13.0,1998.3265696999733
439,0.7282593297524752,0.5308867956237624,0.25687319113861384,0.14851485148514842,12.0,1999.7083300999948
440,0.7284883321485147,0.5308867956237624,0.2571021935346534,0.14851485148514842,12.0,2000.2674787999713
441,0.7555887538514852,0.5308867956237624,0.26162835781188115,0.13861386138613851,13.0,2000.8110711000045
442,0.7731206057326732,0.5308867956237624,0.2565859522673268,0.1287128712871286,14.0,2002.0998264999944
443,0.7939562694950495,0.5308867956237624,0.2699958734554455,0.1386138613861384,14.0,2006.8426973999594
444,0.7656508368217823,0.5308867956237624,0.2716904407821782,0.13861386138613851,13.0,2007.8250274999882
445,0.7347610431683169,0.5308867956237624,0.2708006471287128,0.13861386138613851,12.0,2008.2513902999926
446,0.7286332617821782,0.5308867956237624,0.2646728657425742,0.13861386138613851,12.0,2009.853209199966
447,0.7386761627722772,0.5308867956237624,0.25956725188118807,0.1188118811881187,13.0,2010.3241320999805
448,0.7111332323663366,0.5308867956237624,0.2323213511782178,0.15841584158415822,12.0,2014.4291461999528
449,0.6853043320693069,0.5308867956237624,0.23649245088118812,0.15841584158415833,11.0,2014.7546202999656
450,0.6726142325643564,0.5308867956237624,0.23895086622772277,0.17821782178217804,10.0,2015.2687789999763
451,0.6789986034851485,0.5308867956237624,0.24563226685148512,0.21782178217821768,9.0,2022.5907435999834
452,0.6782858118019801,0.5308867956237624,0.2671967028910891,0.18811881188118795,9.0,2028.3020031999913
453,0.6782858118019801,0.5308867956237624,0.2671967028910891,0.18811881188118795,9.0,2028.607926799974
454,0.6553382142178218,0.5308867956237624,0.25939762015841583,0.20792079207920777,8.0,2036.447025500005
455,0.680979781049505,0.5308867956237624,0.2624649295643564,0.19801980198019786,9.0,2044.4464736999944
456,0.7046853982772278,0.5308867956237624,0.24874480421782177,0.20792079207920777,10.0,2053.9254732999834
457,0.6475547950792079,0.5308867956237624,0.3258716267623762,0.10891089108910901,8.0,2059.932425899955
458,0.671838786960396,0.5308867956237624,0.3350071037920792,0.08910891089108919,9.0,2061.119544099958
459,0.643430106650495,0.5308867956237624,0.3365984234821783,0.08910891089108919,8.0,2061.708454000007
460,0.6688875465514852,0.5308867956237624,0.33205586338316834,0.08910891089108919,9.0,2062.649496899976
461,0.6658171501584158,0.5308867956237624,0.328985466990099,0.08910891089108919,9.0,2063.1902306999546
462,0.6891378702574258,0.5308867956237624,0.3223061870891089,0.08910891089108919,10.0,2064.904669199954
463,0.6667693287425742,0.5308867956237624,0.3299376455742574,0.08910891089108919,9.0,2065.2886037999997
464,0.6440087794356435,0.5308867956237624,0.3371770962673267,0.08910891089108919,8.0,2065.692141999956
465,0.6135340017128713,0.5308867956237624,0.33670231854455446,0.08910891089108919,7.0,2067.129406299966
466,0.6336785543861386,0.5308867956237624,0.31942112864356437,0.0990099009900991,8.0,2070.744746499986
467,0.6389881978514851,0.5308867956237624,0.3321565146831683,0.08910891089108919,8.0,2071.5154026999953
468,0.6590646731980199,0.5308867956237624,0.3073815048811882,0.10891089108910901,9.0,2073.0506836999557
469,0.6858192941980198,0.5308867956237624,0.3041361258811882,0.10891089108910901,10.0,2073.878575299983
470,0.7147561521188119,0.5308867956237624,0.3030729838019802,0.10891089108910901,11.0,2075.538453199959
471,0.7048006847920791,0.5308867956237624,0.30054325904950496,0.0990099009900991,11.0,2076.682186399994
472,0.7249956209306931,0.5308867956237624,0.31301542291089113,0.06930693069306937,12.0,2077.25888639997
473,0.7060142303366337,0.5308867956237624,0.31660828974257427,0.07920792079207928,11.0,2077.960703199962
474,0.7315093097425742,0.5308867956237624,0.3121033691485149,0.07920792079207928,12.0,2078.7890120999655
475,0.7534725088514851,0.5308867956237624,0.31149231083168316,0.06930693069306937,13.0,2082.703530300001
476,0.7315093097425742,0.5308867956237624,0.3121033691485149,0.07920792079207928,12.0,2085.8052314999513
477,0.6996086985841583,0.5308867956237624,0.3102027579900991,0.07920792079207928,11.0,2086.3056368999532
478,0.7188928618514852,0.5308867956237624,0.28463543610891084,0.09900990099009899,12.0,2089.602331699978
479,0.7223346403663367,0.5308867956237624,0.28807721462376246,0.0990099009900991,12.0,2091.179269599961
480,0.6933977824455445,0.5308867956237624,0.28914035670297034,0.09900990099009899,11.0,2091.842607599974
481,0.7193187249999999,0.5308867956237624,0.28506129925742574,0.09900990099009899,12.0,2095.9465402999776
482,0.693864528861386,0.5308867956237624,0.2896071031188119,0.09900990099009899,11.0,2097.0507848999696
483,0.6684047466435643,0.5308867956237624,0.2641473209009901,0.0990099009900991,11.0,2099.1045804999885
484,0.6491380925841583,0.5308867956237624,0.2600291816930693,0.11881188118811892,10.0,2099.969696699991
485,0.6460756996435644,0.5308867956237624,0.27181827390099006,0.0990099009900991,10.0,2101.1500820000074
486,0.6453226058811881,0.5308867956237624,0.27106518013861386,0.09900990099009888,10.0,2102.288513299951
487,0.6229904842178218,0.5308867956237624,0.2935845436237624,0.07920792079207928,9.0,2107.115217899962
488,0.5973048675841583,0.5308867956237624,0.297898926990099,0.07920792079207928,8.0,2107.4244555999758
489,0.5901972443168317,0.5308867956237624,0.2756427888712871,0.05940594059405946,9.0,2110.7836569999927
490,0.5607133925346535,0.5308867956237624,0.27615893708910894,0.05940594059405946,8.0,2112.7756551000057
491,0.5979096327326733,0.5308867956237624,0.2985036921386139,0.07920792079207906,8.0,2117.5397306999657
492,0.5625472739207921,0.5308867956237624,0.27799281847524754,0.05940594059405946,8.0,2118.4364403999643
493,0.5204930321386139,0.5204930321386139,0.2585128341188119,0.06930693069306937,7.0,2122.993128400005
494,0.5490176574851485,0.5204930321386139,0.25703745946534656,0.06930693069306937,8.0,2124.9811637999956
495,0.5449397210495049,0.5204930321386139,0.2603852656039604,0.05940594059405946,8.0,2126.9197576000006
496,0.5738186360990098,0.5204930321386139,0.25926418065346535,0.05940594059405946,9.0,2128.3653771999525
497,0.5995263976534653,0.5204930321386139,0.277249169930693,0.02970297029702973,10.0,2130.693671599962
498,0.6037987095643564,0.5204930321386139,0.25924425411881186,0.05940594059405946,10.0,2131.638019100006
499,0.6313333959702969,0.5204930321386139,0.2567789405247525,0.05940594059405924,11.0,2132.290785799967
500,0.6282453984752474,0.5204930321386139,0.2611166856039604,0.04950495049504955,11.0,2132.687436099979
501,0.6055747987524752,0.5204930321386139,0.2610203433069307,0.05940594059405946,10.0,2133.1547523000045
502,0.6356777402376237,0.5204930321386139,0.25399457192079206,0.10891089108910901,10.0,2134.1040668999776
503,0.6311010946930693,0.5204930321386139,0.28684366895049507,0.09900990099009899,9.0,2139.6474755999516
504,0.6510345352871286,0.5204930321386139,0.29162859469306923,0.07920792079207917,10.0,2140.724442799983
505,0.5753125532079209,0.5204930321386139,0.276500672019802,0.15841584158415833,6.0,2148.1171365999617
506,0.6053125532079208,0.5204930321386139,0.27650067201980194,0.15841584158415833,7.0,2151.3400463999715
507,0.5993536055841584,0.5204930321386139,0.27054172439603963,0.15841584158415833,7.0,2153.5801978999516
508,0.5968708494455446,0.5204930321386139,0.2606332256831684,0.16831683168316836,7.0,2156.3880599999684
509,0.6164503703366336,0.5204930321386139,0.26506423172277227,0.14851485148514842,8.0,2156.704724499956
510,0.6233953153861386,0.5204930321386139,0.24973194904950494,0.17821782178217827,8.0,2159.9828710999573
511,0.6522709088316831,0.5204930321386139,0.2560332850693069,0.16831683168316836,9.0,2161.156807099993
512,0.6535623598613862,0.5204930321386139,0.26475047867326734,0.15841584158415845,9.0,2163.7583403000026
513,0.6756826597227723,0.5204930321386139,0.2642965211089109,0.14851485148514854,10.0,2164.225160299975
514,0.6865397536930693,0.5204930321386139,0.24515361507920796,0.14851485148514854,11.0,2166.6299195999745
515,0.7035472133861386,0.5204930321386139,0.26958681734653467,0.13861386138613863,11.0,2170.5332745999913
516,0.6839676924950495,0.5204930321386139,0.26515581130693067,0.15841584158415845,10.0,2170.7409106999985
517,0.6782848455841584,0.5204930321386139,0.26689870697029705,0.14851485148514842,10.0,2171.340625199955
518,0.6550920990495049,0.5204930321386139,0.2588544752871287,0.16831683168316836,9.0,2171.811905899958
519,0.638285960930693,0.5204930321386139,0.2717513074653466,0.12871287128712872,9.0,2174.0903916999814
520,0.6418392432772277,0.5204930321386139,0.2753045898118812,0.12871287128712872,9.0,2174.4032794999657
521,0.6161656610693069,0.5204930321386139,0.272205265029703,0.13861386138613863,8.0,2174.8886646999745
522,0.6054483206732674,0.5204930321386139,0.23950772661386144,0.207920792079208,7.0,2178.2129777999944
523,0.5906073077029703,0.5204930321386139,0.21753800077227725,0.25742574257425754,6.0,2179.4683243999607
524,0.598235659079208,0.5204930321386139,0.2548693224455445,0.2178217821782178,6.0,2185.515679999953
525,0.6260894860693069,0.5204930321386139,0.28985186230693066,0.16831683168316824,7.0,2187.82911349996
526,0.6290974461683169,0.5204930321386139,0.3596915055742574,0.07920792079207917,7.0,2191.9632390000043
527,0.649548881029703,0.5204930321386139,0.3575686830099009,0.06930693069306926,8.0,2192.3597436999553
528,0.6540215205049504,0.5204930321386139,0.3471898373366336,0.08910891089108908,8.0,2193.0839376999647
529,0.625639246980198,0.5204930321386139,0.2374214251980198,0.2376237623762376,7.0,2196.1069097999716
530,0.6480606164851485,0.5204930321386139,0.3189517055940594,0.1188118811881188,8.0,2198.2992791999714
531,0.6711080940396039,0.5204930321386139,0.3194249257227723,0.1089108910891089,9.0,2198.529246899998
532,0.670117941039604,0.5204930321386139,0.3184347727227722,0.1089108910891089,9.0,2199.8043420999893
533,0.6958903554455445,0.5204930321386139,0.32163292970297025,0.09900990099009899,10.0,2200.0532618999714
534,0.6542440842475248,0.5204930321386139,0.2877094307821782,0.12871287128712872,9.0,2203.187013299961
535,0.629320009910891,0.5204930321386139,0.3002110990198019,0.1188118811881188,8.0,2203.5765103999875
536,0.5414298654950495,0.5204930321386139,0.26519224173267325,0.16831683168316824,5.0,2211.2787188999937
537,0.5671692415346534,0.5204930321386139,0.2832088454950495,0.13861386138613851,6.0,2216.197150999971
538,0.589590426960396,0.5204930321386139,0.2682042883465347,0.14851485148514842,7.0,2218.0460473999847
539,0.5790576591980199,0.5204930321386139,0.26539429286138616,0.17821782178217815,6.0,2223.2572369999834
540,0.552062944960396,0.5204930321386139,0.2683995786237624,0.17821782178217815,5.0,2226.072912200005
541,0.5797173998514852,0.5204930321386139,0.2660540335148515,0.17821782178217815,6.0,2229.198166999966
542,0.5991558038118812,0.5204930321386139,0.31489837806930693,0.09900990099009888,7.0,2231.5772054999834
543,0.6092806196435643,0.5204930321386139,0.3475974513267327,0.1089108910891089,6.0,2234.638074599963
544,0.5991558038118812,0.5204930321386139,0.31489837806930693,0.09900990099009888,7.0,2238.177783299994
545,0.6258653559900991,0.5204930321386139,0.31160793024752476,0.09900990099009888,8.0,2240.4367337999865
546,0.6274681157227723,0.5204930321386139,0.313210689980198,0.09900990099009888,8.0,2243.3928011999815
547,0.6508449582673268,0.5204930321386139,0.30658753252475246,0.09900990099009899,9.0,2244.2163058999577
548,0.6660612248415843,0.5204930321386139,0.32922954167326735,0.08910891089108897,9.0,2247.604125999962
549,0.6466228208811882,0.5204930321386139,0.2803851971188119,0.16831683168316824,8.0,2250.894459699979
550,0.648825532960396,0.5204930321386139,0.2974393943465347,0.14851485148514842,8.0,2253.9812660999596
551,0.620865177970297,0.5204930321386139,0.291756267079208,0.1188118811881187,8.0,2257.397174999991
552,0.6470267578118812,0.5204930321386139,0.28791784692079214,0.1188118811881187,9.0,2259.3981573999627
553,0.6175231426237623,0.5204930321386139,0.31841423173267325,0.1188118811881188,7.0,2265.9069886999787
554,0.626978656980198,0.5204930321386139,0.31272123123762374,0.09900990099009899,8.0,2267.022078299953
555,0.621015831930693,0.5204930321386139,0.3293326636138614,0.1089108910891089,7.0,2271.5495533999638
556,0.6371444887623762,0.5204930321386139,0.3306098352970297,0.12871287128712872,7.0,2273.404366199975
557,0.6129075836633664,0.5204930321386139,0.2992442173267327,0.17821782178217815,6.0,2280.6750106999534
558,0.6377572494455446,0.5204930321386139,0.279242397960396,0.19801980198019797,7.0,2282.5182861000067
559,0.6084420596633664,0.5204930321386139,0.2725014656039604,0.20792079207920788,6.0,2287.530990900006
560,0.6111830027623761,0.5204930321386139,0.27524240870297034,0.20792079207920788,6.0,2291.0798760000034
561,0.6333844195544553,0.5204930321386139,0.27486956806930696,0.19801980198019797,7.0,2295.6415741999517
562,0.6419996266534653,0.5204930321386139,0.2757620028910891,0.16831683168316824,8.0,2298.640191299957
563,0.6164316222376237,0.5204930321386139,0.28761974104950494,0.15841584158415845,7.0,2302.342589399952
564,0.5924789115841584,0.5204930321386139,0.28624128782178215,0.16831683168316824,6.0,2305.1102447999874
565,0.5954925035544554,0.5204930321386139,0.2892548797920792,0.16831683168316824,6.0,2308.291991899954
566,0.5939251023663367,0.5204930321386139,0.2954102508811881,0.19801980198019797,5.0,2311.8780557999853
567,0.6215605136534654,0.5204930321386139,0.29304566216831684,0.19801980198019797,6.0,2314.95343449997
568,0.5956755052673267,0.5204930321386139,0.29716065378217826,0.19801980198019797,5.0,2319.2301125999657
569,0.5688565817227723,0.5204930321386139,0.3151932153861386,0.17821782178217815,4.0,2332.7989822999807
570,0.5978875146237623,0.5204930321386139,0.3142241482871287,0.17821782178217815,5.0,2333.1176526999916
571,0.6244489867227723,0.5204930321386139,0.3107856203861386,0.17821782178217815,6.0,2345.151484199974
572,0.6406815352376237,0.5204930321386139,0.348998366920792,0.10891089108910879,7.0,2355.455157599994
573,0.6463027793960394,0.5204930321386139,0.29491664078217816,0.1485148514851483,8.0,2359.2116164999898
574,0.6690207004851485,0.5204930321386139,0.30991178959405935,0.1188118811881187,9.0,2362.489482599951
575,0.691565141871287,0.5204930321386139,0.3098819735544554,0.10891089108910879,10.0,2362.8802942999755
576,0.6772479764356435,0.5204930321386139,0.26586183782178213,0.1485148514851483,10.0,2364.383721499995
577,0.6731610628712871,0.5204930321386139,0.30632937970297025,0.08910891089108897,10.0,2370.306268799992
578,0.6698505461188118,0.5204930321386139,0.303018862950495,0.08910891089108897,10.0,2376.849440699967
579,0.6998505461188118,0.5204930321386139,0.303018862950495,0.08910891089108897,11.0,2378.5958806999843
580,0.6488267461188117,0.5204930321386139,0.30456932037623763,0.09900990099009888,9.0,2384.226021599956
581,0.6241094716930693,0.5204930321386139,0.30985204595049504,0.09900990099009888,8.0,2390.898741199984
582,0.6487573824851485,0.5204930321386139,0.3044999567425743,0.09900990099009888,9.0,2391.9884271000046
583,0.6467740335742573,0.5204930321386139,0.28796215238613854,0.15841584158415833,8.0,2402.7841680999845
584,0.6701090568415842,0.5204930321386139,0.2812971756534653,0.15841584158415833,9.0,2403.2392411999754
585,0.7023332824950494,0.5204930321386139,0.2466897181386139,0.2475247524752474,9.0,2408.522857899952
586,0.7023332824950494,0.5204930321386139,0.2466897181386139,0.2475247524752474,9.0,2408.7182463000063
587,0.6772429571089109,0.5204930321386139,0.24417365017821785,0.2574257425742572,8.0,2409.910299899988
588,0.7046946146039603,0.5204930321386139,0.24905105024752477,0.2475247524752473,9.0,2410.5330966999754
589,0.5461251757128712,0.5204930321386139,0.3150360668019802,0.18811881188118806,3.0,2427.595021499961
590,0.5199223052475248,0.5199223052475248,0.3188331963366337,0.18811881188118817,2.0,2443.5425179000013
591,0.5296330110792079,0.5199223052475248,0.2394349912772277,0.30693069306930687,2.0,2452.4337989999913
592,0.5515759356930693,0.5199223052475248,0.34276405450495046,0.15841584158415833,3.0,2461.6385391000076
593,0.5570456799306931,0.5199223052475248,0.31823379874257424,0.15841584158415833,4.0,2464.5476050999714
594,0.577414429930693,0.5199223052475248,0.3234540338910891,0.13861386138613851,5.0,2466.7366701999563
595,0.6023546281485148,0.5199223052475248,0.32581997468316837,0.1287128712871286,6.0,2468.1791276999866
596,0.6323546281485148,0.5199223052475248,0.3258199746831683,0.1287128712871286,7.0,2470.0921755000018
597,0.577414429930693,0.5199223052475248,0.3234540338910891,0.13861386138613851,5.0,2470.8076980999904
598,0.5841878788712872,0.5199223052475248,0.3525047105544554,0.1089108910891089,5.0,2480.739831199986
599,0.560692592990099,0.5199223052475248,0.32188071180198025,0.15841584158415845,4.0,2483.531919399975
600,0.5857034144653466,0.5199223052475248,0.3243172758514852,0.14851485148514854,5.0,2484.9027365999646
601,0.5877700541683168,0.5199223052475248,0.32608688585148515,0.1089108910891089,6.0,2485.5000648999703
602,0.6201955142673267,0.5199223052475248,0.3210866033762376,0.1188118811881188,7.0,2488.041788099974
603,0.6351132034752476,0.5199223052475248,0.34313300545544556,0.06930693069306937,8.0,2489.5701837999513
604,0.6436061392178217,0.5199223052475248,0.3222200006039604,0.14851485148514854,7.0,2490.7362501999596
605,0.6618253955544555,0.5199223052475248,0.31043925694059404,0.14851485148514842,8.0,2494.0053448999533
606,0.6811636247920793,0.5199223052475248,0.29235174360396043,0.15841584158415833,9.0,2496.839939299971
607,0.6803248786831684,0.5199223052475248,0.2915129974950495,0.15841584158415833,9.0,2497.6390231999685
608,0.6732676686831683,0.5199223052475248,0.3141587577920792,0.1188118811881187,9.0,2500.547317199991
609,0.6614234221188119,0.5199223052475248,0.3097402538019802,0.10891089108910879,9.0,2502.447950999951
610,0.6604140540000001,0.5199223052475248,0.3087308856831683,0.10891089108910879,9.0,2502.947158999974
611,0.6666043289900991,0.5199223052475248,0.30006967552475255,0.1287128712871286,9.0,2503.8207436999655
612,0.6940341822574259,0.5199223052475248,0.29749952879207925,0.1287128712871286,10.0,2505.9852144999895
613,0.6905719533465347,0.5199223052475248,0.3237402701782179,0.08910891089108897,10.0,2507.033596699999
614,0.6163711872970297,0.5199223052475248,0.3395395041287128,0.08910891089108897,7.0,2511.2503123999923
615,0.6165668019306931,0.5199223052475248,0.317457891039604,0.1188118811881187,7.0,2514.271760099975
616,0.616566056089109,0.5199223052475248,0.3174571451980198,0.1188118811881187,7.0,2514.5485985999694
617,0.6202895968019803,0.5199223052475248,0.33603217105940597,0.09900990099009888,7.0,2516.2113704999792
618,0.6445817259108911,0.5199223052475248,0.33775004274257425,0.08910891089108908,8.0,2519.140978399955
619,0.6202895968019803,0.5199223052475248,0.33603217105940597,0.09900990099009888,7.0,2522.528605700005
620,0.621582562029703,0.5199223052475248,0.3298993937128713,0.10891089108910879,7.0,2523.6598320999765
621,0.6457190708712872,0.5199223052475248,0.31661015998019804,0.1188118811881187,8.0,2524.681218099955
622,0.6444261056435644,0.5199223052475248,0.3227429373267327,0.10891089108910879,8.0,2525.673420899955
623,0.6227516316831683,0.5199223052475248,0.2645338099009901,0.2376237623762376,6.0,2531.7282573999837
624,0.596136044940594,0.5199223052475248,0.26791822315841585,0.2376237623762376,5.0,2531.982347699988
625,0.5779167886039603,0.5199223052475248,0.2796989668217822,0.2376237623762376,4.0,2538.507612799993
626,0.605206114049505,0.5199223052475248,0.2695625496930693,0.24752475247524752,5.0,2541.9646062999964
627,0.6017123375445546,0.5199223052475248,0.3700291692277228,0.1089108910891089,5.0,2547.464945799962
628,0.6034144001485149,0.5199223052475248,0.24549360806930692,0.27722772277227725,5.0,2550.144296899962
629,0.6269942814752474,0.5199223052475248,0.2687764596930693,0.2376237623762376,6.0,2550.7605014999863
630,0.6289284573366336,0.5199223052475248,0.24843340783168316,0.26732673267326734,6.0,2551.435583399958
631,0.6547747054851485,0.5199223052475248,0.2591311411287128,0.24752475247524752,7.0,2551.916428699973
632,0.6773031687524753,0.5199223052475248,0.26651108954455444,0.2277227722772277,8.0,2554.3138006999507
633,0.6751532035049504,0.5199223052475248,0.25693538172277225,0.2376237623762376,8.0,2554.9766554999514
634,0.6950142548415842,0.5199223052475248,0.3136281162277228,0.14851485148514842,9.0,2559.099213299982
635,0.7174387918415841,0.5199223052475248,0.3060526532277228,0.14851485148514842,10.0,2561.486700899957
636,0.6706386333564357,0.5199223052475248,0.3266782373168317,0.13861386138613863,8.0,2562.064530099975
637,0.6408652563267327,0.5199223052475248,0.32690486028712873,0.13861386138613863,7.0,2562.2506799999974
638,0.6393884023168317,0.5199223052475248,0.3254280062772278,0.13861386138613863,7.0,2562.8684692999814
639,0.6663106644950496,0.5199223052475248,0.32235026845544557,0.13861386138613863,8.0,2564.8805094999843
640,0.6802378834554457,0.5199223052475248,0.3062774874158416,0.13861386138613851,9.0,2566.687438599998
641,0.6959650383069307,0.5199223052475248,0.32913335513861386,0.08910891089108897,10.0,2568.0904608999845
642,0.7049932682079207,0.5199223052475248,0.3084586147425743,0.1287128712871286,10.0,2569.9337806999683
643,0.7280950373168317,0.5199223052475248,0.3461148392970297,0.06930693069306926,11.0,2571.349828699953
644,0.7053170852376237,0.5199223052475248,0.35333688721782175,0.06930693069306915,10.0,2576.3146161999903
645,0.7327986900990098,0.5199223052475248,0.3508184920792079,0.06930693069306915,11.0,2576.808251199953
646,0.7053170852376237,0.5199223052475248,0.35333688721782175,0.06930693069306915,10.0,2577.236446499999
647,0.7295954900891088,0.5199223052475248,0.3550410346435643,0.059405940594059126,11.0,2577.8135992999887
648,0.7081872002871288,0.5199223052475248,0.36363274484158414,0.059405940594059126,10.0,2582.3250642999774
649,0.6792106973564358,0.5199223052475248,0.36465624191089113,0.05940594059405924,9.0,2583.6817532999557
650,0.681477082009901,0.5199223052475248,0.3594968839900991,0.06930693069306915,9.0,2584.7350404000026
651,0.6449064242871287,0.5199223052475248,0.3455004836930694,0.07920792079207906,8.0,2589.1392118000076
652,0.659599940029703,0.5199223052475248,0.3376197420099011,0.06930693069306915,9.0,2589.747401300003
653,0.6608531504257427,0.5199223052475248,0.33144720983168324,0.07920792079207906,9.0,2590.1419202999678
654,0.6857916431782178,0.5199223052475248,0.3115342174356436,0.09900990099009888,10.0,2591.372676400002
655,0.6816368332475248,0.5199223052475248,0.3222308926534654,0.07920792079207906,10.0,2594.099253499997
656,0.6533739711287129,0.5199223052475248,0.33911654538613867,0.09900990099009888,8.0,2595.485444799997
657,0.6239731897425742,0.5199223052475248,0.33971576400000003,0.09900990099009888,7.0,2596.1326948999777
658,0.6358868874851485,0.5199223052475248,0.3439066894653466,0.06930693069306937,8.0,2597.879425399995
659,0.6231110224752475,0.5199223052475248,0.316576369009901,0.1287128712871286,7.0,2600.0501889999723
660,0.6358896571287129,0.5199223052475248,0.3219292610891089,0.13861386138613851,7.0,2600.595389199967
661,0.641113914059406,0.5199223052475248,0.3194307457425743,0.10891089108910879,8.0,2601.52269469999
662,0.6506430408811882,0.5199223052475248,0.32895987256435644,0.10891089108910879,8.0,2602.0406991000054
663,0.6326401492970297,0.5199223052475248,0.32610549583168313,0.12871287128712872,7.0,2603.5054074999643
664,0.6328952058316832,0.5199223052475248,0.32636055236633665,0.12871287128712872,7.0,2604.2358602999593
665,0.6627470277920793,0.5199223052475248,0.32621237432673267,0.12871287128712872,8.0,2604.5007672999636
666,0.6120267472871288,0.5199223052475248,0.3206406086732673,0.14851485148514842,6.0,2605.3542592999875
667,0.6140771395049505,0.5199223052475248,0.33011674346534653,0.13861386138613851,6.0,2606.350709399965
668,0.6142045846930693,0.5199223052475248,0.3673729015247525,0.08910891089108897,6.0,2608.864629699965
669,0.6363751671386139,0.5199223052475248,0.3669692265445545,0.07920792079207906,7.0,2609.157467299956
670,0.6644999696831683,0.5199223052475248,0.36509402908910893,0.07920792079207906,8.0,2610.8440430999617
671,0.6363751671386139,0.5199223052475248,0.3669692265445545,0.07920792079207906,7.0,2611.67833949998
672,0.6089604512574258,0.5199223052475248,0.3547030255148515,0.09900990099009899,6.0,2612.305819900008
673,0.5867898688118812,0.5199223052475248,0.3551067004950495,0.1089108910891089,5.0,2613.462958899967
674,0.6151863695247524,0.5199223052475248,0.35350320120792084,0.1089108910891089,6.0,2614.720309199998
675,0.5508948396633664,0.5199223052475248,0.25208295847524753,0.15841584158415845,6.0,2620.163261299953
676,0.5753470256633664,0.5199223052475248,0.26138662962376236,0.13861386138613851,7.0,2620.6332142999745
677,0.5930533549702971,0.5199223052475248,0.3084988995247525,0.05940594059405935,8.0,2724.5810452000005
678,0.5958648877128713,0.5199223052475248,0.2667559768217822,0.1188118811881188,8.0,2728.7193072999944
679,0.6235427319702971,0.5199223052475248,0.2718595636534654,0.1089108910891089,9.0,2730.6436675000004
680,0.5994949618712871,0.5199223052475248,0.24810882325742575,0.14851485148514854,8.0,2732.5373975999537
681,0.5939500077128713,0.5199223052475248,0.2425638690990099,0.14851485148514854,8.0,2735.351029499958
682,0.5652015688712871,0.5199223052475248,0.24381543025742575,0.14851485148514854,7.0,2735.5069604999735
683,0.591865862039604,0.5199223052475248,0.2404797234257426,0.14851485148514854,8.0,2737.533086099953
684,0.591865862039604,0.5199223052475248,0.2404797234257426,0.14851485148514854,8.0,2739.665255800006
685,0.5877545415445544,0.5199223052475248,0.2512198880792079,0.12871287128712872,8.0,2741.298688699957
686,0.5933702585049505,0.5199223052475248,0.24940986246534652,0.13861386138613863,8.0,2743.9964529999997
687,0.5562584040693069,0.5199223052475248,0.26457523575247527,0.10891089108910879,7.0,2747.5602819999913
688,0.5294761072376237,0.5199223052475248,0.2677929389207921,0.10891089108910879,6.0,2748.060491799959
689,0.5319930755445544,0.5199223052475248,0.23318119435643564,0.15841584158415833,6.0,2748.9046489999746
690,0.5291437717326732,0.5199223052475248,0.23805466282178217,0.18811881188118806,5.0,2753.030514299986
691,0.5487659625544554,0.5199223052475248,0.24995408136633662,0.15841584158415833,6.0,2758.2762433000025
692,0.555984385049505,0.5199223052475248,0.22746953356435642,0.19801980198019797,6.0,2767.3474028999917
693,0.5332868922277227,0.5199223052475248,0.23477204074257424,0.19801980198019797,5.0,2769.8375075999647
694,0.5352564583960395,0.5199223052475248,0.2967416069108911,0.19801980198019797,3.0,2781.1519157000002
695,0.5416913383663366,0.5199223052475248,0.31802797202970307,0.17821782178217815,3.0,2789.1671791999834
696,0.5642460443069306,0.5199223052475248,0.30315693539603955,0.18811881188118806,4.0,2797.853728499962
697,0.5547689003762375,0.5199223052475248,0.33080850433663367,0.13861386138613851,4.0,2808.956123299955
698,0.5229630891881188,0.5199223052475248,0.3135571485940594,0.07920792079207917,5.0,2815.424694699992
699,0.5774332213168317,0.5199223052475248,0.27891836983168317,0.19801980198019797,5.0,2826.688842899981
700,0.5520481331485149,0.5199223052475248,0.31264219255445547,0.07920792079207917,6.0,2830.7212453999673
701,0.5701022821980198,0.5199223052475248,0.30069634160396047,0.07920792079207917,7.0,2833.1876388999517
702,0.5989519176138614,0.5199223052475248,0.299545977019802,0.07920792079207917,8.0,2834.095048099989
703,0.6274053175445544,0.5199223052475248,0.29799937695049517,0.07920792079207917,9.0,2834.555107699998
704,0.6240905786039603,0.5199223052475248,0.3095361231584159,0.05940594059405924,9.0,2837.339470899955
705,0.5692103091881188,0.5199223052475248,0.29980436859405946,0.07920792079207917,7.0,2845.32416259998
706,0.5721603328118812,0.5199223052475248,0.3027543922178218,0.07920792079207917,7.0,2845.7540500999894
707,0.625816900930693,0.5199223052475248,0.31185650489108907,0.13861386138613851,7.0,2851.472895499959
708,0.6241255976633663,0.5199223052475248,0.3324424293465347,0.10891089108910879,7.0,2855.447846199968
709,0.6454529523168316,0.5199223052475248,0.33119552657425744,0.09900990099009888,8.0,2858.790028599964
710,0.6173027581584157,0.5199223052475248,0.3553225601386139,0.06930693069306937,7.0,2865.520946000004
711,0.6042969390495048,0.5199223052475248,0.3426137707326732,0.1089108910891089,6.0,2872.9009808999836
712,0.6042969390495048,0.5199223052475248,0.3426137707326732,0.1089108910891089,6.0,2883.3459344999865
713,0.5841847393861386,0.5199223052475248,0.3525015710693069,0.1089108910891089,5.0,2886.9435465999995
714,0.6106872954257425,0.5199223052475248,0.33415264196039607,0.1287128712871286,6.0,2890.558766699978
715,0.5691532307722772,0.5199223052475248,0.3077670921584158,0.14851485148514842,5.0,2899.2120443999884
716,0.5988319822574257,0.5199223052475248,0.33714881394059404,0.10891089108910879,6.0,2905.7533006999874
717,0.6005463506732673,0.5199223052475248,0.2794572417623762,0.18811881188118806,6.0,2910.931521899998
718,0.593009841881188,0.5199223052475248,0.323900930990099,0.1188118811881187,6.0,2915.2033374999883
719,0.6211950692475247,0.5199223052475248,0.32208615835643556,0.1188118811881187,7.0,2915.9595653999713
720,0.578778761980198,0.5199223052475248,0.2728381679207921,0.20792079207920788,5.0,2922.5964608999784
721,0.5607527565346535,0.5199223052475248,0.28481216247524754,0.20792079207920788,4.0,2925.561574799998
722,0.53871725,0.5199223052475248,0.29277665594059404,0.20792079207920788,3.0,2928.7743665999733
723,0.5525716212871288,0.5199223052475248,0.298908254950495,0.17821782178217815,4.0,2931.9526935999747
724,0.5525716212871288,0.5199223052475248,0.298908254950495,0.17821782178217815,4.0,2934.9601892000064
725,0.5525595091089108,0.5199223052475248,0.2991931724752475,0.2178217821782179,3.0,2947.3774227999966
726,0.534814115940594,0.5199223052475248,0.3260022347524752,0.15841584158415833,3.0,2954.4218476999667
727,0.5371355313861386,0.5199223052475248,0.3283236501980198,0.15841584158415833,3.0,2958.0898705999716
728,0.5570395721782178,0.5199223052475248,0.3185247206930693,0.19801980198019797,3.0,2966.3888517000014
729,0.5819262736336634,0.5199223052475248,0.2391539964059406,0.29702970297029696,4.0,2977.1768840999575
730,0.5833408944851485,0.5199223052475248,0.314826043,0.19801980198019797,4.0,2977.5973340999917
731,0.5809640985148514,0.5199223052475248,0.3273007321782178,0.17821782178217815,4.0,2984.54590789997
732,0.5485725265544554,0.5199223052475248,0.32490916021782174,0.17821782178217815,3.0,2991.089399599994
733,0.5638352447128713,0.5199223052475248,0.2953203932277228,0.19801980198019797,4.0,2996.823734399979
734,0.5485725265544554,0.5199223052475248,0.32490916021782174,0.17821782178217815,3.0,2997.5152159999707
735,0.5609015842673266,0.5199223052475248,0.3517926733762376,0.1188118811881188,4.0,3004.932320599968
736,0.5722644476336634,0.5199223052475248,0.2517693981287129,0.26732673267326723,4.0,3011.3227490999852
737,0.5368760630594058,0.5199223052475248,0.3577671521683168,0.1188118811881188,3.0,3012.097898999986
738,0.5647223685049505,0.5199223052475248,0.36303920018811875,0.1089108910891089,4.0,3018.7864732999587
739,0.5488077742475247,0.5199223052475248,0.3548473782079208,0.13861386138613874,3.0,3026.5809907999937
740,0.5418945962475248,0.5199223052475248,0.3330827150594059,0.15841584158415856,3.0,3042.500205899996
741,0.5582926573366337,0.5199223052475248,0.3120550335742574,0.16831683168316836,4.0,3042.9313791999593
742,0.5422391368316831,0.5199223052475248,0.31115002792079205,0.18811881188118806,3.0,3053.1016939999536
743,0.5400013061386139,0.5199223052475248,0.3237636823762376,0.16831683168316824,3.0,3054.1433893999783
744,0.5534900920792079,0.5199223052475248,0.3518069237623762,0.10891089108910879,4.0,3064.140114199952
745,0.5258410757425742,0.5199223052475248,0.33217770940594055,0.17821782178217815,2.0,3064.5809270999744
746,0.5273893176633664,0.5199223052475248,0.3708546641980198,0.1287128712871286,2.0,3079.3271005999995
747,0.5521874357821782,0.5199223052475248,0.3656527823168317,0.1287128712871286,3.0,3080.397286099964
748,0.5748998132079208,0.5199223052475248,0.36579090231683165,0.1188118811881187,4.0,3081.275779299962
749,0.5383534834059406,0.5199223052475248,0.3069673447920792,0.14851485148514854,4.0,3086.757681599993
750,0.5614853295445544,0.5199223052475248,0.3149506760792079,0.12871287128712872,5.0,3089.029242599965
751,0.5844775263762376,0.5199223052475248,0.3376458432079208,0.08910891089108908,6.0,3091.7640981999575
752,0.5787672426336634,0.5199223052475248,0.30965833174257423,0.1188118811881188,6.0,3098.9297527999734
753,0.5824136455049505,0.5199223052475248,0.3133047346138614,0.1188118811881187,6.0,3101.444595299952
754,0.6062695639207921,0.5199223052475248,0.3145863956039604,0.10891089108910879,7.0,3102.745452400006
755,0.6115713565940594,0.5199223052475248,0.3198881882772277,0.10891089108910879,7.0,3105.8757684999728
756,0.5860088557029703,0.5199223052475248,0.31689994481188116,0.1188118811881187,6.0,3108.1815126999863
757,0.5710917700594059,0.5199223052475248,0.3468343443168317,0.09900990099009888,5.0,3111.152083599998
758,0.597528423059406,0.5199223052475248,0.34327099731683164,0.09900990099009888,6.0,3115.3922300999984
759,0.5977813755445545,0.5199223052475248,0.34352394980198014,0.09900990099009888,6.0,3115.7537254999625
760,0.574459544910891,0.5199223052475248,0.3502021191683168,0.09900990099009899,5.0,3117.804847499996
761,0.5988285388118811,0.5199223052475248,0.3445711130693069,0.09900990099009888,6.0,3118.395443199959
762,0.5834407239207922,0.5199223052475248,0.3740347833267327,0.07920792079207917,5.0,3125.889797599986
763,0.5929309881287128,0.5199223052475248,0.3835250475346534,0.07920792079207906,5.0,3133.385950099968
764,0.5661005115841584,0.5199223052475248,0.3495658581188118,0.12871287128712872,4.0,3152.101369799988
765,0.5562133133168317,0.5199223052475248,0.2802727192574258,0.207920792079208,4.0,3162.952186199953
766,0.582611435,0.5199223052475248,0.3063738112376238,0.16831683168316836,5.0,3164.3748509999714
767,0.602302072029703,0.5199223052475248,0.33319316113861386,0.1188118811881188,6.0,3171.4536631999654
768,0.599232576910891,0.5199223052475248,0.3078464382970297,0.14851485148514854,6.0,3173.3935146000003
769,0.6254439272673267,0.5199223052475248,0.31148353122772277,0.13861386138613851,7.0,3174.586972799967
770,0.6002967542376236,0.5199223052475248,0.3089106156237624,0.14851485148514842,6.0,3175.77533569996
771,0.6294036201089108,0.5199223052475248,0.3302947092178217,0.1188118811881188,7.0,3177.2924572000047
772,0.6263778012178217,0.5199223052475248,0.3198431477524752,0.1287128712871286,7.0,3178.4907994999667
773,0.6542764834257424,0.5199223052475248,0.3251675725346534,0.1188118811881187,8.0,3178.9993501999998
774,0.6273022107623761,0.5199223052475248,0.3133418147227723,0.13861386138613851,7.0,3180.769762299955
775,0.5925562605742574,0.5199223052475248,0.2266156665148515,0.20792079207920788,7.0,3187.1086338000023
776,0.621555319029703,0.5199223052475248,0.2404662101188119,0.18811881188118806,8.0,3188.2000003999565
777,0.6447443000792079,0.5199223052475248,0.2633581614653465,0.14851485148514865,9.0,3190.742338399985
778,0.6647955733465346,0.5199223052475248,0.2682609198811881,0.12871287128712883,10.0,3194.826684199972
779,0.6921914850495048,0.5199223052475248,0.2805083167326732,0.10891089108910901,11.0,3196.116937999963
780,0.6416065922970297,0.5199223052475248,0.24536896853465348,0.16831683168316824,9.0,3198.6701882999623
781,0.6689207251683167,0.5199223052475248,0.23525735883168317,0.17821782178217815,10.0,3200.049940099998
782,0.6716065922970296,0.5199223052475248,0.24536896853465345,0.16831683168316824,10.0,3201.5741449999623
783,0.700631514990099,0.5199223052475248,0.24439389122772276,0.16831683168316824,11.0,3202.0004538999638
784,0.6695967154059406,0.5199223052475248,0.23593334906930696,0.17821782178217815,10.0,3203.4839482999523
785,0.6405976569504951,0.5199223052475248,0.22208280546534656,0.19801980198019797,9.0,3204.4025222999626
786,0.6422865397623763,0.5199223052475248,0.2163459457029703,0.20792079207920788,9.0,3207.4287160999957
787,0.6671092745346534,0.5199223052475248,0.22602016562376243,0.18811881188118806,10.0,3208.103878199996
788,0.6589610555643564,0.5199223052475248,0.2327234318019802,0.16831683168316836,10.0,3211.3217694999767
789,0.6328868626435644,0.5199223052475248,0.24407498145544554,0.15841584158415856,9.0,3213.118749199959
790,0.6058021503663367,0.5199223052475248,0.232138784029703,0.17821782178217815,8.0,3219.028321699996
791,0.6333383995940595,0.5199223052475248,0.2371007758316832,0.16831683168316824,9.0,3220.7981704999693
792,0.6305726701188119,0.5199223052475248,0.23433504635643565,0.16831683168316824,9.0,3222.1754653999815
793,0.634663676069307,0.5199223052475248,0.23842605230693073,0.16831683168316824,9.0,3222.7506018999848
794,0.6145027451188119,0.5199223052475248,0.24083937878217826,0.17821782178217815,8.0,3225.2377053999808
795,0.6382638464554455,0.5199223052475248,0.23460048011881196,0.17821782178217815,9.0,3228.6989857999724
796,0.6031727855148514,0.5199223052475248,0.23723219145544555,0.20792079207920788,7.0,3232.363649100007
797,0.5751826624059406,0.5199223052475248,0.24666781092079204,0.19801980198019797,6.0,3234.85665599996
798,0.608884883881188,0.5199223052475248,0.2803700323960396,0.19801980198019797,6.0,3239.813327299955
799,0.5800233581782178,0.5199223052475248,0.2740827641188119,0.20792079207920788,5.0,3240.321408799966
800,0.6025630104455446,0.5199223052475248,0.2666224163861386,0.20792079207920788,6.0,3242.0438694999903
801,0.6294794136732673,0.5199223052475248,0.2709645621881188,0.19801980198019797,7.0,3242.392774100008
802,0.6573779810297029,0.5199223052475248,0.26886312954455444,0.19801980198019797,8.0,3243.082793199981
803,0.6294136586633663,0.5199223052475248,0.2783245497524753,0.18811881188118806,7.0,3245.3415284999646
804,0.6344522094752475,0.5199223052475248,0.3353432985841584,0.1188118811881187,7.0,3252.9303732999833
805,0.602461789990099,0.5199223052475248,0.3556301068217822,0.08910891089108908,6.0,3258.5897675000015
806,0.6320036908613862,0.5199223052475248,0.35517200769306934,0.08910891089108908,7.0,3260.3842690999736
807,0.5750309771089109,0.5199223052475248,0.3581992939405941,0.08910891089108908,5.0,3262.3325016999734
808,0.604456131960396,0.5199223052475248,0.3576244487920793,0.08910891089108908,6.0,3262.6453298999695
809,0.6039667894851486,0.5199223052475248,0.3571351063168317,0.08910891089108908,6.0,3263.4411863999558
810,0.6113776509207921,0.5199223052475248,0.30514002715841587,0.16831683168316824,6.0,3266.7969484999776
811,0.5892765989306931,0.5199223052475248,0.32789046031683167,0.14851485148514842,5.0,3274.0576847000048
812,0.5727973812376237,0.5199223052475248,0.33398550004950495,0.15841584158415833,4.0,3274.5275516999536
813,0.5659592028316832,0.5199223052475248,0.2603156384752475,0.2475247524752474,4.0,3289.5572780999937
814,0.535612601069307,0.5199223052475248,0.2893749773069307,0.16831683168316824,4.0,3296.505588500004
815,0.504780253990099,0.504780253990099,0.30339411537623756,0.14851485148514842,3.0,3302.4841207999852
816,0.5309831244554455,0.504780253990099,0.2995969858415841,0.14851485148514842,4.0,3305.709430399991
817,0.5258144278514851,0.504780253990099,0.2944282892376237,0.14851485148514842,4.0,3310.781407099974
818,0.5469379124554455,0.504780253990099,0.2707002886930693,0.16831683168316824,5.0,3313.664813399955
819,0.5531285607227723,0.504780253990099,0.28431667953465345,0.15841584158415845,5.0,3315.0673191999667
820,0.5527665093762376,0.504780253990099,0.27652888561386135,0.16831683168316824,5.0,3317.500379999983
821,0.56270574109901,0.504780253990099,0.3090423747623762,0.17821782178217815,4.0,3330.3666272999835
822,0.5548393505445545,0.504780253990099,0.29345321193069307,0.14851485148514842,5.0,3331.9571079000016
823,0.5369964294158416,0.504780253990099,0.2533330630792079,0.17821782178217815,5.0,3336.100419299968
824,0.504780253990099,0.504780253990099,0.30339411537623756,0.14851485148514842,3.0,3340.129924699955
825,0.5330049329207921,0.504780253990099,0.30161879430693067,0.14851485148514842,4.0,3342.378774599987
826,0.5271360843168316,0.504780253990099,0.29574994570297025,0.14851485148514854,4.0,3344.1121886000037
827,0.5320943868613861,0.504780253990099,0.2932825056732673,0.15841584158415845,4.0,3345.472984699998
828,0.5492966484158416,0.504780253990099,0.3182075395049505,0.18811881188118806,3.0,3352.7306432999903
829,0.5563656075643565,0.504780253990099,0.31785075607920793,0.19801980198019797,3.0,3360.495320899994
830,0.5383339288613861,0.504780253990099,0.33694779024752475,0.14851485148514842,3.0,3370.384028100001
831,0.481672901910891,0.481672901910891,0.3028610207227722,0.15841584158415833,2.0,3377.3571051000035
832,0.5241910684455446,0.481672901910891,0.31567621696039605,0.19801980198019797,2.0,3384.6433793999604
833,0.5102446261386138,0.481672901910891,0.301432744950495,0.15841584158415833,3.0,3389.1352875999874
834,0.5167742646039604,0.481672901910891,0.33796238341584156,0.15841584158415845,2.0,3398.3843251999933
835,0.5037194474752474,0.481672901910891,0.2949075662871286,0.15841584158415845,3.0,3401.18405349995
836,0.511351907831683,0.481672901910891,0.2876885414950494,0.17821782178217815,3.0,3404.0418959999806
837,0.5095946354950495,0.481672901910891,0.30078275430693063,0.15841584158415833,3.0,3406.4722413999843
838,0.4515757697128713,0.4515757697128713,0.2430609182277228,0.19801980198019797,2.0,3413.053103399987
839,0.4688281614059405,0.4515757697128713,0.24516479506930688,0.17821782178217815,3.0,3415.6481229999918
840,0.47117730634653465,0.4515757697128713,0.2549396825841584,0.16831683168316824,3.0,3418.0757957999595
841,0.5278199295049506,0.4515757697128713,0.319305078019802,0.19801980198019797,2.0,3424.98098459997
842,0.47641024664356435,0.4515757697128713,0.23789539515841587,0.19801980198019797,3.0,3430.2668686999823
843,0.47327319702970294,0.4515757697128713,0.2718870584158416,0.14851485148514842,3.0,3434.7193619000027
844,0.5002962939603961,0.4515757697128713,0.28376164049504954,0.1287128712871286,4.0,3437.8124415999628
845,0.47327319702970294,0.4515757697128713,0.2718870584158416,0.14851485148514842,3.0,3440.5251303999685
846,0.46695715679207916,0.4515757697128713,0.24329379045544555,0.17821782178217815,3.0,3444.0183445999864
847,0.41582384277227724,0.41582384277227724,0.251566417029703,0.09900990099009899,3.0,3446.8298423999804
848,0.4419176304950495,0.41582384277227724,0.2550859473267327,0.08910891089108908,4.0,3449.9430876999977
849,0.43833735574257426,0.41582384277227724,0.25150567257425743,0.08910891089108908,4.0,3452.0491560999653
850,0.44124702683168315,0.41582384277227724,0.23956385851485149,0.1089108910891089,4.0,3455.9582089000032
851,0.4673924034653465,0.41582384277227724,0.24313497772277226,0.09900990099009888,5.0,3458.428568699979
852,0.46514237861386143,0.41582384277227724,0.2408849528712871,0.09900990099009899,5.0,3460.3704185999813
853,0.4904104185148515,0.41582384277227724,0.24357873534653465,0.08910891089108908,6.0,3460.7508743999642
854,0.43971919455445546,0.41582384277227724,0.2528875113861387,0.08910891089108908,4.0,3462.8484113999875
855,0.46514237861386143,0.41582384277227724,0.2408849528712871,0.09900990099009899,5.0,3466.7082630999503
856,0.41582384277227724,0.41582384277227724,0.251566417029703,0.09900990099009899,3.0,3468.9517632999923
857,0.4335920627722772,0.41582384277227724,0.23933463702970298,0.09900990099009899,4.0,3471.47616999998
858,0.4623729718811881,0.41582384277227724,0.23811554613861385,0.09900990099009899,5.0,3473.2504928999697
859,0.463507023960396,0.41582384277227724,0.23924959821782177,0.09900990099009899,5.0,3474.179403099988
860,0.41582384277227724,0.41582384277227724,0.251566417029703,0.09900990099009899,3.0,3476.549583899963
861,0.444236483960396,0.41582384277227724,0.2499790582178218,0.09900990099009899,4.0,3480.8611520999693
862,0.4458238427722772,0.41582384277227724,0.25156641702970295,0.09900990099009899,4.0,3482.695003599976
863,0.4758822871386138,0.41582384277227724,0.25964466337623765,0.16831683168316836,3.0,3485.830585799995
864,0.43867905298019805,0.41582384277227724,0.23699588466336632,0.1089108910891089,4.0,3488.1172899999656
865,0.4395504546534653,0.41582384277227724,0.260144514059406,0.07920792079207917,4.0,3490.586154299963
866,0.4674769282178217,0.41582384277227724,0.22896207673267327,0.19801980198019797,3.0,3493.3738242999534
867,0.4393981710891089,0.41582384277227724,0.24514074534653468,0.09900990099009899,4.0,3497.20474429999
868,0.5298317554455446,0.41582384277227724,0.3210198742574258,0.15841584158415833,3.0,3504.6604130999767
869,0.4393981710891089,0.41582384277227724,0.24514074534653468,0.09900990099009899,4.0,3508.766766499961
870,0.4395504546534653,0.41582384277227724,0.260144514059406,0.07920792079207917,4.0,3511.439631999994
871,0.4640604023762376,0.41582384277227724,0.2769316895049505,0.04950495049504955,5.0,3513.2090703999856
872,0.49313708366336634,0.41582384277227724,0.2760083707920792,0.04950495049504944,6.0,3514.418511900003
873,0.5191709885544554,0.41582384277227724,0.2720422756831683,0.04950495049504944,7.0,3515.7316146999947
874,0.5208075819405941,0.41582384277227724,0.2811046116435644,0.03960396039603964,7.0,3518.1494402999524
875,0.5505565377821782,0.41582384277227724,0.2808535674851485,0.03960396039603964,8.0,3518.6383607999887
876,0.5202536163366337,0.41582384277227724,0.28055064603960395,0.03960396039603964,7.0,3520.585967399995
877,0.51974556009901,0.41582384277227724,0.2577653620792079,0.06930693069306937,7.0,3522.2562772999518
878,0.54974556009901,0.41582384277227724,0.2577653620792079,0.06930693069306937,8.0,3522.622463299951
879,0.5507589109108911,0.41582384277227724,0.30363019803960395,0.04950495049504944,7.0,3528.9534878999693
880,0.5444435294455445,0.41582384277227724,0.26048313340594065,0.13861386138613863,6.0,3532.625876199978
881,0.4957436686138614,0.41582384277227724,0.2637634705940594,0.06930693069306937,6.0,3534.0284042999847
882,0.5234810682178218,0.41582384277227724,0.2615008701980198,0.06930693069306937,7.0,3534.975469900004
883,0.4961458302673267,0.41582384277227724,0.25673988967326733,0.07920792079207917,6.0,3537.653213099984
884,0.5241437887524752,0.41582384277227724,0.2547378481584158,0.07920792079207917,7.0,3538.6307712999987
885,0.553423975980198,0.41582384277227724,0.2614437779603961,0.06930693069306926,8.0,3541.2873129000072
886,0.5736392113267328,0.41582384277227724,0.25165901330693075,0.06930693069306926,9.0,3542.991305399977
887,0.627117479950495,0.41582384277227724,0.29771153935643563,0.07920792079207928,9.0,3545.659447299957
888,0.6152335964851485,0.41582384277227724,0.27097617074257424,0.09900990099009899,9.0,3549.483781499963
889,0.6025580745940594,0.41582384277227724,0.25057787657425745,0.06930693069306926,10.0,3550.438808899955
890,0.5443590240990099,0.41582384277227724,0.24495308350495051,0.07920792079207917,8.0,3552.9541384999757
891,0.5511447344950495,0.41582384277227724,0.2517387939009901,0.07920792079207917,8.0,3554.7725850999705
892,0.5157233450396039,0.41582384277227724,0.24631740444554456,0.07920792079207917,7.0,3555.416282399965
893,0.5445215406831683,0.41582384277227724,0.24511560008910893,0.07920792079207917,8.0,3556.6488221999607
894,0.5170028463564356,0.41582384277227724,0.24759690576237625,0.07920792079207917,7.0,3559.2949750999687
895,0.5418625716039603,0.41582384277227724,0.25730811615841587,0.05940594059405935,8.0,3559.7714397999807
896,0.49698973061386137,0.41582384277227724,0.25758379001980203,0.07920792079207917,6.0,3561.505678799993
897,0.4966614194059406,0.41582384277227724,0.25725547881188116,0.07920792079207917,6.0,3563.001392200007
898,0.4685507699009901,0.41582384277227724,0.2591448293069307,0.07920792079207917,5.0,3564.0952359999646
899,0.4638698038019803,0.41582384277227724,0.26961237805940597,0.0990099009900991,4.0,3572.862119700003
900,0.4679268864851486,0.41582384277227724,0.2736694607425743,0.0990099009900991,4.0,3573.166165899951
901,0.4880684304455446,0.41582384277227724,0.25638526212871293,0.1089108910891089,5.0,3574.67956389999
902,0.5684437834752475,0.41582384277227724,0.3296319022871287,0.15841584158415833,4.0,3586.089773399988
903,0.5736623257920792,0.41582384277227724,0.3868306426237624,0.08910891089108919,4.0,3606.710005400004
904,0.46550978568316836,0.41582384277227724,0.2712523599405941,0.0990099009900991,4.0,3606.9897505999543
905,0.49291814528712874,0.41582384277227724,0.27608646211881194,0.08910891089108919,5.0,3613.434682699968
906,0.49339776152475256,0.41582384277227724,0.2691403357821783,0.0990099009900991,5.0,3619.3879587999545
907,0.4822734387524753,0.41582384277227724,0.2951447258811882,0.04950495049504955,5.0,3620.6580837999936
908,0.5023984695445545,0.41582384277227724,0.3001212418217822,0.02970297029702973,6.0,3625.9615248999908
909,0.4904993891485149,0.41582384277227724,0.2736677059801981,0.08910891089108908,5.0,3628.6800631999504
910,0.5194983531782178,0.41582384277227724,0.2726666700099011,0.08910891089108919,6.0,3630.364101999963
911,0.5443372248613861,0.41582384277227724,0.2897827694158416,0.05940594059405946,7.0,3635.3429799999576
912,0.5108778885544554,0.41582384277227724,0.2714719479603961,0.07920792079207928,6.0,3637.4622921999544
913,0.5332377982574258,0.41582384277227724,0.2712576002376238,0.06930693069306937,7.0,3642.78275329998
914,0.4836368781980198,0.41582384277227724,0.27423093760396045,0.07920792079207928,5.0,3643.000115700008
915,0.4632583787920792,0.41582384277227724,0.27642669562376243,0.08910891089108919,4.0,3645.4947980999714
916,0.4917329606732673,0.41582384277227724,0.2749012775049505,0.08910891089108919,5.0,3650.1903347999905
917,0.46171795819801986,0.41582384277227724,0.3045892453267327,0.04950495049504955,4.0,3652.693605599983
918,0.4856188068118812,0.41582384277227724,0.3207673216633663,0.01980198019801982,5.0,3657.7218807999743
919,0.48407786790099017,0.41582384277227724,0.3043748976039604,0.03960396039603964,5.0,3663.237660499988
920,0.5832454443465346,0.41582384277227724,0.32928504830693067,0.13861386138613851,5.0,3671.6995128999697
921,0.5873106889009901,0.41582384277227724,0.26651860969306934,0.2277227722772277,5.0,3682.481321999978
922,0.4904895697821782,0.41582384277227724,0.3030638272079208,0.00990099009900991,6.0,3686.010086699971
923,0.46171795819801986,0.41582384277227724,0.3045892453267327,0.04950495049504955,4.0,3692.240835500008
924,0.4767804614653466,0.41582384277227724,0.30450323374257426,0.02970297029702973,5.0,3696.3249079999514
925,0.48960593403960406,0.41582384277227724,0.3024772211683169,0.04950495049504955,5.0,3702.071023800003
926,0.5578527689009901,0.41582384277227724,0.30418940256435645,0.17821782178217815,4.0,3713.9204465000075
927,0.44291377908910895,0.41582384277227724,0.28578506621782185,0.04950495049504955,4.0,3715.7137499999953
928,0.4589115880000001,0.41582384277227724,0.2940601028514852,0.01980198019801993,5.0,3720.504631399992
929,0.4668179606732673,0.41582384277227724,0.30939221809900996,0.00990099009900991,5.0,3725.469375099987
930,0.4382687753267327,0.41582384277227724,0.27401134958415846,0.0990099009900991,3.0,3727.939458399953
931,0.4454670167128713,0.41582384277227724,0.2660610761188119,0.07920792079207928,4.0,3729.5780479999958
932,0.471565673980198,0.41582384277227724,0.2695854759603961,0.06930693069306937,5.0,3729.98631269997
933,0.46672767800000003,0.41582384277227724,0.2870247077029704,0.03960396039603953,5.0,3734.129860099987
934,0.5702435611881187,0.41582384277227724,0.3165801948514851,0.17821782178217815,4.0,3740.4482416999526
935,0.4734221595049505,0.41582384277227724,0.27144196148514854,0.06930693069306937,5.0,3740.9648702999693
936,0.4691539011683168,0.41582384277227724,0.26717370314851485,0.06930693069306926,5.0,3747.058406199969
937,0.4691733898613861,0.41582384277227724,0.30461893441584165,0.05940594059405946,4.0,3752.1054478999577
938,0.4749790767128713,0.41582384277227724,0.2655731361188119,0.07920792079207928,5.0,3756.308996899985
939,0.4697410494851485,0.41582384277227724,0.2826123366138614,0.04950495049504955,5.0,3762.0012675999897
940,0.47216315295049505,0.41582384277227724,0.29246018265346535,0.03960396039603953,5.0,3767.2150121000013
941,0.4686871638019803,0.41582384277227724,0.2667069657821783,0.06930693069306937,5.0,3767.643290899985
942,0.49868716380198025,0.41582384277227724,0.2667069657821783,0.06930693069306937,6.0,3768.0992970999796
943,0.4955988759702971,0.41582384277227724,0.26361867795049515,0.06930693069306937,6.0,3776.3837641999708
944,0.49716174568316834,0.41582384277227724,0.2651815476633663,0.06930693069306937,6.0,3786.8920193999656
945,0.4734221595049505,0.41582384277227724,0.27144196148514854,0.06930693069306937,5.0,3787.460527599964
946,0.527879798009901,0.41582384277227724,0.31877088711881185,0.1188118811881188,4.0,3796.3826654999866
947,0.4812421021584159,0.41582384277227724,0.2718361615643565,0.07920792079207928,5.0,3798.2739019999863
948,0.45391095057425745,0.41582384277227724,0.2745050099801981,0.07920792079207928,4.0,3798.6700742999674
949,0.4763398550297031,0.41582384277227724,0.27435965700990106,0.06930693069306937,5.0,3804.494021099992
950,0.476386210079208,0.41582384277227724,0.274406012059406,0.06930693069306937,5.0,3808.8147992999875
951,0.4545173556435644,0.41582384277227724,0.2825371576237624,0.06930693069306937,4.0,3814.987197899958
952,0.5691289681980198,0.41582384277227724,0.3228913444356435,0.16831683168316824,4.0,3825.3141709999763
953,0.4711227633663366,0.41582384277227724,0.28399405049504955,0.04950495049504955,5.0,3828.3942953999504
954,0.47624838970297034,0.41582384277227724,0.2891196768316832,0.04950495049504955,5.0,3829.5944564999663
955,0.49782346079207923,0.41582384277227724,0.3029719756435644,0.01980198019801982,6.0,3831.2691540999804
956,0.5095895875247525,0.41582384277227724,0.30018364693069305,0.07920792079207928,5.0,4604.156060999958
957,0.5014340327722773,0.41582384277227724,0.29173106247524755,0.03960396039603964,6.0,4607.036675499985
958,0.5037142543762376,0.41582384277227724,0.2865855415049505,0.04950495049504955,6.0,4608.729344499996
959,0.5014340327722773,0.41582384277227724,0.29173106247524755,0.03960396039603964,6.0,4610.200377299974
960,0.5048582722277228,0.41582384277227724,0.2877295593564357,0.04950495049504955,6.0,4612.005293299968
961,0.5577558536633663,0.41582384277227724,0.31864694277227723,0.11881188118811892,5.0,4618.1589910999755
962,0.4551756858415842,0.41582384277227724,0.2831954878217822,0.06930693069306937,4.0,4620.013365799969
963,0.46743609697029703,0.41582384277227724,0.2806044138019802,0.08910891089108919,4.0,4625.320683799975
964,0.46484277063366336,0.41582384277227724,0.27801108746534653,0.08910891089108919,4.0,4628.8660747999675
965,0.4669145684158416,0.41582384277227724,0.2726571426732674,0.09900990099009899,4.0,4633.913582799956
966,0.49127890257425744,0.41582384277227724,0.2892987045544555,0.06930693069306937,5.0,4635.685597999953
967,0.49155216495049514,0.41582384277227724,0.2747204817821783,0.08910891089108919,5.0,4637.1041551999515
968,0.5317310094059406,0.41582384277227724,0.3226220985148515,0.1188118811881188,4.0,4643.288452299952
969,0.4672091254653466,0.41582384277227724,0.27295169972277233,0.09900990099009899,4.0,4649.554362399969
970,0.49096245150495055,0.41582384277227724,0.3038337386336634,0.04950495049504955,5.0,4651.276595000003
971,0.49219872893069316,0.41582384277227724,0.27536704576237625,0.08910891089108919,5.0,4653.244179299974
972,0.48058200506930704,0.41582384277227724,0.278601807049505,0.06930693069306937,5.0,4654.415081199957
973,0.4643878814356436,0.41582384277227724,0.2775561982673267,0.08910891089108908,4.0,4662.396725300001
974,0.49190639303960393,0.41582384277227724,0.2750747098712871,0.08910891089108908,5.0,4663.763610299968
975,0.4395887195445545,0.41582384277227724,0.27533129380198024,0.09900990099009899,3.0,4668.604576199956
976,0.4679575764752475,0.41582384277227724,0.2959773784554456,0.06930693069306926,4.0,4670.498922800005
977,0.46391932914851486,0.41582384277227724,0.28451338855445546,0.07920792079207917,4.0,4671.770619399962
978,0.5468102574158415,0.41582384277227724,0.35284986137623764,0.13861386138613851,3.0,4681.165893099969
979,0.49107858122772274,0.41582384277227724,0.2890983832079208,0.06930693069306926,5.0,4681.795235599973
980,0.4878689877623762,0.41582384277227724,0.28588878974257426,0.06930693069306926,5.0,4682.541210700001
981,0.47218512548514857,0.41582384277227724,0.27763067003960396,0.05940594059405935,5.0,4683.217103999981
982,0.4926062387623763,0.41582384277227724,0.2832002981683169,0.07920792079207917,5.0,4684.955825599958
983,0.48271946480198025,0.41582384277227724,0.25846203905940596,0.09900990099009899,5.0,4686.33971489995
984,0.48863849697029704,0.41582384277227724,0.30150978409900986,0.04950495049504933,5.0,4689.577049799962
985,0.49362150518811887,0.41582384277227724,0.28421556459405944,0.07920792079207906,5.0,4693.211687899951
986,0.49328218617821784,0.41582384277227724,0.28387624558415836,0.07920792079207917,5.0,4697.304706899973
987,0.4557338472277228,0.41582384277227724,0.2911793917821782,0.05940594059405924,4.0,4700.508136599965
988,0.4848133078217822,0.41582384277227724,0.29025885237623766,0.05940594059405924,5.0,4701.32669019996
989,0.48573384722772284,0.41582384277227724,0.2911793917821782,0.05940594059405935,5.0,4703.468447199964
990,0.4745339828811882,0.41582384277227724,0.2651280422871287,0.07920792079207906,5.0,4705.0910837999545
991,0.4783081046534654,0.41582384277227724,0.2911793917821782,0.04950495049504933,5.0,4706.310475899954
992,0.4750828204950496,0.41582384277227724,0.2879541076237624,0.04950495049504933,5.0,4706.969989799953
993,0.48573384722772284,0.41582384277227724,0.2911793917821782,0.05940594059405935,5.0,4708.824202799995
994,0.4750828204950496,0.41582384277227724,0.2879541076237624,0.04950495049504933,5.0,4709.400090499956
995,0.4732501912970297,0.41582384277227724,0.2861214784257426,0.04950495049504955,5.0,4710.2612529000035
996,0.5249024782475247,0.41582384277227724,0.3157935673564356,0.11881188118811892,4.0,4718.183096699999
997,0.4822972003960396,0.41582384277227724,0.30259423009900993,0.03960396039603942,5.0,4718.966434000002
998,0.45167018009900994,0.41582384277227724,0.30939295237623765,0.02970297029702973,4.0,4720.218678299978
999,0.44630194148514857,0.41582384277227724,0.281747486039604,0.05940594059405946,4.0,4721.916448500007
1000,0.4538219407425743,0.41582384277227724,0.311544713019802,0.02970297029702973,4.0,4723.847165099985
