Iteration,obj,obj_bound,cost,loss,comp,time
1,0.7516533612673268,0.729798366960396,0.3051187078019802,0.12871287128712872,7.0,3.4234026999911293
2,0.7116040059108912,0.7116040059108912,0.31506935244554457,0.12871287128712883,6.0,3.711450500006322
3,0.759498579049505,0.7116040059108912,0.3129639255841584,0.1287128712871286,7.0,4.8950624000281096
4,0.7727691615346535,0.7116040059108912,0.3188087654950495,0.13861386138613851,7.0,5.425516900024377
5,0.7702847846039604,0.7116040059108912,0.26434419054455444,0.20792079207920788,7.0,11.892036799981724
6,0.7211604733168318,0.7116040059108912,0.26521987925742574,0.20792079207920788,6.0,12.14791180001339
7,0.6732659001782179,0.6732659001782179,0.2673253061188119,0.20792079207920788,5.0,13.173896200023592
8,0.7177006348316832,0.6732659001782179,0.29146301106930694,0.16831683168316824,6.0,15.12490950000938
9,0.6703376204752475,0.6703376204752475,0.3015257392871287,0.15841584158415833,5.0,21.011821100022644
10,0.6968989379009901,0.6703376204752475,0.3503642844356436,0.1287128712871286,5.0,31.32925960002467
11,0.690366834039604,0.6703376204752475,0.34383218057425746,0.1287128712871286,5.0,33.227063700032886
12,0.7035624148316831,0.6703376204752475,0.3570277613663366,0.1287128712871286,5.0,34.33420500002103
13,0.7429735921584159,0.6703376204752475,0.36129042384158416,0.1089108910891089,6.0,40.849043300026096
14,0.6968736865445544,0.6703376204752475,0.36519051822772275,0.10891089108910901,5.0,49.938811799976975
15,0.7315300884257426,0.6703376204752475,0.3127182072376238,0.15841584158415856,6.0,52.976922300003935
16,0.7739771003069307,0.6703376204752475,0.32001670426732676,0.13861386138613874,7.0,54.06494549999479
17,0.7710690913960396,0.6703376204752475,0.3096829527821782,0.14851485148514842,7.0,61.58789239998441
18,0.7778760256534654,0.6703376204752475,0.316489887039604,0.14851485148514842,7.0,62.18223229999421
19,0.7630562565445544,0.6703376204752475,0.32394734565346534,0.1188118811881187,7.0,67.90332669997588
20,0.7151284288217823,0.6703376204752475,0.33344526050495055,0.1089108910891089,6.0,73.32341900002211
21,0.6958028185346535,0.6703376204752475,0.2769909373465347,0.15841584158415845,6.0,75.64591979997931
22,0.6505185994554455,0.6505185994554455,0.2668552331188119,0.17821782178217815,5.0,76.7423072999809
23,0.6938605084653465,0.6505185994554455,0.2899001124257426,0.13861386138613863,6.0,78.53306169999996
24,0.7438605084653465,0.6505185994554455,0.2899001124257426,0.13861386138613851,7.0,79.5892663000268
25,0.7919765786336634,0.6505185994554455,0.3028676677425743,0.1188118811881187,8.0,80.31745780003257
26,0.8363895039108911,0.6505185994554455,0.30470633559405946,0.10891089108910879,9.0,81.32495650002966
27,0.8829095202475248,0.6505185994554455,0.30122635193069314,0.10891089108910879,10.0,81.96891290001804
28,0.8881631481287129,0.6505185994554455,0.2247968114950495,0.21782178217821757,10.0,88.93147519999184
29,0.9379745579108911,0.6505185994554455,0.22460822127722768,0.21782178217821757,11.0,89.53533869999228
30,0.9344690066534654,0.6505185994554455,0.22110267001980194,0.21782178217821757,11.0,91.34188520000316
31,0.9347590901188119,0.6505185994554455,0.3030759218019802,0.10891089108910879,11.0,95.70533239998622
32,0.8903461648415841,0.6505185994554455,0.30123725395049505,0.1188118811881187,10.0,96.09460870001931
33,0.9384193598514852,0.6505185994554455,0.31416193410891086,0.09900990099009888,11.0,96.67253719997825
34,0.9877997067326734,0.6505185994554455,0.313542280990099,0.09900990099009888,12.0,97.28403069998603
35,0.9384193598514852,0.6505185994554455,0.31416193410891086,0.09900990099009888,11.0,98.23558139998931
36,0.9815261141089109,0.6505185994554455,0.3072686883663366,0.09900990099009888,12.0,99.90374560002238
37,0.93345291909901,0.6505185994554455,0.2943440082079208,0.11881188118811858,11.0,100.23602190002566
38,0.8836415093168316,0.6505185994554455,0.29453259842574253,0.11881188118811858,10.0,100.75582189997658
39,0.8418677772772276,0.6505185994554455,0.30275886638613864,0.1188118811881187,9.0,102.28656680003041
40,0.6663888533663367,0.6505185994554455,0.2827254870297029,0.17821782178217827,5.0,108.69984110002406
41,0.7136523514059407,0.6505185994554455,0.2799889850693069,0.17821782178217815,6.0,109.08228829997825
42,0.7604977822574258,0.6505185994554455,0.2842601584950495,0.16831683168316824,7.0,109.57226570002967
43,0.808240472158416,0.6505185994554455,0.2820028483960396,0.16831683168316824,8.0,114.38556179997977
44,0.7600622368316832,0.6505185994554455,0.2838246130693069,0.16831683168316824,7.0,115.05032209999627
45,0.7628834158613862,0.6505185994554455,0.2792200495247525,0.17821782178217815,7.0,115.59460880002007
46,0.7638621489306932,0.6505185994554455,0.2801987825940594,0.17821782178217815,7.0,116.79495740000857
47,0.7111992719009901,0.6505185994554455,0.23694184615841588,0.09900990099009888,8.0,120.66776869999012
48,0.6622517453465346,0.6505185994554455,0.23799431960396042,0.09900990099009888,7.0,121.44954719999805
49,0.614605026138614,0.614605026138614,0.24034760039603964,0.09900990099009888,6.0,121.69441270001698
50,0.6672679031683169,0.614605026138614,0.28360453683168313,0.17821782178217815,5.0,126.6221659000148
51,0.66335397219802,0.614605026138614,0.23909654645544556,0.09900990099009888,7.0,127.00255340000149
52,0.6639549321782179,0.614605026138614,0.21742027871287126,0.1287128712871286,7.0,131.68568360002246
53,0.710323608049505,0.614605026138614,0.2137889545841584,0.1287128712871286,8.0,132.469625000027
54,0.7104983332277228,0.614605026138614,0.2139636797623762,0.12871287128712872,8.0,133.40025290002814
55,0.6754911980396041,0.614605026138614,0.2660852574455445,0.07920792079207917,7.0,137.9029449999798
56,0.7167631170891091,0.614605026138614,0.2830997507524753,0.17821782178217827,6.0,144.43114639999112
57,0.766763117089109,0.614605026138614,0.2830997507524753,0.17821782178217815,7.0,144.9370568000013
58,0.7167631170891091,0.614605026138614,0.2830997507524753,0.17821782178217827,6.0,145.24356010003248
59,0.6705082371584159,0.614605026138614,0.2868448708217822,0.17821782178217815,5.0,146.0063752999995
60,0.7177632856534655,0.614605026138614,0.2840999193168317,0.17821782178217815,6.0,146.78553250001278
61,0.7177632856534655,0.614605026138614,0.2840999193168317,0.17821782178217815,6.0,147.0650605999981
62,0.6705082371584159,0.614605026138614,0.2868448708217822,0.17821782178217815,5.0,147.86134689999744
63,0.7201647335643566,0.614605026138614,0.2865013672277228,0.17821782178217815,6.0,149.58320350002032
64,0.6644213843069307,0.614605026138614,0.32531247341584163,0.1188118811881188,5.0,156.3011189000099
65,0.6146099745247524,0.614605026138614,0.3255010636336634,0.1188118811881188,4.0,156.53318269999
66,0.6116338561584158,0.6116338561584158,0.2334160343762376,0.2376237623762375,4.0,160.75238930003252
67,0.564670910059406,0.564670910059406,0.23645308827722766,0.2376237623762376,3.0,163.10798319999594
68,0.6030627862772278,0.564670910059406,0.321379617960396,0.10891089108910879,4.0,169.39378889999352
69,0.650799674980198,0.564670910059406,0.3191165066633663,0.10891089108910879,5.0,170.53486100002192
70,0.6081395455742575,0.564670910059406,0.3264563772574257,0.10891089108910879,4.0,190.1086559999967
71,0.6072551350792079,0.564670910059406,0.3181462241881188,0.1188118811881188,4.0,191.08049500000197
72,0.6172427051089109,0.564670910059406,0.3207080516435643,0.12871287128712872,4.0,197.1797635999974
73,0.6524305827128712,0.564670910059406,0.2984701866732673,0.13861386138613863,5.0,200.69629250001162
74,0.6651726391485149,0.564670910059406,0.31863798568316826,0.12871287128712872,5.0,204.36866909998935
75,0.7151726391485149,0.564670910059406,0.31863798568316826,0.12871287128712872,6.0,206.54450160003034
76,0.6694484548316831,0.564670910059406,0.2932108310693069,0.16831683168316836,5.0,207.07548790000146
77,0.6543181208613861,0.564670910059406,0.313229011950495,0.18811881188118806,4.0,214.88444990001153
78,0.6090518907623762,0.564670910059406,0.30311129670297027,0.20792079207920788,3.0,220.59831590001704
79,0.6063754344554456,0.564670910059406,0.3004348403960396,0.20792079207920788,3.0,229.28245420003077
80,0.5954674588910891,0.564670910059406,0.28952686483168316,0.20792079207920788,3.0,235.86949449998792
81,0.5530285253168317,0.5530285253168317,0.319365158980198,0.17821782178217815,2.0,244.12416050001048
82,0.5646100991089109,0.5530285253168317,0.3309467327722772,0.17821782178217827,2.0,254.06725530000404
83,0.5638535011881188,0.5530285253168317,0.32276439227722775,0.18811881188118806,2.0,263.8070716999937
84,0.5672107728712872,0.5530285253168317,0.31869592138613867,0.19801980198019797,2.0,270.9956288000103
85,0.6067213528514852,0.5530285253168317,0.37503818453465354,0.10891089108910901,3.0,278.195337800018
86,0.650312280079208,0.5530285253168317,0.3686291117623763,0.10891089108910901,4.0,279.40462629997637
87,0.6465433565445544,0.5530285253168317,0.2534740496138614,0.25742574257425743,4.0,287.87681280000834
88,0.5566849324851486,0.5530285253168317,0.28242750674257433,0.0990099009900991,4.0,293.24924590002047
89,0.6121671787524753,0.5530285253168317,0.24682064409900992,0.28712871287128716,3.0,301.93511730001774
90,0.6566641263564357,0.5530285253168317,0.24131759170297032,0.28712871287128716,4.0,302.4672946999781
91,0.6524541729009901,0.5530285253168317,0.2445333808217822,0.27722772277227725,4.0,302.9519116000156
92,0.6121671787524753,0.5530285253168317,0.24682064409900992,0.28712871287128716,3.0,303.5222927000141
93,0.63762235609901,0.5530285253168317,0.2594045343168317,0.2376237623762376,4.0,314.2259741000016
94,0.5905606429306931,0.5530285253168317,0.26234282114851487,0.2376237623762376,3.0,314.6840385000105
95,0.6383588773861386,0.5530285253168317,0.3492499664950496,0.1188118811881188,4.0,327.3967035000096
96,0.6808506718415842,0.5530285253168317,0.3491675035247525,0.1089108910891089,5.0,328.951089899987
97,0.6544862830297029,0.5530285253168317,0.28567440184158416,0.15841584158415833,5.0,337.44451649999246
98,0.6017943167425743,0.5530285253168317,0.3052596632772277,0.12871287128712872,4.0,344.10122389998287
99,0.5706788486237624,0.5530285253168317,0.309292710009901,0.14851485148514854,3.0,348.81323600001633
100,0.6108383389207921,0.5530285253168317,0.29945220030693065,0.14851485148514842,4.0,353.7947980000172
101,0.6510495673366337,0.5530285253168317,0.31936639901980196,0.1089108910891089,5.0,358.11422450002283
102,0.6660866145148515,0.5530285253168317,0.23588859471287127,0.30693069306930687,4.0,368.05510960001266
103,0.6104889099207922,0.5530285253168317,0.319399801009901,0.18811881188118806,3.0,380.53659340000013
104,0.6114713823069308,0.5530285253168317,0.32038227339603964,0.18811881188118806,3.0,380.88867180002853
105,0.5988112327326733,0.5530285253168317,0.29287063867326735,0.20792079207920788,3.0,397.09959450003225
106,0.6452635448118812,0.5530285253168317,0.28189720817821784,0.2178217821782178,4.0,401.58122569997795
107,0.6925045551683168,0.5530285253168317,0.2791382185346534,0.2178217821782178,5.0,402.769080099999
108,0.6418175984752474,0.5530285253168317,0.2635997766930693,0.2376237623762376,4.0,407.08916470000986
109,0.690719467980198,0.5530285253168317,0.2996303590693069,0.18811881188118817,5.0,410.9523644000292
110,0.7255055413168318,0.5530285253168317,0.2621392046831683,0.2178217821782179,6.0,413.09445949998917
111,0.720846635009901,0.5530285253168317,0.29460901124752475,0.16831683168316836,6.0,418.61119159997907
112,0.7650282397227723,0.5530285253168317,0.28879061596039607,0.16831683168316836,7.0,419.58572059997823
113,0.720846635009901,0.5530285253168317,0.29460901124752475,0.16831683168316836,6.0,420.0677222000086
114,0.6687528141287129,0.5530285253168317,0.3147924180891089,0.13861386138613863,5.0,427.6765727000311
115,0.7139209529405941,0.5530285253168317,0.3025348143267327,0.14851485148514854,6.0,431.01260970003204
116,0.7586261808613861,0.5530285253168317,0.319517269970297,0.1188118811881188,7.0,432.391418299987
117,0.7740461645247525,0.5530285253168317,0.314640223930693,0.07920792079207917,8.0,433.78831099998206
118,0.7293409366039605,0.5530285253168317,0.2976577682871287,0.1089108910891089,7.0,436.04116919997614
119,0.7461568304356436,0.5530285253168317,0.30704791954455446,0.1188118811881188,7.0,438.6505303999875
120,0.7307368467722772,0.5530285253168317,0.3119249655841584,0.15841584158415845,6.0,440.1173950000084
121,0.6828422736336633,0.5530285253168317,0.31403039244554454,0.15841584158415845,5.0,442.4452696000226
122,0.6944044721881187,0.5530285253168317,0.24390942268316826,0.26732673267326734,5.0,446.8361468000221
123,0.6788883512574257,0.5530285253168317,0.347205182940594,0.1089108910891089,5.0,455.15159490000224
124,0.6720795562376238,0.5530285253168317,0.33297064534653464,0.1188118811881188,5.0,458.4985860000015
125,0.678800791950495,0.5530285253168317,0.34711762363366333,0.1089108910891089,5.0,462.5807554000057
126,0.7236221137326733,0.5530285253168317,0.3196617176930693,0.13861386138613851,6.0,464.8568728999817
127,0.7721553866039604,0.5530285253168317,0.3404722182871287,0.10891089108910879,7.0,466.79233889997704
128,0.8078790264950495,0.5530285253168317,0.32619585817821783,0.10891089108910879,8.0,468.8772748999763
129,0.8051563541485149,0.5530285253168317,0.32347318583168316,0.10891089108910879,8.0,470.4080666999798
130,0.8517796413762376,0.5530285253168317,0.3200964730594059,0.10891089108910879,9.0,470.7588740999927
131,0.8486953379702971,0.5530285253168317,0.3244379122277228,0.09900990099009888,9.0,471.0820543000009
132,0.8959693517524753,0.5530285253168317,0.3142861834356436,0.10891089108910879,10.0,475.11868670000695
133,0.9369115019504951,0.5530285253168317,0.2829511059108911,0.13861386138613851,11.0,477.38011879997794
134,0.720496243990099,0.5530285253168317,0.3016843628019802,0.15841584158415833,6.0,481.41010099998675
135,0.6921436815742574,0.5530285253168317,0.3381832855346535,0.13861386138613874,5.0,493.0915248999954
136,0.7383709148613862,0.5530285253168317,0.3344105188217822,0.13861386138613863,6.0,496.9386399000068
137,0.7027493075445544,0.5530285253168317,0.33393742635643564,0.15841584158415845,5.0,506.65690439997707
138,0.7254898712079209,0.5530285253168317,0.3289552177425743,0.12871287128712872,6.0,507.2919023000286
139,0.7027493075445544,0.5530285253168317,0.33393742635643564,0.15841584158415845,5.0,509.16530380002223
140,0.7148505292079208,0.5530285253168317,0.30346439059405944,0.14851485148514842,6.0,513.7650226000114
141,0.7578674773267327,0.5530285253168317,0.2964813387128713,0.14851485148514854,7.0,515.562029600027
142,0.7485556038316832,0.5530285253168317,0.2797437226435644,0.15841584158415845,7.0,517.355911599996
143,0.713547602079208,0.5530285253168317,0.2873099783168317,0.16831683168316836,6.0,519.3959305000026
144,0.7451297398019803,0.5530285253168317,0.33374360118811885,0.14851485148514854,6.0,530.550041200011
145,0.7918229255049505,0.5530285253168317,0.33043678689108913,0.14851485148514854,7.0,535.0708336000098
146,0.7472706328316833,0.5530285253168317,0.33588449421782174,0.14851485148514854,6.0,545.7497243999969
147,0.7045163724257426,0.5530285253168317,0.29115003579207915,0.21782178217821768,5.0,559.6959152999916
148,0.7504539519603961,0.5530285253168317,0.29451335790099004,0.20792079207920777,6.0,560.1005774000078
149,0.7059710259702969,0.5530285253168317,0.2851789467623762,0.2277227722772277,5.0,561.092017100018
150,0.7059710259702969,0.5530285253168317,0.2851789467623762,0.2277227722772277,5.0,561.4470435000258
151,0.704655225079208,0.5530285253168317,0.2838631458712871,0.2277227722772277,5.0,562.4591707999934
152,0.7065633037524752,0.5530285253168317,0.2857712245445544,0.2277227722772277,5.0,563.2521708999993
153,0.6577061516732673,0.5530285253168317,0.28691407246534645,0.2277227722772277,4.0,563.4503430000041
154,0.6537332852376238,0.5530285253168317,0.2829412060297029,0.2277227722772277,4.0,564.01674739999
155,0.6604572596435643,0.5530285253168317,0.28223943786138606,0.2376237623762376,4.0,565.1588588000159
156,0.704143988009901,0.5530285253168317,0.28335190880198013,0.2277227722772277,5.0,566.0718874000013
157,0.6123921439009901,0.5530285253168317,0.3361545201386138,0.16831683168316824,3.0,577.9066180000082
158,0.6256614714257425,0.5530285253168317,0.329126817960396,0.1287128712871286,4.0,583.8527712000068
159,0.6471075775445544,0.5530285253168317,0.2688897557623762,0.2376237623762376,4.0,599.3071384999785
160,0.6005565093861386,0.5530285253168317,0.264912945029703,0.24752475247524752,3.0,599.7862904000212
161,0.6449344768118812,0.5530285253168317,0.32612259562376233,0.15841584158415833,4.0,608.3615644000238
162,0.6468695356237624,0.5530285253168317,0.32805765443564355,0.15841584158415833,4.0,617.8534069000161
163,0.6103520494455446,0.5530285253168317,0.36381739598019797,0.12871287128712883,3.0,627.4662469999748
164,0.6575597519801981,0.5530285253168317,0.35359935594059405,0.13861386138613874,4.0,633.0904535999871
165,0.6513315956831685,0.5530285253168317,0.31766822934653466,0.17821782178217815,4.0,643.5584757000324
166,0.6044388474356436,0.5530285253168317,0.3133497385247525,0.18811881188118806,3.0,657.3688318000059
167,0.6156216628811881,0.5530285253168317,0.3042355242673267,0.14851485148514842,4.0,664.8905303999782
168,0.6656216628811882,0.5530285253168317,0.3042355242673267,0.14851485148514842,5.0,668.0700866000261
169,0.6156216628811881,0.5530285253168317,0.3042355242673267,0.14851485148514842,4.0,673.246625699976
170,0.6574632637920792,0.5530285253168317,0.30350286775247526,0.13861386138613851,5.0,674.3749317000038
171,0.6895783177920791,0.5530285253168317,0.30591495145544556,0.17821782178217815,5.0,683.9235882000066
172,0.7074442698316832,0.5530285253168317,0.3034838737920792,0.13861386138613851,6.0,688.9003528000321
173,0.7549101345049505,0.5530285253168317,0.30094973846534656,0.13861386138613851,7.0,695.1978751000133
174,0.8049101345049505,0.5530285253168317,0.30094973846534656,0.13861386138613863,8.0,698.2780478000059
175,0.7973452031188119,0.5530285253168317,0.3676422328217822,0.03960396039603953,8.0,701.6382718000095
176,0.8008856556237623,0.5530285253168317,0.37118268532673265,0.03960396039603953,8.0,702.424359800003
177,0.8008549931485148,0.5530285253168317,0.3711520228514852,0.03960396039603953,8.0,703.1347231999971
178,0.8310417444356435,0.5530285253168317,0.3587645167128713,0.029702970297029507,9.0,703.5600737999775
179,0.8739366594851485,0.5530285253168317,0.3368079466138614,0.04950495049504933,10.0,705.4262147999834
180,0.8310417444356435,0.5530285253168317,0.3587645167128713,0.029702970297029507,9.0,707.9803800000227
181,0.8790302958217822,0.5530285253168317,0.3567530680990099,0.029702970297029507,10.0,712.2419803999946
182,0.8310417444356435,0.5530285253168317,0.3587645167128713,0.029702970297029507,9.0,714.9528334999923
183,0.8008549931485148,0.5530285253168317,0.3711520228514852,0.03960396039603953,8.0,716.0142916999757
184,0.7681406546534654,0.5530285253168317,0.28447728831683167,0.17821782178217815,7.0,724.6437080000178
185,0.8081464316831684,0.5530285253168317,0.27448306534653466,0.17821782178217815,8.0,725.1548084000242
186,0.850089913960396,0.5530285253168317,0.2738522901980198,0.16831683168316824,9.0,730.4532524999813
187,0.8021345048118812,0.5530285253168317,0.27589688104950494,0.16831683168316824,8.0,730.6184587000171
188,0.8262762677821782,0.5530285253168317,0.302018842039604,0.09900990099009899,9.0,733.2340391000034
189,0.8711247727326732,0.5530285253168317,0.30429308956435647,0.08910891089108908,10.0,733.6445459999959
190,0.911525005118812,0.5530285253168317,0.2946933219504951,0.08910891089108908,11.0,734.9346619999851
191,0.7635534802178219,0.5530285253168317,0.25018714358415844,0.2178217821782178,7.0,743.2626343999873
192,0.7648636670990099,0.5530285253168317,0.2514973304653465,0.2178217821782178,7.0,750.501366099983
193,0.807795249871287,0.5530285253168317,0.3038348538316831,0.13861386138613851,8.0,761.68077430001
194,0.857055754920792,0.5530285253168317,0.3030953588811881,0.13861386138613851,9.0,762.2448597999755
195,0.812207249970297,0.5530285253168317,0.30082111135643563,0.14851485148514842,8.0,762.5693237999803
196,0.8527840936336634,0.5530285253168317,0.2988236975940594,0.13861386138613851,9.0,763.2076600000146
197,0.8086475419405941,0.5530285253168317,0.2972614033267327,0.14851485148514842,8.0,763.6602875000099
198,0.7657543068910893,0.5530285253168317,0.2672394554059406,0.19801980198019797,7.0,768.1709829000174
199,0.8106028118415842,0.5530285253168317,0.26951370293069304,0.18811881188118806,8.0,768.4921100999927
200,0.8214425855049506,0.5530285253168317,0.272927734019802,0.19801980198019797,8.0,769.0496930999798
201,0.780827394118812,0.5530285253168317,0.25260957233663367,0.2376237623762375,7.0,776.085573600023
202,0.7221475495940595,0.5530285253168317,0.29590992583168313,0.16831683168316824,6.0,783.8273622000124
203,0.7607793474158415,0.5530285253168317,0.31424469395049504,0.12871287128712883,7.0,788.4872412999975
204,0.7221475495940595,0.5530285253168317,0.29590992583168313,0.16831683168316824,6.0,794.137349000026
205,0.7290363290990098,0.5530285253168317,0.310224447910891,0.15841584158415833,6.0,795.730134900019
206,0.7274637543465348,0.5530285253168317,0.30122613058415837,0.16831683168316836,6.0,797.5004602000117
207,0.6954708907623762,0.5530285253168317,0.2766590095742574,0.15841584158415833,6.0,801.4203635000158
208,0.7416242065049505,0.5530285253168317,0.26538658274257426,0.16831683168316824,7.0,807.1025607999763
209,0.7762557884851485,0.5530285253168317,0.26486964987128714,0.14851485148514842,8.0,812.333338299999
210,0.7832514386831684,0.5530285253168317,0.2644395574950495,0.15841584158415833,8.0,817.3153239000239
211,0.7926189244851485,0.5530285253168317,0.34063872646534654,0.06930693069306926,8.0,823.1306988000288
212,0.8400486089405941,0.5530285253168317,0.33806841092079204,0.06930693069306926,9.0,824.6240023000282
213,0.8846321716138614,0.5530285253168317,0.3326519735940594,0.06930693069306926,10.0,826.4454963000026
214,0.9293760806831683,0.5530285253168317,0.33482162523762377,0.05940594059405935,11.0,826.9365133999963
215,0.9243225456336635,0.5530285253168317,0.2852136347425742,0.1188118811881187,11.0,829.6462604000117
216,0.9701818194950496,0.5530285253168317,0.28849865117821777,0.10891089108910879,12.0,831.0734463999979
217,0.9243225456336635,0.5530285253168317,0.2852136347425742,0.1188118811881187,11.0,832.2987816000241
218,0.9332127983069307,0.5530285253168317,0.3312326002871287,0.06930693069306926,11.0,834.8610906000249
219,0.9364840163069308,0.5530285253168317,0.3493553034356436,0.04950495049504944,11.0,837.1643173000193
220,0.8917401072376239,0.5530285253168317,0.3471856517920792,0.05940594059405935,10.0,837.8531058999943
221,0.8887557402079208,0.5530285253168317,0.32934979961386135,0.07920792079207906,10.0,840.3449621000327
222,0.8392572889207921,0.5530285253168317,0.3149998631782178,0.09900990099009888,9.0,842.3477455999819
223,0.7916704711881188,0.5530285253168317,0.31741304544554455,0.0990099009900991,8.0,848.696471000032
224,0.8402421954158417,0.5530285253168317,0.3159847696732673,0.0990099009900991,9.0,849.7821595999994
225,0.7868150441584159,0.5530285253168317,0.319983360990099,0.08910891089108919,8.0,850.8979975000257
226,0.8349611801980199,0.5530285253168317,0.318129497029703,0.08910891089108919,9.0,852.6471951000276
227,0.7968585642574257,0.5530285253168317,0.27804668306930697,0.15841584158415845,8.0,854.2919391000178
228,0.7542843068316832,0.5530285253168317,0.27804668306930697,0.16831683168316836,7.0,855.6851683999994
229,0.756271286079208,0.5530285253168317,0.31716237518811885,0.1188118811881187,7.0,861.1917646999937
230,0.7569794533663365,0.5530285253168317,0.3401477701980198,0.08910891089108919,7.0,873.2681095000007
231,0.7161331395049505,0.5530285253168317,0.3493014563366337,0.08910891089108919,6.0,874.4310193000128
232,0.6814365018316831,0.5530285253168317,0.34232759094059406,0.1188118811881188,5.0,876.766204399988
233,0.6394388178712871,0.5530285253168317,0.350329906980198,0.1188118811881188,4.0,887.2158664999879
234,0.6836352955940594,0.5530285253168317,0.3519521272772277,0.1089108910891089,5.0,888.2535722000175
235,0.6801030992574257,0.5530285253168317,0.348419930940594,0.1089108910891089,5.0,889.5735524999909
236,0.6931180832673267,0.5530285253168317,0.3540091723762376,0.1188118811881187,5.0,891.6377134000068
237,0.6758925282178218,0.5530285253168317,0.2773776767326733,0.19801980198019797,5.0,897.9584642000264
238,0.6775050603762376,0.5530285253168317,0.28641595146534654,0.18811881188118817,5.0,919.6317322999821
239,0.6532797770396039,0.5530285253168317,0.31219066812871293,0.18811881188118817,4.0,920.9612195999944
240,0.6501898766534655,0.5530285253168317,0.3165265103168317,0.17821782178217827,4.0,922.98261310003
241,0.68953184190099,0.5530285253168317,0.3058684755643564,0.17821782178217827,5.0,929.5932524999953
242,0.6988352377425743,0.5530285253168317,0.31517187140594055,0.17821782178217827,5.0,940.1511853000266
243,0.7394332685940594,0.5530285253168317,0.3131956448316831,0.16831683168316824,6.0,941.4242068000021
244,0.7511813564950496,0.5530285253168317,0.24326056441584162,0.27722772277227725,6.0,949.7665727999993
245,0.7888816473762377,0.5530285253168317,0.31264402361386134,0.16831683168316836,7.0,954.4549775000196
246,0.7511813564950496,0.5530285253168317,0.24326056441584162,0.27722772277227725,6.0,960.3150526999962
247,0.7035858713762375,0.5530285253168317,0.33477399018811876,0.15841584158415845,5.0,965.6536083000246
248,0.7035858713762375,0.5530285253168317,0.33477399018811876,0.15841584158415845,5.0,965.9263308999944
249,0.6546854157623762,0.5530285253168317,0.33587353457425734,0.15841584158415845,4.0,966.115237799997
250,0.6588854331881189,0.5530285253168317,0.340073552,0.15841584158415833,4.0,973.9557544999989
251,0.7015673821782178,0.5530285253168317,0.332755500990099,0.15841584158415845,5.0,977.5631809000042
252,0.652995657950495,0.5530285253168317,0.3341837767623762,0.15841584158415845,4.0,983.9307330999873
253,0.6459779079801979,0.5530285253168317,0.3717204822376237,0.0990099009900991,4.0,992.1358053000295
254,0.6927746066534652,0.5530285253168317,0.37594292348514846,0.08910891089108908,5.0,992.5636130999774
255,0.6616879687722772,0.5530285253168317,0.2928760875841584,0.15841584158415833,5.0,999.3050189000205
256,0.6478241169801982,0.5530285253168317,0.34386372094059403,0.13861386138613863,4.0,1006.6073018999887
257,0.6970156439207922,0.5530285253168317,0.3430552478811881,0.13861386138613863,5.0,1008.0379304999951
258,0.6457287310891089,0.5530285253168317,0.34919407762376237,0.1287128712871286,4.0,1013.9725008999812
259,0.6714556401980198,0.5530285253168317,0.3174952441584158,0.13861386138613851,5.0,1014.6606289999909
260,0.5949526802970297,0.5530285253168317,0.35584376940594054,0.1188118811881188,3.0,1018.2504063000088
261,0.6046504960693069,0.5530285253168317,0.3506901000297029,0.13861386138613863,3.0,1024.4514129000017
262,0.6025586015346536,0.5530285253168317,0.35602394806930693,0.12871287128712872,3.0,1032.1509547000169
263,0.601773696039604,0.5530285253168317,0.34038755742574256,0.14851485148514842,3.0,1059.6339283999987
264,0.5617427876237624,0.5530285253168317,0.3206536787128713,0.18811881188118806,2.0,1075.3224872000283
265,0.6045040605940594,0.5530285253168317,0.32084069425742573,0.17821782178217815,3.0,1087.6169224000187
266,0.648566041980198,0.5530285253168317,0.31490267564356433,0.17821782178217815,4.0,1088.328236100031
267,0.6916980817821782,0.5530285253168317,0.33773768574257423,0.13861386138613851,5.0,1097.7872668000055
268,0.6916980817821782,0.5530285253168317,0.33773768574257423,0.13861386138613851,5.0,1107.1981957000098
269,0.7326553569306931,0.5530285253168317,0.32869496089108907,0.13861386138613851,6.0,1108.6848998999922
270,0.7732953107920792,0.5530285253168317,0.3193349147524752,0.13861386138613863,7.0,1109.3299291000003
271,0.7307929814851486,0.5530285253168317,0.334258328019802,0.12871287128712872,6.0,1118.9518017999944
272,0.7738698823366337,0.5530285253168317,0.33476097144554456,0.1188118811881188,7.0,1119.497871599975
273,0.6598546088118813,0.5530285253168317,0.283616985049505,0.16831683168316836,5.0,1126.505081899988
274,0.615622172079208,0.5530285253168317,0.2893845483168317,0.16831683168316836,4.0,1126.901304900006
275,0.615622172079208,0.5530285253168317,0.2893845483168317,0.16831683168316836,4.0,1129.5154695999809
276,0.6574368487128713,0.5530285253168317,0.25149625465346537,0.20792079207920788,5.0,1134.1804129999946
277,0.7053008046534655,0.5530285253168317,0.27906318089108917,0.16831683168316824,6.0,1138.7568078999757
278,0.7425220797029704,0.5530285253168317,0.28113594108910894,0.14851485148514842,7.0,1141.1425687000155
279,0.7834031262772279,0.5530285253168317,0.264591245089109,0.15841584158415833,8.0,1144.5186550000217
280,0.8199211406237623,0.5530285253168317,0.3159607445841584,0.13861386138613851,8.0,1147.257022899983
281,0.868563129079208,0.5530285253168317,0.314602733039604,0.13861386138613851,9.0,1147.6171475999872
282,0.917070519039604,0.5530285253168317,0.32053586557425745,0.1287128712871286,10.0,1147.962732999993
283,0.8797822797029704,0.5530285253168317,0.3332476262376238,0.1287128712871286,9.0,1151.2665107999928
284,0.9252014384356436,0.5530285253168317,0.32866678497029705,0.1287128712871286,10.0,1151.8493745999876
285,0.8865013005445546,0.5530285253168317,0.3028379342079208,0.17821782178217815,9.0,1154.7109135999926
286,0.8818556318118812,0.5530285253168317,0.2981922654752475,0.17821782178217815,9.0,1155.090721799992
287,0.8380384153762377,0.5530285253168317,0.31180079161386137,0.16831683168316824,8.0,1158.1804047999904
288,0.7972649253762376,0.5530285253168317,0.3210273016138614,0.16831683168316824,7.0,1159.1984930000035
289,0.8359650632673268,0.5530285253168317,0.3468561523762376,0.1188118811881187,8.0,1162.491667299997
290,0.7843878379009902,0.5530285253168317,0.397259125029703,0.04950495049504955,7.0,1165.27016309998
291,0.7876667367227723,0.5530285253168317,0.3634093109801981,0.09900990099009899,7.0,1169.4776832999778
292,0.8326179156336634,0.5530285253168317,0.373211975039604,0.07920792079207917,8.0,1175.906809100008
293,0.8778077560297031,0.5530285253168317,0.37582755800990103,0.06930693069306926,9.0,1177.429319399991
294,0.9207195402772277,0.5530285253168317,0.3687393422574258,0.06930693069306926,10.0,1178.633041699999
295,0.9207195402772277,0.5530285253168317,0.3687393422574258,0.06930693069306926,10.0,1185.4403846000205
296,0.8706953625247524,0.5530285253168317,0.37614090707920794,0.05940594059405935,9.0,1187.2862887000083
297,0.8334598692277229,0.5530285253168317,0.3369252157623763,0.12871287128712872,8.0,1190.4815290999832
298,0.8334624175643566,0.5530285253168317,0.33692776409900993,0.12871287128712872,8.0,1191.5545761000249
299,0.875631573,0.5530285253168317,0.36622563240594064,0.07920792079207917,9.0,1197.6636235999758
300,0.8742454205247525,0.5530285253168317,0.3648394799306931,0.07920792079207917,9.0,1198.3412299000192
301,0.8759465865049505,0.5530285253168317,0.36654064591089114,0.07920792079207917,9.0,1199.6706267999834
302,0.833327947990099,0.5530285253168317,0.3664962648217822,0.08910891089108908,8.0,1201.4581530999858
303,0.8307597024950495,0.5530285253168317,0.37877950447524755,0.06930693069306926,8.0,1202.4878220999963
304,0.8331364252673268,0.5530285253168317,0.34402751437623763,0.1188118811881187,8.0,1206.9513243000256
305,0.8339953767326733,0.5530285253168317,0.34488646584158417,0.1188118811881187,8.0,1214.6667294999934
306,0.7875506237425742,0.5530285253168317,0.3484417128514851,0.1188118811881187,7.0,1221.1065152999945
307,0.829256274039604,0.5530285253168317,0.3475731057227723,0.10891089108910879,8.0,1222.8086022000061
308,0.8720457094059406,0.5530285253168317,0.34778828366336634,0.09900990099009888,9.0,1223.5833811999764
309,0.8309436480000001,0.5530285253168317,0.3492604796831683,0.1089108910891089,8.0,1227.3532665999955
310,0.8289129561386139,0.5530285253168317,0.35465553039603964,0.09900990099009899,8.0,1231.234176500002
311,0.8755548474059406,0.5530285253168317,0.3512974216633664,0.09900990099009899,9.0,1232.0423830000218
312,0.832555669990099,0.5530285253168317,0.3211695313762377,0.14851485148514854,8.0,1234.8903097999864
313,0.742826469990099,0.5530285253168317,0.3240145888019802,0.15841584158415833,6.0,1236.2551118999836
314,0.7832947705841584,0.5530285253168317,0.3293343745445545,0.13861386138613851,7.0,1239.1467128000222
315,0.7849130021683168,0.5530285253168317,0.3458040912772277,0.1188118811881187,7.0,1241.5684715000098
316,0.8055500005940595,0.5530285253168317,0.3164410897029703,0.1188118811881187,8.0,1244.1856496999972
317,0.7849130021683168,0.5530285253168317,0.3458040912772277,0.1188118811881187,7.0,1244.4483790000086
318,0.7361246236435643,0.5530285253168317,0.3470157127524753,0.1188118811881187,6.0,1244.5917101000086
319,0.6919634505841584,0.5530285253168317,0.35285453969306935,0.1188118811881188,5.0,1246.7037909000064
320,0.7327040185742575,0.5530285253168317,0.32874362253465345,0.13861386138613863,6.0,1247.947243499977
321,0.7729255862277229,0.5530285253168317,0.3338166753366337,0.1188118811881188,7.0,1248.4027263000025
322,0.7285709129603961,0.5530285253168317,0.33203625949504956,0.12871287128712872,6.0,1251.158454600023
323,0.7725223160990099,0.5530285253168317,0.3482648903564356,0.09900990099009899,7.0,1257.7819428999792
324,0.6955864274455446,0.5530285253168317,0.37132900170297034,0.09900990099009899,5.0,1263.4075750000193
325,0.7021198121584159,0.5530285253168317,0.3704366438415842,0.10891089108910879,5.0,1268.5180531999795
326,0.7020111786039605,0.5530285253168317,0.3703280102871287,0.10891089108910879,5.0,1274.3368852999993
327,0.7445881982079209,0.5530285253168317,0.34805354474257433,0.1287128712871286,6.0,1746.713661100017
328,0.7478890497425743,0.5530285253168317,0.35135439627722775,0.1287128712871286,6.0,1751.8240425999975
329,0.7957008006336634,0.5530285253168317,0.3640176323168317,0.10891089108910879,7.0,1752.8787068999954
330,0.7478890497425743,0.5530285253168317,0.35135439627722775,0.1287128712871286,6.0,1753.794067699986
331,0.7498181285544555,0.5530285253168317,0.3681349602376238,0.10891089108910901,6.0,1763.0420539000188
332,0.7254604286534654,0.5530285253168317,0.34377726033663364,0.1089108910891089,6.0,1767.1976919000153
333,0.6214636915643563,0.5530285253168317,0.310077552950495,0.14851485148514842,4.0,1773.233502099989
334,0.6214636915643563,0.5530285253168317,0.310077552950495,0.14851485148514842,4.0,1773.5015844000154
335,0.6699509364158416,0.5530285253168317,0.3011390552277227,0.15841584158415833,5.0,1776.8569201999926
336,0.710898726118812,0.5530285253168317,0.2920868449306931,0.15841584158415845,6.0,1779.828741699981
337,0.757288126039604,0.5530285253168317,0.28847624485148515,0.15841584158415833,7.0,1783.412260400015
338,0.7599791861287128,0.5530285253168317,0.2763158197920792,0.17821782178217827,7.0,1788.0714157000184
339,0.7104499406039604,0.5530285253168317,0.2767865742673267,0.17821782178217827,6.0,1788.2348190000048
340,0.7555952689603961,0.5530285253168317,0.2793576451980198,0.16831683168316836,7.0,1790.2834797999822
341,0.7104499406039604,0.5530285253168317,0.2767865742673267,0.17821782178217827,6.0,1793.972898499982
342,0.7280663510000001,0.5530285253168317,0.2647000143663366,0.2178217821782179,6.0,1803.129146900028
343,0.6619626957524752,0.5530285253168317,0.285725071990099,0.16831683168316836,5.0,1806.8992944000056
344,0.7076292385247526,0.5530285253168317,0.28139161476237623,0.16831683168316836,6.0,1810.596337200026
345,0.7094411471782178,0.5530285253168317,0.28320352341584154,0.16831683168316836,6.0,1813.4092551000067
346,0.6619626957524752,0.5530285253168317,0.285725071990099,0.16831683168316836,5.0,1817.256971099996
347,0.6643241871584159,0.5530285253168317,0.3029380485445545,0.14851485148514842,5.0,1819.5733587000286
348,0.6653273393069308,0.5530285253168317,0.3039412006930693,0.14851485148514842,5.0,1819.9607217999874
349,0.6642628466336634,0.5530285253168317,0.302876708019802,0.14851485148514842,5.0,1820.4874759999802
350,0.6175581192079209,0.5530285253168317,0.3061719805940594,0.14851485148514842,4.0,1820.8168117000023
351,0.6409125775346535,0.5530285253168317,0.2795264389207921,0.14851485148514854,5.0,1822.9184412999894
352,0.6886930497722773,0.5530285253168317,0.28473265373267326,0.13861386138613863,6.0,1827.3163612000062
353,0.7313093177920793,0.5530285253168317,0.2773489217524753,0.13861386138613863,7.0,1828.611144000024
354,0.7811687418217822,0.5530285253168317,0.2697826032079208,0.14851485148514842,8.0,1830.0920379000017
355,0.7311620087524753,0.5530285253168317,0.2772016127128713,0.13861386138613851,7.0,1831.6483566000243
356,0.7297757733267327,0.5530285253168317,0.2832411198613861,0.12871287128712872,7.0,1838.6144153000205
357,0.7679652994059407,0.5530285253168317,0.2937078736633663,0.09900990099009899,8.0,1839.6499876999878
358,0.8140101163366337,0.5530285253168317,0.28975269059405934,0.09900990099009899,9.0,1843.8831875000033
359,0.7694504524554455,0.5530285253168317,0.28776728413861385,0.1089108910891089,8.0,1844.659623900021
360,0.7457096012673268,0.5530285253168317,0.3140264329504951,0.1089108910891089,7.0,1845.938958499988
361,0.7532333590990099,0.5530285253168317,0.3141244482079208,0.1188118811881188,7.0,1847.5469347999897
362,0.7598909547029704,0.5530285253168317,0.3207820438118812,0.1188118811881187,7.0,1857.9790186000173
363,0.8084650264059405,0.5530285253168317,0.3267818580891089,0.10891089108910879,8.0,1859.556373999978
364,0.7646073046237624,0.5530285253168317,0.30322116600990096,0.14851485148514842,7.0,1860.9328746999963
365,0.7154220464455445,0.5530285253168317,0.30403590783168316,0.14851485148514842,6.0,1865.0072924999986
366,0.666272752970297,0.5530285253168317,0.29746087178217817,0.15841584158415833,5.0,1871.3302657000022
367,0.713902546990099,0.5530285253168317,0.30251640837623756,0.14851485148514842,6.0,1872.6179209999973
368,0.7160048223960397,0.5530285253168317,0.3046186837821782,0.14851485148514842,6.0,1872.9406186999986
369,0.7603392701782179,0.5530285253168317,0.30637887413861387,0.13861386138613851,7.0,1874.35935839999
370,0.7160048223960397,0.5530285253168317,0.3046186837821782,0.14851485148514842,6.0,1875.7117790000048
371,0.757083916950495,0.5530285253168317,0.2956977783366337,0.14851485148514842,7.0,1879.8899050999898
372,0.7668899706435643,0.5530285253168317,0.33520680232673267,0.1089108910891089,7.0,1887.282451600011
373,0.7690243871782179,0.5530285253168317,0.32248973371287126,0.12871287128712872,7.0,1888.7436776999966
374,0.7769585247821782,0.5530285253168317,0.33042387131683165,0.1287128712871286,7.0,1898.016554599977
375,0.7354990594554456,0.5530285253168317,0.3463901485643564,0.1188118811881187,6.0,1899.803243900009
376,0.7359105506435644,0.5530285253168317,0.3393758971782178,0.1287128712871286,6.0,1903.2207707000198
377,0.776644775891089,0.5530285253168317,0.337535865,0.1188118811881187,7.0,1904.2782653999748
378,0.7341822148019802,0.5530285253168317,0.35249904648514846,0.10891089108910879,6.0,1906.7246047999943
379,0.7225399470990099,0.5530285253168317,0.34085677878217824,0.10891089108910879,6.0,1907.6590751999756
380,0.6769399391782178,0.5530285253168317,0.3007023154158416,0.16831683168316824,5.0,1918.8918390999897
381,0.640917305118812,0.5530285253168317,0.3072539387821783,0.17821782178217815,4.0,1928.2026741000009
382,0.6279438951188119,0.5530285253168317,0.3091320139306931,0.15841584158415833,4.0,1948.6593364999862
383,0.6715327417524752,0.5530285253168317,0.3175723457128713,0.13861386138613863,5.0,1959.6481520999805
384,0.571927042970297,0.5530285253168317,0.31054090435643567,0.14851485148514854,3.0,1965.5145744999754
385,0.6092182365346535,0.5530285253168317,0.29783209792079207,0.14851485148514854,4.0,1967.1476008000318
386,0.6551215773267327,0.5530285253168317,0.30116118128712877,0.13861386138613863,5.0,1968.8258945000125
387,0.7037947109306932,0.5530285253168317,0.29983431489108914,0.13861386138613851,6.0,1970.7163698999793
388,0.7516738622673269,0.5530285253168317,0.2977134662277228,0.13861386138613851,7.0,1971.4538613000186
389,0.7979033804752476,0.5530285253168317,0.29394298443564354,0.13861386138613851,8.0,1972.3945356999757
390,0.7945991774653466,0.5530285253168317,0.29806452399999994,0.1287128712871286,8.0,1973.041506199981
391,0.8374495855841584,0.5530285253168317,0.29834067469306924,0.1188118811881187,9.0,1973.3667877999833
392,0.8377640558811881,0.5530285253168317,0.3283581152871287,0.07920792079207928,9.0,1974.4604298999766
393,0.7941868719207921,0.5530285253168317,0.31992944617821784,0.09900990099009888,8.0,1976.6243523000157
394,0.7243061011584158,0.5530285253168317,0.26291996254455446,0.14851485148514854,7.0,1982.809542300005
395,0.676067345108911,0.5530285253168317,0.2646812064950495,0.14851485148514854,6.0,1985.7336828000261
396,0.721779043950495,0.5530285253168317,0.2603929053366337,0.14851485148514842,7.0,1987.5859253000235
397,0.7481331534158415,0.5530285253168317,0.25704404450495044,0.18811881188118806,7.0,1992.8844366000267
398,0.7873253432475247,0.5530285253168317,0.2759392046336633,0.14851485148514842,8.0,1994.4208746000077
399,0.7808527472772278,0.5530285253168317,0.299169578960396,0.10891089108910879,8.0,1995.2008982999832
400,0.7310546701584159,0.5530285253168317,0.2770942741188119,0.13861386138613851,7.0,1996.6687612999813
401,0.7225982699306932,0.5530285253168317,0.26121213131683174,0.14851485148514854,7.0,2001.6326671999996
402,0.7658298021089109,0.5530285253168317,0.24701792092079208,0.15841584158415845,8.0,2003.906789300032
403,0.7225982699306932,0.5530285253168317,0.26121213131683174,0.14851485148514854,7.0,2005.9932328999857
404,0.6926031337128713,0.5530285253168317,0.2812169950990099,0.14851485148514842,6.0,2011.3002063999884
405,0.656236915009901,0.5530285253168317,0.28742503382178214,0.15841584158415833,5.0,2014.0071219999809
406,0.6531753731881188,0.5530285253168317,0.28436349199999994,0.15841584158415845,5.0,2016.760284500022
407,0.6605609495247525,0.5530285253168317,0.2917490683366336,0.15841584158415833,5.0,2018.3243300000322
408,0.7045977438613862,0.5530285253168317,0.29321160524752465,0.14851485148514842,6.0,2018.6038776999922
409,0.7448673482970298,0.5530285253168317,0.2909069522574257,0.13861386138613863,7.0,2024.6084772999748
410,0.749299783049505,0.5530285253168317,0.28791364443564355,0.14851485148514854,7.0,2027.2544056000188
411,0.7008305539603961,0.5530285253168317,0.28944441534653464,0.14851485148514854,6.0,2027.8032699000323
412,0.650830553960396,0.5530285253168317,0.28944441534653464,0.14851485148514854,5.0,2030.608980900026
413,0.6971318762673269,0.5530285253168317,0.28574573765346534,0.14851485148514854,6.0,2036.2590795999859
414,0.6914451506930694,0.5530285253168317,0.26520752693069305,0.16831683168316836,6.0,2040.6815348999808
415,0.6468759825742574,0.5530285253168317,0.2706383588118812,0.16831683168316836,5.0,2047.0738532000105
416,0.6475116693762376,0.5530285253168317,0.2712740456138614,0.16831683168316836,5.0,2049.7058137999848
417,0.6497721582871288,0.5530285253168317,0.3086830493762376,0.18811881188118817,4.0,2059.3790753000067
418,0.6483845565049504,0.5530285253168317,0.30729544759405936,0.18811881188118817,4.0,2062.1892803999945
419,0.650615677069307,0.5530285253168317,0.3095265681584158,0.18811881188118806,4.0,2064.166665100027
420,0.6942415185049505,0.5530285253168317,0.3031524095940594,0.18811881188118806,5.0,2068.415569500008
421,0.7428132427326732,0.5530285253168317,0.3017241338217822,0.18811881188118806,6.0,2070.364051499986
422,0.7420414373069308,0.5530285253168317,0.3380810412673267,0.13861386138613851,6.0,2077.380136299995
423,0.7370937766138614,0.5530285253168317,0.34055912314851483,0.1287128712871286,6.0,2079.6329241999774
424,0.7779249291287129,0.5530285253168317,0.2942615627920792,0.17821782178217815,7.0,2081.5294745999854
425,0.6901167698415842,0.5530285253168317,0.3584336015247525,0.10891089108910879,5.0,2083.2942279999843
426,0.6472526565742575,0.5530285253168317,0.36556948825742575,0.1089108910891089,4.0,2090.555961599981
427,0.6943319894455445,0.5530285253168317,0.36264882112871283,0.10891089108910879,5.0,2095.041850299982
428,0.6503843673663365,0.5530285253168317,0.36870119904950494,0.1089108910891089,4.0,2098.681773199991
429,0.6856836366732673,0.5530285253168317,0.3391489832079208,0.12871287128712872,5.0,2104.2308779000305
430,0.6882211211287128,0.5530285253168317,0.34911221023762373,0.1188118811881188,5.0,2107.70150570001
431,0.644005527960396,0.5530285253168317,0.3177679041980198,0.16831683168316836,4.0,2111.8384375000023
432,0.6298043035445544,0.5530285253168317,0.28871519463366335,0.18811881188118806,4.0,2123.306186200003
433,0.6430746752673266,0.5530285253168317,0.3316885366534654,0.14851485148514842,4.0,2133.9461983999936
434,0.6908173651683168,0.5530285253168317,0.3294312265544555,0.14851485148514842,5.0,2138.7206000000006
435,0.679753347940594,0.5530285253168317,0.3332186944752476,0.1287128712871286,5.0,2142.1280776999774
436,0.6841365152673268,0.5530285253168317,0.3153246340792079,0.15841584158415833,5.0,2144.7816927999957
437,0.6851053808118812,0.5530285253168317,0.3385707273465347,0.1287128712871286,5.0,2147.7177408999996
438,0.6420453039603959,0.5530285253168317,0.33065916534653467,0.14851485148514854,4.0,2153.8062946000136
439,0.6489731474257425,0.5530285253168317,0.32273552366336633,0.16831683168316836,4.0,2157.2850055000163
440,0.6924518122178217,0.5530285253168317,0.3310656736039604,0.14851485148514854,5.0,2159.8576836999855
441,0.7319936136732673,0.5530285253168317,0.37258767307920787,0.07920792079207917,6.0,2162.4656711000134
442,0.6489731474257425,0.5530285253168317,0.32273552366336633,0.16831683168316836,4.0,2165.2297254999867
443,0.638384724950495,0.5530285253168317,0.3195728437623762,0.15841584158415833,4.0,2168.179923299991
444,0.6469037757425742,0.5530285253168317,0.320666151980198,0.16831683168316836,4.0,2187.7581071000313
445,0.6953255926237624,0.5530285253168317,0.31908796886138613,0.16831683168316836,5.0,2188.9757400000235
446,0.7364537998514852,0.5530285253168317,0.3399191463861386,0.12871287128712883,6.0,2197.874793199997
447,0.7438973168514852,0.5530285253168317,0.3176596930891089,0.16831683168316847,6.0,2206.4770500999875
448,0.7032802722970297,0.5530285253168317,0.2770426485346535,0.16831683168316836,6.0,2217.5575284999795
449,0.7038169428910892,0.5530285253168317,0.27757931912871286,0.16831683168316836,6.0,2218.569740100007
450,0.7528870879603962,0.5530285253168317,0.2692237216237624,0.17821782178217827,7.0,2219.6417769999825
451,0.7423634061485149,0.5530285253168317,0.2735515249603961,0.15841584158415845,7.0,2221.590183900029
452,0.7423634061485149,0.5530285253168317,0.2735515249603961,0.15841584158415845,7.0,2222.7422837999766
453,0.6923634061485149,0.5530285253168317,0.2735515249603961,0.15841584158415845,6.0,2223.021961199993
454,0.7410259036732674,0.5530285253168317,0.27221402248514853,0.15841584158415856,7.0,2225.5130690999795
455,0.6844087264752475,0.5530285253168317,0.3155968452871287,0.15841584158415845,5.0,2245.548816399998
456,0.6858567600792079,0.5530285253168317,0.3170448788910891,0.15841584158415845,5.0,2246.1184112000046
457,0.6386706339306931,0.5530285253168317,0.31985875274257425,0.15841584158415845,4.0,2246.4583157000015
458,0.679503635118812,0.5530285253168317,0.27356304105940593,0.20792079207920788,5.0,2254.643208499998
459,0.6775944595742575,0.5530285253168317,0.30878257838613865,0.15841584158415845,5.0,2267.1142961999867
460,0.6386706339306931,0.5530285253168317,0.31985875274257425,0.15841584158415845,4.0,2284.97257719998
461,0.6063044085742575,0.5530285253168317,0.33204698283168316,0.09900990099009888,4.0,2292.5687646000297
462,0.652586998029703,0.5530285253168317,0.36347808713861385,0.1188118811881187,4.0,2308.67004930001
463,0.6919057723861386,0.5530285253168317,0.36022260406930695,0.1089108910891089,5.0,2316.08234600001
464,0.652586998029703,0.5530285253168317,0.36347808713861385,0.1188118811881187,4.0,2331.5015431999927
465,0.6955818222871286,0.5530285253168317,0.34904716882178216,0.1287128712871286,5.0,2340.6453831000254
466,0.6970688107029703,0.5530285253168317,0.32083118694059404,0.16831683168316824,5.0,2348.723356399976
467,0.7407729261386139,0.5530285253168317,0.32196104495049505,0.15841584158415845,6.0,2349.3137071999954
468,0.7700747553465346,0.5530285253168317,0.3755202999009901,0.05940594059405946,7.0,2363.719530400005
469,0.7332890245544554,0.5530285253168317,0.2996256582178218,0.17821782178217827,6.0,2369.688362999994
470,0.7832050517821783,0.5530285253168317,0.29954168544554455,0.17821782178217827,7.0,2372.9681519999867
471,0.7934543849009901,0.5530285253168317,0.2726623056930693,0.2277227722772276,7.0,2375.009874999989
472,0.7441480999900991,0.5530285253168317,0.27335602078217824,0.2277227722772276,6.0,2375.407225299976
473,0.7781316781584159,0.5530285253168317,0.2424881138019802,0.2475247524752474,7.0,2380.372398699983
474,0.6999912402277229,0.5530285253168317,0.2717734184455446,0.2376237623762375,5.0,2380.626029099978
475,0.7176674204257427,0.5530285253168317,0.2691525689405941,0.19801980198019797,6.0,2382.829315299983
476,0.636294554980198,0.5530285253168317,0.2377797034950495,0.19801980198019797,5.0,2392.6404310999787
477,0.685371327059406,0.5530285253168317,0.23685647557425743,0.19801980198019797,6.0,2396.380465299997
478,0.7332518497128713,0.5530285253168317,0.23473699822772276,0.19801980198019797,7.0,2397.4219274999923
479,0.6841750776336635,0.5530285253168317,0.23566022614851484,0.19801980198019797,6.0,2402.904014400032
480,0.7268058631386138,0.5530285253168317,0.23571675422772276,0.18811881188118806,7.0,2403.2140141000273
481,0.779951363039604,0.5530285253168317,0.3037137392772277,0.16831683168316824,7.0,2412.3936024000286
482,0.6789253404851485,0.5530285253168317,0.23783623157425743,0.18811881188118806,6.0,2413.8924754000036
483,0.7197067985544555,0.5530285253168317,0.2657464025148515,0.13861386138613863,7.0,2414.84132940002
484,0.7535718000198021,0.5530285253168317,0.2718886317029703,0.10891089108910901,8.0,2417.6340407999814
485,0.7682295895445546,0.5530285253168317,0.27169493607920797,0.12871287128712872,8.0,2422.6301608000067
486,0.7329860784554456,0.5530285253168317,0.33645142499009906,0.12871287128712872,6.0,2440.877915800025
487,0.7320595735544555,0.5530285253168317,0.31324769236633665,0.15841584158415845,6.0,2442.2574583999813
488,0.7342704054851485,0.5530285253168317,0.33031000944554456,0.13861386138613863,6.0,2443.223281899991
489,0.6892775992079208,0.5530285253168317,0.32046571801980195,0.15841584158415845,5.0,2452.7717595000286
490,0.6455697217326732,0.5530285253168317,0.319332097970297,0.16831683168316824,4.0,2453.299399100011
491,0.6919924352673267,0.5530285253168317,0.34545778180198017,0.1287128712871286,5.0,2456.9559710000176
492,0.6480784747722772,0.5530285253168317,0.35896956388118806,0.1188118811881188,4.0,2461.173959799984
493,0.6313609566633663,0.5530285253168317,0.3199748180495049,0.14851485148514842,4.0,2464.2222451000125
494,0.6497565866138615,0.5530285253168317,0.31609322027722775,0.17821782178217815,4.0,2468.2806874000235
495,0.6799817030990098,0.5530285253168317,0.3185955644851485,0.14851485148514842,5.0,2470.8154483999824
496,0.7242911135841584,0.5530285253168317,0.3054792323960396,0.15841584158415833,6.0,2471.8651603999897
497,0.7682859497425742,0.5530285253168317,0.3217512962772277,0.12871287128712872,7.0,2472.7503946999786
498,0.7242911135841584,0.5530285253168317,0.3054792323960396,0.15841584158415833,6.0,2473.2035314000095
499,0.7684780038514851,0.5530285253168317,0.29966612266336634,0.15841584158415833,7.0,2473.5755799000035
500,0.7241685933663367,0.5530285253168317,0.31278245475247524,0.14851485148514842,6.0,2474.156406300026
501,0.6949231177722772,0.5530285253168317,0.3558142068811881,0.1188118811881187,5.0,2477.545834599994
502,0.738077981039604,0.5530285253168317,0.3415433275742574,0.1287128712871286,6.0,2478.631353900011
503,0.6481637906732673,0.5530285253168317,0.3590548797821782,0.1188118811881187,4.0,2479.055983200029
504,0.675284337029703,0.5530285253168317,0.3510269112871287,0.09900990099009899,5.0,2479.9657693000045
505,0.6919694821584158,0.5530285253168317,0.375137798990099,0.08910891089108908,5.0,2481.1283536999836
506,0.6481637906732673,0.5530285253168317,0.3590548797821782,0.1188118811881187,4.0,2481.7319298000075
507,0.6549045482871287,0.5530285253168317,0.3138154393762376,0.18811881188118817,4.0,2499.568488900026
508,0.6999854018712872,0.5530285253168317,0.3163220355346535,0.17821782178217827,5.0,2499.993030200014
509,0.732005088108911,0.5530285253168317,0.2834902366237624,0.19801980198019797,6.0,2508.471779100015
510,0.7312099151386139,0.5530285253168317,0.2826950636534653,0.19801980198019797,6.0,2509.151455299987
511,0.6869242345247525,0.5530285253168317,0.2809836404653465,0.20792079207920788,5.0,2509.433299300028
512,0.6977471745247525,0.5530285253168317,0.2918065804653466,0.20792079207920788,5.0,2524.0198270999826
513,0.7452438057821783,0.5530285253168317,0.2967289542970298,0.19801980198019797,6.0,2524.444212100003
514,0.7361088035346536,0.5530285253168317,0.3172969223465347,0.15841584158415833,6.0,2526.0958943000296
515,0.6977471745247525,0.5530285253168317,0.2918065804653466,0.20792079207920788,5.0,2527.8233304999885
516,0.6956575741485149,0.5530285253168317,0.2971427226633664,0.19801980198019797,5.0,2528.3404737000237
517,0.6926675429603961,0.5530285253168317,0.3164299191980198,0.16831683168316824,5.0,2536.723292300012
518,0.6893331027623764,0.5530285253168317,0.31309547900000007,0.16831683168316824,5.0,2537.3715056999936
519,0.689462355069307,0.5530285253168317,0.31322473130693074,0.16831683168316824,5.0,2538.2240274000214
520,0.6842309885742575,0.5530285253168317,0.3079933648118812,0.16831683168316824,5.0,2538.5303155999864
521,0.6793160637227722,0.5530285253168317,0.27337546966336634,0.20792079207920788,5.0,2549.76748889999
522,0.6793485241683168,0.5530285253168317,0.2882594152574257,0.18811881188118817,5.0,2557.7559217999806
523,0.7239327519900991,0.5530285253168317,0.31254661337623757,0.14851485148514865,6.0,2561.2774367000093
524,0.7225149348514852,0.5530285253168317,0.3111287962376238,0.14851485148514865,6.0,2562.704050900007
525,0.6779307070297029,0.5530285253168317,0.2868415981188119,0.18811881188118817,5.0,2566.5239863999886
526,0.6833845539009901,0.5530285253168317,0.3071469301386138,0.16831683168316836,5.0,2575.9274452999816
527,0.7249401326138614,0.5530285253168317,0.30612825142574257,0.15841584158415845,6.0,2581.40364829998
528,0.7391604995643564,0.5530285253168317,0.24609119263366333,0.25742574257425743,6.0,2589.927299599978
529,0.787701858009901,0.5530285253168317,0.2446325510792079,0.25742574257425743,7.0,2590.4705271000275
530,0.8343784265247526,0.5530285253168317,0.27101208989108916,0.2178217821782179,8.0,2597.033225400024
531,0.787701858009901,0.5530285253168317,0.2446325510792079,0.25742574257425743,7.0,2605.2442059000023
532,0.7391604995643564,0.5530285253168317,0.24609119263366333,0.25742574257425743,6.0,2605.630921199976
533,0.6895616228217821,0.5530285253168317,0.24649231589108908,0.25742574257425743,5.0,2605.757385100005
534,0.6936095246237624,0.5530285253168317,0.2505402176930693,0.25742574257425743,5.0,2606.8396144
535,0.6700683728415842,0.5530285253168317,0.2715535213564357,0.19801980198019808,5.0,2614.51769529999
536,0.6958398412574257,0.5530285253168317,0.2601962769009901,0.2475247524752474,5.0,2625.5463804000174
537,0.7392450819504951,0.5530285253168317,0.26102726016831684,0.2376237623762375,6.0,2625.911117199983
538,0.6840877807623762,0.5530285253168317,0.255869958980198,0.2376237623762376,5.0,2633.087675800023
539,0.688539276970297,0.5530285253168317,0.29745016805940594,0.18811881188118806,5.0,2641.586065999989
540,0.688539276970297,0.5530285253168317,0.29745016805940594,0.18811881188118806,5.0,2641.8899656999856
541,0.6394419164356435,0.5530285253168317,0.29835280752475246,0.18811881188118806,4.0,2642.066716200032
542,0.6822048719801981,0.5530285253168317,0.2985415056435644,0.17821782178217815,5.0,2644.9666906999773
543,0.6371848754455446,0.5530285253168317,0.30352150910891096,0.17821782178217815,4.0,2655.7796167000197
544,0.5992368784158416,0.5530285253168317,0.30814776950495054,0.18811881188118817,3.0,2664.867486800009
545,0.6373583404950495,0.5530285253168317,0.3111207167326732,0.16831683168316836,4.0,2671.539873700007
546,0.5920636652475247,0.5530285253168317,0.3158260414851484,0.16831683168316836,3.0,2678.813470199995
547,0.5843573771287129,0.5530285253168317,0.25811975336633664,0.16831683168316836,4.0,2682.3040110000293
548,0.6306867300000001,0.5530285253168317,0.2544491062376238,0.16831683168316824,5.0,2685.900131499977
549,0.6297765147524752,0.5530285253168317,0.253538890990099,0.16831683168316836,5.0,2692.274563600018
550,0.6752945923762377,0.5530285253168317,0.2490569686138614,0.16831683168316836,6.0,2694.789855699986
551,0.6697138539603961,0.5530285253168317,0.2509019727722772,0.15841584158415845,6.0,2698.9641598000308
552,0.6717601424752475,0.5530285253168317,0.26037400386138615,0.14851485148514854,6.0,2699.7154464999912
553,0.5820437413861386,0.5530285253168317,0.23352888990099008,0.19801980198019808,4.0,2705.558982799994
554,0.5922357075247524,0.5530285253168317,0.2659980837623762,0.16831683168316824,4.0,2713.662913899985
555,0.6244581927128713,0.5530285253168317,0.23336908380198018,0.18811881188118817,5.0,2714.5790222000214
556,0.5800649724950495,0.5530285253168317,0.23897586358415845,0.18811881188118817,4.0,2722.849276199995
557,0.6246404529900991,0.5530285253168317,0.24097708665346537,0.17821782178217827,5.0,2727.572985499981
558,0.6211762082376238,0.5530285253168317,0.24493858447524758,0.16831683168316836,5.0,2733.2329671999905
559,0.6297345666039604,0.5530285253168317,0.2831999131386139,0.12871287128712883,5.0,2741.9344154000282
560,0.5886437305049506,0.5530285253168317,0.28468333446534655,0.13861386138613863,4.0,2748.901897899981
561,0.546847379910891,0.546847379910891,0.27060975614851485,0.16831683168316836,3.0,2753.160363800009
562,0.590904011990099,0.546847379910891,0.27209213080198014,0.15841584158415845,4.0,2756.571231800015
563,0.5894059678316832,0.546847379910891,0.2631683440693069,0.16831683168316847,4.0,2757.556385700009
564,0.6375797524554455,0.546847379910891,0.2613421286930692,0.16831683168316847,5.0,2763.778516500024
565,0.6826580261188119,0.546847379910891,0.25642040235643565,0.16831683168316847,6.0,2768.1147341000033
566,0.7273670850990099,0.546847379910891,0.25112946133663366,0.16831683168316836,7.0,2768.662481700012
567,0.6826580261188119,0.546847379910891,0.25642040235643565,0.16831683168316847,6.0,2769.0342431000317
568,0.6826580261188119,0.546847379910891,0.25642040235643565,0.16831683168316847,6.0,2773.2085567999748
569,0.71771475809901,0.546847379910891,0.2563286194851485,0.14851485148514865,7.0,2774.813469899993
570,0.6826580261188119,0.546847379910891,0.25642040235643565,0.16831683168316847,6.0,2775.9105657000327
571,0.7271560083960396,0.546847379910891,0.25834412720792077,0.15841584158415856,7.0,2777.9592815000215
572,0.6826580261188119,0.546847379910891,0.25642040235643565,0.16831683168316847,6.0,2780.70790139999
573,0.6375797524554455,0.546847379910891,0.2613421286930692,0.16831683168316847,5.0,2786.6957509000204
574,0.6794146431485149,0.546847379910891,0.260602761960396,0.15841584158415833,6.0,2787.354157200025
575,0.7266748710396039,0.546847379910891,0.2578629898514851,0.15841584158415833,7.0,2787.98549609998
576,0.6689689270099011,0.546847379910891,0.2724342735445545,0.12871287128712872,6.0,2794.8803507999983
577,0.7139780997722773,0.546847379910891,0.3100177037326733,0.13861386138613863,6.0,2797.264167700021
578,0.7527169279306931,0.546847379910891,0.29875653189108914,0.13861386138613863,7.0,2798.3207654000144
579,0.6838346500198019,0.546847379910891,0.3150227688316832,0.15841584158415845,5.0,2801.5839121000026
580,0.6592753962277228,0.546847379910891,0.33303777246534655,0.16831683168316836,4.0,2806.4030786000076
581,0.6435380276336633,0.546847379910891,0.280171691,0.2178217821782178,4.0,2815.943727999984
582,0.6390704038217823,0.546847379910891,0.2757040671881188,0.2178217821782178,4.0,2817.021688400011
583,0.6688358315445545,0.546847379910891,0.3371526632277228,0.10891089108910901,5.0,2820.805581499997
584,0.7094845129306931,0.546847379910891,0.3352270871881188,0.0990099009900991,6.0,2822.8061763999867
585,0.7540367454059407,0.546847379910891,0.32977931966336627,0.0990099009900991,7.0,2825.280502800015
586,0.8031326648118812,0.546847379910891,0.32887523906930693,0.0990099009900991,8.0,2825.9042688999907
587,0.8046938558811881,0.546847379910891,0.3378621727128712,0.08910891089108919,8.0,2826.721465600014
588,0.8014957589900991,0.546847379910891,0.33466407582178215,0.08910891089108919,8.0,2827.215628199978
589,0.7558304675049505,0.546847379910891,0.33157304176237623,0.0990099009900991,7.0,2827.749513000017
590,0.8014714796534653,0.546847379910891,0.3494912816336634,0.06930693069306937,8.0,2828.2355309000122
591,0.8014714796534653,0.546847379910891,0.3494912816336634,0.06930693069306937,8.0,2828.709121300024
592,0.7020350602376237,0.546847379910891,0.32035189192079205,0.10891089108910901,6.0,2830.211783799983
593,0.704024042128713,0.546847379910891,0.33719235896039607,0.08910891089108897,6.0,2839.187079800002
594,0.7438668813762377,0.546847379910891,0.33446094078217825,0.07920792079207906,7.0,2840.1692085000104
595,0.6900944301683168,0.546847379910891,0.3158370044257426,0.09900990099009888,6.0,2854.9991088000243
596,0.6570615272970297,0.546847379910891,0.31052687383168315,0.12871287128712872,5.0,2856.4340770000126
597,0.6425109859207921,0.546847379910891,0.35340207502970294,0.1188118811881188,4.0,2876.14048870001
598,0.6183499522772277,0.546847379910891,0.31240935821782173,0.20792079207920788,3.0,2890.2333207000047
599,0.5683896883168317,0.546847379910891,0.3198748368316831,0.19801980198019797,2.0,2903.625013199984
600,0.5226917765346535,0.5226917765346535,0.32417692504950496,0.19801980198019797,1.0,2914.621110500011
601,0.5646100991089109,0.5226917765346535,0.3309467327722772,0.17821782178217827,2.0,2925.7757633000147
602,0.5712635007623763,0.5226917765346535,0.32274864927722774,0.19801980198019797,2.0,2931.2550675999955
603,0.5689720212871288,0.5226917765346535,0.3204571698019802,0.19801980198019797,2.0,2940.0261695000227
604,0.5590085748514851,0.5226917765346535,0.3124739213861386,0.1287128712871286,3.0,2948.3941192000057
605,0.5689720212871288,0.5226917765346535,0.3204571698019802,0.19801980198019797,2.0,2957.2881602999987
606,0.5758322720792078,0.5226917765346535,0.3144461334653465,0.14851485148514854,3.0,2966.3998046999914
607,0.6151748917524753,0.5226917765346535,0.3166600402673267,0.19801980198019797,3.0,2978.607040299976
608,0.6499597506237624,0.5226917765346535,0.24203895854455443,0.27722772277227714,4.0,2993.9271253999905
609,0.6795274656732674,0.5226917765346535,0.27358687161386136,0.20792079207920788,5.0,3008.7216920999927
610,0.6997452629801979,0.5226917765346535,0.27152744119801975,0.2376237623762376,5.0,3020.066133000015
611,0.7209832893366337,0.5226917765346535,0.3095971507227723,0.14851485148514842,6.0,3020.844047999999
612,0.6795274656732674,0.5226917765346535,0.27358687161386136,0.20792079207920788,5.0,3021.695556699997
613,0.6952729511188119,0.5226917765346535,0.31160958478217826,0.17821782178217815,5.0,3041.7048308000085
614,0.6578240332673269,0.5226917765346535,0.3538636372277228,0.13861386138613863,4.0,3052.085250300006
615,0.6276896480396039,0.5226917765346535,0.34600647972277226,0.1089108910891089,4.0,3057.292767899984
616,0.6545410529504951,0.5226917765346535,0.3431549143366337,0.14851485148514854,4.0,3063.0113432999933
617,0.677689648039604,0.5226917765346535,0.34600647972277226,0.10891089108910879,5.0,3064.574320500018
618,0.6714704439306931,0.5226917765346535,0.33978727561386135,0.10891089108910879,5.0,3066.1931083999807
619,0.6754323379405941,0.5226917765346535,0.34374916962376245,0.1089108910891089,5.0,3069.4613886000006
620,0.6138707780099011,0.5226917765346535,0.35248463939603963,0.14851485148514854,3.0,3075.8692834000103
621,0.6086740505742575,0.5226917765346535,0.3547136545346535,0.13861386138613863,3.0,3081.2077915000264
622,0.6129075837623763,0.5226917765346535,0.3440957025742574,0.15841584158415845,3.0,3084.9985382999876
623,0.6579547584158416,0.5226917765346535,0.34656861980198017,0.14851485148514842,4.0,3085.5689440999995
624,0.6070518461683168,0.5226917765346535,0.3233884798316832,0.17821782178217827,3.0,3092.4594788000104
625,0.6541533429405941,0.5226917765346535,0.32048997660396045,0.17821782178217815,4.0,3097.606934499985
626,0.7023483620297031,0.5226917765346535,0.31868499569306935,0.17821782178217815,5.0,3099.8891337999958
627,0.6984788189306932,0.5226917765346535,0.3222411951683169,0.16831683168316824,5.0,3102.0502913999953
628,0.70008415809901,0.5226917765346535,0.31642079176237625,0.17821782178217815,5.0,3109.5745693999925
629,0.655758682108911,0.5226917765346535,0.3146695731980198,0.18811881188118806,4.0,3111.255946999998
630,0.6929276627029703,0.5226917765346535,0.30183855379207924,0.18811881188118806,5.0,3111.7879289999837
631,0.7040384069603961,0.5226917765346535,0.312949298049505,0.18811881188118806,5.0,3113.9610664999927
632,0.6420377649009901,0.5226917765346535,0.39748330945544563,0.05940594059405935,4.0,3119.0026466000127
633,0.6882406353663366,0.5226917765346535,0.39368617992079213,0.05940594059405924,5.0,3121.1047907000175
634,0.6783109112376238,0.5226917765346535,0.3837564557920793,0.05940594059405935,5.0,3121.965070999984
635,0.7243917163861386,0.5226917765346535,0.36498577579207925,0.07920792079207906,6.0,3124.857588200015
636,0.7682372679603962,0.5226917765346535,0.3588313273663367,0.07920792079207906,7.0,3125.62397960003
637,0.7674426880594061,0.5226917765346535,0.3506110048910892,0.08910891089108908,7.0,3128.2568661000114
638,0.8154354132079209,0.5226917765346535,0.348603730039604,0.08910891089108908,8.0,3129.4682571000303
639,0.8095165401683169,0.5226917765346535,0.3501105995742575,0.07920792079207917,8.0,3131.023777000024
640,0.7216511227722773,0.5226917765346535,0.35481943960396045,0.08910891089108908,6.0,3132.853651100013
641,0.7595218367326733,0.5226917765346535,0.3575416387128713,0.06930693069306926,7.0,3134.1085929999826
642,0.7209435236633663,0.5226917765346535,0.3541118404950495,0.08910891089108908,6.0,3135.177355199994
643,0.6797905250396039,0.5226917765346535,0.37781032701980194,0.06930693069306915,5.0,3137.1983659000252
644,0.7193912698118812,0.5226917765346535,0.3674110717920792,0.06930693069306926,6.0,3140.103210799978
645,0.7266680556336633,0.5226917765346535,0.3746878576138613,0.06930693069306915,6.0,3142.255385000026
646,0.7293270316108911,0.5226917765346535,0.37734683359108906,0.06930693069306915,6.0,3144.458757799992
647,0.7227895733762377,0.5226917765346535,0.34853214763366336,0.09900990099009899,6.0,3147.22717670002
648,0.686516427039604,0.5226917765346535,0.3622590012970297,0.09900990099009899,5.0,3148.7720182000194
649,0.7346431654653466,0.5226917765346535,0.39008871001980194,0.05940594059405935,6.0,3150.886251499993
650,0.7336225485940595,0.5226917765346535,0.3593651228514852,0.09900990099009888,6.0,3151.516375300009
651,0.7296137514851486,0.5226917765346535,0.37763355346534655,0.06930693069306915,6.0,3153.904897200002
652,0.7770470028415842,0.5226917765346535,0.3750668048217822,0.06930693069306915,7.0,3155.694433900004
653,0.6937154265049505,0.5226917765346535,0.32490354531683163,0.15841584158415833,5.0,3162.0141094999854
654,0.6462215081881189,0.5226917765346535,0.327409627,0.15841584158415845,4.0,3162.4416074000183
655,0.6791063557128714,0.5226917765346535,0.33257170224752475,0.12871287128712872,5.0,3168.1159364000196
656,0.7273013748019803,0.5226917765346535,0.3307667213366337,0.12871287128712872,6.0,3170.3028597999946
657,0.6791063557128714,0.5226917765346535,0.33257170224752475,0.12871287128712872,5.0,3171.9065784999984
658,0.7208545758118813,0.5226917765346535,0.3317456649207921,0.1188118811881188,6.0,3174.063078599982
659,0.7253335890000001,0.5226917765346535,0.3287989355346535,0.1287128712871286,6.0,3175.1624080999754
660,0.6646087493762376,0.5226917765346535,0.3180740959108911,0.1287128712871286,5.0,3176.239809699997
661,0.6669196124455445,0.5226917765346535,0.32038495898019803,0.12871287128712872,5.0,3177.4183679000125
662,0.6821815354554456,0.5226917765346535,0.335646881990099,0.12871287128712872,5.0,3179.084199999983
663,0.6363989241881187,0.5226917765346535,0.36214149844554455,0.09900990099009899,4.0,3186.115380399977
664,0.6345795078514851,0.5226917765346535,0.3380448543861386,0.1287128712871286,4.0,3187.6462482999777
665,0.5977122222079208,0.5226917765346535,0.328900341019802,0.15841584158415833,3.0,3192.409406599996
666,0.5596529984653466,0.5226917765346535,0.34084111727722777,0.15841584158415833,2.0,3194.3374070000136
667,0.5548690452871288,0.5226917765346535,0.3137799363762377,0.18811881188118806,2.0,3201.247606799996
668,0.6004849277623763,0.5226917765346535,0.3168215614257426,0.17821782178217815,3.0,3208.5121061999816
669,0.5970878928613862,0.5226917765346535,0.30599878395049507,0.18811881188118806,3.0,3217.1753816999844
670,0.6080623388118812,0.5226917765346535,0.3169732299009901,0.18811881188118817,3.0,3221.1264256000286
671,0.5690259506435643,0.5226917765346535,0.35021406945544553,0.15841584158415845,2.0,3227.88110150001
672,0.5536297785346534,0.5226917765346535,0.31996641219801975,0.17821782178217827,2.0,3235.1570578999817
673,0.5948960198019803,0.5226917765346535,0.3335098811881188,0.14851485148514854,3.0,3241.0044040000066
674,0.6406483978811881,0.5226917765346535,0.3589652295643564,0.1089108910891089,4.0,3241.9083134999964
675,0.6440227668316831,0.5226917765346535,0.3326366282178218,0.14851485148514842,4.0,3243.7737099999795
676,0.5536297785346534,0.5226917765346535,0.31996641219801975,0.17821782178217827,2.0,3248.6076494000154
677,0.5975741195940594,0.5226917765346535,0.3139107532574257,0.17821782178217815,3.0,3250.679284700018
678,0.5661385314356435,0.5226917765346535,0.33990090767326736,0.16831683168316824,2.0,3258.879677699995
679,0.6102631187623763,0.5226917765346535,0.35630272272277225,0.13861386138613851,3.0,3264.240180200024
680,0.6142560189999999,0.5226917765346535,0.3231669100891089,0.18811881188118806,3.0,3266.3367598999757
681,0.6595939265940594,0.5226917765346535,0.3259305602574258,0.17821782178217815,4.0,3267.0632245999877
682,0.5915306753663366,0.5226917765346535,0.3152930516039604,0.16831683168316836,3.0,3270.603099400003
683,0.6325888125346535,0.5226917765346535,0.31377693134653467,0.15841584158415845,4.0,3273.0304570000153
684,0.610809193059406,0.5226917765346535,0.3271458267227723,0.17821782178217815,3.0,3275.8031785999774
685,0.6476936405841585,0.5226917765346535,0.3288817593960396,0.15841584158415833,4.0,3276.2566228000214
686,0.6007780342277227,0.5226917765346535,0.39879783620792075,0.06930693069306926,3.0,3288.2742238999926
687,0.6272680603663368,0.5226917765346535,0.3604363771980198,0.08910891089108908,4.0,3292.604395499977
688,0.6386226915544555,0.5226917765346535,0.36436526581188117,0.0990099009900991,4.0,3297.8001826999825
689,0.6073890063564356,0.5226917765346535,0.2791711845742574,0.2376237623762376,3.0,3304.2026439000037
690,0.6256676615841583,0.5226917765346535,0.314281522970297,0.14851485148514842,4.0,3307.6853905000025
691,0.6073890063564356,0.5226917765346535,0.2791711845742574,0.2376237623762376,3.0,3311.3677705000155
692,0.6525606245742575,0.5226917765346535,0.2743428027920791,0.2376237623762376,4.0,3312.077340900025
693,0.5894620108118811,0.5226917765346535,0.2760956741782178,0.2178217821782179,3.0,3314.838021499978
694,0.6353163472475247,0.5226917765346535,0.2793757531881188,0.20792079207920788,4.0,3318.898132000002
695,0.6260276862178218,0.5226917765346535,0.2775128347326732,0.19801980198019808,4.0,3326.501660500013
696,0.6206971447722772,0.5226917765346535,0.2796080358613861,0.18811881188118817,4.0,3329.225635199982
697,0.6095657235841585,0.5226917765346535,0.2833280998217822,0.16831683168316836,4.0,3332.5805374999763
698,0.6593556194356436,0.5226917765346535,0.28311799567326734,0.16831683168316836,5.0,3333.752631600015
699,0.6694559572673267,0.5226917765346535,0.2783668483564356,0.18811881188118806,5.0,3339.5145598999807
700,0.7120411974653466,0.5226917765346535,0.27837783112871284,0.17821782178217827,6.0,3344.8965848999796
701,0.7160121686534653,0.5226917765346535,0.2823488023168316,0.17821782178217827,6.0,3351.8716499999864
702,0.7136777182574258,0.5226917765346535,0.2874400944950494,0.16831683168316836,6.0,3360.4731282999855
703,0.7161860914257426,0.5226917765346535,0.2750969825148515,0.18811881188118817,6.0,3366.86303030001
704,0.7597044938019802,0.5226917765346535,0.3057440977623762,0.13861386138613863,7.0,3370.393552399997
705,0.7651886724158417,0.5226917765346535,0.27409956350495046,0.18811881188118817,7.0,3376.506964500004
706,0.7320796922178219,0.5226917765346535,0.3206935536039604,0.14851485148514842,6.0,3382.8166802999913
707,0.732546040039604,0.5226917765346535,0.328585644,0.13861386138613863,6.0,3387.1915442000027
708,0.7343585377623763,0.5226917765346535,0.36010111201980194,0.09900990099009899,6.0,3391.822311100026
709,0.7723778399405941,0.5226917765346535,0.34812041419801976,0.09900990099009899,7.0,3392.348916399991
710,0.7245179829108912,0.5226917765346535,0.35026055716831683,0.09900990099009899,6.0,3397.959745
711,0.6777315873663367,0.5226917765346535,0.33119693390099014,0.12871287128712872,5.0,3412.1057325000293
712,0.6329718661782179,0.5226917765346535,0.314159984990099,0.15841584158415833,4.0,3429.40694429999
713,0.6813351942970298,0.5226917765346535,0.3125233131089109,0.15841584158415833,5.0,3429.971551100025
714,0.5973584038019802,0.5226917765346535,0.3285465226138614,0.15841584158415833,3.0,3431.415510400024
715,0.6407707131089109,0.5226917765346535,0.284830119049505,0.20792079207920788,4.0,3432.9134737999993
716,0.6307628259801981,0.5226917765346535,0.3416539150891089,0.1188118811881187,4.0,3441.529073200014
717,0.5622980285148516,0.5226917765346535,0.33606040475247523,0.16831683168316824,2.0,3451.478016100009
718,0.5952851859405941,0.5226917765346535,0.31904756217821784,0.16831683168316824,3.0,3452.2340593999834
719,0.5979684764356435,0.5226917765346535,0.32173085267326734,0.16831683168316824,3.0,3460.8217057000147
720,0.6024126822970297,0.5226917765346535,0.3558780288316831,0.12871287128712883,3.0,3466.43257970002
721,0.6478921925148515,0.5226917765346535,0.3439317964752476,0.13861386138613874,4.0,3473.3845669000293
722,0.6496655156633663,0.5226917765346535,0.3382793770495049,0.14851485148514842,4.0,3474.7616542000324
723,0.6494920151683168,0.5226917765346535,0.35295736170297026,0.1287128712871286,4.0,3475.587987200008
724,0.6432835176039604,0.5226917765346535,0.3541746067128713,0.11881188118811892,4.0,3480.2461923999945
725,0.6432835176039604,0.5226917765346535,0.3541746067128713,0.11881188118811892,4.0,3484.893631700019
726,0.5726520404950495,0.5226917765346535,0.31671144643564353,0.20792079207920788,2.0,3497.8347588999895
727,0.5638535011881188,0.5226917765346535,0.32276439227722775,0.18811881188118806,2.0,3508.094097000023
728,0.607026794009901,0.5226917765346535,0.3382149128217822,0.15841584158415845,3.0,3528.7895527000073
729,0.5658650693564357,0.5226917765346535,0.3396274455940594,0.16831683168316836,2.0,3544.467474600009
730,0.6007949895049506,0.5226917765346535,0.33198310831683175,0.15841584158415833,3.0,3551.8250870999764
731,0.607026794009901,0.5226917765346535,0.3382149128217822,0.15841584158415845,3.0,3570.6254131000023
732,0.5599223052475247,0.5226917765346535,0.3188331963366337,0.18811881188118817,2.0,3588.617659599986
733,0.5911931708910891,0.5226917765346535,0.30752980455445544,0.17821782178217815,3.0,3598.710995200032
734,0.6017601118811882,0.5226917765346535,0.31809674554455447,0.17821782178217827,3.0,3599.2563896999927
735,0.5572310036039604,0.5226917765346535,0.2864389243960396,0.2277227722772277,2.0,3607.8755755000166
736,0.5990694055148515,0.5226917765346535,0.31540603917821786,0.17821782178217815,3.0,3612.4325422000256
737,0.5677510247920792,0.5226917765346535,0.3192361733069306,0.19801980198019797,2.0,3626.210749300022
738,0.5226917765346535,0.5226917765346535,0.32417692504950496,0.19801980198019797,1.0,3637.8754101999803
739,0.5685958853465346,0.5226917765346535,0.3200810338613861,0.19801980198019797,2.0,3648.6069403000292
740,0.5658410757425743,0.5226917765346535,0.33217770940594055,0.17821782178217815,2.0,3658.6469882000238
741,0.521672901910891,0.521672901910891,0.3028610207227722,0.15841584158415833,2.0,3667.563038900029
742,0.5689870347821782,0.521672901910891,0.2927494110198019,0.16831683168316836,3.0,3669.292084400018
743,0.521672901910891,0.521672901910891,0.3028610207227722,0.15841584158415833,2.0,3672.5565974999918
744,0.5706978246039603,0.521672901910891,0.3018859434158415,0.15841584158415833,3.0,3675.129662899999
745,0.6138868056534653,0.521672901910891,0.3247778947623762,0.1188118811881187,4.0,3677.780635199975
746,0.5685873321881187,0.521672901910891,0.2923497084257425,0.16831683168316836,3.0,3679.878825600026
747,0.617677609950495,0.521672901910891,0.29143998618811867,0.16831683168316836,4.0,3681.135190400004
748,0.6151839122772276,0.521672901910891,0.2889462885148514,0.16831683168316824,4.0,3681.9741048000287
749,0.6072855681683169,0.521672901910891,0.2216420038118812,0.24752475247524752,4.0,3691.8017493999796
750,0.6185873321881188,0.521672901910891,0.29234970842574254,0.16831683168316824,4.0,3694.0641694000224
751,0.6159302973861385,0.521672901910891,0.2896926736237623,0.16831683168316836,4.0,3695.696892499982
752,0.6125163903960396,0.521672901910891,0.28627876663366325,0.16831683168316824,4.0,3697.0153458000277
753,0.6550762190891088,0.521672901910891,0.30111582304950485,0.13861386138613851,5.0,3697.792346000031
754,0.657353729960396,0.521672901910891,0.2885418487722771,0.15841584158415833,5.0,3698.182153599977
755,0.6581482215841583,0.521672901910891,0.2967620829702969,0.14851485148514842,5.0,3698.638656300027
756,0.6618967372772278,0.521672901910891,0.2856591135148514,0.16831683168316824,5.0,3699.298838699993
757,0.6581482215841583,0.521672901910891,0.2967620829702969,0.14851485148514842,5.0,3699.7036168000195
758,0.6616178968811881,0.521672901910891,0.3002317582673266,0.14851485148514842,5.0,3700.19728870003
759,0.6567564295247523,0.521672901910891,0.29537029091089095,0.14851485148514842,5.0,3700.595921400003
760,0.6669636969207919,0.521672901910891,0.2981518157326732,0.15841584158415833,5.0,3702.6995530999848
761,0.6180483736336633,0.521672901910891,0.2992364924455445,0.15841584158415833,4.0,3704.7103312999825
762,0.6152219862376238,0.521672901910891,0.2964101050495049,0.15841584158415833,4.0,3705.4930320000276
763,0.6225790754455445,0.521672901910891,0.3037671942574257,0.15841584158415856,4.0,3711.5585594000295
764,0.644469145940594,0.521672901910891,0.33308300732673274,0.14851485148514854,4.0,3715.0510371000273
765,0.6225790754455445,0.521672901910891,0.3037671942574257,0.15841584158415856,4.0,3718.76331379998
766,0.6397872149405941,0.521672901910891,0.3061238486039604,0.17821782178217815,4.0,3726.3932319000014
767,0.6897872149405941,0.521672901910891,0.30612384860396047,0.17821782178217815,5.0,3737.0121880000224
768,0.6794778519702971,0.521672901910891,0.3329431985049505,0.1287128712871286,5.0,3742.580478799995
769,0.6797691200297029,0.521672901910891,0.325808723990099,0.13861386138613851,5.0,3744.2305888999836
770,0.7256558165643565,0.521672901910891,0.34397264824752477,0.10891089108910879,6.0,3747.3384353999863
771,0.6468180707920792,0.521672901910891,0.3725606450495049,0.0990099009900991,4.0,3755.602195299987
772,0.6882913273267326,0.521672901910891,0.36403390158415844,0.0990099009900991,5.0,3756.88267989998
773,0.6941004713861385,0.521672901910891,0.3549915604950495,0.1188118811881188,5.0,3758.269463100005
774,0.7399693868316831,0.521672901910891,0.350860475940594,0.1188118811881188,6.0,3758.822620299994
775,0.6884657675346534,0.521672901910891,0.33450537149504944,0.13861386138613863,5.0,3760.471755300008
776,0.7334765985247524,0.521672901910891,0.32951620248514846,0.13861386138613851,6.0,3766.193623600004
777,0.7299380999108911,0.521672901910891,0.3334034464455445,0.12871287128712872,6.0,3766.545631200017
778,0.7288959411980198,0.521672901910891,0.34721277288118807,0.1089108910891089,6.0,3766.9689375000307
779,0.736171387069307,0.521672901910891,0.3470624761782177,0.1188118811881188,6.0,3768.1308647000114
780,0.7705972587821781,0.521672901910891,0.33148834789108905,0.1188118811881188,7.0,3768.63214479998
781,0.7795117158712871,0.521672901910891,0.3404028049801979,0.1188118811881188,7.0,3769.145593299996
782,0.7402273543861386,0.521672901910891,0.36596992864356426,0.09900990099009899,6.0,3771.1148246999946
783,0.7329519085148515,0.521672901910891,0.3661202253465346,0.08910891089108908,6.0,3771.610517400026
784,0.7329519085148515,0.521672901910891,0.3661202253465346,0.08910891089108908,6.0,3772.0290550999925
785,0.6897094000990098,0.521672901910891,0.37287771693069305,0.08910891089108897,5.0,3773.3930823000264
786,0.6644114436237624,0.521672901910891,0.3455995624356435,0.15841584158415833,4.0,3781.2954604999977
787,0.6180273774851486,0.521672901910891,0.2378293576831683,0.30693069306930687,3.0,3789.096125699987
788,0.574384035089109,0.521672901910891,0.29072066875247526,0.17821782178217827,3.0,3795.822963099985
789,0.6227940243465346,0.521672901910891,0.289130658009901,0.17821782178217827,4.0,3796.4326971999835
790,0.6206334974653465,0.521672901910891,0.2869701311287129,0.17821782178217827,4.0,3801.145599599986
791,0.6185597750792079,0.521672901910891,0.28489640874257427,0.17821782178217827,4.0,3801.708805800008
792,0.6018430528019802,0.521672901910891,0.19392226072277227,0.27722772277227725,4.0,3807.070458900009
793,0.6482307635940594,0.521672901910891,0.34427036755445545,0.13861386138613863,4.0,3814.6660321999807
794,0.6957092150198019,0.521672901910891,0.341748818980198,0.13861386138613863,5.0,3818.066641099984
795,0.6053119777524752,0.521672901910891,0.3513515817128713,0.13861386138613863,3.0,3822.8662200000254
796,0.602466081,0.521672901910891,0.31880271466336635,0.17821782178217827,3.0,3832.812130199978
797,0.616715505950495,0.521672901910891,0.31275510991089106,0.13861386138613851,4.0,3840.6008960999898
798,0.6329794401089108,0.521672901910891,0.2993160737722772,0.17821782178217815,4.0,3851.8556594999973
799,0.6484022437722772,0.521672901910891,0.322164620009901,0.16831683168316836,4.0,3861.00981160003
800,0.598099027069307,0.521672901910891,0.31443566073267326,0.17821782178217827,3.0,3861.5513908999856
801,0.6443018975346535,0.521672901910891,0.31063853119801976,0.17821782178217815,4.0,3875.5325851999805
802,0.6315509591485149,0.521672901910891,0.32759056310891094,0.13861386138613851,4.0,3887.8654649999808
803,0.5597511598811882,0.521672901910891,0.32608779354455447,0.17821782178217827,2.0,3888.4481701999903
804,0.5740005848316831,0.521672901910891,0.3200401887920792,0.13861386138613851,3.0,3894.94693179999
805,0.6046964506732673,0.521672901910891,0.30618159918811877,0.19801980198019797,3.0,3903.6268662000075
806,0.6035008457227723,0.521672901910891,0.27528302394059406,0.2376237623762376,3.0,3918.720932700031
807,0.574906752059406,0.521672901910891,0.3580750688910891,0.08910891089108908,3.0,3926.2063179999823
808,0.5689070318811882,0.521672901910891,0.3372238635643564,0.1089108910891089,3.0,3932.4260656000115
809,0.5784846267326733,0.521672901910891,0.31709848811881186,0.14851485148514842,3.0,3936.097727300017
810,0.5359103693069307,0.521672901910891,0.31709848811881186,0.15841584158415833,2.0,3940.682295400009
811,0.5716232895049504,0.521672901910891,0.323108438019802,0.19801980198019797,2.0,3950.737468699983
812,0.5689070318811882,0.521672901910891,0.3372238635643564,0.1089108910891089,3.0,3954.1809660000145
813,0.5564737462376238,0.521672901910891,0.30993909277227727,0.12871287128712872,3.0,3957.7674784000264
814,0.5675116074356436,0.521672901910891,0.29671952822772274,0.2277227722772277,2.0,3963.900017799984
815,0.6134678442574258,0.521672901910891,0.3372302204950495,0.16831683168316836,3.0,3966.7328966999776
816,0.6095475031683169,0.521672901910891,0.29618116653465343,0.2178217821782178,3.0,3972.836025800032
817,0.5999816473366337,0.521672901910891,0.3088925384257426,0.18811881188118817,3.0,3974.765002899978
818,0.620663596079208,0.521672901910891,0.3018517148910891,0.15841584158415845,4.0,3979.3328197000083
819,0.6442997776336634,0.521672901910891,0.3180621538712871,0.16831683168316836,4.0,3984.9432016999926
820,0.6509735042772277,0.521672901910891,0.38414182110891093,0.08910891089108908,4.0,3992.7341331000207
821,0.6759666382277227,0.521672901910891,0.3220062421881188,0.13861386138613863,5.0,3993.5191311999806
822,0.6393610654554456,0.521672901910891,0.31312344169306927,0.16831683168316836,4.0,3997.443612199975
823,0.6822902294752475,0.521672901910891,0.283775377990099,0.19801980198019808,5.0,4000.6609922000207
824,0.6790878616930693,0.521672901910891,0.3028502379306931,0.16831683168316836,5.0,4002.854146700003
825,0.6748631840693069,0.521672901910891,0.3060513028811881,0.15841584158415845,5.0,4005.119285700028
826,0.6851014881287129,0.521672901910891,0.31628960694059405,0.15841584158415845,5.0,4007.2205974999815
827,0.6477622471188118,0.521672901910891,0.29924739563366337,0.19801980198019797,4.0,4009.7770519999904
828,0.683046931990099,0.521672901910891,0.3365122785247524,0.12871287128712872,5.0,4013.0294178000186
829,0.6802700117821783,0.521672901910891,0.3040323880198019,0.16831683168316836,5.0,4014.992461799993
830,0.6852794197128713,0.521672901910891,0.3090417959504951,0.16831683168316836,5.0,4016.5058208000264
831,0.7183586755544555,0.521672901910891,0.3218240220891089,0.12871287128712872,6.0,4019.918726600008
832,0.7314822901782179,0.521672901910891,0.3052446664158416,0.16831683168316836,6.0,4022.0327622999903
833,0.6827029132772277,0.521672901910891,0.3064652895148515,0.16831683168316836,5.0,4023.4143274999806
834,0.6393610654554456,0.521672901910891,0.31312344169306927,0.16831683168316836,4.0,4024.4814613999915
835,0.6872628623168316,0.521672901910891,0.3110252385544555,0.16831683168316836,5.0,4026.5058599999757
836,0.7331812165742575,0.521672901910891,0.3069435928118812,0.16831683168316836,6.0,4027.88969109999
837,0.7313271577623763,0.521672901910891,0.28281230627722775,0.19801980198019808,6.0,4029.8581109999795
838,0.6901329826534653,0.521672901910891,0.3138953588910891,0.16831683168316824,5.0,4031.830556000001
839,0.6482924197425743,0.521672901910891,0.3072033108316831,0.18811881188118806,4.0,4036.486229299975
840,0.6122026790099009,0.521672901910891,0.31368782752475244,0.19801980198019797,3.0,4043.1813846000005
841,0.6066716861584158,0.521672901910891,0.2858796069504951,0.2277227722772277,3.0,4053.118980899977
842,0.6477949486336634,0.521672901910891,0.284428612,0.2178217821782178,4.0,4056.0368666999857
843,0.568894647,0.521672901910891,0.32037979551485146,0.19801980198019797,2.0,4063.6605778000085
844,0.5567742646039603,0.521672901910891,0.33796238341584156,0.15841584158415845,2.0,4074.603939499997
845,0.5622980285148516,0.521672901910891,0.33606040475247523,0.16831683168316824,2.0,4084.289688399993
846,0.601355256039604,0.521672901910891,0.32511763227722773,0.16831683168316824,3.0,4085.2728168999893
847,0.6002815365346535,0.521672901910891,0.32404391277227723,0.16831683168316824,3.0,4086.3804299000185
848,0.6477085853465347,0.521672901910891,0.33632244673267325,0.14851485148514854,4.0,4087.405202599999
849,0.6379585198019803,0.521672901910891,0.3191466386138614,0.15841584158415833,4.0,4087.9300356000313
850,0.602591069009901,0.521672901910891,0.34863067297029704,0.13861386138613851,3.0,4095.442915100022
851,0.557682893029703,0.521672901910891,0.3165937841188119,0.18811881188118806,2.0,4109.25253920001
852,0.5918578664950496,0.521672901910891,0.3230459853069307,0.15841584158415845,3.0,4121.866376299993
853,0.5582734795247525,0.521672901910891,0.33203585576237626,0.16831683168316824,2.0,4127.765616699995
854,0.5677256945445545,0.521672901910891,0.25237915989108906,0.28712871287128716,2.0,4136.939371899993
855,0.6077875112772277,0.521672901910891,0.24244097662376235,0.28712871287128716,3.0,4138.600819199986
856,0.5756184571287128,0.521672901910891,0.31423231851485145,0.14851485148514854,3.0,4143.293080399977
857,0.6131864878217821,0.521672901910891,0.33892906207920787,0.09900990099009899,4.0,4144.655241700006
858,0.6175563873267327,0.521672901910891,0.3210217338613861,0.12871287128712872,4.0,4145.256511799991
859,0.5677256945445545,0.521672901910891,0.25237915989108906,0.28712871287128716,2.0,4153.332704600005
860,0.5226917765346535,0.521672901910891,0.32417692504950496,0.19801980198019797,1.0,4162.139919199981
861,0.5650614986534653,0.521672901910891,0.3313981323168317,0.17821782178217827,2.0,4166.785005700018
862,0.5654798395247524,0.521672901910891,0.34666795833663366,0.15841584158415845,2.0,4174.602711500018
863,0.5693278905940593,0.521672901910891,0.3208130391089109,0.19801980198019808,2.0,4180.579869500012
864,0.5597511598811882,0.521672901910891,0.32608779354455447,0.17821782178217827,2.0,4189.07098259998
865,0.5651054655841584,0.521672901910891,0.2497589309306931,0.28712871287128716,2.0,4196.712086900021
866,0.5641910684455446,0.521672901910891,0.31567621696039605,0.19801980198019797,2.0,4203.782501299982
867,0.555199834059406,0.521672901910891,0.31411072514851485,0.18811881188118817,2.0,4212.6440451000235
868,0.5626067358415842,0.521672901910891,0.3289433695049505,0.17821782178217827,2.0,4219.883790399996
869,0.5658410757425743,0.521672901910891,0.33217770940594055,0.17821782178217815,2.0,4228.041752099991
870,0.5651054655841584,0.521672901910891,0.2497589309306931,0.28712871287128716,2.0,4236.034166700032
871,0.5661385314356435,0.521672901910891,0.33990090767326736,0.16831683168316824,2.0,4242.592421700014
872,0.5587998697425742,0.521672901910891,0.3177107608316832,0.18811881188118806,2.0,4270.401768099982
873,0.5764730434059406,0.521672901910891,0.31508690479207924,0.14851485148514854,3.0,4277.2912531999755
874,0.5973776564851485,0.521672901910891,0.3137142901485149,0.17821782178217815,3.0,4278.149994899984
875,0.6064303752871287,0.521672901910891,0.32276700895049504,0.17821782178217815,3.0,4291.325517099991
876,0.557682893029703,0.521672901910891,0.3165937841188119,0.18811881188118806,2.0,4305.910117799998
877,0.5226917765346535,0.521672901910891,0.32417692504950496,0.19801980198019797,1.0,4316.392918900005
878,0.5688734935643565,0.521672901910891,0.3203586420792079,0.19801980198019797,2.0,4323.830063399975
879,0.5651054655841584,0.521672901910891,0.2497589309306931,0.28712871287128716,2.0,4331.803857400024
880,0.5705404849306931,0.521672901910891,0.31459989087128715,0.20792079207920788,2.0,4338.317484500003
881,0.5646602075247524,0.521672901910891,0.316145356039604,0.19801980198019797,2.0,4344.402169000008
882,0.5618372092277227,0.521672901910891,0.2910451300198019,0.2277227722772277,2.0,4352.906376799976
883,0.5599223052475247,0.521672901910891,0.3188331963366337,0.18811881188118817,2.0,4366.833513199992
884,0.5688734935643565,0.521672901910891,0.3203586420792079,0.19801980198019797,2.0,4374.52929939999
885,0.6143481810594059,0.521672901910891,0.3232590721485148,0.18811881188118806,3.0,4374.834406799986
886,0.6122440214851486,0.521672901910891,0.3211549125742574,0.18811881188118806,3.0,4375.170467699994
887,0.6144228737623763,0.521672901910891,0.32333376485148513,0.18811881188118806,3.0,4375.851413900033
888,0.6111720496732673,0.521672901910891,0.3200829407623762,0.18811881188118806,3.0,4376.1780193999875
889,0.6395845527425743,0.521672901910891,0.3133469289801981,0.16831683168316824,4.0,4391.54619600001
890,0.5688734935643565,0.521672901910891,0.3203586420792079,0.19801980198019797,2.0,4391.824305100017
891,0.5551333909900991,0.521672901910891,0.33632150980198017,0.15841584158415845,2.0,4399.44819700002
892,0.51272833009901,0.51272833009901,0.3161936766336634,0.1287128712871286,2.0,4405.900133699994
893,0.521672901910891,0.51272833009901,0.3028610207227722,0.15841584158415833,2.0,4413.204082200013
894,0.5699716698613861,0.51272833009901,0.3011597886732672,0.15841584158415833,3.0,4416.026949800027
895,0.5634063005247525,0.51272833009901,0.2797429341881188,0.17821782178217815,3.0,4420.275132099981
896,0.5539540068514851,0.51272833009901,0.31484509596039595,0.1188118811881188,3.0,4421.898144799983
897,0.5604801665346534,0.51272833009901,0.3045395724752475,0.20792079207920788,2.0,4429.200992500002
898,0.566351075970297,0.51272833009901,0.2975391947821783,0.15841584158415845,3.0,4433.774301099998
899,0.5679790937722772,0.51272833009901,0.28431572743564354,0.17821782178217815,3.0,4435.355632200022
900,0.5226917765346535,0.51272833009901,0.32417692504950496,0.19801980198019797,1.0,4444.735237599991
901,0.5636738403861385,0.51272833009901,0.3522877017722772,0.14851485148514854,2.0,4452.643135100021
902,0.5685958853465346,0.51272833009901,0.3200810338613861,0.19801980198019797,2.0,4461.451019499975
903,0.5696330110792079,0.51272833009901,0.2394349912772277,0.30693069306930687,2.0,4469.152359400003
904,0.5677256945445545,0.51272833009901,0.25237915989108906,0.28712871287128716,2.0,4479.101743699983
905,0.5665107745544554,0.51272833009901,0.3031444379207921,0.2178217821782178,2.0,4487.581954199995
906,0.5693278905940593,0.51272833009901,0.3208130391089109,0.19801980198019808,2.0,4493.727878000005
907,0.6153302695643563,0.51272833009901,0.3168154180792079,0.19801980198019808,3.0,4495.6543924
908,0.6060293128514852,0.51272833009901,0.2703857484950495,0.24752475247524752,3.0,4502.023012700025
909,0.5226917765346535,0.51272833009901,0.32417692504950496,0.19801980198019797,1.0,4511.931346400001
910,0.51272833009901,0.51272833009901,0.3161936766336634,0.1287128712871286,2.0,4518.449783199991
911,0.5689720212871288,0.51272833009901,0.3204571698019802,0.19801980198019797,2.0,4525.891143899993
912,0.5596397404950496,0.51272833009901,0.313105087029703,0.12871287128712883,3.0,4530.636811000004
913,0.5558776293069307,0.51272833009901,0.3241944609900991,0.10891089108910901,3.0,4536.193234000006
914,0.5538842508910891,0.51272833009901,0.31477534,0.1188118811881187,3.0,4539.538709799992
915,0.5613841317920794,0.51272833009901,0.3148494783267327,0.1287128712871286,3.0,4543.645249299996
916,0.568894647,0.51272833009901,0.32037979551485146,0.19801980198019797,2.0,4550.484819200006
917,0.559829098019802,0.51272833009901,0.3132944445544555,0.1287128712871286,3.0,4555.029172600014
918,0.51272833009901,0.51272833009901,0.3161936766336634,0.1287128712871286,2.0,4561.502848099975
919,0.5602708015841584,0.51272833009901,0.3137361481188119,0.1287128712871286,3.0,4566.98986620002
920,0.5375629292574258,0.51272833009901,0.2761767906435644,0.14851485148514842,3.0,4573.190576300025
921,0.533067765148515,0.51272833009901,0.28653311168316836,0.1287128712871286,3.0,4577.659638300014
922,0.5540317207623763,0.51272833009901,0.32234855244554456,0.10891089108910901,3.0,4583.494400800031
923,0.533067765148515,0.51272833009901,0.28653311168316836,0.1287128712871286,3.0,4587.835555600002
924,0.5565191722079208,0.51272833009901,0.3248360038910892,0.10891089108910901,3.0,4592.52314070001
925,0.5255388621881188,0.51272833009901,0.29187549585148514,0.17821782178217815,2.0,4599.690915799991
926,0.5598260311287129,0.51272833009901,0.34843989251485147,0.14851485148514854,2.0,4608.807374999975
927,0.5654798395247524,0.51272833009901,0.34666795833663366,0.15841584158415845,2.0,4617.121534699982
928,0.5567742646039603,0.51272833009901,0.33796238341584156,0.15841584158415845,2.0,4626.39814569999
929,0.5651054655841584,0.51272833009901,0.2497589309306931,0.28712871287128716,2.0,4634.321481899999
930,0.5929593008316831,0.51272833009901,0.3389989047920793,0.13861386138613851,3.0,4640.1818802999915
931,0.6022328787623762,0.51272833009901,0.31856951242574255,0.17821782178217827,3.0,4641.278783800022
932,0.5918658014257426,0.51272833009901,0.2784994647920792,0.2178217821782178,3.0,4654.122883400007
933,0.5505091665445545,0.51272833009901,0.2816972853564357,0.15841584158415833,3.0,4660.933201399981
934,0.531712830089109,0.51272833009901,0.24062372117821781,0.18811881188118806,3.0,4670.801577100006
935,0.5597954288118813,0.51272833009901,0.2909835476237624,0.15841584158415833,3.0,4676.0378461999935
936,0.5724287917722772,0.51272833009901,0.24619116800990098,0.16831683168316824,4.0,4679.528889900015
937,0.5786352204851486,0.51272833009901,0.23754611157425742,0.18811881188118806,4.0,4682.559884599992
938,0.5586904338019802,0.51272833009901,0.28245281003960393,0.16831683168316836,3.0,4688.118524599995
939,0.5759627383069308,0.51272833009901,0.22744788682178219,0.19801980198019797,4.0,4691.525906900002
940,0.5785302687623763,0.51272833009901,0.24486690242574258,0.17821782178217815,4.0,4691.828434900031
941,0.5927643061782178,0.51272833009901,0.33137816756435645,0.14851485148514842,3.0,4703.015093000024
942,0.4915757697128713,0.4915757697128713,0.2430609182277228,0.19801980198019797,2.0,4710.081712700019
943,0.51272833009901,0.4915757697128713,0.3161936766336634,0.1287128712871286,2.0,4716.74736670003
944,0.5257189256039605,0.4915757697128713,0.2717585295643565,0.13861386138613874,3.0,4719.967808999994
945,0.5675116074356436,0.4915757697128713,0.29671952822772274,0.2277227722772277,2.0,4725.707748899993
946,0.5392664392178219,0.4915757697128713,0.24075158773267327,0.19801980198019797,3.0,4731.21926089999
947,0.5226917765346535,0.4915757697128713,0.32417692504950496,0.19801980198019797,1.0,4740.203030899982
948,0.5382587296138615,0.4915757697128713,0.2545953632772277,0.17821782178217815,3.0,4742.8603458
949,0.5375311008019803,0.4915757697128713,0.25386773446534655,0.17821782178217815,3.0,4745.9406432000105
950,0.5255388621881188,0.4915757697128713,0.29187549585148514,0.17821782178217815,2.0,4753.151962300006
951,0.5551333909900991,0.4915757697128713,0.33632150980198017,0.15841584158415845,2.0,4760.430133900023
952,0.5260187428712872,0.4915757697128713,0.2423553765346535,0.17821782178217815,3.0,4763.8311161000165
953,0.558790848019802,0.4915757697128713,0.302850253960396,0.20792079207920788,2.0,4769.983719300013
954,0.5163908551980199,0.4915757697128713,0.24757897400990103,0.15841584158415845,3.0,4772.8313199999975
955,0.5611508714356437,0.4915757697128713,0.2497647328217822,0.14851485148514854,4.0,4775.684481500008
956,0.5625462038712872,0.4915757697128713,0.2566056098118812,0.20792079207920788,3.0,4782.523094600008
957,0.5533874544059407,0.4915757697128713,0.24942705836633666,0.13861386138613863,4.0,4785.345557200024
958,0.5649474768613862,0.4915757697128713,0.24613559567326734,0.15841584158415845,4.0,4788.135352200014
959,0.5617259965841586,0.4915757697128713,0.2354883728217822,0.16831683168316836,4.0,4792.168805700028
960,0.5645156577425743,0.4915757697128713,0.24570377655445547,0.15841584158415845,4.0,4794.601851199986
961,0.5334672368217821,0.4915757697128713,0.24237812791089108,0.18811881188118806,3.0,4799.437714200001
962,0.5257189256039605,0.4915757697128713,0.2717585295643565,0.13861386138613874,3.0,4802.840643000032
963,0.5678757723762377,0.4915757697128713,0.29906389118811877,0.15841584158415833,3.0,4810.579918499978
964,0.5320178695643565,0.4915757697128713,0.26320598837623765,0.15841584158415845,3.0,4814.102217699983
965,0.51272833009901,0.4915757697128713,0.3161936766336634,0.1287128712871286,2.0,4820.732697699976
966,0.5486946368217822,0.4915757697128713,0.3095857259306931,0.11881188118811892,3.0,4829.73051329999
967,0.5504936166534653,0.4915757697128713,0.3262361909108911,0.0990099009900991,3.0,4834.842646499979
968,0.5602708015841584,0.4915757697128713,0.3137361481188119,0.1287128712871286,3.0,4840.410752299998
969,0.5685958853465346,0.4915757697128713,0.3200810338613861,0.19801980198019797,2.0,4849.076327899995
970,0.533067765148515,0.4915757697128713,0.28653311168316836,0.1287128712871286,3.0,4853.400385599991
971,0.5226917765346535,0.4915757697128713,0.32417692504950496,0.19801980198019797,1.0,4862.537972800026
972,0.5610297494059406,0.4915757697128713,0.3144950959405941,0.1287128712871286,3.0,4869.347229300009
973,0.514441705970297,0.4915757697128713,0.2901842802277228,0.09900990099009888,3.0,4874.102650200017
974,0.562431829079208,0.4915757697128713,0.28074866076237626,0.10891089108910879,4.0,4875.5798872000305
975,0.5603418827722773,0.4915757697128713,0.3138072293069307,0.1287128712871286,3.0,4880.2550194999785
976,0.563050407940594,0.4915757697128713,0.27394149704950493,0.1188118811881187,4.0,4883.174513500009
977,0.5851730962376238,0.4915757697128713,0.30893547247524755,0.16831683168316824,3.0,4890.740363600024
978,0.557630687019802,0.4915757697128713,0.3130762315742574,0.05940594059405924,4.0,4892.964235000021
979,0.5576614303465346,0.4915757697128713,0.275978262029703,0.10891089108910879,4.0,4895.42463860003
980,0.5567569473465346,0.4915757697128713,0.275073779029703,0.10891089108910879,4.0,4897.072144299978
981,0.560599026059406,0.4915757697128713,0.2863416003168317,0.09900990099009888,4.0,4899.682398099976
982,0.5634046271188119,0.4915757697128713,0.2742957162277228,0.1188118811881187,4.0,4901.678894200013
983,0.51272833009901,0.4915757697128713,0.3161936766336634,0.1287128712871286,2.0,4906.722071000026
984,0.5640334642079208,0.4915757697128713,0.345221583019802,0.15841584158415833,2.0,4915.544208000007
985,0.5564911830693069,0.4915757697128713,0.3099565296039604,0.1287128712871286,3.0,4920.6685421
986,0.5375629292574258,0.4915757697128713,0.2761767906435644,0.14851485148514842,3.0,4926.7563231000095
987,0.5675954613663367,0.4915757697128713,0.385912293049505,0.10891089108910901,2.0,4934.514898299996
988,0.5552519011881187,0.4915757697128713,0.3161429902970297,0.11881188118811892,3.0,4942.169112499978
989,0.51272833009901,0.4915757697128713,0.3161936766336634,0.1287128712871286,2.0,4948.905956799979
990,0.5650614986534653,0.4915757697128713,0.3313981323168317,0.17821782178217827,2.0,4953.965405900031
991,0.5565191722079208,0.4915757697128713,0.3248360038910892,0.10891089108910901,3.0,4958.959869600018
992,0.5597511598811882,0.4915757697128713,0.32608779354455447,0.17821782178217827,2.0,4968.1420813000295
993,0.5503196991287129,0.4915757697128713,0.2815078179405941,0.15841584158415856,3.0,4973.017151099979
994,0.5226917765346535,0.4915757697128713,0.32417692504950496,0.19801980198019797,1.0,4982.1585141000105
995,0.51272833009901,0.4915757697128713,0.3161936766336634,0.1287128712871286,2.0,4988.75287690002
996,0.5486946368217822,0.4915757697128713,0.3095857259306931,0.11881188118811892,3.0,4998.487944299995
997,0.5605355500990099,0.4915757697128713,0.3140008966336634,0.1287128712871286,3.0,5004.122511700029
998,0.5538842508910891,0.4915757697128713,0.31477534,0.1188118811881187,3.0,5007.524778800027
999,0.5500343165346535,0.4915757697128713,0.2960739204950495,0.13861386138613874,3.0,5011.4773768000305
1000,0.5675116074356436,0.4915757697128713,0.29671952822772274,0.2277227722772277,2.0,5017.533077300002
