Iteration,obj,obj_bound,cost,loss,comp,time
1,0.6612904395940593,0.6132500849405941,0.2850528158316831,0.16831683168316847,5.0,19.72762220003642
2,0.613917973950495,0.6132500849405941,0.2839674789009901,0.1732673267326733,4.0,21.697973900008947
3,0.6532219506336634,0.6132500849405941,0.29554868330693074,0.14356435643564358,5.0,33.07145680004032
4,0.5700082136831683,0.5700082136831683,0.2974834612079208,0.1633663366336634,3.0,49.82128540001577
5,0.5608464399455446,0.5608464399455446,0.26233158846039606,0.19801980198019808,3.0,66.46909740002593
6,0.5587693445544555,0.5587693445544555,0.28995746336633665,0.15841584158415833,3.0,71.93708599999081
7,0.6048758173267328,0.5587693445544555,0.30462829257425744,0.13366336633663356,4.0,76.45986420003464
8,0.649830770430693,0.5587693445544555,0.2995832456782178,0.13366336633663356,5.0,81.39922010002192
9,0.6014430065841585,0.5587693445544555,0.3011954818316832,0.13366336633663356,4.0,86.14426289999392
10,0.6049344524752476,0.5587693445544555,0.3046869277227723,0.13366336633663356,4.0,90.4902256000205
11,0.6048758173267328,0.5587693445544555,0.30462829257425744,0.13366336633663356,4.0,95.29760320001515
12,0.6507575451633664,0.5587693445544555,0.2967971491237624,0.13861386138613851,5.0,97.99384100001771
13,0.7002675295544555,0.5587693445544555,0.3000200048019802,0.13366336633663356,6.0,99.7111952000414
14,0.6522582216336633,0.5587693445544555,0.3057235681683168,0.1287128712871286,5.0,102.08584130002419
15,0.6964803319950496,0.5587693445544555,0.30737142110396043,0.1188118811881187,6.0,104.58551430003718
16,0.6792412157920793,0.5587693445544555,0.2901323049009901,0.1188118811881187,6.0,109.03936270001577
17,0.7234789102722773,0.5587693445544555,0.2806571280940594,0.12376237623762365,7.0,116.84000750002451
18,0.7197778702970298,0.5587693445544555,0.2992333158415842,0.09405940594059403,7.0,121.31763720000163
19,0.6744549459653466,0.5587693445544555,0.2927717776485148,0.1089108910891089,6.0,123.86504090001108
20,0.633918291460396,0.5587693445544555,0.2836707667079208,0.13366336633663356,5.0,127.0292603999842
21,0.6337739200742575,0.5587693445544555,0.29095213789603963,0.12376237623762387,5.0,129.59854690002976
22,0.6049065635049506,0.5587693445544555,0.2935204248910892,0.14851485148514865,4.0,134.3018076000153
23,0.6528788639504951,0.5587693445544555,0.29520559662376245,0.14356435643564347,5.0,135.74330219998956
24,0.699599098108911,0.5587693445544555,0.2956387020693069,0.13861386138613863,6.0,142.22899979999056
25,0.7481252905940594,0.5587693445544555,0.2941648945544554,0.13861386138613863,7.0,146.74880350002786
26,0.7966225895544554,0.5587693445544555,0.2926621935148514,0.13861386138613863,8.0,147.80127270001685
27,0.7962758531683168,0.5587693445544555,0.2923154571287129,0.13861386138613851,8.0,150.80312130000675
28,0.7499023553960396,0.5587693445544555,0.2922290880693069,0.14356435643564347,7.0,154.21697270002915
29,0.7486053500000001,0.5587693445544555,0.294644953960396,0.13861386138613851,7.0,156.08507140004076
30,0.7492329384900991,0.5587693445544555,0.29527254245049506,0.13861386138613851,7.0,161.05012339999666
31,0.7970757283910892,0.5587693445544555,0.28940246106435646,0.14356435643564347,8.0,162.75150000001304
32,0.8007933685841585,0.5587693445544555,0.2894072299702971,0.14851485148514842,8.0,165.8899201999884
33,0.7521100924950496,0.5587693445544555,0.2870110825940595,0.15346534653465338,7.0,166.81726770004025
34,0.7988099989752475,0.5587693445544555,0.2874238603613862,0.14851485148514842,8.0,168.10920569999143
35,0.7092870963366338,0.5587693445544555,0.27191085871287135,0.1831683168316831,6.0,181.6056891999906
36,0.6603857152475248,0.5587693445544555,0.27300947762376243,0.1831683168316831,5.0,182.58394809998572
37,0.7003067856930694,0.5587693445544555,0.2777820332178218,0.1633663366336633,6.0,188.05199870001525
38,0.6539130681237624,0.5587693445544555,0.28510118693564357,0.15841584158415845,5.0,196.4661485000397
39,0.7012666474801981,0.5587693445544555,0.28988050886633665,0.14851485148514854,6.0,199.31399840000086
40,0.7004234110940595,0.5587693445544555,0.2927501437673267,0.14356435643564358,6.0,202.24434000003384
41,0.7490864203019802,0.5587693445544555,0.2951260242623763,0.13861386138613851,7.0,202.86660290003056
42,0.7928977378762376,0.5587693445544555,0.2889373418366337,0.13861386138613851,8.0,209.01186500000767
43,0.8380788162425743,0.5587693445544555,0.2952570340643565,0.12376237623762365,9.0,213.66518040001392
44,0.8857982667376237,0.5587693445544555,0.2966893558465346,0.1188118811881187,10.0,214.5353846999933
45,0.8306503443118811,0.5587693445544555,0.27297707698514856,0.14356435643564347,9.0,218.47341360000428
46,0.8721790777772278,0.5587693445544555,0.2830701668861387,0.1188118811881187,10.0,221.59466760000214
47,0.8664719604009901,0.5587693445544555,0.28107592079702975,0.11386138613861374,10.0,223.57866820000345
48,0.9120029187178218,0.5587693445544555,0.2877454929752475,0.09900990099009888,11.0,224.73397480003769
49,0.9129120407475247,0.5587693445544555,0.2812288724306931,0.10891089108910879,11.0,226.65193260001251
50,0.9132216823465347,0.5587693445544555,0.27782564274257426,0.11386138613861385,11.0,227.52818419999676
51,0.9617236439306931,0.5587693445544555,0.2763276043267327,0.11386138613861385,12.0,229.3972921000095
52,0.8639639954108911,0.5587693445544555,0.27485508451980195,0.1188118811881188,10.0,232.98883500002557
53,0.8281423793217821,0.5587693445544555,0.26675624070792076,0.14851485148514854,9.0,235.97581810003612
54,0.7817022989752476,0.5587693445544555,0.2666032890742574,0.1534653465346535,8.0,236.73062690004008
55,0.8165575010544555,0.5587693445544555,0.2774485901633663,0.1188118811881188,9.0,239.30195230001118
56,0.7673894455594059,0.5587693445544555,0.27828053466831687,0.1188118811881188,8.0,240.7024672999978
57,0.7189202795643564,0.5587693445544555,0.2798113686732673,0.1188118811881188,7.0,248.930168699997
58,0.7674684481633663,0.5587693445544555,0.2783595372722772,0.1188118811881188,8.0,250.85046650003642
59,0.7189202795643564,0.5587693445544555,0.2798113686732673,0.1188118811881188,7.0,252.82859809999354
60,0.7200164065940594,0.5587693445544555,0.30318472342574254,0.08910891089108919,7.0,256.79633849998936
61,0.6853068651089109,0.5587693445544555,0.29248508293069303,0.12376237623762376,6.0,259.53906310000457
62,0.7320824926089109,0.5587693445544555,0.28926071043069307,0.12376237623762376,7.0,262.16705200000433
63,0.6415696924257426,0.5587693445544555,0.2876092963861386,0.13861386138613863,5.0,264.95473360002507
64,0.6503843887128713,0.5587693445544555,0.3149883491089109,0.11386138613861396,5.0,271.87016220000805
65,0.603025887029703,0.5587693445544555,0.29163974841584156,0.14851485148514854,4.0,279.3036401999998
66,0.5641771535643565,0.5587693445544555,0.2842266585148515,0.1732673267326732,3.0,284.5363801000058
67,0.6122343397772279,0.5587693445544555,0.28228384472772283,0.1732673267326732,4.0,288.58694020000985
68,0.6584079534158416,0.5587693445544555,0.3007346860891089,0.14356435643564358,5.0,292.9813609000412
69,0.6111967311881188,0.5587693445544555,0.2775333648514852,0.17821782178217827,4.0,298.00236899999436
70,0.6166098206930695,0.5587693445544555,0.2866593256435644,0.1732673267326732,4.0,301.74668690003455
71,0.657939470148515,0.5587693445544555,0.3002662028217822,0.14356435643564358,5.0,306.09446350001963
72,0.6486368818811882,0.5587693445544555,0.30952797099009904,0.1188118811881188,5.0,310.2289257000084
73,0.6055068030198021,0.5587693445544555,0.2978335356930693,0.14356435643564358,4.0,314.06711810000706
74,0.6530502703960396,0.5587693445544555,0.29166413178217826,0.14851485148514854,5.0,318.0241511000204
75,0.6055322975247526,0.5587693445544555,0.283007545049505,0.1633663366336633,4.0,327.5737468000152
76,0.6515931199554456,0.5587693445544555,0.27906836748019803,0.1633663366336633,5.0,337.66869620000944
77,0.6977272259504951,0.5587693445544555,0.2752024734752475,0.1633663366336633,6.0,342.17739560001064
78,0.6977272259504951,0.5587693445544555,0.2752024734752475,0.1633663366336633,6.0,353.39358390000416
79,0.7398814996633664,0.5587693445544555,0.28220823233663367,0.14356435643564358,7.0,357.3520281999954
80,0.6977272259504951,0.5587693445544555,0.2752024734752475,0.1633663366336633,6.0,360.99061869998695
81,0.6515931199554456,0.5587693445544555,0.27906836748019803,0.1633663366336633,5.0,365.1591739000287
82,0.6976432391633663,0.5587693445544555,0.2788313579752475,0.15841584158415833,6.0,369.7164158000378
83,0.6851078397029704,0.5587693445544555,0.28857318623762374,0.12871287128712883,6.0,375.8916171999881
84,0.6481143376386138,0.5587693445544555,0.2830153277376237,0.1534653465346535,5.0,388.669202900026
85,0.6905867399158416,0.5587693445544555,0.2866263438762376,0.13861386138613863,6.0,393.78575480001746
86,0.6567811915346535,0.5587693445544555,0.27683069648514846,0.1732673267326732,5.0,398.05562890000874
87,0.6981601931683169,0.5587693445544555,0.27192256940594056,0.16831683168316824,6.0,401.0527593999868
88,0.6587714127425743,0.5587693445544555,0.2639694325445544,0.19306930693069302,5.0,407.1695810999954
89,0.6133753206485149,0.5587693445544555,0.25743472658910893,0.20792079207920788,4.0,413.436104900029
90,0.6596742441237624,0.5587693445544555,0.25373365006435644,0.20792079207920788,5.0,417.84312889998546
91,0.6621153582326733,0.5587693445544555,0.25617476417326734,0.20792079207920788,5.0,422.8501013999921
92,0.706899294059406,0.5587693445544555,0.25838444257425747,0.19801980198019797,6.0,426.23384010000154
93,0.749277571569307,0.5587693445544555,0.25447559137128717,0.19306930693069302,7.0,429.4254255000269
94,0.733444672990099,0.5587693445544555,0.27577140566336633,0.14356435643564347,7.0,444.4448799000238
95,0.6883662947475246,0.5587693445544555,0.28069302742079205,0.14356435643564358,6.0,445.5241554999957
96,0.6390614178712871,0.5587693445544555,0.28138815054455446,0.14356435643564358,5.0,448.76082730002236
97,0.6826775378217822,0.5587693445544555,0.2787171417821782,0.13861386138613863,6.0,452.05502500000875
98,0.7200494448514851,0.5587693445544555,0.26608904881188117,0.13861386138613863,7.0,453.7863914000336
99,0.7224340235024258,0.5587693445544555,0.26476075617569306,0.14356435643564358,7.0,457.16127929999493
100,0.6744206850865843,0.5587693445544555,0.25189593261133664,0.1633663366336634,6.0,466.98185000004014
101,0.6744206850865843,0.5587693445544555,0.25189593261133664,0.1633663366336634,6.0,470.09741240000585
102,0.7196591183539109,0.5587693445544555,0.2508472371657921,0.15841584158415833,7.0,471.4203450999921
103,0.7208300529578714,0.5587693445544555,0.24830530048262378,0.1633663366336633,7.0,472.84084800002165
104,0.7388522790964852,0.5587693445544555,0.28117901176975246,0.14356435643564347,7.0,476.497036500019
105,0.6924429112251981,0.5587693445544555,0.2847696438984653,0.14356435643564358,6.0,477.7353859000141
106,0.7022202410865841,0.5587693445544555,0.27598261732420787,0.16831683168316824,6.0,489.5870755999931
107,0.6980723624851486,0.5587693445544555,0.2866862238712871,0.14851485148514842,6.0,495.43971410003724
108,0.7450163578465347,0.5587693445544555,0.287343090519802,0.14356435643564347,7.0,495.7281097000232
109,0.6991651537128714,0.5587693445544555,0.29149188638613865,0.14356435643564347,6.0,496.1381135000265
110,0.6527424150000001,0.5587693445544555,0.29135627638613865,0.14851485148514842,5.0,496.7480402000365
111,0.703072257970297,0.5587693445544555,0.2916861193564356,0.14851485148514842,6.0,502.01792810001643
112,0.6527424150000001,0.5587693445544555,0.29135627638613865,0.14851485148514842,5.0,507.05289650004124
113,0.7014525463861387,0.5587693445544555,0.28635353648514855,0.15346534653465338,6.0,513.1584416000405
114,0.6568581215643565,0.5587693445544555,0.26205614136633665,0.19306930693069302,5.0,520.4981276000035
115,0.6085099457425742,0.5587693445544555,0.25999509425742573,0.19801980198019797,4.0,538.6068117000395
116,0.6559380765049505,0.5587693445544555,0.25742322501980197,0.19801980198019797,5.0,542.1334717000136
117,0.6464982501069307,0.5587693445544555,0.27026062634455444,0.16831683168316836,5.0,544.5750968999928
118,0.640358962480198,0.5587693445544555,0.2566955961435644,0.17821782178217815,5.0,551.329123100033
119,0.6863462219108911,0.5587693445544555,0.245257113,0.18811881188118806,6.0,554.9003442000248
120,0.6544459258663367,0.5587693445544555,0.270782559529703,0.17821782178217815,5.0,557.4367474000319
121,0.6986273831930694,0.5587693445544555,0.26496401685643567,0.17821782178217815,6.0,564.0115564999869
122,0.7466351349158415,0.5587693445544555,0.27039751115346533,0.16831683168316824,7.0,565.5085614999989
123,0.7398204861881188,0.5587693445544555,0.27100860499999996,0.15841584158415833,7.0,567.6906717999955
124,0.779090980039604,0.5587693445544555,0.28626919786138605,0.12376237623762365,8.0,573.5639645000338
125,0.7327103144059406,0.5587693445544555,0.28617566094059405,0.1287128712871286,7.0,578.8759970000247
126,0.6956390288613862,0.5587693445544555,0.2768271476732673,0.15841584158415833,6.0,587.9278390000109
127,0.6485655164356435,0.5587693445544555,0.276040763960396,0.1633663366336633,5.0,590.7341637000209
128,0.6952425632079209,0.5587693445544555,0.27271781073267326,0.1633663366336633,6.0,598.4188345000148
129,0.6540494602128712,0.5587693445544555,0.2666732225891089,0.1831683168316831,5.0,600.8051289999858
130,0.7019686898415842,0.5587693445544555,0.26459245221782174,0.1831683168316831,6.0,602.2501512999879
131,0.6540494602128712,0.5587693445544555,0.2666732225891089,0.1831683168316831,5.0,603.5638540000073
132,0.6984958581930694,0.5587693445544555,0.26483249185643565,0.17821782178217838,6.0,604.9991425999906
133,0.7440424866732673,0.5587693445544555,0.2715177341980198,0.1633663366336635,7.0,606.8207789000007
134,0.7430206604851486,0.5587693445544555,0.26678303672277226,0.16831683168316824,7.0,610.1658870000392
135,0.7504180601534653,0.5587693445544555,0.2778933076782178,0.1633663366336635,7.0,612.8496767000179
136,0.7978958453316831,0.5587693445544555,0.27908396414356434,0.15841584158415833,8.0,613.234349800041
137,0.8401967785,0.5587693445544555,0.2788106398861386,0.14851485148514842,9.0,616.7319842000143
138,0.6985345000148515,0.5587693445544555,0.27600974753960394,0.1633663366336633,6.0,619.8030708000297
139,0.6503631339504949,0.5587693445544555,0.2778383814752475,0.1633663366336633,5.0,623.4534962000325
140,0.6840198773663366,0.5587693445544555,0.28377235261386136,0.13366336633663367,6.0,626.5647649000166
141,0.6417189441980198,0.5587693445544555,0.28404567687128707,0.14356435643564358,5.0,630.0731378000346
142,0.6574252802722772,0.5587693445544555,0.27747478522277225,0.1732673267326732,5.0,633.9560200000415
143,0.6417189441980198,0.5587693445544555,0.28404567687128707,0.14356435643564358,5.0,636.9425697000115
144,0.5847024492079207,0.5587693445544555,0.29188066702970294,0.12376237623762376,4.0,641.2936728000059
145,0.628437177480198,0.5587693445544555,0.28561539530198016,0.12376237623762376,5.0,644.6833291000221
146,0.5781743477227723,0.5587693445544555,0.28535256554455446,0.12376237623762376,4.0,649.8533059000038
147,0.5781743477227723,0.5587693445544555,0.28535256554455446,0.12376237623762376,4.0,658.6367436000146
148,0.6253015392079208,0.5587693445544555,0.27876688574257424,0.1287128712871286,5.0,663.5646289000288
149,0.6254327911881188,0.5587693445544555,0.27518526643564356,0.13366336633663356,5.0,669.8273772000102
150,0.5920595900495049,0.5587693445544555,0.2806734514356436,0.14851485148514854,4.0,671.0741455000243
151,0.5995027772821783,0.5587693445544555,0.2658394109455446,0.17821782178217815,4.0,676.8127190000378
152,0.6451100303019802,0.5587693445544555,0.268872406539604,0.16831683168316824,5.0,684.0534479999915
153,0.6484363736287129,0.5587693445544555,0.2647730072920792,0.17821782178217815,5.0,689.587149500032
154,0.6903258670940594,0.5587693445544555,0.29379121362871286,0.12871287128712872,6.0,693.4667787000071
155,0.7369961431831683,0.5587693445544555,0.2941743610049505,0.12376237623762376,7.0,695.3910769000067
156,0.7389249821881188,0.5587693445544555,0.296103200009901,0.12376237623762376,7.0,701.3381024000118
157,0.782610539960396,0.5587693445544555,0.2897887577821782,0.12376237623762365,8.0,704.4598271999857
158,0.8286781673861385,0.5587693445544555,0.28214351392079207,0.12871287128712872,9.0,705.5153170000413
159,0.8773381853069306,0.5587693445544555,0.28080353184158413,0.12871287128712872,10.0,707.3636390999891
160,0.8312705578811881,0.5587693445544555,0.2884487757029703,0.12376237623762365,9.0,708.528961300035
161,0.7919021490990099,0.5587693445544555,0.2582387827623763,0.17821782178217815,8.0,714.9298303000396
162,0.7432421311782178,0.5587693445544555,0.2595787648415842,0.17821782178217815,7.0,716.9820097000338
163,0.7822929164257426,0.5587693445544555,0.28204539167326736,0.13366336633663356,8.0,721.3437385000288
164,0.7450956634059407,0.5587693445544555,0.26885803964356436,0.16831683168316824,7.0,727.0145028000115
165,0.791800375,0.5587693445544555,0.2729884938118812,0.15841584158415833,8.0,729.9252170000109
166,0.7724108726633663,0.5587693445544555,0.2573118627623762,0.1534653465346535,8.0,732.5210223000031
167,0.7264657177623762,0.5587693445544555,0.26136670786138616,0.1534653465346535,7.0,734.5452172000078
168,0.7743508142970297,0.5587693445544555,0.2592518043960396,0.1534653465346535,8.0,735.697807700024
169,0.7249097017772277,0.5587693445544555,0.2598106918762376,0.1534653465346535,7.0,739.7943425999838
170,0.7739666612326732,0.5587693445544555,0.25886765133168316,0.1534653465346535,8.0,740.4356185999932
171,0.820605531871287,0.5587693445544555,0.2592193932574257,0.14851485148514854,9.0,740.7917687000008
172,0.7739666612326732,0.5587693445544555,0.25886765133168316,0.1534653465346535,8.0,741.387819800002
173,0.7741782912326733,0.5587693445544555,0.2590792813316832,0.1534653465346535,8.0,742.502418500022
174,0.8224542393514851,0.5587693445544555,0.25735522945049505,0.1534653465346535,9.0,743.0417096000165
175,0.8095942450816338,0.5587693445544555,0.277911076764802,0.1089108910891089,9.0,749.1674009999842
176,0.7625537360568813,0.5587693445544555,0.2808705677400495,0.1089108910891089,8.0,751.0682864999981
177,0.8101519483341089,0.5587693445544555,0.2784687800172772,0.10891089108910879,9.0,753.0828018999891
178,0.7645046821954951,0.5587693445544555,0.2791086425915347,0.11386138613861374,8.0,756.3224553000182
179,0.7164079556608416,0.5587693445544555,0.2810119160568812,0.11386138613861374,7.0,758.2337430000189
180,0.668809743383614,0.5587693445544555,0.28341370377965347,0.11386138613861385,6.0,759.5666525000124
181,0.5657308688960396,0.5587693445544555,0.25805760156930696,0.14356435643564358,4.0,772.1394875000115
182,0.613384211618812,0.5587693445544555,0.25942381557920796,0.13861386138613851,5.0,775.466096499993
183,0.6262651460841583,0.5587693445544555,0.23888890846039604,0.1831683168316831,5.0,785.7389830999891
184,0.6749101171816831,0.5587693445544555,0.23753387955792077,0.1831683168316831,6.0,786.3002206000383
185,0.7202318546074258,0.5587693445544555,0.23656848827079208,0.17821782178217815,7.0,791.5705375000252
186,0.6621675113747525,0.5587693445544555,0.2619199866222772,0.13366336633663356,6.0,806.283736500016
187,0.6153117171173268,0.5587693445544555,0.2650641923648515,0.13366336633663356,5.0,809.6242537000217
188,0.6645887460777229,0.5587693445544555,0.2643412213252475,0.13366336633663356,6.0,810.7462194000254
189,0.7125171609440595,0.5587693445544555,0.27712112134009903,0.11386138613861385,7.0,813.1244986000238
190,0.7073465509341585,0.5587693445544555,0.271950511330198,0.11386138613861385,7.0,814.1468898000312
191,0.7568747460282179,0.5587693445544555,0.27519157771138614,0.1089108910891089,8.0,814.4673216000083
192,0.7076368145975247,0.5587693445544555,0.2573892898450495,0.13366336633663367,7.0,817.0308313000132
193,0.7130110843599009,0.5587693445544555,0.25533781703316827,0.14356435643564347,7.0,822.8945454999921
194,0.6635135487658417,0.5587693445544555,0.2558402814391089,0.14356435643564347,6.0,823.4586471000221
195,0.7084487603004952,0.5587693445544555,0.2544883642608911,0.13861386138613851,7.0,828.2773204999976
196,0.7158770391584159,0.5587693445544555,0.2656295144059407,0.13366336633663356,7.0,842.2054047000129
197,0.7107495125643566,0.5587693445544555,0.2679277303861387,0.12376237623762376,7.0,843.1105036000372
198,0.6615231204851486,0.5587693445544555,0.2687013383069307,0.12376237623762376,6.0,844.5363921000389
199,0.6660029775643564,0.5587693445544555,0.2694683240990099,0.12871287128712872,6.0,850.8384479000233
200,0.7131551927623763,0.5587693445544555,0.2703334105841584,0.12376237623762376,7.0,858.4175990000367
201,0.7069377176633664,0.5587693445544555,0.26040306419801984,0.12871287128712872,7.0,863.9857005000231
202,0.6573226859306931,0.5587693445544555,0.2607880324653466,0.12871287128712872,6.0,870.1278229000163
203,0.6159346684653466,0.5587693445544555,0.2619742724257426,0.13861386138613851,5.0,871.275608099997
204,0.5754573354950495,0.5587693445544555,0.27149693945544556,0.13861386138613851,4.0,877.6451793999877
205,0.6217502284653466,0.5587693445544555,0.27150270371287133,0.13366336633663356,5.0,879.4129326000111
206,0.5746045044059407,0.5587693445544555,0.25950549450495053,0.15346534653465338,4.0,887.007081400021
207,0.6144093359405942,0.5587693445544555,0.28445884089108914,0.1732673267326732,4.0,899.7542583000031
208,0.6587365912376238,0.5587693445544555,0.2824989674752475,0.16831683168316824,5.0,903.8359041000367
209,0.7058448442871288,0.5587693445544555,0.2684686066633663,0.1831683168316831,6.0,905.3572773000342
210,0.7550341333613861,0.5587693445544555,0.2676578957376237,0.1831683168316831,7.0,905.7277444000356
211,0.7107068780643565,0.5587693445544555,0.26961776915346536,0.18811881188118806,6.0,912.0605708000367
212,0.7107939876138615,0.5587693445544555,0.26970487870297033,0.18811881188118806,6.0,912.4970604000264
213,0.7580453843960397,0.5587693445544555,0.27066914677227727,0.1831683168316831,7.0,913.0703546000295
214,0.7970619211287129,0.5587693445544555,0.2893886538019802,0.14356435643564358,8.0,918.6652609999874
215,0.7580453843960397,0.5587693445544555,0.27066914677227727,0.1831683168316831,7.0,925.676500600006
216,0.6930864238316833,0.5587693445544555,0.26684880006930695,0.16831683168316824,6.0,927.9036962999962
217,0.7402507162079208,0.5587693445544555,0.26772596373267327,0.1633663366336633,7.0,936.3654812999885
218,0.7824909549702971,0.5587693445544555,0.2599662024950495,0.1633663366336633,8.0,942.3646000000299
219,0.7445151768118812,0.5587693445544555,0.27570329562376233,0.15841584158415833,7.0,944.3035639000009
220,0.7932808503465347,0.5587693445544555,0.2781818404455445,0.15346534653465338,8.0,944.8396342000342
221,0.702274938049505,0.5587693445544555,0.2834630568613861,0.15841584158415833,6.0,952.4262603000388
222,0.6551106456732674,0.5587693445544555,0.2825858931980198,0.1633663366336633,5.0,958.9546765999985
223,0.6941271824059406,0.5587693445544555,0.30130540022772273,0.12376237623762387,6.0,964.3107974000159
224,0.6478342894356435,0.5587693445544555,0.301299635970297,0.12871287128712883,5.0,965.9916429999867
225,0.6088177527029703,0.5587693445544555,0.2825801289405941,0.16831683168316824,4.0,972.511896800017
226,0.6570092681237623,0.5587693445544555,0.28077164436138613,0.16831683168316824,5.0,981.0820423000259
227,0.7039187331732674,0.5587693445544555,0.2813939806980198,0.1633663366336633,6.0,989.3855147000286
228,0.7021628427277228,0.5587693445544555,0.27592521896534655,0.16831683168316824,6.0,997.423168600013
229,0.741192231490099,0.5587693445544555,0.2909447067376238,0.13366336633663378,7.0,1003.308511100011
230,0.7004909217574258,0.5587693445544555,0.2928176544306931,0.1435643564356437,6.0,1004.3530316000106
231,0.7015727900247526,0.5587693445544555,0.2864737801237624,0.1534653465346536,6.0,1010.1578050000244
232,0.6543536758415842,0.5587693445544555,0.2966804085148515,0.14356435643564347,5.0,1015.5697709000087
233,0.6050124400495049,0.5587693445544555,0.301052044009901,0.13861386138613851,4.0,1026.8013379999902
234,0.6515707860891089,0.5587693445544555,0.3013232613366337,0.13366336633663356,5.0,1028.4357459000312
235,0.6050124400495049,0.5587693445544555,0.301052044009901,0.13861386138613851,4.0,1029.4914146999945
236,0.6558657557425742,0.5587693445544555,0.30190535970297033,0.13861386138613851,5.0,1032.4131743999897
237,0.6562164949009901,0.5587693445544555,0.30225609886138616,0.13861386138613874,5.0,1035.2105266000144
238,0.655048131980198,0.5587693445544555,0.30851347851485145,0.1287128712871286,5.0,1038.7087358999997
239,0.605730177079208,0.5587693445544555,0.3054826523267327,0.13366336633663356,4.0,1041.4993672000128
240,0.6464314868118812,0.5587693445544555,0.3036097046336634,0.12376237623762365,5.0,1043.16821969999
241,0.5551363822772277,0.5551363822772277,0.2751858872277228,0.1732673267326732,3.0,1058.9047371000051
242,0.5201217579207921,0.5201217579207921,0.29017126287128714,0.1732673267326733,2.0,1066.0965744000277
243,0.522618939950495,0.5201217579207921,0.27039121717821785,0.20297029702970293,2.0,1082.9073589000036
244,0.5596904276633663,0.5201217579207921,0.26117557617821785,0.19801980198019797,3.0,1100.468048300012
245,0.5509537399752475,0.5201217579207921,0.25243888849009904,0.19801980198019808,3.0,1115.3584596000146
246,0.599121616559406,0.5201217579207921,0.25431963636138616,0.19306930693069302,4.0,1121.123511600017
247,0.5920720298564357,0.5201217579207921,0.2621215348069307,0.1732673267326733,4.0,1127.497836399998
248,0.6323068744108911,0.5201217579207921,0.25235637936138616,0.1732673267326733,5.0,1130.5421006000252
249,0.591188584529703,0.5201217579207921,0.24267373304455447,0.19801980198019808,4.0,1136.3464566000039
250,0.586588784529703,0.5201217579207921,0.2677769033415842,0.15841584158415845,4.0,1144.3482666999917
251,0.5808182307425742,0.5201217579207921,0.25829347826732674,0.1633663366336634,4.0,1152.5151980000082
252,0.6008644324752477,0.5201217579207921,0.27833968000000003,0.1633663366336633,4.0,1158.8496362000005
253,0.5642078924158417,0.5201217579207921,0.2397029419207921,0.23267326732673266,3.0,1168.4173225000268
254,0.5515138523415841,0.5201217579207921,0.2901277137277227,0.14851485148514842,3.0,1184.5302773999865
255,0.556714014009901,0.5201217579207921,0.30275361797029704,0.13861386138613851,3.0,1191.5046678000363
256,0.5573158532673268,0.5201217579207921,0.2810782295049505,0.16831683168316824,3.0,1198.9537950000376
257,0.6019621439108911,0.5201217579207921,0.2942888765841584,0.14356435643564347,4.0,1204.0562846999965
258,0.5530856560891089,0.5201217579207921,0.3102638739108911,0.12376237623762376,3.0,1210.3900200999924
259,0.555216927029703,0.5201217579207921,0.3086822735643564,0.1287128712871286,3.0,1216.3053354999865
260,0.60163709509901,0.5201217579207921,0.31995392678217827,0.1089108910891089,4.0,1219.5852101999917
261,0.6438438584108912,0.5201217579207921,0.30844781880693073,0.11386138613861385,5.0,1232.4679206000292
262,0.6549347125762376,0.5201217579207921,0.28983570267524755,0.15346534653465338,5.0,1246.201319099986
263,0.6556855595069306,0.5201217579207921,0.27573506445742574,0.1732673267326732,5.0,1259.4849623999908
264,0.7001125477742575,0.5201217579207921,0.2775877952990099,0.1633663366336633,6.0,1261.9930386000196
265,0.7480382990118812,0.5201217579207921,0.2755135465366336,0.1633663366336633,7.0,1265.0776101000374
266,0.708188676140594,0.5201217579207921,0.2819510523782178,0.16831683168316824,6.0,1272.1956571000046
267,0.6574467003465346,0.5201217579207921,0.28120907658415845,0.16831683168316824,5.0,1273.6220115000033
268,0.7058336554950495,0.5201217579207921,0.2795960317326733,0.16831683168316824,6.0,1275.4852283000364
269,0.7039622444059406,0.5201217579207921,0.2777246206435644,0.16831683168316824,6.0,1278.0700798000325
270,0.7482482885643564,0.5201217579207921,0.2720106648019802,0.16831683168316824,7.0,1280.4648805999896
271,0.6601361385148515,0.5201217579207921,0.2727599008910891,0.1831683168316831,5.0,1285.852263799985
272,0.6126889734158416,0.5201217579207921,0.28273847836633664,0.1732673267326732,4.0,1301.103941600013
273,0.6126889734158416,0.5201217579207921,0.28273847836633664,0.1732673267326732,4.0,1314.8547686000238
274,0.6137693142574258,0.5201217579207921,0.2615415914851485,0.20297029702970293,4.0,1329.3953247999889
275,0.607955079930693,0.5201217579207921,0.2631530997326732,0.19306930693069302,4.0,1331.30179160001
276,0.6552763232475247,0.5201217579207921,0.28275157077227714,0.1633663366336633,5.0,1346.953215799993
277,0.6145750135148516,0.5201217579207921,0.2846245184653465,0.1732673267326732,4.0,1348.3291514000157
278,0.5701956228217822,0.5201217579207921,0.29024512777227723,0.1732673267326732,3.0,1369.1575599000207
279,0.573625961569307,0.5201217579207921,0.22313091206435642,0.26732673267326723,3.0,1382.9070661999867
280,0.5539567439603961,0.5201217579207921,0.2851448627722772,0.15841584158415833,3.0,1401.6885291000362
281,0.6032112517326733,0.5201217579207921,0.28439937054455444,0.15841584158415833,4.0,1414.1396623000037
282,0.644520582970297,0.5201217579207921,0.2757087017821782,0.15841584158415833,5.0,1416.9777853999985
283,0.6898505304554455,0.5201217579207921,0.2710386492673267,0.15841584158415833,6.0,1417.5760086000082
284,0.7018839512475248,0.5201217579207921,0.28307207005940593,0.15841584158415833,6.0,1432.7361945000011
285,0.7510694567772276,0.5201217579207921,0.28225757558910886,0.15841584158415833,7.0,1449.9478881999967
286,0.6559467494158415,0.5201217579207921,0.28342199694059406,0.1633663366336633,5.0,1461.5257253000163
287,0.7009844646138614,0.5201217579207921,0.2821725834257426,0.15841584158415833,6.0,1462.5255332000088
288,0.6559467494158415,0.5201217579207921,0.28342199694059406,0.1633663366336633,5.0,1462.908957800013
289,0.7052376770990099,0.5201217579207921,0.2827129246237624,0.1633663366336633,6.0,1463.2348295000265
290,0.6599263675643564,0.5201217579207921,0.2762630012277228,0.17821782178217827,5.0,1464.4694836999988
291,0.6045548020247524,0.5201217579207921,0.256039950539604,0.19801980198019797,4.0,1478.160785200016
292,0.6483984558415841,0.5201217579207921,0.2647350895049505,0.17821782178217815,5.0,1483.7003445000155
293,0.6504196430643565,0.5201217579207921,0.2667562767277228,0.17821782178217815,5.0,1489.2279810000327
294,0.6528577441039605,0.5201217579207921,0.2580557639059406,0.19306930693069302,5.0,1495.0298153000185
295,0.6536521356261882,0.5201217579207921,0.2439986702796534,0.21287128712871284,5.0,1500.1712058000267
296,0.7002544831509406,0.5201217579207921,0.24431388909153465,0.20792079207920788,6.0,1507.0887511000037
297,0.6522577589059406,0.5201217579207921,0.24631716484653468,0.20792079207920788,5.0,1512.5139565999852
298,0.6416866525544555,0.5201217579207921,0.2914391278019802,0.13366336633663367,5.0,1519.9025862999843
299,0.6397356982128712,0.5201217579207921,0.27463668831188115,0.1534653465346535,5.0,1535.671125599998
300,0.6828700479851485,0.5201217579207921,0.26777103808415836,0.1534653465346535,6.0,1537.7978218999924
301,0.7321989006930693,0.5201217579207921,0.2708127620792079,0.14851485148514842,7.0,1539.9136686000274
302,0.6923836954653466,0.5201217579207921,0.27728468556435637,0.15346534653465338,6.0,1547.835609700007
303,0.6980393514356436,0.5201217579207921,0.2829403415346534,0.15346534653465338,6.0,1549.5542366000009
304,0.6921135039108912,0.5201217579207921,0.2881531078712871,0.13861386138613851,6.0,1562.4707579000387
305,0.7002633777772278,0.5201217579207921,0.2963029817376238,0.13861386138613851,6.0,1576.6452244000393
306,0.7484962205693071,0.5201217579207921,0.2982486958168317,0.13366336633663356,7.0,1578.849968900031
307,0.7465678066683168,0.5201217579207921,0.3000331532029703,0.1287128712871286,7.0,1582.1658970999997
308,0.795849708059406,0.5201217579207921,0.29931505459405944,0.1287128712871286,8.0,1582.7482431000099
309,0.7949343446435644,0.5201217579207921,0.2909739486039604,0.13861386138613851,8.0,1587.6763881000225
310,0.7490951777128714,0.5201217579207921,0.29513478167326734,0.13861386138613851,7.0,1590.1315552000306
311,0.7509881011881188,0.5201217579207921,0.2933148338613861,0.14356435643564347,7.0,1593.669857300003
312,0.7438444470792078,0.5201217579207921,0.2935969223267326,0.13366336633663356,7.0,1598.6036771000363
313,0.7419069288118811,0.5201217579207921,0.29537227534653465,0.1287128712871286,7.0,1601.7909103999846
314,0.7020116512871288,0.5201217579207921,0.2906255126732674,0.14851485148514865,6.0,1608.1846169999917
315,0.7041310560910892,0.5201217579207921,0.30759640262574267,0.1287128712871286,6.0,1626.2906872000312
316,0.6533143438039604,0.5201217579207921,0.2510866210316832,0.20297029702970293,5.0,1638.199264099996
317,0.7030478764277228,0.5201217579207921,0.2619587675168317,0.18811881188118806,6.0,1643.2335645999992
318,0.5252878914871287,0.5201217579207921,0.29533739643762374,0.1732673267326733,2.0,1657.998888400034
319,0.5617675206950495,0.5201217579207921,0.25953979792277226,0.20297029702970293,3.0,1677.2202871000045
320,0.5934683915366337,0.5201217579207921,0.25609215391287127,0.1831683168316831,4.0,1685.4201603000402
321,0.5945811085693069,0.5201217579207921,0.2943335838168317,0.13366336633663367,4.0,1704.5776817000005
322,0.6440347898069307,0.5201217579207921,0.29378726505445546,0.13366336633663367,5.0,1711.0927659000154
323,0.689436969207921,0.5201217579207921,0.3003280583168317,0.1188118811881188,6.0,1712.9944085000316
324,0.7380910819257427,0.5201217579207921,0.29898217103465347,0.1188118811881188,7.0,1713.819890099985
325,0.6567257610346535,0.5201217579207921,0.2804881372722772,0.16831683168316824,5.0,1738.1900440999889
326,0.6080716483168317,0.5201217579207921,0.28183402455445544,0.16831683168316836,4.0,1738.9428718000418
327,0.6026648729702971,0.5201217579207921,0.29870447693069313,0.13861386138613863,4.0,1759.4553796999971
328,0.6516834912128714,0.5201217579207921,0.2977230951732674,0.13861386138613863,5.0,1761.071041200019
329,0.6505852733168318,0.5201217579207921,0.2966248772772278,0.13861386138613863,5.0,1762.1382031000103
330,0.6055956540544556,0.5201217579207921,0.2942095154405941,0.14851485148514854,4.0,1764.3941775999847
331,0.6032985325792081,0.5201217579207921,0.29191239396534663,0.14851485148514854,4.0,1766.315619400004
332,0.6524158368316832,0.5201217579207921,0.2910296982178218,0.14851485148514842,5.0,1770.5251276000054
333,0.5636964467079209,0.5201217579207921,0.2651815952227723,0.19801980198019797,3.0,1788.992345100036
334,0.5660917162524752,0.5201217579207921,0.24158676575742577,0.23267326732673266,3.0,1807.4415067000082
335,0.6129673796782179,0.5201217579207921,0.2830168846287129,0.1732673267326733,4.0,1818.5621844999841
336,0.5660917162524752,0.5201217579207921,0.24158676575742577,0.23267326732673266,3.0,1829.0236099000322
337,0.5135594586683169,0.5135594586683169,0.2521733200544555,0.14851485148514854,3.0,1843.793773900019
338,0.5563548822326734,0.5135594586683169,0.25982022876732674,0.1287128712871286,4.0,1853.8353324999916
339,0.5589584960990099,0.5135594586683169,0.2512852287722772,0.14356435643564358,4.0,1856.7976542999968
340,0.5174794528118812,0.5135594586683169,0.2429745023168317,0.23267326732673266,2.0,1872.7540855000261
341,0.5584275673267327,0.5135594586683169,0.28218994356435645,0.16831683168316836,3.0,1883.5156422000146
342,0.5985448434653466,0.5135594586683169,0.2574557345544555,0.18811881188118806,4.0,1891.6617573000258
343,0.601691721539604,0.5135594586683169,0.25317687005445544,0.19801980198019797,4.0,1898.6629977000412
344,0.6478486787178218,0.5135594586683169,0.2604724410940594,0.1831683168316831,5.0,1902.2164365000208
345,0.5985944578217822,0.5135594586683169,0.2537924776237624,0.19306930693069313,4.0,1911.1849632000085
346,0.6467504718861387,0.5135594586683169,0.25937423426237627,0.18316831683168322,5.0,1912.598065600032
347,0.6001182987623763,0.5135594586683169,0.3072965165841584,0.12376237623762365,4.0,1926.1317490999936
348,0.5585558091459901,0.5135594586683169,0.30088254181925744,0.14356435643564347,3.0,1931.5922308000154
349,0.5730545879598514,0.5135594586683169,0.2931040929103465,0.1732673267326733,3.0,1950.1028902000398
350,0.5622682589970297,0.5135594586683169,0.2711791500861386,0.18811881188118806,3.0,1964.1758063000161
351,0.6104597744178217,0.5135594586683169,0.2693706655069307,0.18811881188118806,4.0,1976.1179739999934
352,0.6104597744178217,0.5135594586683169,0.2693706655069307,0.18811881188118806,4.0,1991.5872491000337
353,0.6515008972396039,0.5135594586683169,0.29754050120000003,0.13861386138613863,5.0,2002.6209420000087
354,0.6955549210910892,0.5135594586683169,0.2656044260415842,0.1732673267326732,6.0,2007.988121500006
355,0.6576021763980198,0.5135594586683169,0.31478039421980203,0.12376237623762376,5.0,2019.2419060000102
356,0.7043927200613862,0.5135594586683169,0.3152838091702971,0.1188118811881188,6.0,2021.6977895000018
357,0.7452675339871289,0.5135594586683169,0.30987149438316836,0.11386138613861385,7.0,2024.784970000037
358,0.7491024614475248,0.5135594586683169,0.3099935505564356,0.1188118811881188,7.0,2031.2958954999922
359,0.7413019368188118,0.5135594586683169,0.2873415407792079,0.13861386138613863,7.0,2037.4980955999927
360,0.7321758711336634,0.5135594586683169,0.2782154750940594,0.13861386138613851,7.0,2050.2932481000316
361,0.7798932013861386,0.5135594586683169,0.25736844891089106,0.1633663366336633,8.0,2053.9887749000336
362,0.7801526276237624,0.5135594586683169,0.2576278751485148,0.1633663366336633,8.0,2056.5604276999948
363,0.8242824584554456,0.5135594586683169,0.2740349337029703,0.13366336633663356,9.0,2059.2011136999936
364,0.8714366486881188,0.5135594586683169,0.2897534803712871,0.10891089108910879,10.0,2062.027035700041
365,0.9152715920049506,0.5135594586683169,0.28730129497524753,0.10396039603960383,11.0,2063.820617199992
366,0.874241786910891,0.5135594586683169,0.2888457473069307,0.11386138613861374,10.0,2065.761304899992
367,0.9225271138019802,0.5135594586683169,0.2871310741980198,0.11386138613861374,11.0,2070.2818973000394
368,0.8755921447475248,0.5135594586683169,0.2716317487079208,0.13861386138613851,10.0,2071.6581005000044
369,0.8284379545148515,0.5135594586683169,0.25591320203960394,0.1633663366336633,9.0,2073.9279727000394
370,0.8750900610990098,0.5135594586683169,0.245139566049505,0.1732673267326732,10.0,2076.699442800018
371,0.830924114940594,0.5135594586683169,0.265825105039604,0.15346534653465338,9.0,2083.574658000027
372,0.7842720083564356,0.5135594586683169,0.276598741029703,0.14356435643564347,8.0,2085.642133300018
373,0.8342243910742574,0.5135594586683169,0.29511548018316835,0.1188118811881187,9.0,2087.403855499986
374,0.8284018391881188,0.5135594586683169,0.29300579958415846,0.11386138613861374,9.0,2089.747293399996
375,0.8748197926534653,0.5135594586683169,0.3042752381980198,0.09405940594059392,10.0,2092.239093400014
376,0.8795280988514851,0.5135594586683169,0.2718548315247525,0.14356435643564347,10.0,2098.251336299989
377,0.8867905341683169,0.5135594586683169,0.27169152426732673,0.15346534653465338,10.0,2111.2091829000274
378,0.8836978252871287,0.5135594586683169,0.2648859440990099,0.15841584158415833,10.0,2117.843885899987
379,0.8395316827623762,0.5135594586683169,0.2707198015742574,0.15841584158415845,9.0,2119.5018019999843
380,0.8461580810445544,0.5135594586683169,0.2773461998564356,0.15841584158415845,9.0,2129.4966998000164
381,0.8454774417821782,0.5135594586683169,0.2729526893069307,0.1633663366336634,9.0,2131.2477609000052
382,0.8452079432376238,0.5135594586683169,0.27268319076237624,0.1633663366336634,9.0,2133.278041900019
383,0.8894885524356435,0.5135594586683169,0.27810241382178214,0.14851485148514842,10.0,2139.682579400018
384,0.8452079432376238,0.5135594586683169,0.27268319076237624,0.1633663366336634,9.0,2147.2596954000182
385,0.7975019952821782,0.5135594586683169,0.2749772428069307,0.1633663366336634,8.0,2149.2320629000315
386,0.7508070604158417,0.5135594586683169,0.31541102081188116,0.11386138613861385,7.0,2159.1288413000293
387,0.798809597,0.5135594586683169,0.3134135573960396,0.11386138613861385,8.0,2160.88624349999
388,0.7047421095430694,0.5135594586683169,0.30449458479059405,0.13366336633663356,6.0,2173.2374248999986
389,0.753572788359901,0.5135594586683169,0.30332526360742573,0.13366336633663356,7.0,2175.0035377999884
390,0.7991912406371288,0.5135594586683169,0.29894371588465346,0.13366336633663356,8.0,2185.5979190000216
391,0.7058277322955446,0.5135594586683169,0.3055802075430693,0.13366336633663367,6.0,2198.4185532000265
392,0.7543563145727723,0.5135594586683169,0.2706929482361386,0.17821782178217815,7.0,2210.4390839000116
393,0.7058277322955446,0.5135594586683169,0.3055802075430693,0.13366336633663367,6.0,2222.419024300005
394,0.7518770852658416,0.5135594586683169,0.2756394615034653,0.16831683168316824,7.0,2230.9722491999855
395,0.7463629854935645,0.5135594586683169,0.29240258945396036,0.13861386138613851,7.0,2245.2129997999873
396,0.7917128795529704,0.5135594586683169,0.29517822608762373,0.1287128712871286,8.0,2245.754412900016
397,0.7801811896173267,0.5135594586683169,0.2539435658549505,0.16831683168316824,8.0,2255.6644543000148
398,0.8293148957509902,0.5135594586683169,0.25307727198861385,0.16831683168316824,9.0,2259.807096100005
399,0.7807888579836635,0.5135594586683169,0.2545512342212871,0.16831683168316824,8.0,2263.344056800008
400,0.7847119173846535,0.5135594586683169,0.2547614223351485,0.1732673267326732,8.0,2264.2838394999853
401,0.7865373809108911,0.5135594586683169,0.26401262843564355,0.1633663366336633,8.0,2274.008833500033
402,0.8318912028910891,0.5135594586683169,0.25936645041584155,0.1633663366336633,9.0,2274.6302314000204
403,0.8777909155198019,0.5135594586683169,0.2812562620544554,0.12871287128712872,10.0,2277.5684576000203
404,0.8777286297277227,0.5135594586683169,0.28119397626237624,0.12871287128712872,10.0,2278.729572399985
405,0.8286756770693069,0.5135594586683169,0.2524380533069307,0.16831683168316836,9.0,2288.504627600021
406,0.7833841408811881,0.5135594586683169,0.25714651711881187,0.16831683168316836,8.0,2289.0104384000297
407,0.7341111874207922,0.5135594586683169,0.25416069237128713,0.1732673267326733,7.0,2289.9936201000237
408,0.5662405850495049,0.5135594586683169,0.2900029612871287,0.16831683168316824,3.0,2307.208242200024
409,0.6127822003168317,0.5135594586683169,0.29025744784158414,0.1633663366336633,4.0,2307.8270877000177
410,0.606735555940594,0.5135594586683169,0.3250523876237624,0.1089108910891089,4.0,2325.5865885000094
411,0.5204850641336634,0.5135594586683169,0.29053456908415837,0.1732673267326733,2.0,2339.432394400006
412,0.5201217579207921,0.5135594586683169,0.29017126287128714,0.1732673267326733,2.0,2350.037406600022
413,0.5627482333663366,0.5135594586683169,0.2902234808910891,0.1633663366336633,3.0,2357.461487499997
414,0.5386263773267327,0.5135594586683169,0.2846659812871288,0.13861386138613851,3.0,2364.6689715000102
415,0.5664830734653465,0.5135594586683169,0.2531167368316832,0.2178217821782178,3.0,2374.493082800007
416,0.6080827862871288,0.5135594586683169,0.29669664767326737,0.14851485148514854,4.0,2379.909610300034
417,0.6494124357425742,0.5135594586683169,0.3103035248514852,0.1188118811881188,5.0,2384.7114124000072
418,0.6494124357425742,0.5135594586683169,0.3103035248514852,0.1188118811881188,5.0,2392.7202341000084
419,0.6553401904455446,0.5135594586683169,0.29766692311881193,0.14356435643564358,5.0,2397.994633399998
420,0.6936219133415842,0.5135594586683169,0.2933743885891089,0.13366336633663367,6.0,2402.5114589000004
421,0.7422279668069307,0.5135594586683169,0.29198044205445545,0.13366336633663367,7.0,2405.3335403000237
422,0.7422279668069307,0.5135594586683169,0.29198044205445545,0.13366336633663367,7.0,2408.190949700016
423,0.6954046381435645,0.5135594586683169,0.2914442421039604,0.13861386138613863,6.0,2412.3987983000115
424,0.6944600757376238,0.5135594586683169,0.27936106583663367,0.1534653465346536,6.0,2420.1246873000055
425,0.7000840263366337,0.5135594586683169,0.28498501643564356,0.15346534653465338,6.0,2438.5506378000136
426,0.6977522357871286,0.5135594586683169,0.27894035459900984,0.15841584158415845,6.0,2444.008613699989
427,0.6973751774950495,0.5135594586683169,0.27856329630693066,0.15841584158415845,6.0,2448.256261900009
428,0.696247193,0.5135594586683169,0.2477323415148515,0.19801980198019797,6.0,2463.8383304000017
429,0.6476191088861386,0.5135594586683169,0.24910425740099013,0.19801980198019797,5.0,2464.352136600006
430,0.7004852397178218,0.5135594586683169,0.24825751694554457,0.20297029702970293,6.0,2475.025589600031
431,0.6103920407425742,0.5135594586683169,0.22474847638613862,0.2475247524752474,4.0,2486.4698904000106
432,0.6089106452970297,0.5135594586683169,0.22326708094059408,0.2475247524752474,4.0,2487.011729400023
433,0.6012956997970298,0.5135594586683169,0.2899095611831683,0.14851485148514842,4.0,2507.0522979000234
434,0.6511463515841585,0.5135594586683169,0.3008988268316832,0.13366336633663356,5.0,2508.9762211000198
435,0.6985562156435644,0.5135594586683169,0.3094473047524752,0.1188118811881187,6.0,2527.061704599997
436,0.691939173019802,0.5135594586683169,0.30654313341584155,0.11386138613861385,6.0,2542.2280548000126
437,0.7387422335148515,0.5135594586683169,0.2922075800495049,0.12871287128712872,7.0,2563.2842929000035
438,0.7359463627277227,0.5135594586683169,0.2819859666881188,0.13861386138613874,7.0,2564.800648500037
439,0.7336482795049505,0.5135594586683169,0.28711362603960394,0.12871287128712872,7.0,2566.3663230999955
440,0.69360154509901,0.5135594586683169,0.28592827777227725,0.14356435643564358,6.0,2580.601372600009
441,0.7408926527227724,0.5135594586683169,0.29807087054455444,0.12376237623762376,7.0,2582.4631141999853
442,0.6914957802970297,0.5135594586683169,0.2986739981188119,0.12376237623762376,6.0,2588.129971200018
443,0.7405570954950496,0.5135594586683169,0.27917095688118815,0.14851485148514854,7.0,2596.7975741000264
444,0.7860345808910891,0.5135594586683169,0.2932127987128713,0.12376237623762376,8.0,2602.0590936000226
445,0.7405570954950496,0.5135594586683169,0.27917095688118815,0.14851485148514854,7.0,2611.566349400033
446,0.7861779825247526,0.5135594586683169,0.2747918439108911,0.14851485148514854,8.0,2615.8495740999933
447,0.7462775970792079,0.5135594586683169,0.2737528446039604,0.1633663366336634,7.0,2616.99589630001
448,0.7018030855742575,0.5135594586683169,0.27185259052475247,0.1732673267326733,6.0,2622.268746400019
449,0.7479580146831684,0.5135594586683169,0.2717203909207921,0.16831683168316836,7.0,2635.2044035000145
450,0.7952484441485148,0.5135594586683169,0.2652979490990099,0.1732673267326733,8.0,2636.519240099995
451,0.7959078735445545,0.5135594586683169,0.26224450720792075,0.17821782178217827,8.0,2637.6413968999987
452,0.7011971267623762,0.5135594586683169,0.2786723742871287,0.1633663366336634,6.0,2654.2304157000035
453,0.7420023627376238,0.5135594586683169,0.2843290954108911,0.1435643564356437,7.0,2654.912165899994
454,0.6031420341138614,0.5135594586683169,0.25462718262871287,0.19801980198019797,4.0,2669.0414012999972
455,0.5533509161386139,0.5135594586683169,0.2622618072277228,0.18811881188118806,3.0,2675.4674748000107
456,0.5581856854455445,0.5135594586683169,0.26709657653465346,0.18811881188118806,3.0,2682.4605291000335
457,0.6039247178217821,0.5135594586683169,0.2628356089108911,0.18811881188118806,4.0,2690.2689386000275
458,0.5653291408415841,0.5135594586683169,0.28537864579207917,0.1732673267326733,3.0,2714.5253848999855
459,0.6142686296039604,0.5135594586683169,0.2843181345544554,0.1732673267326732,4.0,2716.168250699993
460,0.6620464851683169,0.5135594586683169,0.28209599011881187,0.1732673267326732,5.0,2717.1285623000003
461,0.7098076114108911,0.5135594586683169,0.2835699876485148,0.16831683168316824,6.0,2717.650287299999
462,0.6121596661435644,0.5135594586683169,0.28220917109405935,0.1732673267326732,4.0,2719.174441000039
463,0.6152758893069307,0.5135594586683169,0.2853253942574257,0.1732673267326732,4.0,2720.5787225000095
464,0.5723456172772277,0.5135594586683169,0.2923951222277228,0.1732673267326732,3.0,2738.0510643000016
465,0.6216367147029703,0.5135594586683169,0.29168621965346536,0.1732673267326732,4.0,2739.1818503999966
466,0.6090250524653466,0.5135594586683169,0.2827874287029703,0.16831683168316824,4.0,2752.959327300021
467,0.6053322699405941,0.5135594586683169,0.28280751746534655,0.1633663366336633,4.0,2754.267868200026
468,0.6111866934554455,0.5135594586683169,0.2775233271188119,0.17821782178217815,4.0,2768.5884382000077
469,0.6577392299752476,0.5135594586683169,0.29264022007425744,0.1534653465346535,5.0,2772.377925000037
470,0.6111866934554455,0.5135594586683169,0.2775233271188119,0.17821782178217815,4.0,2778.524872100039
471,0.6547195742970298,0.5135594586683169,0.2636304653861386,0.18811881188118806,5.0,2786.012443399988
472,0.6611543527029703,0.5135594586683169,0.2960553428019802,0.15346534653465338,5.0,2793.6687496000086
473,0.6111866934554455,0.5135594586683169,0.2775233271188119,0.17821782178217815,4.0,2799.695615600038
474,0.6577947827029703,0.5135594586683169,0.28898290151485145,0.15841584158415845,5.0,2804.9038280000095
475,0.6609217768613862,0.5135594586683169,0.29582276696039606,0.1534653465346535,5.0,2810.1943835000275
476,0.6113740766683169,0.5135594586683169,0.2962750667673268,0.1534653465346535,4.0,2810.418097499991
477,0.6098453717152971,0.5135594586683169,0.2761820053786634,0.17821782178217815,4.0,2815.927385399991
478,0.6560942588687624,0.5135594586683169,0.2798566351063862,0.16831683168316836,5.0,2820.9630841999897
479,0.7027265062450001,0.5135594586683169,0.28020175376975254,0.1633663366336634,6.0,2823.6952825000044
480,0.7503475308489606,0.5135594586683169,0.2852485209479703,0.15346534653465338,7.0,2825.952751500008
481,0.7445485983489605,0.5135594586683169,0.2683109745865842,0.16831683168316824,7.0,2832.08534759999
482,0.747600330814307,0.5135594586683169,0.267649835764802,0.1732673267326732,7.0,2833.975635300041
483,0.6993933802202477,0.5135594586683169,0.2731557564578713,0.16831683168316824,6.0,2835.5814974000095
484,0.7473336245024258,0.5135594586683169,0.2710960007400495,0.16831683168316824,7.0,2845.6464367000153
485,0.7463494276459902,0.5135594586683169,0.2738246751707426,0.1633663366336633,7.0,2853.713878599985
486,0.7018748890816338,0.5135594586683169,0.2830630078935149,0.15841584158415833,6.0,2856.0710417000228
487,0.6539236422623762,0.5135594586683169,0.28511176107425745,0.15841584158415833,5.0,2862.5923198999953
488,0.7006481732524754,0.5135594586683169,0.2632719356287129,0.1831683168316831,6.0,2872.703611600038
489,0.6535567717277229,0.5135594586683169,0.2810320192524753,0.1633663366336633,5.0,2877.7589385000174
490,0.6515137904405941,0.5135594586683169,0.24557319638118807,0.20792079207920788,5.0,2886.8950092000305
491,0.697695920638614,0.5135594586683169,0.2677454255891089,0.1732673267326732,6.0,2891.7264473999967
492,0.6500417596980198,0.5135594586683169,0.281229878509901,0.15841584158415856,5.0,2899.7707179000136
493,0.6061269158217821,0.5135594586683169,0.28360216334653465,0.1633663366336635,4.0,2912.2564757000073
494,0.6021074434653464,0.5135594586683169,0.29443417613861383,0.1435643564356437,4.0,2917.7548450999893
495,0.6493455487623763,0.5135594586683169,0.29167228143564355,0.14356435643564358,5.0,2920.48389209999
496,0.5591580311386138,0.5135594586683169,0.29777189252475245,0.14851485148514854,3.0,2925.4152710000053
497,0.6061269158217821,0.5135594586683169,0.28360216334653465,0.1633663366336635,4.0,2930.0875779000344
498,0.5200856559405941,0.5135594586683169,0.2901351608910891,0.1732673267326732,2.0,2943.3556114000385
499,0.5676390199504951,0.5135594586683169,0.2876885249009901,0.1732673267326732,3.0,2965.1402255999856
500,0.6063138714752476,0.5135594586683169,0.28750199028712875,0.15841584158415845,4.0,2966.825969800004
501,0.6156333764356436,0.5135594586683169,0.3005343665346535,0.15346534653465338,4.0,2969.598587799992
502,0.6124474957920794,0.5135594586683169,0.286209872029703,0.16831683168316836,4.0,2972.157458200003
503,0.6054312723861386,0.5135594586683169,0.29775800505940586,0.14356435643564358,4.0,2984.7801590000163
504,0.6047291368465347,0.5135594586683169,0.2562142853613862,0.19801980198019797,4.0,3002.099620699999
505,0.5585898653960396,0.5135594586683169,0.28235224163366335,0.16831683168316824,3.0,3016.8282961000223
506,0.5177474009900991,0.5135594586683169,0.2729454207920793,0.19306930693069302,2.0,3021.7301848999923
507,0.5686535343584159,0.5135594586683169,0.24414858386336638,0.23267326732673266,3.0,3032.7410485
508,0.5659792151732674,0.5135594586683169,0.2711772349752476,0.19306930693069302,3.0,3047.5983999000164
509,0.5598413106435645,0.5135594586683169,0.27246507301980205,0.18316831683168333,3.0,3056.1604216000414
510,0.6028286503960396,0.5135594586683169,0.26545241277227727,0.1831683168316831,4.0,3061.5569625000353
511,0.6481409201485149,0.5135594586683169,0.27561616767326735,0.1633663366336633,5.0,3063.454943299992
512,0.6017605477722774,0.5135594586683169,0.2718100527227723,0.1732673267326732,4.0,3072.89224320004
513,0.6492279981980198,0.5135594586683169,0.2692775031485149,0.1732673267326732,5.0,3080.0346666999976
514,0.6017605477722774,0.5135594586683169,0.2718100527227723,0.1732673267326732,4.0,3095.1929713999853
515,0.6499295533811882,0.5135594586683169,0.28854341476732676,0.14851485148514842,5.0,3099.4108500999864
516,0.6977725105099011,0.5135594586683169,0.28638637189603966,0.14851485148514842,6.0,3101.1906081000343
517,0.6141482207821782,0.5135594586683169,0.287910597019802,0.16831683168316824,4.0,3116.839341700019
518,0.6580574686534653,0.5135594586683169,0.26325548845544555,0.19306930693069302,5.0,3120.9498466000077
519,0.7046158146930694,0.5135594586683169,0.26352670578217824,0.18811881188118806,6.0,3129.869034500036
520,0.749986338589109,0.5135594586683169,0.2514714871039604,0.19801980198019797,7.0,3138.242098800023
521,0.7471135312673267,0.5135594586683169,0.25973729364356435,0.1831683168316831,7.0,3158.992499099986
522,0.7938415104752475,0.5135594586683169,0.2676038867128713,0.16831683168316824,8.0,3161.1689087999985
523,0.700958113049505,0.5135594586683169,0.24873039027722774,0.20297029702970293,6.0,3166.2632047000225
524,0.7481688894900991,0.5135594586683169,0.2422282954306931,0.20792079207920788,7.0,3171.2643901000265
525,0.6999550357326734,0.5135594586683169,0.24772731296039607,0.20297029702970293,6.0,3180.976719600032
526,0.651723221549505,0.5135594586683169,0.2494954987772277,0.20297029702970293,5.0,3192.43200239999
527,0.6534375780841584,0.5135594586683169,0.26977421174752475,0.17821782178217815,5.0,3199.0101625000243
528,0.6056141053960395,0.5135594586683169,0.2645249964851485,0.18811881188118806,4.0,3203.413206600002
529,0.6479803395049505,0.5135594586683169,0.2828813296039604,0.15346534653465338,5.0,3206.592170400021
530,0.6596320811881188,0.5135594586683169,0.26483010099009896,0.19306930693069302,5.0,3225.727727700025
531,0.6130529668811882,0.5135594586683169,0.2665183134158416,0.12871287128712883,5.0,3238.64845149999
532,0.5686076762871286,0.5135594586683169,0.26093440896039605,0.1435643564356437,4.0,3246.2703586000134
533,0.566140515549505,0.5135594586683169,0.25475437693564357,0.14851485148514854,4.0,3248.4417313000304
534,0.6143743936683168,0.5135594586683169,0.25670112634158415,0.14356435643564358,5.0,3250.700673000014
535,0.6629574679405941,0.5135594586683169,0.2627099431881188,0.13366336633663367,6.0,3251.224856399989
536,0.6618121984950496,0.5135594586683169,0.2578518024554456,0.13861386138613863,6.0,3251.806846600026
537,0.661196982628713,0.5135594586683169,0.26094945787623763,0.13366336633663367,6.0,3252.363995700027
538,0.7074208377277228,0.5135594586683169,0.2645990555495049,0.12376237623762376,7.0,3264.738022400008
539,0.7039135299306931,0.5135594586683169,0.2610917477524752,0.12376237623762365,7.0,3267.3135621999972
540,0.7510594719108911,0.5135594586683169,0.2582376897326732,0.12376237623762365,8.0,3268.6615388999926
541,0.7048391493663366,0.5135594586683169,0.2545916246138613,0.13366336633663356,7.0,3269.3245424000197
542,0.7003552243663367,0.5135594586683169,0.26867205604950495,0.10891089108910879,7.0,3276.3675860000076
543,0.6586152942673267,0.5135594586683169,0.25094202694059403,0.14356435643564347,6.0,3283.6210995999863
544,0.6586152942673267,0.5135594586683169,0.25094202694059403,0.14356435643564347,6.0,3286.160545999999
545,0.6625994033663367,0.5135594586683169,0.2586390073267327,0.13861386138613851,6.0,3290.2862906000228
546,0.616243749851485,0.5135594586683169,0.25485761123762374,0.14851485148514854,5.0,3293.061620799999
547,0.6534358916386138,0.5135594586683169,0.2623467827277227,0.18811881188118806,5.0,3304.2256322000176
548,0.6598264182673268,0.5135594586683169,0.2521531509405941,0.14356435643564347,6.0,3306.9540284000104
549,0.6612177769801981,0.5135594586683169,0.246118767079208,0.15346534653465338,6.0,3314.0729132000124
550,0.616243749851485,0.5135594586683169,0.25485761123762374,0.14851485148514854,5.0,3321.7198572999914
551,0.556215332970297,0.5135594586683169,0.2651262240594059,0.18811881188118817,3.0,3331.7530122000026
552,0.6064055663881187,0.5135594586683169,0.26531645747722765,0.18811881188118806,4.0,3342.65536850004
553,0.6028648785643564,0.5135594586683169,0.2951916112376237,0.14356435643564358,4.0,3351.6985478000133
554,0.6050674846287128,0.5135594586683169,0.2528397618564356,0.20297029702970293,4.0,3367.383470700006
555,0.6504457785940594,0.5135594586683169,0.25193092710891085,0.19801980198019797,5.0,3371.270759999985
556,0.6050674846287128,0.5135594586683169,0.2528397618564356,0.20297029702970293,4.0,3374.3904546000413
557,0.6512676366683168,0.5135594586683169,0.27874288419306925,0.1633663366336633,5.0,3388.537423200032
558,0.6500950471633663,0.5135594586683169,0.2775702946881188,0.1633663366336633,5.0,3392.130673800013
559,0.6981735408762376,0.5135594586683169,0.27564878840099005,0.1633663366336633,6.0,3392.8967324999976
560,0.6507311788217822,0.5135594586683169,0.27820642634653464,0.1633663366336633,5.0,3396.1483797000255
561,0.7002491319306932,0.5135594586683169,0.27772437945544554,0.1633663366336633,6.0,3396.8145630999934
562,0.6045310267821782,0.5135594586683169,0.252303304009901,0.20297029702970293,4.0,3408.713222099992
563,0.6032264654207921,0.5135594586683169,0.2547116139356435,0.19801980198019797,4.0,3412.1705972999916
564,0.6494691001732673,0.5135594586683169,0.25095424868811883,0.19801980198019797,5.0,3423.2994415999856
565,0.6207533303485149,0.5135594586683169,0.27223847886336633,0.19801980198019797,4.0,3438.3628820999875
566,0.6689448457693069,0.5135594586683169,0.27042999428415837,0.19801980198019797,5.0,3453.1544270000304
567,0.6644496844356436,0.5135594586683169,0.2882120606732673,0.16831683168316824,5.0,3481.228351400001
568,0.666357818440594,0.5135594586683169,0.29383306596534653,0.1633663366336633,5.0,3482.655838100007
569,0.666181379950495,0.5135594586683169,0.2788051423267326,0.1831683168316831,5.0,3497.908180200029
570,0.7073313453960397,0.5135594586683169,0.2662422364851485,0.18811881188118806,6.0,3508.4259082000353
571,0.6183720967326733,0.5135594586683169,0.29584734425742576,0.1633663366336633,4.0,3533.09703970002
572,0.6182782564356436,0.5135594586683169,0.29204063267326735,0.16831683168316824,4.0,3534.3914939000388
573,0.612817073069307,0.5135594586683169,0.2680150928712871,0.19306930693069302,4.0,3548.246329799993
574,0.6591905708415842,0.5135594586683169,0.26810146193069306,0.18811881188118806,5.0,3551.285930700018
575,0.6120262784653465,0.5135594586683169,0.26722429826732674,0.19306930693069302,4.0,3571.379278300039
576,0.607097492178218,0.5135594586683169,0.28828561099009903,0.15841584158415833,4.0,3578.664884500031
577,0.6080568704950495,0.5135594586683169,0.2818192467326733,0.16831683168316836,4.0,3582.795317000011
578,0.5610978113861387,0.5135594586683169,0.28857305891089113,0.1633663366336633,3.0,3586.037367300014
579,0.6035287201485149,0.5135594586683169,0.2810039676732673,0.1633663366336633,4.0,3592.0013150000013
580,0.6506563866336634,0.5135594586683169,0.27813163415841585,0.1633663366336633,5.0,3594.5113027000334
581,0.6515502058910891,0.5135594586683169,0.2790254534158416,0.1633663366336633,5.0,3596.528342900041
582,0.6054631373069308,0.5135594586683169,0.26437402839603963,0.18811881188118806,4.0,3603.193678200012
583,0.653011220950495,0.5135594586683169,0.26192211203960397,0.18811881188118806,5.0,3605.1904547000304
584,0.5630322285445546,0.5135594586683169,0.2719431196336634,0.18811881188118806,3.0,3611.415466800041
585,0.6104717988415842,0.5135594586683169,0.2433925909207921,0.22277227722772275,4.0,3618.785813800001
586,0.6105419015148515,0.5135594586683169,0.262027050029703,0.19801980198019797,4.0,3625.2409601000254
587,0.6123980418613861,0.5135594586683169,0.2564574478019802,0.20792079207920788,4.0,3633.053654599993
588,0.6054631373069308,0.5135594586683169,0.26437402839603963,0.18811881188118806,4.0,3638.905246599985
589,0.6087271028514851,0.5135594586683169,0.2490736375049505,0.21287128712871284,4.0,3646.682283500035
590,0.6160893728732674,0.5135594586683169,0.26014877881386134,0.20792079207920788,4.0,3653.586567600025
591,0.6612791664871287,0.5135594586683169,0.28132867143762375,0.1732673267326732,5.0,3660.24541100004
592,0.6474764579227723,0.5135594586683169,0.29722893317029697,0.13366336633663367,5.0,3667.062295700016
593,0.5967129453465347,0.5135594586683169,0.29646542059405945,0.13366336633663367,4.0,3672.884785100003
594,0.6440384356930693,0.5135594586683169,0.29379091094059406,0.13366336633663367,5.0,3674.9399908999912
595,0.6300697221782179,0.5135594586683169,0.30209942514851484,0.10396039603960405,5.0,3680.9581288000336
596,0.5740140456633663,0.5135594586683169,0.2514892931881188,0.1633663366336634,4.0,3693.677598100039
597,0.6199637892574257,0.5135594586683169,0.25486477935643564,0.15346534653465338,5.0,3695.074822800001
598,0.5740140456633663,0.5135594586683169,0.2514892931881188,0.1633663366336634,4.0,3696.26186160004
599,0.5667318714554456,0.5135594586683169,0.27935563383168316,0.1831683168316831,3.0,3714.0460115000024
600,0.6080151876485149,0.5135594586683169,0.28549043517326733,0.1633663366336633,4.0,3715.3807635999983
601,0.6115712197524752,0.5135594586683169,0.2890464672772277,0.1633663366336633,4.0,3717.54867009999
602,0.6119116692772277,0.5135594586683169,0.28196117422772277,0.1732673267326732,4.0,3718.121760800015
603,0.6080151876485149,0.5135594586683169,0.28549043517326733,0.1633663366336633,4.0,3719.7271898000035
604,0.6493039633910891,0.5135594586683169,0.27677921091584157,0.1633663366336633,5.0,3743.570028899994
605,0.6080206471980198,0.5135594586683169,0.2706444095742574,0.1831683168316831,4.0,3744.634086300037
606,0.5583556390742574,0.5135594586683169,0.25612791630198023,0.20297029702970293,3.0,3765.8629053999903
607,0.5200856559405941,0.5135594586683169,0.2901351608910891,0.1732673267326732,2.0,3781.247567399987
608,0.5206139414554456,0.5135594586683169,0.2832377038316832,0.18316831683168322,2.0,3795.6560385000193
609,0.566563685049505,0.5135594586683169,0.28661319,0.1732673267326732,3.0,3797.1360810000333
610,0.5618972576485148,0.5135594586683169,0.28937250517326735,0.1633663366336633,3.0,3798.479456500034
611,0.567712477138614,0.5135594586683169,0.29518772466336635,0.1633663366336633,3.0,3800.590704800037
612,0.5174794528118812,0.5135594586683169,0.2429745023168317,0.23267326732673266,2.0,3814.0101724000415
613,0.5471504302574258,0.5135594586683169,0.2746256777821783,0.1633663366336634,3.0,3820.773030799988
614,0.5916231164455446,0.5135594586683169,0.30251420555445546,0.1188118811881188,4.0,3827.1084821000113
615,0.6280851000544554,0.5135594586683169,0.31125341688613867,0.08910891089108908,5.0,3830.3353040000075
616,0.561952139,0.5135594586683169,0.27086303008910895,0.18811881188118817,3.0,3836.904992900032
617,0.566277823960396,0.5135594586683169,0.275188715049505,0.18811881188118817,3.0,3855.546466400032
618,0.5635617144306931,0.5135594586683169,0.2650468629455446,0.19801980198019797,3.0,3870.740903800004
619,0.564435235049505,0.5135594586683169,0.28448474000000007,0.1732673267326733,3.0,3880.1343999000383
620,0.562916519059406,0.5135594586683169,0.26811453886138614,0.19306930693069313,3.0,3894.7891990999924
621,0.6117982646237623,0.5135594586683169,0.2669962844257425,0.19306930693069313,4.0,3903.1416535000317
622,0.5632908208217822,0.5135594586683169,0.2647759693366336,0.19801980198019797,3.0,3911.988593899994
623,0.6091735731980197,0.5135594586683169,0.25323297913861387,0.20792079207920788,4.0,3914.283295900037
624,0.6091402890891089,0.5135594586683169,0.2940412791881188,0.15346534653465338,4.0,3918.9614027999924
625,0.5609000947425743,0.5135594586683169,0.26238524325742574,0.19801980198019797,3.0,3929.3431509000366
626,0.6066040156831684,0.5135594586683169,0.2655149067722772,0.18811881188118806,4.0,3932.0002182000317
627,0.6089686864752475,0.5135594586683169,0.27159244885148515,0.1831683168316831,4.0,3935.353404499998
628,0.6092393902376237,0.5135594586683169,0.26443741003960397,0.1930693069306929,4.0,3943.6614192000125
629,0.560065204049505,0.5135594586683169,0.26155035256435644,0.19801980198019797,3.0,3958.2021904999856
630,0.6085484364009901,0.5135594586683169,0.26003358491584155,0.19801980198019797,4.0,3973.353475800017
631,0.5619165444356435,0.5135594586683169,0.2634016929504951,0.19801980198019797,3.0,3983.5661435000366
632,0.6098902693019802,0.5135594586683169,0.26137541781683166,0.19801980198019797,4.0,3986.1343575000064
633,0.5544342796831683,0.5135594586683169,0.2633451707722772,0.18811881188118806,3.0,3995.9904220000026
634,0.6010434975148514,0.5135594586683169,0.3082217153366336,0.12376237623762376,4.0,3999.8268305000383
635,0.6441951304356436,0.5135594586683169,0.3013733482574258,0.12376237623762376,5.0,4006.141490800015
636,0.6464480611782177,0.5135594586683169,0.2999134077128713,0.12871287128712872,5.0,4011.815776500036
637,0.6484099015445544,0.5135594586683169,0.3167267332277227,0.1089108910891089,5.0,4012.984687899996
638,0.5939279606732673,0.5135594586683169,0.3011061784950495,0.12376237623762365,4.0,4015.4984541999875
639,0.608363534940594,0.5135594586683169,0.2524229408811881,0.207920792079208,4.0,4028.8316110000014
640,0.6428173921237623,0.5135594586683169,0.29999560994554453,0.12376237623762365,5.0,4030.7853450000403
641,0.6435507949059405,0.5135594586683169,0.30072901272772273,0.12376237623762365,5.0,4032.6107881999924
642,0.6867024278267327,0.5135594586683169,0.29388064564851485,0.12376237623762365,6.0,4038.448810400034
643,0.6887921671336633,0.5135594586683169,0.3071089988168316,0.10891089108910879,6.0,4039.836619800015
644,0.7375011176237622,0.5135594586683169,0.3058179493069306,0.10891089108910879,7.0,4041.0676429999876
645,0.6946331399257426,0.5135594586683169,0.2758212587376238,0.15841584158415845,6.0,4054.0505810999894
646,0.7418905440841586,0.5135594586683169,0.2767915341831683,0.1534653465346535,7.0,4058.6846191000077
647,0.6977455612722774,0.5135594586683169,0.27522080879702976,0.1633663366336633,6.0,4062.782219099987
648,0.7471052468168318,0.5135594586683169,0.2782933656287129,0.15841584158415833,7.0,4064.6859713000013
649,0.7467661469732674,0.5135594586683169,0.2742413944980199,0.1633663366336633,7.0,4066.973887800006
650,0.7019691833910893,0.5135594586683169,0.286870173490099,0.15346534653465338,6.0,4074.787495800003
651,0.707214074990099,0.5135594586683169,0.2772635799405941,0.1732673267326732,6.0,4084.086367700016
652,0.7297784135049505,0.5135594586683169,0.30180811647524747,0.10396039603960383,7.0,4097.041246899986
653,0.6829435606089109,0.5135594586683169,0.2864089071435644,0.1287128712871286,6.0,4107.988034400041
654,0.6349188582574258,0.5135594586683169,0.2883842047920792,0.1287128712871286,5.0,4118.1406228000415
655,0.6757158832821782,0.5135594586683169,0.29774558625247527,0.10396039603960383,6.0,4119.591666200024
656,0.5861260529455445,0.5135594586683169,0.289591399480198,0.1287128712871286,4.0,4121.723470400029
657,0.6326145815643565,0.5135594586683169,0.2860799280990099,0.12871287128712883,5.0,4122.712703700003
658,0.6776491800742575,0.5135594586683169,0.28854026918316833,0.11881188118811892,6.0,4124.907707800041
659,0.5861260529455445,0.5135594586683169,0.289591399480198,0.1287128712871286,4.0,4126.350058100012
660,0.6305974737871287,0.5135594586683169,0.28406282032178215,0.1287128712871286,5.0,4138.795728500001
661,0.6483097899752475,0.5135594586683169,0.2720721662128713,0.16831683168316824,5.0,4143.261522400018
662,0.6510960099752474,0.5135594586683169,0.2785712574999999,0.1633663366336634,5.0,4150.352511200006
663,0.6038383691336633,0.5135594586683169,0.2776007453712871,0.16831683168316824,4.0,4157.772010000015
664,0.6493947218564357,0.5135594586683169,0.2731570980940594,0.16831683168316824,5.0,4159.556435000035
665,0.6941792918366337,0.5135594586683169,0.286506024509901,0.14356435643564358,6.0,4161.481489200029
666,0.7396578102029703,0.5135594586683169,0.25970731515346535,0.1732673267326733,7.0,4164.317293300002
667,0.7740281720841584,0.5135594586683169,0.28863213248019803,0.11386138613861385,8.0,4166.227813100035
668,0.7280501044554455,0.5135594586683169,0.3000798074257426,0.10396039603960394,7.0,4173.903387100028
669,0.683437486039604,0.5135594586683169,0.2831899612871287,0.13366336633663367,6.0,4178.146717299998
670,0.7327265692574259,0.5135594586683169,0.2787661732178218,0.13861386138613863,7.0,4185.32640260004
671,0.6899073827722773,0.5135594586683169,0.3119370857425742,0.10396039603960383,6.0,4196.38491730002
672,0.7297447982178218,0.5135594586683169,0.28321014475247525,0.12871287128712872,7.0,4197.361835699994
673,0.6873470932178218,0.5135594586683169,0.26853521202970293,0.15841584158415845,6.0,4211.96558660001
674,0.6950124908415842,0.5135594586683169,0.2576362532178218,0.1831683168316831,6.0,4226.71500950004
675,0.7361716617821783,0.5135594586683169,0.285924137029703,0.13366336633663356,7.0,4234.703073600016
676,0.7420187460841585,0.5135594586683169,0.25835537974752476,0.17821782178217815,7.0,4235.23779590003
677,0.7427572127722772,0.5135594586683169,0.24795523257425744,0.19306930693069302,7.0,4236.705726000015
678,0.7874105218811881,0.5135594586683169,0.29087586841584157,0.1287128712871286,8.0,4244.507981500006
679,0.7877539555940594,0.5135594586683169,0.25037771797029706,0.1831683168316831,8.0,4245.777285100019
680,0.6950124908415842,0.5135594586683169,0.2576362532178218,0.1831683168316831,6.0,4247.315775900031
681,0.6830852560445546,0.5135594586683169,0.2531347609950495,0.1732673267326733,6.0,4265.876394800027
682,0.7309308623069307,0.5135594586683169,0.25098036725742573,0.1732673267326733,7.0,4267.163930999988
683,0.6832696468564357,0.5135594586683169,0.2533191518069307,0.1732673267326733,6.0,4268.98271880002
684,0.6444110921336634,0.5135594586683169,0.2644605970841584,0.1732673267326733,5.0,4271.119913000031
685,0.691522947628713,0.5135594586683169,0.2875625515891089,0.13861386138613863,6.0,4281.645525900007
686,0.5964454179207921,0.5135594586683169,0.2664949228712871,0.1732673267326733,4.0,4283.469392400002
687,0.6428484153019802,0.5135594586683169,0.2554721776782178,0.18316831683168322,5.0,4284.992941000033
688,0.6078271351954951,0.5135594586683169,0.2518865411360891,0.207920792079208,4.0,4288.591745999991
689,0.6444031615222278,0.5135594586683169,0.2644526664727228,0.1732673267326733,5.0,4291.614905000024
690,0.6454638619776734,0.5135594586683169,0.295216337225198,0.13366336633663367,5.0,4302.137764299987
691,0.6948864619776733,0.5135594586683169,0.294638937225198,0.13366336633663356,6.0,4305.81797600002
692,0.6530145854479703,0.5135594586683169,0.28791557554698016,0.1534653465346535,5.0,4323.038367300003
693,0.7007414636162872,0.5135594586683169,0.24480086955688116,0.207920792079208,6.0,4341.105516400014
694,0.6078271351954951,0.5135594586683169,0.2518865411360891,0.207920792079208,4.0,4359.755266599997
695,0.6477563244529208,0.5135594586683169,0.26780582940341585,0.1732673267326733,5.0,4363.780437100038
696,0.5680823801855941,0.5135594586683169,0.28813188513608906,0.1732673267326732,3.0,4384.040173800022
697,0.5206139414554456,0.5135594586683169,0.2832377038316832,0.18316831683168322,2.0,4401.230871899985
698,0.4724603617821782,0.4724603617821782,0.29250986673267326,0.1732673267326733,1.0,4419.9818829
699,0.5127036639207921,0.4724603617821782,0.2493373272871287,0.2178217821782178,2.0,4437.506448200031
700,0.5188338595544555,0.4724603617821782,0.2925962357920792,0.16831683168316836,2.0,4450.694236400013
701,0.5197254812376239,0.4724603617821782,0.2934878574752476,0.16831683168316836,2.0,4464.615827700007
702,0.5149193887227723,0.4724603617821782,0.25526592337623766,0.21287128712871284,2.0,4481.973037799995
703,0.513474589009901,0.4724603617821782,0.2649597375247525,0.19801980198019797,2.0,4498.477658700023
704,0.4715376638118811,0.4715376638118811,0.2601515251980198,0.14851485148514865,2.0,4511.728823699988
705,0.5113663342079208,0.4715376638118811,0.23884158173267328,0.1633663366336633,3.0,4521.418770399992
706,0.5177615189108911,0.4715376638118811,0.2638011228712871,0.13861386138613874,3.0,4532.030530799995
707,0.5188338595544555,0.4715376638118811,0.2925962357920792,0.16831683168316836,2.0,4545.267491700011
708,0.5200856559405941,0.4715376638118811,0.2901351608910891,0.1732673267326732,2.0,4563.143486300018
709,0.5652990094059406,0.4715376638118811,0.2630712866336633,0.20297029702970293,3.0,4581.07788300002
710,0.5188338595544555,0.4715376638118811,0.2925962357920792,0.16831683168316836,2.0,4594.862123900035
711,0.569177285990099,0.4715376638118811,0.27066243450495053,0.19801980198019797,3.0,4610.3181384000345
712,0.5206139414554456,0.4715376638118811,0.2832377038316832,0.18316831683168322,2.0,4627.696898300026
713,0.5689048780667822,0.4715376638118811,0.2815286404430198,0.18316831683168322,3.0,4629.420341700024
714,0.5549157130891089,0.4715376638118811,0.2601137328910891,0.19306930693069313,3.0,4644.007272500021
715,0.6011346023727723,0.4715376638118811,0.2860355924717822,0.1534653465346535,4.0,4650.808904900041
716,0.6025878505742575,0.4715376638118811,0.26521161295049506,0.1831683168316831,4.0,4672.426354299998
717,0.5662965946039604,0.4715376638118811,0.29005897084158416,0.16831683168316824,3.0,4688.762243700039
718,0.5654688166831684,0.4715376638118811,0.2558153513366337,0.21287128712871284,3.0,4704.313249500003
719,0.5968559017326733,0.4715376638118811,0.2928955056930693,0.13861386138613851,4.0,4710.999167700007
720,0.6147417701435645,0.4715376638118811,0.2588011760841584,0.20792079207920788,4.0,4711.837755199987
721,0.560947855,0.4715376638118811,0.2698587460891089,0.18811881188118806,3.0,4730.285415899998
722,0.5455022759900989,0.4715376638118811,0.2841161373762376,0.14851485148514842,3.0,4750.598930899985
723,0.5563483570693069,0.4715376638118811,0.23184340657425742,0.23267326732673266,3.0,4769.15113220003
724,0.5751055289108911,0.4715376638118811,0.260006519009901,0.15346534653465338,4.0,4777.041613699985
725,0.5926465676732673,0.4715376638118811,0.2849733003465346,0.14356435643564347,4.0,4785.805081400031
726,0.637431698019802,0.4715376638118811,0.29460991584158414,0.12376237623762365,5.0,4791.722321900015
727,0.6005697058910892,0.4715376638118811,0.25576772569306927,0.19306930693069302,4.0,4810.067033700005
728,0.6091254854653465,0.4715376638118811,0.2568977626930693,0.20297029702970304,4.0,4828.3400720999925
729,0.6129748577425742,0.4715376638118811,0.27188574883168315,0.18811881188118817,4.0,4844.248418500007
730,0.6519675742772277,0.4715376638118811,0.2571655940792079,0.19306930693069313,5.0,4848.123140499985
731,0.5678790609108911,0.4715376638118811,0.28421569457425744,0.17821782178217827,3.0,4866.306883600017
732,0.5206139414554456,0.4715376638118811,0.2832377038316832,0.18316831683168322,2.0,4884.631172700028
733,0.4724603617821782,0.4715376638118811,0.29250986673267326,0.1732673267326733,1.0,4903.431692300015
734,0.5188322247029703,0.4715376638118811,0.23318866034653463,0.24752475247524752,2.0,4921.141889800027
735,0.5223988688118812,0.4715376638118811,0.29244837376237626,0.1732673267326733,2.0,4939.935877100041
736,0.5167738389108911,0.4715376638118811,0.28682334386138614,0.1732673267326733,2.0,4956.380239300022
737,0.513816125990099,0.4715376638118811,0.27643988836633665,0.1831683168316831,2.0,4971.144687900029
738,0.5105590849009901,0.4715376638118811,0.3028858175742574,0.14356435643564347,2.0,4987.156297700014
739,0.5204850641336634,0.4715376638118811,0.29053456908415837,0.1732673267326733,2.0,5002.99184880004
740,0.5223988688118812,0.4715376638118811,0.29244837376237626,0.1732673267326733,2.0,5022.477575400029
741,0.5200856559405941,0.4715376638118811,0.2901351608910891,0.1732673267326732,2.0,5039.413382500003
742,0.5200856559405941,0.4715376638118811,0.2901351608910891,0.1732673267326732,2.0,5056.515745100041
743,0.5165145398069307,0.4715376638118811,0.2754254308960396,0.18811881188118806,2.0,5081.617709000013
744,0.5188322247029703,0.4715376638118811,0.23318866034653463,0.24752475247524752,2.0,5101.145864100021
745,0.522618939950495,0.4715376638118811,0.27039121717821785,0.20297029702970293,2.0,5119.036175300018
746,0.5187532547524752,0.4715376638118811,0.29251563099009903,0.16831683168316836,2.0,5130.497795800038
747,0.5201217579207921,0.4715376638118811,0.29017126287128714,0.1732673267326733,2.0,5143.407301400031
748,0.5150027794554456,0.4715376638118811,0.266487927970297,0.19801980198019797,2.0,5165.235908200033
749,0.5105590849009901,0.4715376638118811,0.3028858175742574,0.14356435643564347,2.0,5182.734977899992
750,0.5105590849009901,0.4715376638118811,0.3028858175742574,0.14356435643564347,2.0,5198.971519100014
751,0.5223988688118812,0.4715376638118811,0.29244837376237626,0.1732673267326733,2.0,5216.360547900025
752,0.5065778028712871,0.4715376638118811,0.2877659216831683,0.15841584158415833,2.0,5232.701476000017
753,0.5150027794554456,0.4715376638118811,0.266487927970297,0.19801980198019797,2.0,5255.928874300036
754,0.5183975636138615,0.4715376638118811,0.2921599398514852,0.16831683168316836,2.0,5270.700535000011
755,0.519630985990099,0.4715376638118811,0.2822547483663367,0.1831683168316831,2.0,5285.318285599991
756,0.5127036639207921,0.4715376638118811,0.2493373272871287,0.2178217821782178,2.0,5301.92295919999
757,0.522618939950495,0.4715376638118811,0.27039121717821785,0.20297029702970293,2.0,5318.650094899989
758,0.5165145398069307,0.4715376638118811,0.2754254308960396,0.18811881188118806,2.0,5346.100726500037
759,0.4715376638118811,0.4715376638118811,0.2601515251980198,0.14851485148514865,2.0,5357.810589800007
760,0.5123728712871287,0.4715376638118811,0.25469960396039604,0.14356435643564347,3.0,5367.413497300004
761,0.5151721991584158,0.4715376638118811,0.2852217041089109,0.1732673267326732,2.0,5385.847485800041
762,0.5523737739851485,0.4715376638118811,0.24272030863861388,0.21287128712871284,3.0,5412.544792400033
763,0.5534330203910891,0.4715376638118811,0.2920468817772277,0.14851485148514842,3.0,5432.763202300004
764,0.5150027794554456,0.4715376638118811,0.266487927970297,0.19801980198019797,2.0,5454.704119000002
765,0.5632908208217822,0.4715376638118811,0.2647759693366336,0.19801980198019797,3.0,5466.2929472000105
766,0.5626646894554456,0.4715376638118811,0.264149837970297,0.19801980198019797,3.0,5483.191746900033
767,0.5626646894554456,0.4715376638118811,0.264149837970297,0.19801980198019797,3.0,5500.280046900036
768,0.5165145398069307,0.4715376638118811,0.2754254308960396,0.18811881188118806,2.0,5523.963443399989
769,0.5151721991584158,0.4715376638118811,0.2852217041089109,0.1732673267326732,2.0,5542.909527200041
770,0.4724603617821782,0.4715376638118811,0.29250986673267326,0.1732673267326733,1.0,5562.684715200041
771,0.519630985990099,0.4715376638118811,0.2822547483663367,0.1831683168316831,2.0,5578.974440800026
772,0.5202639683539109,0.4715376638118811,0.2903134733044059,0.1732673267326733,2.0,5593.6349871000275
773,0.5202639683539109,0.4715376638118811,0.2903134733044059,0.1732673267326733,2.0,5608.38125570002
774,0.5201217579207921,0.4715376638118811,0.29017126287128714,0.1732673267326733,2.0,5621.795370300009
775,0.5165145398069307,0.4715376638118811,0.2754254308960396,0.18811881188118806,2.0,5649.049142900039
776,0.5628654756930693,0.4715376638118811,0.27177636678217826,0.18811881188118806,3.0,5651.921504000027
777,0.557262693569307,0.4715376638118811,0.2921636836683169,0.1534653465346535,3.0,5674.844512899988
778,0.5151721991584158,0.4715376638118811,0.2852217041089109,0.1732673267326732,2.0,5692.563456500007
779,0.5197254812376239,0.4715376638118811,0.2934878574752476,0.16831683168316836,2.0,5707.317445199995
780,0.5150027794554456,0.4715376638118811,0.266487927970297,0.19801980198019797,2.0,5730.2997534000315
781,0.5561841653960397,0.4715376638118811,0.25024357133663366,0.20792079207920788,3.0,5734.290116799995
782,0.5105590849009901,0.4715376638118811,0.3028858175742574,0.14356435643564347,2.0,5749.918809700001
783,0.5188322247029703,0.4715376638118811,0.23318866034653463,0.24752475247524752,2.0,5767.04524180002
784,0.5703460650990099,0.4715376638118811,0.26811834232673265,0.20297029702970293,3.0,5785.53139290004
785,0.5183975636138615,0.4715376638118811,0.2921599398514852,0.16831683168316836,2.0,5799.307206600031
786,0.4724603617821782,0.4715376638118811,0.29250986673267326,0.1732673267326733,1.0,5819.803848600015
787,0.5145437716336634,0.4715376638118811,0.25860317757425744,0.20792079207920788,2.0,5838.758140099992
788,0.5636290172574259,0.4715376638118811,0.25768842319801977,0.20792079207920788,3.0,5845.230602400028
789,0.5580722905445545,0.4715376638118811,0.2595574390594059,0.19801980198019808,3.0,5850.546176400036
790,0.5188338595544555,0.4715376638118811,0.2925962357920792,0.16831683168316836,2.0,5864.420957399998
791,0.5615632718811882,0.4715376638118811,0.2853256481188119,0.16831683168316824,3.0,5881.215907200007
792,0.5197254812376239,0.4715376638118811,0.2934878574752476,0.16831683168316836,2.0,5896.354111900029
793,0.510390385049505,0.4715376638118811,0.24331117712871286,0.22277227722772275,2.0,5910.318355199997
794,0.4715376638118811,0.4715376638118811,0.2601515251980198,0.14851485148514865,2.0,5921.909525800031
795,0.5143330873762377,0.4715376638118811,0.2677984339108911,0.1287128712871286,3.0,5931.863702400005
796,0.5167738389108911,0.4715376638118811,0.28682334386138614,0.1732673267326733,2.0,5947.358371300041
797,0.5155211375742574,0.4715376638118811,0.2726993553960396,0.12376237623762365,3.0,5959.999880800024
798,0.513536961980198,0.4715376638118811,0.25586369465346537,0.1435643564356437,3.0,5971.439039700024
799,0.5617262967326733,0.4715376638118811,0.26147877198019803,0.13366336633663378,4.0,5975.145439899992
800,0.4715376638118811,0.4715376638118811,0.2601515251980198,0.14851485148514865,2.0,5984.027639400039
801,0.520139323960396,0.4715376638118811,0.26617892792079206,0.13861386138613874,3.0,5987.80648660002
802,0.5123728712871287,0.4715376638118811,0.25469960396039604,0.14356435643564347,3.0,5997.204302900005
803,0.4724603617821782,0.4715376638118811,0.29250986673267326,0.1732673267326733,1.0,6014.9431486999965
804,0.5223988688118812,0.4715376638118811,0.29244837376237626,0.1732673267326733,2.0,6033.445121099998
805,0.5149193887227723,0.4715376638118811,0.25526592337623766,0.21287128712871284,2.0,6052.299628100009
806,0.5188338595544555,0.4715376638118811,0.2925962357920792,0.16831683168316836,2.0,6068.591268600023
807,0.5216458673118812,0.4715376638118811,0.29169537226237624,0.1732673267326733,2.0,6086.009522100037
808,0.519630985990099,0.4715376638118811,0.2822547483663367,0.1831683168316831,2.0,6099.386431700026
809,0.5687088180544555,0.4715376638118811,0.2701939665693069,0.19801980198019808,3.0,6108.435613900016
810,0.5120780255792079,0.4715376638118811,0.2709889166683168,0.18811881188118817,2.0,6122.315589000005
811,0.510390385049505,0.4715376638118811,0.24331117712871286,0.22277227722772275,2.0,6136.947592100012
812,0.5568344932178217,0.4715376638118811,0.30287409717821784,0.13861386138613874,3.0,6146.292192800029
813,0.5580620407920792,0.4715376638118811,0.2484085754455445,0.21287128712871295,3.0,6151.004405400017
814,0.5668431323267327,0.4715376638118811,0.2720411521287128,0.19306930693069302,3.0,6175.42258860002
815,0.5686309034158417,0.4715376638118811,0.27011605193069305,0.19801980198019797,3.0,6192.4302683999995
816,0.5635768296930693,0.4715376638118811,0.2427847504851485,0.2277227722772277,3.0,6210.383463200007
817,0.6004391702871288,0.4715376638118811,0.26306293266336633,0.18316831683168322,4.0,6218.744245800015
818,0.6101933339009902,0.4715376638118811,0.22826264083168318,0.24257425742574257,4.0,6224.9547015000135
819,0.6130623133584159,0.4715376638118811,0.23855736286336635,0.23267326732673266,4.0,6234.014940400026
820,0.5174794528118812,0.4715376638118811,0.2429745023168317,0.23267326732673266,2.0,6251.99966130004
821,0.560476395980198,0.4715376638118811,0.2508229306336634,0.21287128712871284,3.0,6264.618270500039
822,0.6065875962920793,0.4715376638118811,0.2469341309455446,0.21287128712871284,4.0,6265.981855300022
823,0.5993952599900991,0.4715376638118811,0.2620190223663367,0.1831683168316831,4.0,6273.252688999986
824,0.6064075359009902,0.4715376638118811,0.24675407055445547,0.21287128712871295,4.0,6274.0729306000285
825,0.6550197993415842,0.4715376638118811,0.24536633399504953,0.21287128712871295,5.0,6284.593310300028
826,0.5645530997029702,0.4715376638118811,0.22519666405940592,0.2524752475247526,3.0,6304.105926899996
827,0.6086989133564357,0.4715376638118811,0.24904544800990097,0.21287128712871295,4.0,6322.638159000024
828,0.6134854356930692,0.4715376638118811,0.22412900004950492,0.2524752475247525,4.0,6323.990757299995
829,0.6133559430693069,0.4715376638118811,0.22771237871287128,0.24752475247524752,4.0,6324.757168399985
830,0.6616261754455445,0.4715376638118811,0.22598261108910891,0.24752475247524752,5.0,6325.901949600026
831,0.6598134842227723,0.4715376638118811,0.22416991986633664,0.2475247524752474,5.0,6327.589169899991
832,0.6610311651336633,0.4715376638118811,0.23281334335148515,0.2376237623762375,5.0,6328.59731750004
833,0.6620211111386138,0.4715376638118811,0.22637754678217822,0.24752475247524752,5.0,6329.660783600004
834,0.6001906637772277,0.4715376638118811,0.2182599707079208,0.24257425742574257,4.0,6332.4781349000405
835,0.6463647259059406,0.4715376638118811,0.2515627457079208,0.19306930693069302,5.0,6345.631472000037
836,0.6124897001287128,0.4715376638118811,0.2268461357722772,0.24752475247524752,4.0,6347.817495600029
837,0.613792343019802,0.4715376638118811,0.23186164995049505,0.24257425742574257,4.0,6350.626287800027
838,0.6127834496450495,0.4715376638118811,0.27912008330841587,0.17821782178217815,4.0,6368.106143200013
839,0.6624191890707921,0.4715376638118811,0.28246869402128716,0.1732673267326732,5.0,6368.498482500028
840,0.6111727475000001,0.4715376638118811,0.2775093811633664,0.17821782178217815,4.0,6368.985654600023
841,0.659997953519802,0.4715376638118811,0.28004745847029705,0.1732673267326732,5.0,6369.4079811000265
842,0.6490891726485148,0.4715376638118811,0.22829709344059404,0.2277227722772277,5.0,6383.829564200016
843,0.6124477139851485,0.4715376638118811,0.2824972189356436,0.1732673267326732,4.0,6384.8011680000345
844,0.6587135883910892,0.4715376638118811,0.28247596462871294,0.16831683168316824,5.0,6400.960299700033
845,0.657399610470297,0.4715376638118811,0.2848748579950496,0.1633663366336633,5.0,6416.006887399999
846,0.5624235802277229,0.4715376638118811,0.28247308517821784,0.1732673267326732,3.0,6416.648540100025
847,0.6093321888118812,0.4715376638118811,0.2719559511881188,0.1831683168316831,4.0,6431.399078099988
848,0.5151721991584158,0.4715376638118811,0.2852217041089109,0.1732673267326732,2.0,6431.94198350003
849,0.5620808077425743,0.4715376638118811,0.2747045701188119,0.1831683168316831,3.0,6447.110937200021
850,0.5563200691584158,0.4715376638118811,0.3097854156930692,0.1287128712871286,3.0,6473.312686500023
851,0.5200856559405941,0.4715376638118811,0.2901351608910891,0.1732673267326732,2.0,6491.018449800031
852,0.5235491284504951,0.4715376638118811,0.25275704924257425,0.2277227722772277,2.0,6509.446764699998
853,0.513474589009901,0.4715376638118811,0.2649597375247525,0.19801980198019797,2.0,6526.052340900002
854,0.5563927387128713,0.4715376638118811,0.2764422436633664,0.1732673267326732,3.0,6531.239775300026
855,0.5614581251980199,0.4715376638118811,0.2703690162871287,0.18811881188118806,3.0,6537.164871599991
856,0.5623611131188119,0.4715376638118811,0.3009749745049505,0.14851485148514854,3.0,6549.625806700031
857,0.5604542372326733,0.4715376638118811,0.2693651283217822,0.18811881188118806,3.0,6554.7202913000365
858,0.5656786352475248,0.4715376638118811,0.27458952633663364,0.18811881188118806,3.0,6575.6738142000395
859,0.6074561405445545,0.4715376638118811,0.28121851678217824,0.16831683168316824,4.0,6584.025750200031
860,0.5681164429702972,0.4715376638118811,0.28445307663366337,0.17821782178217815,3.0,6599.767797700013
861,0.6079774420742575,0.4715376638118811,0.2743140757376238,0.17821782178217827,4.0,6602.529922900023
862,0.6092585085297031,0.4715376638118811,0.279308013480198,0.1732673267326732,4.0,6604.188653499994
863,0.6143287670891089,0.4715376638118811,0.2732396581782178,0.18811881188118806,4.0,6606.658709300042
864,0.609138816930693,0.4715376638118811,0.294039807029703,0.15346534653465338,4.0,6622.147495199984
865,0.5165145398069307,0.4715376638118811,0.2754254308960396,0.18811881188118806,2.0,6645.472156300035
866,0.5101992832178217,0.4715376638118811,0.2691101743069306,0.18811881188118806,2.0,6659.510105900001
867,0.5581856854455445,0.4715376638118811,0.26709657653465346,0.18811881188118806,3.0,6669.0254615999875
868,0.556136485049505,0.4715376638118811,0.26876024742574256,0.1831683168316831,3.0,6676.363210300042
869,0.5587445888613861,0.4715376638118811,0.2750812225247525,0.17821782178217815,3.0,6682.981251500023
870,0.5567181783168316,0.4715376638118811,0.273054811980198,0.17821782178217815,3.0,6691.610848399985
871,0.5405056317326733,0.4715376638118811,0.28283236440594056,0.14356435643564358,3.0,6695.676555000013
872,0.4724603617821782,0.4715376638118811,0.29250986673267326,0.1732673267326733,1.0,6717.105999600026
873,0.5183079627722772,0.4715376638118811,0.2697931112871287,0.19801980198019797,2.0,6742.162261200021
874,0.5105590849009901,0.4715376638118811,0.3028858175742574,0.14356435643564347,2.0,6755.167878900014
875,0.5209109052970298,0.4715376638118811,0.2909604102475248,0.1732673267326732,2.0,6765.190739199985
876,0.513474589009901,0.4715376638118811,0.2649597375247525,0.19801980198019797,2.0,6777.74408090004
877,0.5197254812376239,0.4715376638118811,0.2934878574752476,0.16831683168316836,2.0,6790.149408500001
878,0.5216458673118812,0.4715376638118811,0.29169537226237624,0.1732673267326733,2.0,6805.276967999991
879,0.513816125990099,0.4715376638118811,0.27643988836633665,0.1831683168316831,2.0,6817.009381000011
880,0.510390385049505,0.4715376638118811,0.24331117712871286,0.22277227722772275,2.0,6827.342766900023
881,0.5587556291485148,0.4715376638118811,0.2528150350891089,0.20792079207920788,3.0,6837.255417100037
882,0.5515772691188119,0.4715376638118811,0.2530624176336634,0.19801980198019797,3.0,6847.516615400033
883,0.5978314508564357,0.4715376638118811,0.24931659937128714,0.19801980198019797,4.0,6851.160560299992
884,0.5975126367425743,0.4715376638118811,0.2415720426831683,0.20792079207920788,4.0,6854.379281400004
885,0.5515772691188119,0.4715376638118811,0.2530624176336634,0.19801980198019797,3.0,6858.7385134000215
886,0.5174794528118812,0.4715376638118811,0.2429745023168317,0.23267326732673266,2.0,6871.417535400018
887,0.5252878914871287,0.4715376638118811,0.29533739643762374,0.1732673267326733,2.0,6884.529183800041
888,0.5514378726188119,0.4715376638118811,0.26406163499504953,0.18316831683168322,3.0,6890.6402709000395
889,0.5659148210643565,0.4715376638118811,0.27853858344059407,0.1831683168316831,3.0,6897.828418300021
890,0.513474589009901,0.4715376638118811,0.2649597375247525,0.19801980198019797,2.0,6908.929760500032
891,0.5201217579207921,0.4715376638118811,0.29017126287128714,0.1732673267326733,2.0,6919.96706190001
892,0.522618939950495,0.4715376638118811,0.27039121717821785,0.20297029702970293,2.0,6932.706400100025
893,0.5150027794554456,0.4715376638118811,0.266487927970297,0.19801980198019797,2.0,6953.376664399984
894,0.5597788535148516,0.4715376638118811,0.2575511307425743,0.20297029702970293,3.0,6956.953621499997
895,0.561385154009901,0.4715376638118811,0.281434658960396,0.1732673267326732,3.0,6968.9671649000375
896,0.5177474009900991,0.4715376638118811,0.2729454207920793,0.19306930693069302,2.0,6983.456263800035
897,0.5120780255792079,0.4715376638118811,0.2709889166683168,0.18811881188118817,2.0,6993.246681599994
898,0.5582646877425743,0.4715376638118811,0.26717557883168314,0.18811881188118817,3.0,6996.151317299984
899,0.5600064404455446,0.4715376638118811,0.28376881668316833,0.16831683168316836,3.0,6998.236634300032
900,0.5167738389108911,0.4715376638118811,0.28682334386138614,0.1732673267326733,2.0,7011.410116299987
901,0.5120780255792079,0.4715376638118811,0.2709889166683168,0.18811881188118817,2.0,7021.28145140002
902,0.5204850641336634,0.4715376638118811,0.29053456908415837,0.1732673267326733,2.0,7033.337653400027
903,0.5584213679455445,0.4715376638118811,0.3007481006188119,0.14356435643564347,3.0,7056.455004999996
904,0.5711081555693069,0.4715376638118811,0.27630617537128715,0.19306930693069302,3.0,7071.988901200006
905,0.5201217579207921,0.4715376638118811,0.29017126287128714,0.1732673267326733,2.0,7083.208889900008
906,0.5188338595544555,0.4715376638118811,0.2925962357920792,0.16831683168316836,2.0,7095.40674050001
907,0.5648663088118812,0.4715376638118811,0.2700643286138613,0.19306930693069302,3.0,7116.252469700004
908,0.5209109052970298,0.4715376638118811,0.2909604102475248,0.1732673267326732,2.0,7126.590066900011
909,0.5231610631188119,0.4715376638118811,0.2617749245049505,0.14851485148514842,3.0,7139.522370900027
910,0.5174794528118812,0.4715376638118811,0.2429745023168317,0.23267326732673266,2.0,7151.9308686000295
911,0.5668425323019802,0.4715376638118811,0.2423375818069307,0.23267326732673266,3.0,7156.702193500008
912,0.513816125990099,0.4715376638118811,0.27643988836633665,0.1831683168316831,2.0,7168.113117300032
913,0.5127036639207921,0.4715376638118811,0.2493373272871287,0.2178217821782178,2.0,7180.614509800042
914,0.5621493216782179,0.4715376638118811,0.267347341480198,0.19306930693069313,3.0,7188.182525900018
915,0.6096162600990099,0.4715376638118811,0.27224002247524753,0.1831683168316831,4.0,7189.24863300001
916,0.5593020112970297,0.4715376638118811,0.24964854595049507,0.21287128712871284,3.0,7196.560531300027
917,0.6044868645643564,0.4715376638118811,0.26711062694059406,0.18316831683168322,4.0,7203.696030399995
918,0.5842542978712872,0.4715376638118811,0.27658103054455446,0.1435643564356437,4.0,7209.1937734000385
919,0.5127036639207921,0.4715376638118811,0.2493373272871287,0.2178217821782178,2.0,7218.453590199992
920,0.560935401539604,0.4715376638118811,0.2512819361930693,0.21287128712871295,3.0,7226.664134400024
921,0.5177474009900991,0.4715376638118811,0.2729454207920793,0.19306930693069302,2.0,7241.173990399984
922,0.5216458673118812,0.4715376638118811,0.29169537226237624,0.1732673267326733,2.0,7256.292555199994
923,0.5659164065990099,0.4715376638118811,0.2896787828366337,0.16831683168316824,3.0,7260.2358950999915
924,0.5229166401485149,0.4715376638118811,0.27811465995049506,0.19306930693069313,2.0,7273.592137300002
925,0.5149193887227723,0.4715376638118811,0.25526592337623766,0.21287128712871284,2.0,7286.1071739000035
926,0.5252878914871287,0.4715376638118811,0.29533739643762374,0.1732673267326733,2.0,7298.286725600017
927,0.4724603617821782,0.4715376638118811,0.29250986673267326,0.1732673267326733,1.0,7313.673761099984
928,0.5188322247029703,0.4715376638118811,0.23318866034653463,0.24752475247524752,2.0,7327.658471800038
929,0.5174794528118812,0.4715376638118811,0.2429745023168317,0.23267326732673266,2.0,7345.436519999988
930,0.5216458673118812,0.4715376638118811,0.29169537226237624,0.1732673267326733,2.0,7362.128297600022
931,0.5202639683539109,0.4715376638118811,0.2903134733044059,0.1732673267326733,2.0,7374.877942699997
932,0.5065778028712871,0.4715376638118811,0.2877659216831683,0.15841584158415833,2.0,7386.949177600036
933,0.5151721991584158,0.4715376638118811,0.2852217041089109,0.1732673267326732,2.0,7402.552374100022
934,0.5145437716336634,0.4715376638118811,0.25860317757425744,0.20792079207920788,2.0,7416.417257299996
935,0.5165145398069307,0.4715376638118811,0.2754254308960396,0.18811881188118806,2.0,7438.424319099984
936,0.5206139414554456,0.4715376638118811,0.2832377038316832,0.18316831683168322,2.0,7453.731016400037
937,0.5101992832178217,0.4715376638118811,0.2691101743069306,0.18811881188118806,2.0,7464.998731300002
938,0.5188322247029703,0.4715376638118811,0.23318866034653463,0.24752475247524752,2.0,7480.1862616
939,0.5177474009900991,0.4715376638118811,0.2729454207920793,0.19306930693069302,2.0,7493.833736300003
940,0.510390385049505,0.4715376638118811,0.24331117712871286,0.22277227722772275,2.0,7504.544135200034
941,0.5149193887227723,0.4715376638118811,0.25526592337623766,0.21287128712871284,2.0,7517.224476600008
942,0.519630985990099,0.4715376638118811,0.2822547483663367,0.1831683168316831,2.0,7528.203632000019
943,0.5229166401485149,0.4715376638118811,0.27811465995049506,0.19306930693069313,2.0,7542.365239700011
944,0.5197254812376239,0.4715376638118811,0.2934878574752476,0.16831683168316836,2.0,7553.864334399987
945,0.5229166401485149,0.4715376638118811,0.27811465995049506,0.19306930693069313,2.0,7568.211488800007
946,0.5206139414554456,0.4715376638118811,0.2832377038316832,0.18316831683168322,2.0,7583.544865500007
947,0.5165145398069307,0.4715376638118811,0.2754254308960396,0.18811881188118806,2.0,7605.974770500034
948,0.5065778028712871,0.4715376638118811,0.2877659216831683,0.15841584158415833,2.0,7618.176687700034
949,0.5202639683539109,0.4715376638118811,0.2903134733044059,0.1732673267326733,2.0,7630.280312000017
950,0.5204850641336634,0.4715376638118811,0.29053456908415837,0.1732673267326733,2.0,7642.331801099994
951,0.5202639683539109,0.4715376638118811,0.2903134733044059,0.1732673267326733,2.0,7654.581548599992
952,0.5252878914871287,0.4715376638118811,0.29533739643762374,0.1732673267326733,2.0,7666.852633600007
953,0.519630985990099,0.4715376638118811,0.2822547483663367,0.1831683168316831,2.0,7677.854316300014
954,0.5165145398069307,0.4715376638118811,0.2754254308960396,0.18811881188118806,2.0,7699.805360900005
955,0.513474589009901,0.4715376638118811,0.2649597375247525,0.19801980198019797,2.0,7712.617124899989
956,0.5149193887227723,0.4715376638118811,0.25526592337623766,0.21287128712871284,2.0,7725.46202169999
957,0.5223988688118812,0.4715376638118811,0.29244837376237626,0.1732673267326733,2.0,7741.845373100019
958,0.5200856559405941,0.4715376638118811,0.2901351608910891,0.1732673267326732,2.0,7755.779996700003
959,0.5065778028712871,0.4715376638118811,0.2877659216831683,0.15841584158415833,2.0,7767.661295700003
960,0.5204850641336634,0.4715376638118811,0.29053456908415837,0.1732673267326733,2.0,7782.255329000007
961,0.5187532547524752,0.4715376638118811,0.29251563099009903,0.16831683168316836,2.0,7790.926276699989
962,0.5174794528118812,0.4715376638118811,0.2429745023168317,0.23267326732673266,2.0,7804.180603799992
963,0.5209109052970298,0.4715376638118811,0.2909604102475248,0.1732673267326732,2.0,7814.750544300012
964,0.5216458673118812,0.4715376638118811,0.29169537226237624,0.1732673267326733,2.0,7829.766438200022
965,0.5167738389108911,0.4715376638118811,0.28682334386138614,0.1732673267326733,2.0,7842.756305599993
966,0.5177474009900991,0.4715376638118811,0.2729454207920793,0.19306930693069302,2.0,7855.725686800026
967,0.5200856559405941,0.4715376638118811,0.2901351608910891,0.1732673267326732,2.0,7869.995384500013
968,0.5165145398069307,0.4715376638118811,0.2754254308960396,0.18811881188118806,2.0,7890.755393400032
969,0.5105590849009901,0.4715376638118811,0.3028858175742574,0.14356435643564347,2.0,7903.265844799986
970,0.5174794528118812,0.4715376638118811,0.2429745023168317,0.23267326732673266,2.0,7916.619362000027
971,0.4715376638118811,0.4715376638118811,0.2601515251980198,0.14851485148514865,2.0,7926.127141100005
972,0.5207845582178218,0.4715376638118811,0.25568554831683166,0.15346534653465338,3.0,7934.651693299995
973,0.5183975636138615,0.4715376638118811,0.2921599398514852,0.16831683168316836,2.0,7946.525492099987
974,0.5235491284504951,0.4715376638118811,0.25275704924257425,0.2277227722772277,2.0,7962.667107000016
975,0.5171429245544554,0.4715376638118811,0.2594696572277228,0.14356435643564347,3.0,7970.723277200013
976,0.5194718718316832,0.4715376638118811,0.2580857332178218,0.14851485148514842,3.0,7981.939457600005
977,0.510390385049505,0.4715376638118811,0.24331117712871286,0.22277227722772275,2.0,7992.5076352999895
978,0.5197549878217822,0.4715376638118811,0.2583688492079208,0.14851485148514854,3.0,7996.115837500023
979,0.5200856559405941,0.4715376638118811,0.2901351608910891,0.1732673267326732,2.0,8010.505177300016
980,0.5155655434158416,0.4715376638118811,0.26903088995049507,0.1287128712871286,3.0,8016.622867400001
981,0.5202006478712871,0.4715376638118811,0.2588145092574258,0.14851485148514854,3.0,8019.389666300034
982,0.5206864808663366,0.4715376638118811,0.2593003422524753,0.14851485148514865,3.0,8023.511571399984
983,0.5209109052970298,0.4715376638118811,0.2909604102475248,0.1732673267326732,2.0,8033.661815500003
984,0.5196503699059406,0.4715376638118811,0.25826423129207926,0.14851485148514854,3.0,8037.238736500032
985,0.518717990990099,0.4715376638118811,0.26104472366336634,0.14356435643564358,3.0,8040.973759300017
986,0.5143330873762377,0.4715376638118811,0.2677984339108911,0.1287128712871286,3.0,8049.277904300019
987,0.5200330577722772,0.4715376638118811,0.2586469191584158,0.14851485148514854,3.0,8051.870854000037
988,0.5162934655940594,0.4715376638118811,0.2586201982673268,0.1435643564356437,3.0,8059.52774260001
989,0.510390385049505,0.4715376638118811,0.24331117712871286,0.22277227722772275,2.0,8070.604600600025
990,0.5174794528118812,0.4715376638118811,0.2429745023168317,0.23267326732673266,2.0,8083.660206400033
991,0.5127630855940595,0.4715376638118811,0.2662284321287129,0.1287128712871286,3.0,8092.229100099998
992,0.5204850641336634,0.4715376638118811,0.29053456908415837,0.1732673267326733,2.0,8104.017100500001
993,0.521067800940594,0.4715376638118811,0.25596879103960396,0.1534653465346535,3.0,8108.257346400002
994,0.5174794528118812,0.4715376638118811,0.2429745023168317,0.23267326732673266,2.0,8120.910007800034
995,0.5176027683168317,0.4715376638118811,0.259929500990099,0.1435643564356437,3.0,8130.089661300008
996,0.5165177891930693,0.4715376638118811,0.25513165057920795,0.14851485148514854,3.0,8133.819835600036
997,0.5135594586683169,0.4715376638118811,0.2521733200544555,0.14851485148514854,3.0,8137.496986199985
998,0.5155211375742574,0.4715376638118811,0.2726993553960396,0.12376237623762365,3.0,8146.806073000014
999,0.5207845582178218,0.4715376638118811,0.25568554831683166,0.15346534653465338,3.0,8155.238332000037
1000,0.5188322247029703,0.4715376638118811,0.23318866034653463,0.24752475247524752,2.0,8170.17772690003
