Iteration,obj,obj_bound,cost,loss,comp,time
1,0.47165336126732677,0.47165336126732677,0.3051187078019802,0.12871287128712872,7.0,4.105004800017923
2,0.48163882502970295,0.47165336126732677,0.3199556567128713,0.1089108910891089,8.0,7.058248400047887
3,0.48669807328712866,0.47165336126732677,0.315014904970297,0.1089108910891089,9.0,7.679530200024601
4,0.4923260986237623,0.47165336126732677,0.3206429303069307,0.1089108910891089,9.0,8.140606500033755
5,0.49994740911881186,0.47165336126732677,0.31826424080198024,0.1089108910891089,10.0,9.174317000026349
6,0.49723860268316833,0.47165336126732677,0.30555543436633664,0.1089108910891089,11.0,10.960961600008886
7,0.4981509826831683,0.47165336126732677,0.28161632921782176,0.12871287128712872,12.0,12.988032600027509
8,0.5045997031782179,0.47165336126732677,0.31519376258415843,0.07920792079207917,13.0,16.130591200024355
9,0.506607898920792,0.47165336126732677,0.3123504731782178,0.09900990099009899,12.0,16.74440870003309
10,0.5122745327029703,0.47165336126732677,0.30801710696039597,0.09900990099009899,13.0,18.033467300003394
11,0.5053511543861386,0.47165336126732677,0.31109372864356427,0.09900990099009899,12.0,18.684041000029538
12,0.4983285643465346,0.47165336126732677,0.3066453960297029,0.10891089108910901,11.0,19.519283500034362
13,0.5058408312673267,0.47165336126732677,0.30415766295049507,0.10891089108910901,12.0,20.400788100028876
14,0.4983285643465346,0.47165336126732677,0.3066453960297029,0.10891089108910901,11.0,20.792372299998533
15,0.5029065984356436,0.47165336126732677,0.3012234301188118,0.10891089108910901,12.0,21.788258400047198
16,0.5117189911089108,0.47165336126732677,0.2729071099207921,0.15841584158415845,12.0,24.62414730002638
17,0.5159881761386138,0.47165336126732677,0.2746020375247525,0.14851485148514854,13.0,25.14562740002293
18,0.5108255157029702,0.47165336126732677,0.27686511966336635,0.13861386138613863,13.0,25.440004400035832
19,0.514812204,0.47165336126732677,0.29085180796039606,0.13861386138613851,12.0,27.340361200040206
20,0.5032824822178218,0.47165336126732677,0.32645079904950497,0.08910891089108897,11.0,31.70584870001767
21,0.5060375646732673,0.47165336126732677,0.3266316240792079,0.07920792079207906,12.0,34.40427920001093
22,0.5092932083366337,0.47165336126732677,0.3347387528910891,0.05940594059405924,13.0,35.072728500002995
23,0.5070307462574257,0.47165336126732677,0.32247629081188117,0.05940594059405924,14.0,37.92575580003904
24,0.4949530750297029,0.47165336126732677,0.3203986195841584,0.05940594059405924,13.0,38.3291682000272
25,0.5029913485247524,0.47165336126732677,0.31843689307920786,0.05940594059405924,14.0,39.668632100045215
26,0.49498970561386135,0.47165336126732677,0.31528673531683166,0.03960396039603942,15.0,40.069992500008084
27,0.5057212223069306,0.47165336126732677,0.2666123114158416,0.1188118811881187,15.0,44.06120500003453
28,0.5103347727029702,0.47165336126732677,0.2563743766633663,0.1386138613861384,15.0,44.746431900013704
29,0.5099357800297029,0.47165336126732677,0.26082686913861386,0.11881188118811858,16.0,45.40911579999374
30,0.5146255776930693,0.47165336126732677,0.2877938945247524,0.08910891089108885,16.0,46.89971890003653
31,0.5172585661188118,0.47165336126732677,0.2930011403762376,0.09900990099009888,15.0,49.16404840000905
32,0.511667771960396,0.47165336126732677,0.3071133165148515,0.05940594059405924,16.0,49.94521299999906
33,0.5187024428118812,0.47165336126732677,0.3041479873663367,0.05940594059405924,17.0,50.34241149999434
34,0.5200084736039603,0.47165336126732677,0.3028797607326733,0.04950495049504933,18.0,50.67757240001811
35,0.5261799484554456,0.47165336126732677,0.2990512355841584,0.04950495049504933,19.0,52.1060791000491
36,0.5174162058415841,0.47165336126732677,0.2928617503960396,0.05940594059405924,18.0,52.65094419999514
37,0.5239429611584159,0.47165336126732677,0.26711127799009904,0.08910891089108885,19.0,54.17359130003024
38,0.505892094970297,0.47165336126732677,0.28133763952475244,0.059405940594059126,18.0,54.86513039999409
39,0.5064920478415842,0.47165336126732677,0.27193759239603954,0.059405940594059126,19.0,55.39530860004015
40,0.5108970375841584,0.47165336126732677,0.27376832471287127,0.049504950495049216,20.0,55.705877400003374
41,0.509529759009901,0.47165336126732677,0.2724010461386138,0.049504950495049216,20.0,56.01530840003397
42,0.5179989290891089,0.47165336126732677,0.27087021621782176,0.049504950495049216,21.0,56.3449197000009
43,0.5179492404752476,0.47165336126732677,0.27082052760396036,0.049504950495049216,21.0,56.63723100000061
44,0.5252291493861386,0.47165336126732677,0.27552617908910887,0.039603960396039306,22.0,57.148402800026815
45,0.5335305201188119,0.47165336126732677,0.2812532923960395,0.029702970297029396,23.0,57.85245970002143
46,0.5418530941782178,0.47165336126732677,0.27957586645544547,0.029702970297029396,24.0,58.36846530000912
47,0.5408408973465347,0.47165336126732677,0.2737121844752475,0.049504950495049216,23.0,59.677507500047795
48,0.5398702011980199,0.47165336126732677,0.2627414883267326,0.049504950495049216,24.0,60.09159399999771
49,0.5229403867425743,0.47165336126732677,0.2483859312970297,0.05940594059405924,23.0,62.07075320003787
50,0.5414965394257426,0.47165336126732677,0.2595163414059406,0.06930693069306915,23.0,62.70088590000523
51,0.5434193803960397,0.47165336126732677,0.258864924950495,0.05940594059405924,24.0,63.140196299995296
52,0.5434193803960397,0.47165336126732677,0.258864924950495,0.05940594059405924,24.0,63.39336170000024
53,0.5492792486336633,0.47165336126732677,0.2695762783366336,0.03960396039603942,25.0,64.1020771000185
54,0.5396360946039603,0.47165336126732677,0.2699331243069306,0.03960396039603942,24.0,64.24497770000016
55,0.5316943959900989,0.47165336126732677,0.26199142569306927,0.03960396039603942,24.0,64.87915039999643
56,0.5317771619009901,0.47165336126732677,0.27207419160396035,0.039603960396039306,23.0,66.51907340000616
57,0.5417771619009901,0.47165336126732677,0.27207419160396035,0.039603960396039195,24.0,66.88177590002306
58,0.5317771619009901,0.47165336126732677,0.27207419160396035,0.039603960396039306,23.0,67.13118270004634
59,0.5386155496237623,0.47165336126732677,0.2714868367524752,0.049504950495049216,23.0,67.55619610002032
60,0.5535967271485148,0.47165336126732677,0.2864680142772277,0.049504950495049216,23.0,68.7564534000121
61,0.5635967271485148,0.47165336126732677,0.2864680142772277,0.049504950495049105,24.0,69.15347810002277
62,0.5439582782970297,0.47165336126732677,0.26197808027722763,0.06930693069306904,23.0,72.79949270002544
63,0.5480580903366337,0.47165336126732677,0.27092937746534645,0.049504950495049216,24.0,73.2457142000203
64,0.5520930788217822,0.47165336126732677,0.2798158510990098,0.029702970297029396,25.0,73.66385080001783
65,0.5528440765643563,0.47165336126732677,0.2731411062673266,0.039603960396039306,25.0,74.07446329999948
66,0.5504024805247523,0.47165336126732677,0.2755509953762375,0.019801980198019487,26.0,74.43715710000833
67,0.5554284103069306,0.47165336126732677,0.2780026677326731,0.009900990099009577,27.0,74.6994229000411
68,0.5535055693366335,0.47165336126732677,0.2786540841881187,0.019801980198019598,26.0,75.1171169000445
69,0.5561113368415841,0.47165336126732677,0.2812598516930692,0.019801980198019598,26.0,75.49392480001552
70,0.5555404175643563,0.47165336126732677,0.28068893241584153,0.019801980198019598,26.0,75.91228490002686
71,0.5515054290792079,0.47165336126732677,0.2718024587821782,0.03960396039603942,25.0,76.24638980004238
72,0.5455269005643564,0.47165336126732677,0.27582393026732666,0.039603960396039195,24.0,77.46658780000871
73,0.5455269005643564,0.47165336126732677,0.27582393026732666,0.039603960396039195,24.0,77.73681380000198
74,0.5374464791089107,0.47165336126732677,0.27774350881188115,0.039603960396039195,23.0,78.19477400003234
75,0.5423798696039603,0.47165336126732677,0.27525115673267325,0.049504950495049105,23.0,78.65273710002657
76,0.5429507888811881,0.47165336126732677,0.27582207600990094,0.049504950495049105,23.0,79.04694760002894
77,0.5395659543564355,0.47165336126732677,0.2824372414851485,0.04950495049504933,22.0,79.46503050002502
78,0.5466579394752474,0.47165336126732677,0.27952922660396035,0.049504950495049105,23.0,79.94489410001552
79,0.5517652287029702,0.47165336126732677,0.2820622584059405,0.039603960396039195,24.0,80.25369090004824
80,0.5462484827623761,0.47165336126732677,0.27397125503960384,0.029702970297029285,25.0,81.18757070001448
81,0.5489917645841583,0.47165336126732677,0.27414027943564345,0.019801980198019375,26.0,81.63043140002992
82,0.5506635386831682,0.47165336126732677,0.288386310960396,0.02970297029702962,24.0,89.15328520000912
83,0.5470100735445544,0.47165336126732677,0.28473284582178215,0.02970297029702962,24.0,90.0172594000469
84,0.5560625034851485,0.47165336126732677,0.2837852757623762,0.029702970297029396,25.0,90.75431230000686
85,0.5602212306930693,0.47165336126732677,0.28536974554455447,0.019801980198019487,26.0,91.24935530003859
86,0.5621616061386139,0.47165336126732677,0.277310120990099,0.019801980198019487,27.0,91.58903150004335
87,0.5586572762178218,0.47165336126732677,0.2763800484950495,0.029702970297029396,26.0,92.21078810002655
88,0.5621206023267327,0.47165336126732677,0.2772691171782178,0.019801980198019487,27.0,92.4611106000375
89,0.5563436748019802,0.47165336126732677,0.28149218965346534,0.019801980198019487,26.0,92.77085630001966
90,0.5562965200594059,0.47165336126732677,0.2765935497623762,0.039603960396039306,25.0,96.14532670000335
91,0.5638697186732673,0.47165336126732677,0.2890182335247525,0.019801980198019487,26.0,96.7795132000465
92,0.5383750312277227,0.47165336126732677,0.26867206093069307,0.039603960396039306,24.0,104.19724500004668
93,0.5307428332079208,0.47165336126732677,0.27103986291089105,0.039603960396039306,23.0,104.74075440003071
94,0.5222717980297029,0.47165336126732677,0.27256882773267327,0.039603960396039306,22.0,105.07466959999874
95,0.5257256811386138,0.47165336126732677,0.2660227108415842,0.039603960396039306,23.0,105.43821819999721
96,0.5312977671584158,0.47165336126732677,0.2690205394356436,0.029702970297029396,24.0,105.78240570001071
97,0.535198890980198,0.47165336126732677,0.2703474058316832,0.019801980198019487,25.0,106.17387100000633
98,0.5264469004653465,0.47165336126732677,0.2715954153168317,0.019801980198019487,24.0,106.48852350004017
99,0.5362367963168317,0.47165336126732677,0.2713853111683168,0.019801980198019487,25.0,106.93323140003486
100,0.545455037980198,0.47165336126732677,0.27802929540594057,0.009900990099009577,26.0,107.40133480000077
101,0.5497345916435643,0.47165336126732677,0.25745736392079205,0.029702970297029396,27.0,109.33683690003818
102,0.5473935471881188,0.47165336126732677,0.26511631946534653,0.029702970297029396,26.0,110.29454460000852
103,0.5479155421485149,0.47165336126732677,0.25821257185148516,0.039603960396039306,26.0,110.85676930000773
104,0.5578947740594059,0.47165336126732677,0.25819180376237627,0.039603960396039306,27.0,111.24217030004365
105,0.5504159123762377,0.47165336126732677,0.25556442722772277,0.019801980198019487,28.0,112.0951328999945
106,0.5581088855445544,0.47165336126732677,0.2532574003960396,0.019801980198019487,29.0,112.5614426000393
107,0.5481296536336634,0.47165336126732677,0.2532781684851485,0.019801980198019487,28.0,112.95248140004696
108,0.5439606028613861,0.47165336126732677,0.2591091177128713,0.019801980198019487,27.0,113.8436693000258
109,0.5383885168415843,0.47165336126732677,0.2561112891188119,0.029702970297029396,26.0,114.2953281000373
110,0.5322405911287129,0.47165336126732677,0.25253762083168324,0.039603960396039306,25.0,117.82222970004659
111,0.5368036604653466,0.47165336126732677,0.2571006901683169,0.039603960396039306,25.0,118.32429520000005
112,0.5289957904158417,0.47165336126732677,0.25671856269306936,0.029702970297029396,25.0,118.70885230001295
113,0.5358415814356435,0.47165336126732677,0.25871286856435644,0.049504950495049105,24.0,127.44213650003076
114,0.5384183743831684,0.47165336126732677,0.2561411466603961,0.029702970297029396,26.0,127.9510852000094
115,0.5316602545811882,0.47165336126732677,0.2593830268584159,0.029702970297029396,25.0,128.5233643000247
116,0.49574914284851485,0.47165336126732677,0.2686204299772277,0.04950495049504944,19.0,133.93348669999978
117,0.5008564320762376,0.47165336126732677,0.2711534617792079,0.03960396039603953,20.0,134.24566930002766
118,0.49350909532376236,0.47165336126732677,0.2738061250267326,0.03960396039603953,19.0,135.16264739999315
119,0.49096992168316833,0.47165336126732677,0.2712669513861386,0.03960396039603953,19.0,135.47246499999892
120,0.5177217513168317,0.47165336126732677,0.2786128404257425,0.1188118811881187,15.0,146.06959540001117
121,0.5277217513168316,0.47165336126732677,0.2786128404257425,0.1188118811881188,16.0,149.4680098000099
122,0.5347638408217822,0.47165336126732677,0.27565492993069307,0.1188118811881188,17.0,150.4207622000249
123,0.4914759008217822,0.47165336126732677,0.2817729305247525,0.03960396039603953,18.0,152.03634190000594
124,0.5004721934950496,0.47165336126732677,0.26591773804950497,0.05940594059405924,19.0,153.2204242000007
125,0.505257861990099,0.47165336126732677,0.2829806342673267,0.029702970297029507,20.0,153.98075089999475
126,0.49789538266336636,0.47165336126732677,0.28561815494059406,0.029702970297029507,19.0,154.91293930000393
127,0.5059758041188118,0.47165336126732677,0.28369857639603957,0.029702970297029507,20.0,155.9507062000339
128,0.49978148254455446,0.47165336126732677,0.2875042548217822,0.029702970297029507,19.0,156.17059270001482
129,0.5079552671683167,0.47165336126732677,0.2856780394455446,0.029702970297029507,20.0,156.86323690001154
130,0.504834389871287,0.47165336126732677,0.2825571621485148,0.029702970297029507,20.0,157.83768019999843
131,0.506755465029703,0.47165336126732677,0.28447823730693067,0.029702970297029507,20.0,158.20086360001005
132,0.5046163707029703,0.47165336126732677,0.28976488555445545,0.019801980198019598,20.0,159.23023260000627
133,0.5071796564455445,0.47165336126732677,0.2897539138712871,0.009900990099009688,21.0,159.65991790004773
134,0.4995308498217822,0.47165336126732677,0.2821051072475248,0.009900990099009688,21.0,161.46061840001494
135,0.5065519141782179,0.47165336126732677,0.2791261716039604,0.009900990099009688,22.0,162.4906416000449
136,0.47632846795049505,0.47165336126732677,0.2714769828019802,0.01980198019801971,19.0,170.12660380004672
137,0.5155659334851485,0.47165336126732677,0.24388276516831683,0.10891089108910879,19.0,173.45583380002063
138,0.5113769881782178,0.47165336126732677,0.2593967901584159,0.06930693069306915,20.0,176.30512259999523
139,0.5116314894653465,0.47165336126732677,0.25965129144554455,0.06930693069306915,20.0,177.02899810002418
140,0.5181415415445544,0.47165336126732677,0.24873560095049502,0.07920792079207895,21.0,177.97154240001692
141,0.5092918346732673,0.47165336126732677,0.2598858940792079,0.07920792079207906,19.0,178.72276400000555
142,0.5126562612079207,0.47165336126732677,0.2606760631881188,0.06930693069306915,20.0,179.22174030001042
143,0.5145681937128712,0.47165336126732677,0.2600137382673267,0.05940594059405924,21.0,179.5409543000278
144,0.5165679420990099,0.47165336126732677,0.2594392292277228,0.04950495049504933,22.0,180.0200518000056
145,0.5132035155643564,0.47165336126732677,0.2586490601188119,0.05940594059405924,21.0,180.59424090001266
146,0.4777200360891089,0.47165336126732677,0.2628685509405941,0.01980198019801971,20.0,186.65899010002613
147,0.4772313071782178,0.47165336126732677,0.24267685173267325,0.05940594059405935,19.0,187.64210160000948
148,0.47742323614851484,0.47165336126732677,0.23544303812871287,0.06930693069306926,19.0,190.35390290000942
149,0.4839261683267327,0.47165336126732677,0.2319459703069307,0.06930693069306926,20.0,192.66202000004705
150,0.48689457416831683,0.47165336126732677,0.22748863357425742,0.07920792079207917,20.0,193.52459420001833
151,0.48689457416831683,0.47165336126732677,0.22748863357425742,0.07920792079207917,20.0,194.2523648000206
152,0.48689457416831683,0.47165336126732677,0.22748863357425742,0.07920792079207917,20.0,194.55815620004432
153,0.49281577931683174,0.47165336126732677,0.2308355812970297,0.06930693069306915,21.0,195.84848750004312
154,0.468841916,0.468841916,0.25428746055445545,0.05940594059405924,17.0,202.27370590000646
155,0.4727975290396039,0.468841916,0.2556688161683168,0.04950495049504933,18.0,202.75027650000993
156,0.4705399481584158,0.468841916,0.2534112352871287,0.04950495049504933,18.0,203.48801050003385
157,0.47868500719801976,0.468841916,0.2515562943267327,0.04950495049504933,19.0,203.90140570001677
158,0.4867505890792079,0.468841916,0.2496218762079208,0.04950495049504933,20.0,204.46725730004255
159,0.4907323766039603,0.468841916,0.2510294063069307,0.03960396039603942,21.0,204.93973350001033
160,0.48955164303960397,0.468841916,0.24984867274257427,0.03960396039603942,21.0,206.44513649999863
161,0.4987977667920792,0.468841916,0.25652053906930694,0.029702970297029507,22.0,206.85441900003934
162,0.4877315381782178,0.468841916,0.24060282530693072,0.04950495049504933,21.0,209.67759380000643
163,0.48868804292079204,0.468841916,0.251559330049505,0.04950495049504933,20.0,211.93946690001758
164,0.4957009657920791,0.468841916,0.2485722529207921,0.04950495049504933,21.0,212.81910419999622
165,0.48779926983168315,0.468841916,0.24324481438613865,0.05940594059405924,20.0,213.2322642999934
166,0.4946104212871286,0.468841916,0.2474817084158416,0.04950495049504933,21.0,213.61288060003426
167,0.5005219002970296,0.468841916,0.2433931874257426,0.04950495049504933,22.0,215.34498970001005
168,0.5483743451485148,0.468841916,0.26154266198019804,0.08910891089108897,22.0,219.18635990004987
169,0.49677565695049497,0.468841916,0.24964694407920793,0.04950495049504933,21.0,220.0730317000416
170,0.4991802603168316,0.468841916,0.2569030325940594,0.029702970297029507,22.0,221.48384210001677
171,0.4917494474356435,0.468841916,0.25947221971287127,0.029702970297029507,21.0,221.78670540003804
172,0.4998833682277227,0.468841916,0.2650318830792079,0.019801980198019598,22.0,223.1781416000449
173,0.4475220008910892,0.4475220008910892,0.28524477316831687,0.02970297029702973,14.0,231.8976179000456
174,0.45629111029702973,0.4475220008910892,0.2840138825742574,0.02970297029702973,15.0,234.82379870000295
175,0.4606732649504951,0.4475220008910892,0.2858217798019802,0.01980198019801971,16.0,237.43926940002711
176,0.46815004673267324,0.4475220008910892,0.28329856158415845,0.01980198019801971,17.0,239.28229390003253
177,0.47139312862376237,0.4475220008910892,0.27911590090099014,0.02970297029702962,17.0,240.08852799999295
178,0.4762304681881188,0.4475220008910892,0.281378983039604,0.01980198019801971,18.0,240.37310940003954
179,0.4381711355148515,0.4381711355148515,0.27846816521782175,0.03960396039603953,13.0,247.14383780001663
180,0.44077882337623764,0.4381711355148515,0.27850159565346533,0.02970297029702962,14.0,247.7309329000418
181,0.4338435183267327,0.4338435183267327,0.27414054802970295,0.03960396039603942,13.0,251.0349829000188
182,0.4253300988217822,0.4253300988217822,0.2756271285247525,0.03960396039603942,12.0,257.0640844000154
183,0.4153300988217822,0.4153300988217822,0.2756271285247525,0.03960396039603942,11.0,257.8481829999946
184,0.4252155976237624,0.4153300988217822,0.2755126273267327,0.03960396039603942,12.0,258.5120404000045
185,0.43203658217821783,0.4153300988217822,0.26490786930693067,0.04950495049504933,13.0,259.79054000001634
186,0.42863720514851483,0.4153300988217822,0.2663599774257426,0.029702970297029507,14.0,260.9960979000316
187,0.4386372051485148,0.4153300988217822,0.2663599774257426,0.029702970297029507,15.0,262.1120908000157
188,0.44779842412871285,0.4153300988217822,0.272946938980198,0.019801980198019598,16.0,263.197687100037
189,0.43724817950495054,0.4153300988217822,0.26239669435643564,0.019801980198019598,16.0,264.4381696000346
190,0.4464328512673268,0.4153300988217822,0.2690071086930693,0.009900990099009688,17.0,264.9514981000102
191,0.45643285126732674,0.4153300988217822,0.2690071086930693,0.009900990099009688,18.0,267.20522450003773
192,0.46226230295049503,0.4153300988217822,0.272262302950495,0.0,19.0,268.4092692999984
193,0.4558917762079208,0.4153300988217822,0.2758917762079208,0.0,18.0,269.6934127000277
194,0.46799778323762375,0.4153300988217822,0.2705720406633664,0.009900990099009799,19.0,271.8002470000065
195,0.4724811109207921,0.4153300988217822,0.2750553683465347,0.009900990099009799,19.0,272.31036090001
196,0.47114613719801984,0.4153300988217822,0.27114613719801983,0.0,20.0,273.2403675999958
197,0.47678208115841586,0.4153300988217822,0.27678208115841585,0.0,20.0,275.1516477999976
198,0.48228973906930694,0.4153300988217822,0.26486399649504955,0.00990099009900991,21.0,275.73872950003715
199,0.48619086289108915,0.4153300988217822,0.2661908628910891,0.0,22.0,276.10223040002165
200,0.48619086289108915,0.4153300988217822,0.2661908628910891,0.0,22.0,276.3772847999935
201,0.4819439445742575,0.4153300988217822,0.26451820200000004,0.009900990099009799,21.0,278.14353320002556
202,0.4819439445742575,0.4153300988217822,0.26451820200000004,0.009900990099009799,21.0,278.47959360003006
203,0.4780428207524753,0.4153300988217822,0.2631913356039604,0.01980198019801971,20.0,278.7501879000338
204,0.47511919082178217,0.4153300988217822,0.2776934482475248,0.009900990099009799,19.0,279.83775850001257
205,0.4842042347821782,0.4153300988217822,0.27677849220792083,0.009900990099009799,20.0,281.1765282000415
206,0.49331798802970295,0.4153300988217822,0.283317988029703,0.0,21.0,283.8847732000286
207,0.4928874729801981,0.4153300988217822,0.27546173040594063,0.009900990099009799,21.0,286.50161050003953
208,0.500349518920792,0.4153300988217822,0.2803495189207921,0.0,22.0,288.26114630000666
209,0.5080925692178219,0.4153300988217822,0.27809256921782183,0.0,23.0,291.5189942000434
210,0.505639206940594,0.4153300988217822,0.2756392069405941,0.0,23.0,296.23305100004654
211,0.4857180014356436,0.4153300988217822,0.26829225886138613,0.009900990099009799,21.0,298.59089970000787
212,0.4957180014356436,0.4153300988217822,0.26829225886138613,0.009900990099009799,22.0,299.1116179000237
213,0.5024499850792079,0.4153300988217822,0.2724499850792079,0.0,23.0,299.69769699999597
214,0.5024499850792079,0.4153300988217822,0.2724499850792079,0.0,23.0,299.84713070001453
215,0.5026364235148515,0.4153300988217822,0.2652106809405941,0.009900990099009799,23.0,300.3102823999943
216,0.49997672478217825,0.4153300988217822,0.2699767247821782,0.0,23.0,301.00739840004826
217,0.508361718940594,0.4153300988217822,0.2683617189405941,0.0,24.0,301.96792140003527
218,0.5110214176732673,0.4153300988217822,0.2635956750990099,0.009900990099009799,24.0,302.42079240002204
219,0.517133834990099,0.4153300988217822,0.2597080924158416,0.009900990099009799,25.0,302.81232760002604
220,0.46914801252475247,0.4153300988217822,0.2868707848019802,0.02970297029702962,16.0,305.39623589999974
221,0.46772724103960406,0.4153300988217822,0.297727241039604,0.0,17.0,306.9545834000455
222,0.46772724103960406,0.4153300988217822,0.297727241039604,0.0,17.0,307.0774630000233
223,0.4759402316336634,0.4153300988217822,0.2836630039108911,0.02970297029702962,17.0,309.28249280003365
224,0.4793416831188119,0.4153300988217822,0.28449019797029707,0.01980198019801971,18.0,311.3104912000126
225,0.4793416831188119,0.4153300988217822,0.28449019797029707,0.01980198019801971,18.0,311.6007964000455
226,0.493405701960396,0.4153300988217822,0.27142550394059406,0.06930693069306915,17.0,319.95805780001683
227,0.5004988305742574,0.4153300988217822,0.2759443751287129,0.05940594059405924,18.0,321.0375428000116
228,0.49980476859405937,0.4153300988217822,0.2752503131485149,0.05940594059405935,18.0,321.90905580000253
229,0.49190525198019797,0.4153300988217822,0.2773507965346535,0.05940594059405935,17.0,322.9668606000487
230,0.4914291346633663,0.4153300988217822,0.2743004217920792,0.04950495049504944,18.0,323.65080629999284
231,0.4813348061782179,0.4153300988217822,0.27420609330693074,0.04950495049504944,17.0,327.2597938000108
232,0.4888542848910891,0.4153300988217822,0.27915131459405945,0.03960396039603953,18.0,328.53962710005
233,0.4851274271386139,0.4153300988217822,0.2828501994158416,0.02970297029702962,18.0,329.98244089999935
234,0.4850794159504951,0.4153300988217822,0.2902279308019802,0.01980198019801971,18.0,331.7112187000457
235,0.49327875664356435,0.4153300988217822,0.2861500437722772,0.04950495049504966,17.0,335.44535640004324
236,0.48325803347524754,0.4153300988217822,0.2861293206039604,0.04950495049504966,16.0,337.54424670001026
237,0.4741377715742575,0.4153300988217822,0.2818605438514851,0.02970297029702984,17.0,338.123690300039
238,0.4561619454950495,0.4153300988217822,0.2738847177722772,0.029702970297029507,16.0,344.1667325000162
239,0.46215726668316826,0.4153300988217822,0.2773057815346534,0.019801980198019598,17.0,344.9856092000264
240,0.4559267711386139,0.4153300988217822,0.271075285990099,0.019801980198019598,17.0,345.63465840002755
241,0.4558249587623762,0.4153300988217822,0.2683992161881188,0.009900990099009688,18.0,346.0383967999951
242,0.4645118683762376,0.4153300988217822,0.26708612580198016,0.009900990099009688,19.0,346.7462948000175
243,0.46827386312871283,0.4153300988217822,0.26084812055445544,0.009900990099009688,20.0,347.332282300049
244,0.47358117599999994,0.4153300988217822,0.263581176,-2.220446049250313e-16,21.0,348.3181160000386
245,0.47538413603960394,0.4153300988217822,0.265384136039604,-2.220446049250313e-16,21.0,348.62691110000014
246,0.46140351760396037,0.4153300988217822,0.2591262898811881,0.029702970297029507,18.0,349.5765067000175
247,0.46340573423762377,0.4153300988217822,0.26597999166336633,0.009900990099009688,19.0,350.0653926000232
248,0.47075595929702974,0.4153300988217822,0.2633302167227723,0.009900990099009688,20.0,350.58709800004726
249,0.4627296703861386,0.4153300988217822,0.26530392781188117,0.00990099009900991,19.0,351.9135787000414
250,0.47056516375247526,0.4153300988217822,0.2631394211782178,0.009900990099009799,20.0,352.4204510000418
251,0.4550881419009901,0.4153300988217822,0.2528109141782178,0.02970297029702962,18.0,353.2183867000276
252,0.4611902661683168,0.4153300988217822,0.24891303844554455,0.02970297029702962,19.0,353.7900319000473
253,0.4632276235940594,0.4153300988217822,0.25095039587128715,0.02970297029702962,19.0,354.22876260004705
254,0.4720572286732674,0.4153300988217822,0.24978000095049502,0.02970297029702962,20.0,354.8019701000303
255,0.4798043764257426,0.4153300988217822,0.2475271487029703,0.02970297029702962,21.0,355.4623449000064
256,0.4649173682772278,0.4153300988217822,0.25264014055445555,0.02970297029702962,19.0,357.0257083000033
257,0.46661730342574265,0.4153300988217822,0.2543400757029704,0.02970297029702962,19.0,357.4107048000442
258,0.473833225019802,0.4153300988217822,0.2515559972970297,0.02970297029702962,20.0,357.94348290003836
259,0.46894051424752475,0.4153300988217822,0.25408902909900993,0.01980198019801971,20.0,358.38899440004025
260,0.45894051424752474,0.4153300988217822,0.25408902909900993,0.01980198019801971,19.0,358.68896810000297
261,0.4657674084851485,0.4153300988217822,0.2757674084851485,0.0,19.0,360.67777639999986
262,0.5220393192475248,0.4153300988217822,0.265207636079208,0.08910891089108897,19.0,369.30020699999295
263,0.523047977960396,0.4153300988217822,0.2636420373663367,0.07920792079207906,20.0,370.81551560002845
264,0.5233304681683169,0.4153300988217822,0.26392452757425744,0.07920792079207906,20.0,374.1260567000136
265,0.5273007571782178,0.4153300988217822,0.2801720443069307,0.04950495049504933,21.0,375.14354200003436
266,0.5334474488613862,0.4153300988217822,0.2911702211386139,0.029702970297029507,22.0,375.773946100031
267,0.5304674096138614,0.4153300988217822,0.28819018189108914,0.029702970297029507,22.0,376.52339360001497
268,0.5389177227524753,0.4153300988217822,0.2940662376039604,0.019801980198019598,23.0,377.91561910003657
269,0.5412752705742575,0.4153300988217822,0.2964237854257426,0.019801980198019598,23.0,378.2865572000155
270,0.5389177227524753,0.4153300988217822,0.2940662376039604,0.019801980198019598,23.0,378.682657700032
271,0.5301465549306931,0.4153300988217822,0.29529506978217823,0.019801980198019598,22.0,378.9402399000246
272,0.5293631653267327,0.4153300988217822,0.2945116801782178,0.019801980198019598,22.0,380.64710850000847
273,0.5355287022277228,0.4153300988217822,0.30552870222772277,-2.220446049250313e-16,23.0,381.2712584999972
274,0.540174500049505,0.4153300988217822,0.29274875747524753,0.009900990099009688,24.0,383.02230440004496
275,0.5379370092079209,0.4153300988217822,0.30793700920792083,-2.220446049250313e-16,23.0,383.38484780001454
276,0.5317903175247525,0.4153300988217822,0.29693883237623764,0.01980198019801971,22.0,384.44245910004247
277,0.5354543560000001,0.4153300988217822,0.30060287085148524,0.01980198019801971,22.0,385.2042841000366
278,0.5403818166930694,0.4153300988217822,0.302956074118812,0.009900990099009688,23.0,387.3795270000119
279,0.5454048737029704,0.4153300988217822,0.29797913112871294,0.009900990099009688,24.0,388.2413135000388
280,0.5512049152970298,0.4153300988217822,0.2937791727227723,0.009900990099009688,25.0,388.76828790002037
281,0.559915742019802,0.4153300988217822,0.3050642568712872,0.019801980198019487,24.0,393.3619294000091
282,0.5668514865742575,0.4153300988217822,0.3168514865742575,-2.220446049250313e-16,25.0,394.3010436000186
283,0.5672608421485149,0.4153300988217822,0.3098350995742575,0.009900990099009466,25.0,394.7822159000207
284,0.5738583148910892,0.4153300988217822,0.3138583148910892,-4.440892098500626e-16,26.0,395.2317709000199
285,0.5738075557326734,0.4153300988217822,0.3138075557326734,-4.440892098500626e-16,26.0,395.6248906000401
286,0.5845338586930694,0.4153300988217822,0.3096823735445545,0.019801980198019375,26.0,400.84893400000874
287,0.5813880737722774,0.4153300988217822,0.3065365886237625,0.019801980198019375,26.0,402.96548160002567
288,0.5813254129801981,0.4153300988217822,0.3038996704059407,0.009900990099009466,27.0,404.7205979000428
289,0.5803085347128714,0.4153300988217822,0.2928827921386139,0.009900990099009466,28.0,405.5831536000478
290,0.5864449448712872,0.4153300988217822,0.2964449448712872,-4.440892098500626e-16,29.0,406.31588890001876
291,0.5801746949702971,0.4153300988217822,0.2853232098217823,0.019801980198019487,28.0,407.3009565999964
292,0.5824904859603961,0.4153300988217822,0.2850647433861387,0.009900990099009577,29.0,408.21471840003505
293,0.5851428454059406,0.4153300988217822,0.2802913602574258,0.019801980198019487,29.0,408.87890430004336
294,0.5946141168811881,0.4153300988217822,0.2871883743069307,0.009900990099009577,30.0,409.2673567000311
295,0.6024360719009901,0.4153300988217822,0.2850103293267327,0.009900990099009466,31.0,410.44785260001663
296,0.6021002597227723,0.4153300988217822,0.28724877457425746,0.019801980198019375,30.0,410.8839599000057
297,0.5960061194455446,0.4153300988217822,0.2811546342970297,0.019801980198019375,30.0,411.9352084000129
298,0.5853987412574257,0.4153300988217822,0.2831215135346534,0.029702970297029285,28.0,412.8853922000271
299,0.5827595707623763,0.4153300988217822,0.28305660046534653,0.039603960396039195,27.0,416.88863320002565
300,0.5862700439306932,0.4153300988217822,0.2839928162079208,0.029702970297029285,28.0,417.220926900045
301,0.5936202689900989,0.4153300988217822,0.2813430412673267,0.029702970297029285,29.0,417.70097300002817
302,0.5997076328910891,0.4153300988217822,0.2774304051683168,0.029702970297029285,30.0,418.4325475000078
303,0.6072951563762377,0.4153300988217822,0.28244367122772274,0.019801980198019375,31.0,418.91881990002
304,0.5822222118415842,0.4153300988217822,0.2725192415445544,0.03960396039603942,28.0,423.7791566000087
305,0.5805239611485149,0.4153300988217822,0.27082099085148514,0.03960396039603942,28.0,425.4662696000305
306,0.5718795053069308,0.4153300988217822,0.27217653500990097,0.03960396039603942,27.0,425.6049753000261
307,0.576266666188119,0.4153300988217822,0.3042864681683169,0.06930693069306915,22.0,435.40859310003
308,0.5409346631287129,0.4153300988217822,0.2789544651089109,0.06930693069306915,21.0,439.7202222000342
309,0.5419614239504951,0.4153300988217822,0.2699812259306931,0.06930693069306915,22.0,440.3184491000138
310,0.5298982305148514,0.4153300988217822,0.25395763645544556,0.20792079207920788,12.0,447.4938801000244
311,0.5332341754554455,0.4153300988217822,0.254719323970297,0.19801980198019797,13.0,447.8333704000106
312,0.5245589284554455,0.4153300988217822,0.25604407697029696,0.19801980198019797,12.0,448.17970239999704
313,0.5279582726435643,0.4153300988217822,0.2494434211584158,0.19801980198019797,13.0,448.79846110002836
314,0.5279582726435643,0.4153300988217822,0.2494434211584158,0.19801980198019797,13.0,449.0984585999977
315,0.531472118029703,0.4153300988217822,0.2429572665445544,0.19801980198019797,14.0,450.2448860000004
316,0.5268034716930692,0.4153300988217822,0.23343713505940591,0.21782178217821768,13.0,452.93387180002173
317,0.5302274264455444,0.4153300988217822,0.22686108981188116,0.21782178217821757,14.0,453.4643737000297
318,0.5458809241287128,0.4153300988217822,0.2896433003663366,0.16831683168316824,13.0,461.4429056000081
319,0.5525311313564356,0.4153300988217822,0.2862935075940594,0.16831683168316802,14.0,467.4918735999963
320,0.5357952149900991,0.4153300988217822,0.27955759122772283,0.16831683168316802,13.0,468.3192491999944
321,0.5200449286336634,0.4153300988217822,0.28123304744554456,0.15841584158415833,12.0,482.3370213000453
322,0.5156081922970297,0.4153300988217822,0.27679631110891106,0.15841584158415833,12.0,487.965609100007
323,0.5167636974455446,0.4153300988217822,0.27537755883168324,0.14851485148514842,13.0,494.8505271000322
324,0.5211293043960397,0.4153300988217822,0.27974316578217834,0.14851485148514842,13.0,496.0576572000282
325,0.5155648843366336,0.4153300988217822,0.2841787457227723,0.14851485148514842,12.0,496.5745916000451
326,0.5180126807722772,0.4153300988217822,0.2840522847326733,0.13861386138613851,13.0,506.0368825000478
327,0.5141611415445545,0.4153300988217822,0.28277500293069313,0.14851485148514842,12.0,522.3882273000199
328,0.5152277689405941,0.4153300988217822,0.28384163032673276,0.14851485148514842,12.0,522.8351502000005
329,0.5154361301287128,0.4153300988217822,0.2740499915148515,0.14851485148514842,13.0,531.8990993000334
330,0.5216633634158415,0.4153300988217822,0.2702772248019802,0.14851485148514842,14.0,532.6554057000321
331,0.5215526112178217,0.4153300988217822,0.2675922151782178,0.13861386138613851,15.0,533.4667922999943
332,0.5246989311188117,0.4153300988217822,0.2807385350792079,0.13861386138613851,14.0,541.8150628000149
333,0.5221356453762376,0.4153300988217822,0.2807495067623762,0.14851485148514842,13.0,547.4546418000245
334,0.524667541019802,0.4153300988217822,0.30298437270297024,0.1089108910891089,14.0,553.7192785000079
335,0.5152637175544554,0.4153300988217822,0.29615480666336635,0.1188118811881187,13.0,555.4937822000356
336,0.524329085079208,0.4153300988217822,0.2877944316138614,0.1287128712871286,14.0,560.4914379999973
337,0.5152637175544554,0.4153300988217822,0.29615480666336635,0.1188118811881187,13.0,565.6020293000038
338,0.5075765187623762,0.4153300988217822,0.2910418652970297,0.1287128712871286,12.0,566.3231385000399
339,0.5076564029801981,0.4153300988217822,0.30369600694059407,0.13861386138613851,10.0,568.4513165000244
340,0.5145539484257426,0.4153300988217822,0.30801929496039604,0.1287128712871286,11.0,570.5759825000423
341,0.5145539484257426,0.4153300988217822,0.30801929496039604,0.1287128712871286,11.0,570.8278505000053
342,0.5199198186039604,0.4153300988217822,0.3108109077128713,0.1188118811881187,12.0,571.1431671000319
343,0.5263397278118812,0.4153300988217822,0.28752784662376235,0.15841584158415833,12.0,575.1339296000078
344,0.5201124945247525,0.4153300988217822,0.29130061333663365,0.15841584158415833,11.0,575.8060104000033
345,0.5257995029306931,0.4153300988217822,0.2944133643168317,0.14851485148514842,12.0,577.2694462999934
346,0.5329319827326733,0.4153300988217822,0.2989715866930693,0.13861386138613851,13.0,578.2074376000091
347,0.528117774019802,0.4153300988217822,0.28415737798019797,0.13861386138613851,14.0,580.9829288000474
348,0.537919133128713,0.4153300988217822,0.33593893510891093,0.06930693069306926,15.0,584.5866663000197
349,0.5249180538217822,0.4153300988217822,0.3355121132277228,0.07920792079207928,13.0,586.9127128000255
350,0.5247447932178219,0.4153300988217822,0.3353388526237624,0.07920792079207928,13.0,588.0188328000368
351,0.5319858035742575,0.4153300988217822,0.33257986298019804,0.07920792079207928,14.0,589.8677802000311
352,0.5320072498514852,0.4153300988217822,0.33260130925742576,0.07920792079207928,14.0,591.2330818000482
353,0.5249248338118813,0.4153300988217822,0.33551889321782175,0.07920792079207928,13.0,597.4988821000443
354,0.5325792887029703,0.4153300988217822,0.33317334810891086,0.07920792079207928,14.0,599.3090710000251
355,0.5207472814356435,0.4153300988217822,0.27936114282178215,0.14851485148514842,13.0,602.8859080999973
356,0.5153768699306931,0.4153300988217822,0.25913924616831685,0.16831683168316824,13.0,603.8772533000447
357,0.5105185101683168,0.4153300988217822,0.2642808864059406,0.16831683168316824,12.0,609.6253842000151
358,0.49860241211881184,0.4153300988217822,0.2675133032079208,0.18811881188118806,9.0,616.2257349000429
359,0.4897126788910891,0.4153300988217822,0.26862356998019804,0.18811881188118806,8.0,616.6863601999939
360,0.4975791488316832,0.4153300988217822,0.26649003992079207,0.18811881188118806,9.0,622.2195043000393
361,0.5057741679207921,0.4153300988217822,0.26468505900990097,0.18811881188118806,10.0,630.2690902000177
362,0.5149599926435644,0.4153300988217822,0.2638708837326732,0.18811881188118806,11.0,630.8420722000301
363,0.5229840311287128,0.4153300988217822,0.26189492221782174,0.18811881188118806,12.0,631.5681964000105
364,0.5234547028118812,0.4153300988217822,0.26236559390099,0.18811881188118806,12.0,632.0178165000398
365,0.5280809518811881,0.4153300988217822,0.2695661003960396,0.19801980198019797,11.0,638.2504354999983
366,0.5326272314851486,0.4153300988217822,0.27153812257425747,0.18811881188118795,12.0,639.060838000034
367,0.5287971487524752,0.4153300988217822,0.26770803984158414,0.18811881188118795,12.0,639.7526024000254
368,0.5160871759405941,0.4153300988217822,0.26499806702970297,0.18811881188118806,11.0,641.4228385000024
369,0.5218907599009901,0.4153300988217822,0.26822739356435643,0.17821782178217815,12.0,642.4183658999973
370,0.5405139455742575,0.4153300988217822,0.2522961237920792,0.2376237623762374,11.0,651.0901264999993
371,0.5303759156435643,0.4153300988217822,0.27413829188118816,0.16831683168316847,13.0,656.7045887000277
372,0.5185065014851485,0.4153300988217822,0.333952046039604,0.05940594059405924,14.0,661.1005523000495
373,0.5169430951881189,0.4153300988217822,0.3149628971683169,0.06930693069306915,15.0,663.2923979000188
374,0.5229815436435644,0.4153300988217822,0.3110013456237624,0.06930693069306915,16.0,663.9470439000288
375,0.5266631813267327,0.4153300988217822,0.3072572407326733,0.07920792079207906,16.0,665.0318624000065
376,0.5298504098118813,0.4153300988217822,0.30787021179207924,0.06930693069306915,17.0,665.3754674000083
377,0.5351614246633664,0.4153300988217822,0.31803271179207926,0.04950495049504933,18.0,668.0343375999946
378,0.5430183143663367,0.4153300988217822,0.3084638589207921,0.05940594059405924,19.0,669.2102255999926
379,0.5520542614653465,0.4153300988217822,0.30749980601980204,0.05940594059405924,20.0,669.9873744000215
380,0.5314613833465347,0.4153300988217822,0.2946297001782178,0.08910891089108919,17.0,671.946830800036
381,0.5293880981485148,0.4153300988217822,0.2802791872574257,0.1188118811881187,16.0,684.7316678000498
382,0.5341448771584159,0.4153300988217822,0.2750359662673267,0.1188118811881187,17.0,685.5359184000408
383,0.5413494675148514,0.4153300988217822,0.27224055662376234,0.1188118811881187,18.0,686.1944309000392
384,0.5456361989009901,0.4153300988217822,0.2739530305841584,0.10891089108910879,19.0,686.6096899000113
385,0.54414410890099,0.4153300988217822,0.2724609405841584,0.10891089108910879,19.0,687.9118407000205
386,0.5440657246435643,0.4153300988217822,0.27238255632673264,0.10891089108910901,19.0,688.3820549999946
387,0.5486134206831683,0.4153300988217822,0.2669302523663366,0.1089108910891089,20.0,691.8624628999969
388,0.5529996698910891,0.4153300988217822,0.2613165015742574,0.1089108910891089,21.0,692.2555601000204
389,0.5325690263762376,0.4153300988217822,0.2734601154851485,0.1188118811881188,17.0,697.5044332999969
390,0.5110264407425742,0.4153300988217822,0.27904624272277223,0.06930693069306937,18.0,700.6949151000008
391,0.532942606970297,0.4153300988217822,0.28611092380198017,0.08910891089108908,18.0,704.7199588000076
392,0.5202399751089108,0.4153300988217822,0.2708340345148515,0.07920792079207928,19.0,706.3486676000175
393,0.5344416208316831,0.4153300988217822,0.27760993766336634,0.08910891089108919,19.0,711.0045311000431
394,0.5398495867722772,0.4153300988217822,0.2730179036039604,0.08910891089108919,20.0,712.5610537000466
395,0.5307645428118812,0.4153300988217822,0.27393285964356434,0.08910891089108919,19.0,712.8168424000032
396,0.5354772881881189,0.4153300988217822,0.268645605019802,0.08910891089108919,20.0,713.2590981000103
397,0.5306787196732674,0.4153300988217822,0.27384703650495046,0.08910891089108919,19.0,713.6236329000094
398,0.5037640542277229,0.4153300988217822,0.2795066284851485,0.09900990099009888,15.0,719.3862972999923
399,0.5002496408613861,0.4153300988217822,0.26856647254455446,0.10891089108910879,15.0,721.9163653000141
400,0.4645155254158416,0.4153300988217822,0.25996106997029705,0.05940594059405924,16.0,724.5719211000251
401,0.45580061624752477,0.4153300988217822,0.2538204182277228,0.06930693069306915,15.0,725.5706933000474
402,0.4604652862772277,0.4153300988217822,0.2559108308316832,0.05940594059405924,16.0,725.9022049000487
403,0.46389768845544554,0.4153300988217822,0.249343233009901,0.05940594059405924,17.0,726.3944284000318
404,0.4683409135544555,0.4153300988217822,0.25121220068316835,0.04950495049504933,18.0,727.0875948000466
405,0.508622725039604,0.4153300988217822,0.2543652992970297,0.09900990099009888,18.0,729.7961092000478
406,0.476241397019802,0.4153300988217822,0.2565384267227723,0.03960396039603942,19.0,731.7638853000244
407,0.4833903958316832,0.4153300988217822,0.26111316810891094,0.029702970297029507,20.0,732.6223158999928
408,0.4877571955940594,0.4153300988217822,0.2629057104455446,0.019801980198019598,21.0,733.0699453999987
409,0.4896810450990099,0.4153300988217822,0.2574038173762377,0.029702970297029507,21.0,734.3727375000017
410,0.4810178747623763,0.4153300988217822,0.258740647039604,0.029702970297029507,20.0,735.2108761999989
411,0.5252451354554456,0.4153300988217822,0.2658391948613862,0.07920792079207895,20.0,739.5168283000239
412,0.47826590614851483,0.4153300988217822,0.253414421,0.01980198019801971,21.0,740.2662829000037
413,0.47826590614851483,0.4153300988217822,0.25341442100000006,0.019801980198019598,21.0,742.1734751000185
414,0.47826590614851483,0.4153300988217822,0.253414421,0.01980198019801971,21.0,743.1896391000482
415,0.5082478326930693,0.4153300988217822,0.2414161495247525,0.08910891089108885,20.0,746.8054608000093
416,0.515830094990099,0.4153300988217822,0.2389984118217822,0.08910891089108885,21.0,747.8814643000369
417,0.5206674345544555,0.4153300988217822,0.24126149396039606,0.07920792079207895,22.0,748.7095251000137
418,0.5255758956336634,0.4153300988217822,0.23874421246534655,0.08910891089108885,22.0,749.1096790000447
419,0.5305529333564357,0.4153300988217822,0.24114699276237625,0.07920792079207895,23.0,749.431645500008
420,0.5305529333564357,0.4153300988217822,0.24114699276237625,0.07920792079207895,23.0,749.8002527999924
421,0.5301305852277227,0.4153300988217822,0.2530018723564357,0.049504950495049216,24.0,750.2693586000241
422,0.5331039625544555,0.4153300988217822,0.2534009922574258,0.039603960396039306,25.0,750.8713475000113
423,0.5386381496732673,0.4153300988217822,0.25150943680198024,0.049504950495049216,25.0,751.4753211000352
424,0.5426070061881189,0.4153300988217822,0.24547829331683166,0.049504950495049216,26.0,752.6696535000228
425,0.5459024151980199,0.4153300988217822,0.26105093004950497,0.019801980198019375,27.0,754.0802278000046
426,0.5409791413366336,0.4153300988217822,0.25612765618811884,0.019801980198019375,27.0,754.7302529000444
427,0.5170721531188119,0.4153300988217822,0.2722206679702971,0.01980198019801971,23.0,763.2489318000153
428,0.5191659140099011,0.4153300988217822,0.27431442886138624,0.01980198019801971,23.0,764.141077200009
429,0.5156973276831684,0.4153300988217822,0.26827158510891097,0.009900990099009799,24.0,765.0906864000135
430,0.5126051433267328,0.4153300988217822,0.26032791560396046,0.029702970297029507,23.0,765.9606749000377
431,0.5199887118811881,0.4153300988217822,0.2651372267326733,0.019801980198019598,24.0,766.6629412000184
432,0.5180649111881188,0.4153300988217822,0.263213426039604,0.019801980198019598,24.0,767.4188148000394
433,0.5117777648514853,0.4153300988217822,0.2669262797029704,0.019801980198019598,23.0,767.8736811000272
434,0.5160896228316832,0.4153300988217822,0.25638665253465354,0.03960396039603942,23.0,769.1946420000168
435,0.5209269623960397,0.4153300988217822,0.2586497346732674,0.029702970297029507,24.0,769.7670704000047
436,0.5097589142376238,0.4153300988217822,0.33263020136633664,0.04950495049504933,14.0,778.9674827000126
437,0.514735951960396,0.4153300988217822,0.33503298166336637,0.03960396039603942,15.0,779.2758186000283
438,0.5316338212475249,0.4153300988217822,0.30509916778217827,0.1287128712871285,13.0,784.3764064999996
439,0.5087233964158415,0.4153300988217822,0.3390204261188119,0.03960396039603942,14.0,786.7437241000007
440,0.516143174950495,0.4153300988217822,0.35129168980198017,0.019801980198019598,15.0,787.3593909000047
441,0.5147231053267326,0.4153300988217822,0.3398716201782178,0.019801980198019598,16.0,789.0743013000465
442,0.5247003380693069,0.4153300988217822,0.33984885292079203,0.019801980198019598,17.0,790.9022791000316
443,0.5247148991782178,0.4153300988217822,0.34986341402970295,0.019801980198019598,16.0,792.7333772000275
444,0.5297976357128713,0.4153300988217822,0.347520407990099,0.02970297029702962,16.0,794.7934493999928
445,0.5435948638217822,0.4153300988217822,0.3538918935247524,0.03960396039603953,16.0,797.593446200015
446,0.537147513108911,0.4153300988217822,0.33744454281188113,0.03960396039603953,17.0,798.5446913000196
447,0.5174282307920792,0.4153300988217822,0.2834678347524752,0.13861386138613851,13.0,807.1695713000372
448,0.513349759089109,0.4153300988217822,0.2793893630495049,0.13861386138613851,13.0,809.3097540000454
449,0.5233705271782179,0.4153300988217822,0.27941013113861385,0.13861386138613851,14.0,809.8295120000257
450,0.5290916643069307,0.4153300988217822,0.28255701084158413,0.1287128712871286,15.0,811.2954647000297
451,0.5393966931188118,0.4153300988217822,0.27801055450495044,0.14851485148514842,15.0,812.9223194000078
452,0.5194281774653464,0.4153300988217822,0.26804203885148514,0.14851485148514842,14.0,816.3327474000398
453,0.5171488702376237,0.4153300988217822,0.2557627316237624,0.14851485148514842,15.0,818.7804334000102
454,0.521663391940594,0.4153300988217822,0.24285151075247524,0.15841584158415833,16.0,825.0395394000225
455,0.5123532791683167,0.4153300988217822,0.24354139798019803,0.15841584158415833,15.0,826.4633914000005
456,0.5186854733069306,0.4153300988217822,0.2472993346930693,0.1485148514851483,16.0,827.235023300047
457,0.5212686810297029,0.4153300988217822,0.247308284990099,0.1386138613861384,17.0,832.7520074000349
458,0.528708882970297,0.4153300988217822,0.25732274435643565,0.1485148514851483,16.0,835.6701926999958
459,0.528708882970297,0.4153300988217822,0.25732274435643565,0.1485148514851483,16.0,835.9723487000447
460,0.5344133237623762,0.4153300988217822,0.25302718514851485,0.1485148514851483,17.0,839.7655545000453
461,0.534062382871287,0.4153300988217822,0.24267624425742573,0.1485148514851482,18.0,841.3400687000249
462,0.524062382871287,0.4153300988217822,0.24267624425742573,0.1485148514851482,17.0,843.4076969000162
463,0.5288769807128713,0.4153300988217822,0.2374908420990099,0.1485148514851482,18.0,844.267496000044
464,0.5322822214059405,0.4153300988217822,0.23832182536633661,0.1386138613861383,19.0,844.5748088000109
465,0.5317102706138612,0.4153300988217822,0.25517561714851483,0.1287128712871285,18.0,845.8527883000206
466,0.5312088064653464,0.4153300988217822,0.2572484104257426,0.1386138613861384,17.0,847.1987070000032
467,0.5359789694356436,0.4153300988217822,0.23974134567326738,0.16831683168316813,17.0,858.1031623000163
468,0.5440990844455446,0.4153300988217822,0.23786146068316838,0.16831683168316813,18.0,861.6802207000437
469,0.5362322202079208,0.4153300988217822,0.22514311129702974,0.18811881188118795,17.0,865.6933282000246
470,0.5278364287623762,0.4153300988217822,0.22674731985148522,0.18811881188118795,16.0,865.9303384000086
471,0.4827864748811881,0.4153300988217822,0.29110330656435646,0.1089108910891089,11.0,877.797847800015
472,0.49082922557425746,0.4153300988217822,0.28914605725742576,0.1089108910891089,12.0,882.4624271999928
473,0.49569535874257425,0.4153300988217822,0.2840121904257426,0.1089108910891089,13.0,887.0129507000092
474,0.48971481408910894,0.4153300988217822,0.2828831309207921,0.08910891089108897,14.0,889.8586756000295
475,0.4914919457920792,0.4153300988217822,0.28466026262376243,0.08910891089108897,14.0,890.515160400013
476,0.49450697244554453,0.4153300988217822,0.27767528927722773,0.08910891089108897,15.0,893.3062387999962
477,0.4994838292079208,0.4153300988217822,0.28007788861386146,0.07920792079207906,16.0,893.740411100036
478,0.50713828409901,0.4153300988217822,0.27773234350495046,0.07920792079207906,17.0,896.5612678000471
479,0.50713828409901,0.4153300988217822,0.27773234350495046,0.07920792079207906,17.0,897.1406165999942
480,0.5157732553861386,0.4153300988217822,0.2763673147920792,0.07920792079207906,18.0,900.030896100041
481,0.5107963986237624,0.4153300988217822,0.27396471545544554,0.08910891089108897,17.0,900.2872512000031
482,0.5105521076336634,0.4153300988217822,0.281146167039604,0.07920792079207906,17.0,903.2981992000132
483,0.5008623960693069,0.4153300988217822,0.28660497032673266,0.09900990099009899,14.0,912.6983430000255
484,0.49374612903960396,0.4153300988217822,0.2894887032970297,0.09900990099009899,13.0,922.5676539000124
485,0.49090217858415836,0.4153300988217822,0.29664475284158415,0.09900990099009899,12.0,925.0309936000267
486,0.4957395181485148,0.4153300988217822,0.298907834980198,0.08910891089108908,13.0,925.3384460000088
487,0.4815420734950495,0.4153300988217822,0.29471039032673263,0.08910891089108908,12.0,930.1112250000006
488,0.47670473393069307,0.4153300988217822,0.2924473081881188,0.09900990099009899,11.0,930.3378072000341
489,0.4815420734950495,0.4153300988217822,0.29471039032673263,0.08910891089108908,12.0,930.6378436000086
490,0.4672915718514852,0.4153300988217822,0.2930341461089109,0.09900990099009899,10.0,931.1379901000182
491,0.47067331620792074,0.4153300988217822,0.293841633039604,0.08910891089108908,11.0,937.4585769000114
492,0.4772958505643564,0.4153300988217822,0.29046416739603964,0.08910891089108908,12.0,940.976635500032
493,0.4853474377920792,0.4153300988217822,0.2885157546237624,0.08910891089108897,13.0,944.0808402000112
494,0.4564484181881188,0.4153300988217822,0.2793197053168317,0.04950495049504933,14.0,946.3249706000206
495,0.4849836556831683,0.4153300988217822,0.28557771508910895,0.07920792079207906,14.0,949.3606783000287
496,0.48160191132673263,0.4153300988217822,0.28477022815841585,0.08910891089108897,13.0,953.6809641
497,0.4864392508910891,0.4153300988217822,0.28703331029702966,0.07920792079207906,14.0,954.010922000045
498,0.48950503544554447,0.4153300988217822,0.28752483742574253,0.06930693069306915,15.0,962.1647342999931
499,0.49740431574257427,0.4153300988217822,0.2854241177227722,0.06930693069306915,16.0,963.908516000025
500,0.49810108988118806,0.4153300988217822,0.2861208918613861,0.06930693069306915,16.0,964.9849066000315
501,0.5037847112772277,0.4153300988217822,0.2918045132574257,0.06930693069306915,16.0,965.5476279000286
502,0.5133886508316832,0.4153300988217822,0.29398271023762373,0.07920792079207906,16.0,967.1152872000239
503,0.5179582701188119,0.4153300988217822,0.281126586950495,0.08910891089108897,17.0,967.7478069000063
504,0.5243366125940594,0.4153300988217822,0.2626534442772277,0.10891089108910867,18.0,970.3701453999965
505,0.5215731359207921,0.4153300988217822,0.28474145275247525,0.08910891089108897,17.0,975.4844639000366
506,0.4965292802871288,0.4153300988217822,0.2899946268217822,0.1287128712871285,11.0,989.8401069000247
507,0.5015687516732674,0.4153300988217822,0.28503409820792075,0.1287128712871286,12.0,997.4982504000072
508,0.5094088109009902,0.4153300988217822,0.28287415743564354,0.1287128712871286,13.0,998.6849562000134
509,0.5094088109009902,0.4153300988217822,0.28287415743564354,0.1287128712871286,13.0,1006.5297076000134
510,0.5112225518910891,0.4153300988217822,0.2872621558514852,0.13861386138613863,12.0,1019.8682615000289
511,0.4996202916831683,0.4153300988217822,0.2930856382178218,0.12871287128712872,11.0,1021.0685374000459
512,0.4850449186138614,0.4153300988217822,0.30078749287128714,0.09900990099009899,11.0,1026.6082313000225
513,0.4850449186138614,0.4153300988217822,0.30078749287128714,0.09900990099009899,11.0,1026.9660657000495
514,0.47981746926732677,0.4153300988217822,0.29556004352475246,0.09900990099009899,11.0,1028.3914533000207
515,0.4964692790693069,0.4153300988217822,0.28250888302970295,0.13861386138613851,11.0,1040.6069337000372
516,0.48492773444554454,0.4153300988217822,0.22641288296039602,0.19801980198019786,11.0,1046.526231100026
517,0.48492773444554454,0.4153300988217822,0.22641288296039602,0.19801980198019786,11.0,1046.8795297000324
518,0.49330597553465344,0.4153300988217822,0.22479112404950494,0.19801980198019786,12.0,1048.9450640000287
519,0.4901072332376238,0.4153300988217822,0.22901812432673266,0.18811881188118795,12.0,1049.5262666000053
520,0.49263299165346536,0.4153300988217822,0.22896962531683168,0.17821782178217804,13.0,1050.3598447000259
521,0.49747033121782186,0.4153300988217822,0.23123270745544552,0.16831683168316813,14.0,1050.8864400000311
522,0.4924164607029703,0.4153300988217822,0.19905012406930692,0.21782178217821768,13.0,1053.8809555000043
523,0.46376341109900987,0.4153300988217822,0.19267430218811882,0.18811881188118806,13.0,1059.3099594000378
524,0.4724926608613862,0.4153300988217822,0.19140355195049505,0.18811881188118806,14.0,1062.1955913000274
525,0.46983835423762377,0.4153300988217822,0.19132350275247523,0.19801980198019797,13.0,1063.562606099993
526,0.4698155849702971,0.4153300988217822,0.19130073348514848,0.19801980198019797,13.0,1065.8026539999992
527,0.4758063960000001,0.4153300988217822,0.18729154451485147,0.19801980198019797,14.0,1067.6977707000333
528,0.468184076990099,0.4153300988217822,0.1770949680792079,0.18811881188118806,15.0,1068.304910900013
529,0.478184076990099,0.4153300988217822,0.17709496807920794,0.18811881188118795,16.0,1071.3748406000086
530,0.4869828932277228,0.4153300988217822,0.1758937843168317,0.18811881188118795,17.0,1073.5765846000286
531,0.4858141444158416,0.4153300988217822,0.1747250355049505,0.18811881188118795,17.0,1074.9839341000188
532,0.4942215906237624,0.4153300988217822,0.18798396686138613,0.16831683168316813,18.0,1076.2453128000489
533,0.49234570451485143,0.4153300988217822,0.1712565956039604,0.18811881188118784,18.0,1076.780035600008
534,0.4943465401683169,0.4153300988217822,0.2412772332376238,0.25742574257425743,6.0,1094.5261759000132
535,0.49280280844554464,0.4153300988217822,0.2397335015148515,0.25742574257425743,6.0,1095.4140873000142
536,0.4876021445841584,0.4153300988217822,0.3039387782475248,0.17821782178217815,5.0,1130.7458074000315
537,0.5705248307623764,0.4153300988217822,0.29032681096039603,0.306930693069307,5.0,1754.3984502000385
538,0.44692890985148515,0.4153300988217822,0.27811702866336635,0.15841584158415833,5.0,1765.9721387000172
539,0.4407459663465347,0.4153300988217822,0.2893598277326732,0.14851485148514842,4.0,1772.954858000041
540,0.4382512781881188,0.4153300988217822,0.2620136544257426,0.16831683168316824,5.0,1778.5944827000494
541,0.43855429218811887,0.4153300988217822,0.26716815357425744,0.14851485148514842,6.0,1779.2206021000165
542,0.4467463695148515,0.4153300988217822,0.29506320119801976,0.10891089108910879,7.0,1780.7104772000457
543,0.45084234961386144,0.4153300988217822,0.28915918129702967,0.10891089108910879,8.0,1782.0355554000125
544,0.4597320828415842,0.4153300988217822,0.28804891452475245,0.10891089108910879,9.0,1783.5636607000488
545,0.4657224048910892,0.4153300988217822,0.27661349399999996,0.1188118811881187,10.0,1785.0802764000255
546,0.462958687960396,0.4153300988217822,0.25642403449504947,0.1287128712871286,11.0,1788.408312500047
547,0.46383328994059403,0.4153300988217822,0.2547243790495049,0.1188118811881187,12.0,1789.2879087000038
548,0.4543442847920792,0.4153300988217822,0.2552353739009901,0.1188118811881187,11.0,1790.5085782000097
549,0.46269653843564357,0.4153300988217822,0.256161884970297,0.1287128712871286,11.0,1794.8193652000045
550,0.450073414,0.4153300988217822,0.25581598825742574,0.09900990099009888,12.0,1795.5184707000153
551,0.4578103027029703,0.4153300988217822,0.253552876960396,0.09900990099009876,13.0,1798.2914672000334
552,0.467361364950495,0.4153300988217822,0.2531039392079208,0.09900990099009876,14.0,1800.451954899996
553,0.47696284590099003,0.4153300988217822,0.25270542015841585,0.09900990099009876,15.0,1800.929193500022
554,0.49350743786138607,0.4153300988217822,0.3069727843960396,0.1287128712871286,9.0,1813.3609634000459
555,0.5016688672772277,0.4153300988217822,0.3051342138118812,0.1287128712871286,10.0,1814.033324500022
556,0.5041269205445544,0.4153300988217822,0.3050180096534653,0.1188118811881187,11.0,1816.5402618999942
557,0.5074684067821782,0.4153300988217822,0.30578523846534655,0.10891089108910879,12.0,1819.161038900027
558,0.48035258054455443,0.4153300988217822,0.25926347163366337,0.18811881188118795,8.0,1830.5094106000033
559,0.4840179033168317,0.4153300988217822,0.30263176470297026,0.1485148514851483,7.0,1831.2935313000344
560,0.49035439410891085,0.4153300988217822,0.3063939980693069,0.13861386138613851,8.0,1835.8252760000178
561,0.49402385977227714,0.4153300988217822,0.277786236009901,0.16831683168316824,9.0,1837.702642499993
562,0.4917177598712871,0.4153300988217822,0.2729058786831683,0.15841584158415822,10.0,1840.3232032000087
563,0.4917177598712871,0.4153300988217822,0.2729058786831683,0.15841584158415822,10.0,1844.8705475000315
564,0.4997378807623762,0.4153300988217822,0.2709259995742574,0.15841584158415822,11.0,1845.7646702000056
565,0.5050828644257426,0.4153300988217822,0.2662709832376237,0.15841584158415833,12.0,1847.7407395000337
566,0.4966105930099009,0.4153300988217822,0.26265019697029696,0.13861386138613851,13.0,1849.1810236000456
567,0.4934066088514851,0.4153300988217822,0.26944621281188114,0.13861386138613851,12.0,1853.0533864000463
568,0.49228534192079204,0.4153300988217822,0.2683249458811881,0.13861386138613851,12.0,1855.4901024000137
569,0.4916790133069306,0.4153300988217822,0.25771861726732664,0.1386138613861384,13.0,1856.7798514000024
570,0.48127442895049494,0.4153300988217822,0.2595912606336633,0.10891089108910879,14.0,1857.6339265000424
571,0.4952785233762375,0.4153300988217822,0.27359535505940585,0.1089108910891089,14.0,1860.1475300000166
572,0.48806918882178213,0.4153300988217822,0.2763860205049505,0.1089108910891089,13.0,1861.1161073000403
573,0.4928208142475247,0.4153300988217822,0.2488604182079208,0.1386138613861384,14.0,1862.3457804000354
574,0.5028208142475247,0.4153300988217822,0.24886041820792076,0.1386138613861384,15.0,1864.2903029000154
575,0.508176451871287,0.4153300988217822,0.2690675409801979,0.11881188118811858,15.0,1865.5775974999997
576,0.5070902166237623,0.4153300988217822,0.25798130573267314,0.11881188118811858,16.0,1867.327071000007
577,0.5145638353069306,0.4153300988217822,0.2554549244158415,0.11881188118811858,17.0,1868.746934900002
578,0.5209772498217821,0.4153300988217822,0.2592940815049504,0.10891089108910867,18.0,1869.0659454000415
579,0.5145638353069306,0.4153300988217822,0.2554549244158415,0.11881188118811858,17.0,1869.314217200037
580,0.4997112387029702,0.4153300988217822,0.2580280703861385,0.10891089108910867,16.0,1871.406130700023
581,0.4953910925346534,0.4153300988217822,0.26370792421782174,0.10891089108910867,15.0,1879.686463400023
582,0.4900452698910891,0.4153300988217822,0.28063932929702967,0.07920792079207895,15.0,1881.0360303000198
583,0.4992899698910891,0.4153300988217822,0.2798840292970297,0.07920792079207895,16.0,1881.8429732000222
584,0.4984174509801981,0.4153300988217822,0.30386299553465346,0.05940594059405935,15.0,1885.7195341000333
585,0.496434557039604,0.4153300988217822,0.3118801015940594,0.05940594059405935,14.0,1886.5248021000298
586,0.504918721960396,0.4153300988217822,0.3103642665148515,0.05940594059405935,15.0,1888.5551217000466
587,0.5016553299108911,0.4153300988217822,0.3071008744653465,0.05940594059405935,15.0,1889.4311599000357
588,0.5112942090297029,0.4153300988217822,0.30673975358415845,0.05940594059405935,16.0,1891.3665486000245
589,0.5146101806633663,0.4153300988217822,0.31005572521782176,0.05940594059405924,16.0,1897.9123652999988
590,0.5225608818613862,0.4153300988217822,0.3080064264158415,0.05940594059405924,17.0,1898.9880796000361
591,0.5150262838217822,0.4153300988217822,0.3104718283762376,0.05940594059405924,16.0,1907.0105443000211
592,0.5099147516435644,0.4153300988217822,0.31278603877227723,0.04950495049504933,16.0,1908.8040428000386
593,0.5111251954059406,0.4153300988217822,0.30399648253465344,0.04950495049504933,17.0,1909.384419000009
594,0.5138469888712871,0.4153300988217822,0.3041440185742574,0.03960396039603942,18.0,1909.8944110000157
595,0.5162445164356435,0.4153300988217822,0.30396728871287126,0.029702970297029507,19.0,1910.3664180000196
596,0.5203384652079207,0.4153300988217822,0.30320975233663366,0.04950495049504933,18.0,1912.4178437000373
597,0.5080875832277227,0.4153300988217822,0.308384612930693,0.03960396039603942,17.0,1913.0423902000184
598,0.5092108457029703,0.4153300988217822,0.30693361798019797,0.029702970297029507,18.0,1914.1943983000237
599,0.5099147927128712,0.4153300988217822,0.30278607984158407,0.04950495049504933,17.0,1917.0220951000229
600,0.5072755392178218,0.4153300988217822,0.2927210837722772,0.05940594059405924,17.0,1918.3034933000454
601,0.5090979241485148,0.4153300988217822,0.3045434687029703,0.05940594059405924,16.0,1921.3597129000118
602,0.5121294926930693,0.4153300988217822,0.30272355209900986,0.07920792079207906,15.0,1923.0791422000038
603,0.49840805746534655,0.4153300988217822,0.3190021168712871,0.07920792079207906,12.0,1926.5616631000303
604,0.4970265031089109,0.4153300988217822,0.3324720476633663,0.05940594059405924,12.0,1928.1533517000498
605,0.5050175855841583,0.4153300988217822,0.33046313013861384,0.05940594059405924,13.0,1929.7890897000325
606,0.5047703879009902,0.4153300988217822,0.32279018988118807,0.06930693069306915,13.0,1930.5659251000034
607,0.5046632018613861,0.4153300988217822,0.3078315186930693,0.08910891089108897,13.0,1934.1671705000335
608,0.4716213482970297,0.4153300988217822,0.2796411502772277,0.06930693069306915,14.0,1935.4578926000395
609,0.4720450211287129,0.4153300988217822,0.28006482310891084,0.06930693069306915,14.0,1936.443566800037
610,0.49850523743564357,0.4153300988217822,0.2916735542673267,0.08910891089108897,14.0,1940.5920786000206
611,0.48204502112871284,0.4153300988217822,0.28006482310891084,0.06930693069306915,15.0,1941.1423937000218
612,0.4884584356435643,0.4153300988217822,0.28390398019801977,0.05940594059405924,16.0,1941.4418414999964
613,0.48462189712871284,0.4153300988217822,0.28491892683168313,0.03960396039603942,17.0,1942.079384700046
614,0.5090754910495049,0.4153300988217822,0.30937252075247523,0.03960396039603942,17.0,1945.4351867000223
615,0.4940898033168316,0.4153300988217822,0.28438683301980194,0.03960396039603942,18.0,1945.9968555000378
616,0.4963023744257425,0.4153300988217822,0.2791736615544554,0.04950495049504933,18.0,1946.9833203000017
617,0.5011397139900989,0.4153300988217822,0.28143674369306926,0.03960396039603942,19.0,1947.3450463000336
618,0.5087219762871287,0.4153300988217822,0.27901900599009893,0.03960396039603942,20.0,1949.3035218000296
619,0.5174869546039603,0.4153300988217822,0.27778398430693063,0.03960396039603942,21.0,1949.734215000004
620,0.5087219762871287,0.4153300988217822,0.27901900599009893,0.03960396039603942,20.0,1950.2561678000493
621,0.5112137707425742,0.4153300988217822,0.2789365430198019,0.029702970297029507,21.0,1950.7867158000008
622,0.520681676930693,0.4153300988217822,0.27840444920792073,0.029702970297029507,22.0,1951.5672393999994
623,0.5207034470099009,0.4153300988217822,0.28842621928712864,0.029702970297029507,21.0,1956.4382254999946
624,0.525026448920792,0.4153300988217822,0.29017496377227714,0.019801980198019598,22.0,1956.7771001000074
625,0.5319250735940594,0.4153300988217822,0.29964784587128707,0.029702970297029507,21.0,1958.5508182000485
626,0.5168838924356435,0.4153300988217822,0.29203240728712865,0.01980198019801982,21.0,1959.7310599000193
627,0.5264367227029703,0.4153300988217822,0.2915852375544554,0.01980198019801982,22.0,1960.673839199997
628,0.5268012137920791,0.4153300988217822,0.30194972864356434,0.01980198019801982,21.0,1963.5585985000362
629,0.5271952206237623,0.4153300988217822,0.31234373547524746,0.019801980198019598,20.0,1964.0054087000317
630,0.5352872692772277,0.4153300988217822,0.3104357841287128,0.019801980198019598,21.0,1964.815386900038
631,0.5348072005643564,0.4153300988217822,0.3099557154158415,0.019801980198019598,21.0,1965.3875634000287
632,0.5398331303465346,0.4153300988217822,0.31240738777227717,0.009900990099009688,22.0,1965.6923297000467
633,0.5474078477326733,0.4153300988217822,0.3174078477326732,-2.220446049250313e-16,23.0,1966.1666455999948
634,0.5448107083960396,0.4153300988217822,0.2831275400792079,0.10891089108910879,18.0,1973.936529700004
635,0.523431783970297,0.4153300988217822,0.28689713050495047,0.1287128712871286,14.0,1975.4092068000464
636,0.5161227887623762,0.4153300988217822,0.28958813529702965,0.1287128712871286,13.0,1976.0366335000144
637,0.5161227887623762,0.4153300988217822,0.28958813529702965,0.1287128712871286,13.0,1976.4758496000431
638,0.5226731123267326,0.4153300988217822,0.29356420143564355,0.1188118811881187,14.0,1977.3175319000147
639,0.5182683566831683,0.4153300988217822,0.30886241608910886,0.07920792079207906,15.0,1982.6220542000374
640,0.5150595193564356,0.4153300988217822,0.3056535787623762,0.07920792079207906,15.0,1983.512391700002
641,0.5234794843069307,0.4153300988217822,0.30407354371287126,0.07920792079207906,16.0,1984.1011372000212
642,0.5318587952178218,0.4153300988217822,0.3024528546237623,0.07920792079207906,17.0,1984.5030442000134
643,0.5364674489009901,0.4153300988217822,0.2970615083069306,0.07920792079207906,18.0,1985.4538551000296
644,0.5413047884653465,0.4153300988217822,0.2993245904455445,0.06930693069306915,19.0,1985.8007634000387
645,0.5413047884653465,0.4153300988217822,0.2993245904455445,0.06930693069306915,19.0,1986.1222162000486
646,0.5497525150990099,0.4153300988217822,0.2903465745049505,0.07920792079207906,20.0,1988.5058347000158
647,0.5523405918316832,0.4153300988217822,0.26065742351485144,0.10891089108910879,21.0,1992.010012200044
648,0.5497525150990099,0.4153300988217822,0.2903465745049505,0.07920792079207906,20.0,1994.3112963000312
649,0.5570149717326732,0.4153300988217822,0.2876090311386138,0.07920792079207906,21.0,1997.6791959000402
650,0.5539893468811881,0.4153300988217822,0.2623061785643564,0.10891089108910879,21.0,1999.3255811000126
651,0.5459502462079208,0.4153300988217822,0.25911856303960396,0.08910891089108897,22.0,2001.5239876999985
652,0.5519194767029703,0.4153300988217822,0.2550877935346535,0.08910891089108897,23.0,2002.630806500034
653,0.5602300977722772,0.4153300988217822,0.28824989975247517,0.06930693069306915,22.0,2006.2950918000424
654,0.5611720805346534,0.4153300988217822,0.2543403973663366,0.08910891089108897,24.0,2008.3944162999978
655,0.5671110457425742,0.4153300988217822,0.27542787742574254,0.10891089108910879,21.0,2013.1766789000249
656,0.5706399867227723,0.4153300988217822,0.25380830355445544,0.08910891089108897,25.0,2013.5866462000413
657,0.5608310771188119,0.4153300988217822,0.27914790880198015,0.10891089108910879,20.0,2019.3431879000273
658,0.5552257181287128,0.4153300988217822,0.28354254981188115,0.10891089108910879,19.0,2019.9466408000444
659,0.5552257181287128,0.4153300988217822,0.28354254981188115,0.10891089108910879,19.0,2020.290892500023
660,0.5458434793366337,0.4153300988217822,0.2867345684455445,0.1188118811881187,17.0,2021.29133180005
661,0.5531037072277227,0.4153300988217822,0.2839947963366336,0.1188118811881187,18.0,2026.4096521000029
662,0.5431037072277227,0.4153300988217822,0.2839947963366336,0.1188118811881187,17.0,2026.5432721000398
663,0.5520086575247525,0.4153300988217822,0.28289974663366335,0.1188118811881187,18.0,2027.2216425000224
664,0.5422515211683169,0.4153300988217822,0.2831426102772277,0.1188118811881187,17.0,2029.7399731000187
665,0.5344328945346535,0.4153300988217822,0.28532398364356437,0.1188118811881187,16.0,2031.8497777000302
666,0.5293256053069307,0.4153300988217822,0.28279095184158415,0.1287128712871286,15.0,2032.2361086000456
667,0.5071608761485148,0.4153300988217822,0.2732004801089109,0.13861386138613851,13.0,2036.4054233000497
668,0.5145445402079208,0.4153300988217822,0.27058414416831683,0.13861386138613851,14.0,2038.3640990999993
669,0.5211916421881189,0.4153300988217822,0.2746569887227723,0.1287128712871286,15.0,2043.0585251000011
670,0.5017295458514852,0.4153300988217822,0.2971750904059406,0.05940594059405924,16.0,2045.4348798000137
671,0.5054054883564356,0.4153300988217822,0.2785738051881188,0.08910891089108897,16.0,2048.505960700044
672,0.5060039567425743,0.4153300988217822,0.27917227357425745,0.08910891089108897,16.0,2050.1376729000476
673,0.5119973482277228,0.4153300988217822,0.2751656650594059,0.08910891089108897,17.0,2052.0705196000054
674,0.519744495980198,0.4153300988217822,0.27291281281188123,0.08910891089108897,18.0,2052.728028600046
675,0.5144215005445545,0.4153300988217822,0.2750155599504951,0.07920792079207906,18.0,2054.7759093000204
676,0.5165336098118812,0.4153300988217822,0.2771276692178217,0.07920792079207906,18.0,2056.3756302000256
677,0.5117623635346534,0.4153300988217822,0.2749306803663366,0.08910891089108897,17.0,2057.728310800041
678,0.5158077924455445,0.4153300988217822,0.291253337,0.05940594059405924,18.0,2059.7693186000106
679,0.5222388157128712,0.4153300988217822,0.2902586176930694,0.06930693069306915,18.0,2060.2728089000448
680,0.4973282128910891,0.4153300988217822,0.29534801487128715,0.06930693069306915,15.0,2062.10159070004
681,0.490173310019802,0.4153300988217822,0.30304459714851484,0.04950495049504933,15.0,2062.9456017000484
682,0.4980088033861386,0.4153300988217822,0.30088009051485143,0.04950495049504933,16.0,2064.3716629000264
683,0.5063274041782179,0.4153300988217822,0.29919869130693066,0.04950495049504933,17.0,2067.0100294000003
684,0.5035352433861386,0.4153300988217822,0.278980787940594,0.05940594059405924,18.0,2067.891362000024
685,0.5013491783366336,0.4153300988217822,0.2842204654653465,0.04950495049504933,18.0,2069.4810117000015
686,0.49296986742574256,0.4153300988217822,0.2858411545544554,0.04950495049504933,17.0,2070.5154723000014
687,0.49296986742574256,0.4153300988217822,0.2858411545544554,0.04950495049504933,17.0,2070.788328499999
688,0.4868540950891088,0.4153300988217822,0.26002241192079206,0.08910891089108874,16.0,2073.8600790000055
689,0.48550724986138616,0.4153300988217822,0.2661013092673267,0.07920792079207906,16.0,2076.167077800026
690,0.49460626157425747,0.4153300988217822,0.265200320980198,0.07920792079207906,17.0,2077.9489797000424
691,0.49815651650495046,0.4153300988217822,0.2587505759108911,0.07920792079207906,18.0,2078.824383500032
692,0.5063877411584158,0.4153300988217822,0.25698180056435643,0.07920792079207906,19.0,2079.778182900045
693,0.5126987344950494,0.4153300988217822,0.28299576419801975,0.03960396039603964,20.0,2080.4819543000194
694,0.5169096842178217,0.4153300988217822,0.2846324564950494,0.02970297029702973,21.0,2080.9452969999984
695,0.5176285964950494,0.4153300988217822,0.2853513687722772,0.02970297029702973,21.0,2081.3390190000064
696,0.5126865715841584,0.4153300988217822,0.2829836012871286,0.03960396039603964,20.0,2082.33700900001
697,0.515569132970297,0.4153300988217822,0.2784404200990098,0.04950495049504933,20.0,2083.159714300011
698,0.5242885967821782,0.4153300988217822,0.28458562648514846,0.03960396039603942,21.0,2083.600661900011
699,0.5268561918316831,0.4153300988217822,0.28457896410891087,0.029702970297029507,22.0,2084.3929863999947
700,0.5294194775742573,0.4153300988217822,0.28456799242574254,0.019801980198019598,23.0,2084.8590275000315
701,0.5393705855148514,0.4153300988217822,0.2845191003663366,0.019801980198019598,24.0,2085.2410530000343
702,0.5443965152970296,0.4153300988217822,0.28697077272277227,0.009900990099009688,25.0,2085.4874213000294
703,0.547801755990099,0.4153300988217822,0.287801755990099,-2.220446049250313e-16,26.0,2085.805326300033
704,0.5432551373960397,0.4153300988217822,0.2858293948217822,0.009900990099009688,25.0,2088.920752100006
705,0.5325581891287129,0.4153300988217822,0.28770670398019804,0.019801980198019598,23.0,2091.4373937000055
706,0.5339336525940594,0.4153300988217822,0.28650791001980197,0.009900990099009688,24.0,2091.890609299997
707,0.5460081445148515,0.4153300988217822,0.2885824019405941,0.009900990099009688,25.0,2094.6735266000032
708,0.5313660575445545,0.4153300988217822,0.2865145723960396,0.019801980198019598,23.0,2095.3882747000316
709,0.5365342277425742,0.4153300988217822,0.28910848516831683,0.009900990099009577,24.0,2095.9917008000193
710,0.534807344930693,0.4153300988217822,0.28480734493069304,-2.220446049250313e-16,25.0,2096.421061100031
711,0.5282950258217822,0.4153300988217822,0.2882950258217822,-2.220446049250313e-16,24.0,2096.6124995000428
712,0.5295081442376237,0.4153300988217822,0.29950814423762373,-2.220446049250313e-16,23.0,2097.196807600034
713,0.5319024145049505,0.4153300988217822,0.294476671930693,0.009900990099009577,23.0,2097.620314700005
714,0.5243079010990098,0.4153300988217822,0.2968821585247524,0.009900990099009577,22.0,2097.882241700019
715,0.530505885980198,0.4153300988217822,0.300505885980198,-2.220446049250313e-16,23.0,2098.2472746000276
716,0.5160054476336633,0.4153300988217822,0.2985797050594059,0.009900990099009577,21.0,2099.568214800034
717,0.5143918015742575,0.4153300988217822,0.2995403164257425,0.019801980198019487,20.0,2101.1521452000015
718,0.5134941883762376,0.4153300988217822,0.30606844580198017,0.009900990099009577,20.0,2101.539222899999
719,0.5063125435247524,0.4153300988217822,0.2940353158019801,0.029702970297029396,19.0,2101.9818262000335
720,0.5137789081782178,0.4153300988217822,0.2915016804554455,0.029702970297029396,20.0,2103.1002985000378
721,0.520483090019802,0.4153300988217822,0.26394843655445543,0.1287128712871285,16.0,2106.841111500049
722,0.5096323412475248,0.4153300988217822,0.29478085609900984,0.019801980198019487,20.0,2107.3916680000257
723,0.5084693787722772,0.4153300988217822,0.2936178936237623,0.019801980198019487,20.0,2107.8775315000094
724,0.511493021049505,0.4153300988217822,0.3066415359009901,0.019801980198019487,19.0,2108.966255400039
725,0.5093361858019803,0.4153300988217822,0.3070589580792079,0.029702970297029396,18.0,2109.393975700019
726,0.5174874301584158,0.4153300988217822,0.30521020243564356,0.029702970297029396,19.0,2111.319254400034
727,0.5212379408910892,0.4153300988217822,0.3138121983168317,0.009900990099009577,20.0,2111.8733565
728,0.5288097785247525,0.4153300988217822,0.3113840359504951,0.009900990099009577,21.0,2112.754601499997
729,0.5201955719405941,0.4153300988217822,0.33276982936633664,0.009900990099009577,18.0,2117.554899700044
730,0.5150274017425743,0.4153300988217822,0.3301759165940594,0.019801980198019598,17.0,2118.058225100045
731,0.519647178881188,0.4153300988217822,0.3322214363069307,0.009900990099009688,18.0,2118.5802501
732,0.5101515665346534,0.4153300988217822,0.332725823960396,0.009900990099009688,17.0,2120.3837784000207
733,0.510033175940594,0.4153300988217822,0.3151816907920792,0.019801980198019598,18.0,2121.591616199992
734,0.5151869256435644,0.4153300988217822,0.31033544049504946,0.019801980198019598,19.0,2122.540145200037
735,0.5175025145544554,0.4153300988217822,0.2977995442574257,0.03960396039603942,19.0,2124.5500248000026
736,0.5254974930396039,0.4153300988217822,0.2957945227425742,0.03960396039603942,20.0,2125.1779619000154
737,0.5329823516732672,0.4153300988217822,0.29327938137623755,0.03960396039603942,21.0,2125.7199120000005
738,0.5255454655346534,0.4153300988217822,0.2958424952376237,0.03960396039603942,20.0,2126.584019300004
739,0.5342868193960395,0.4153300988217822,0.30200959167326724,0.029702970297029507,21.0,2127.4997731000185
740,0.526760326009901,0.4153300988217822,0.29448309828712865,0.029702970297029507,21.0,2128.2315502000274
741,0.5212002476831683,0.4153300988217822,0.288923019960396,0.029702970297029507,21.0,2129.1305591000128
742,0.5285284705544554,0.4153300988217822,0.28625124283168313,0.029702970297029507,22.0,2129.9079951000167
743,0.529833256,0.4153300988217822,0.2875560282772277,0.029702970297029507,22.0,2130.655924300023
744,0.5258062574257426,0.4153300988217822,0.28352902970297034,0.029702970297029507,22.0,2131.253598200041
745,0.5352045440990099,0.4153300988217822,0.28292731637623764,0.029702970297029507,23.0,2132.191686200036
746,0.5352045440990099,0.4153300988217822,0.28292731637623764,0.029702970297029507,23.0,2133.1635222000186
747,0.5377575418217821,0.4153300988217822,0.28290605667326735,0.019801980198019598,24.0,2133.6627973000286
748,0.5440771362772276,0.4153300988217822,0.28665139370297027,0.009900990099009688,25.0,2134.0750131999957
749,0.5402910095445546,0.4153300988217822,0.28286526697029707,0.009900990099009688,25.0,2134.432964400039
750,0.5479393484257427,0.4153300988217822,0.2879393484257426,-2.220446049250313e-16,26.0,2134.9577090000384
751,0.5454058807029702,0.4153300988217822,0.28798013812871287,0.009900990099009688,25.0,2135.6737715000054
752,0.539890431920792,0.4153300988217822,0.2824646893465347,0.009900990099009688,25.0,2136.017102200014
753,0.5435255402772278,0.4153300988217822,0.28352554027722776,-2.220446049250313e-16,26.0,2136.3948591999942
754,0.5355593524752476,0.4153300988217822,0.2855593524752475,-2.220446049250313e-16,25.0,2136.784854300029
755,0.5441803656138614,0.4153300988217822,0.2841803656138614,-2.220446049250313e-16,26.0,2137.044056600018
756,0.5441803656138614,0.4153300988217822,0.2841803656138614,-2.220446049250313e-16,26.0,2137.314868799993
757,0.5465655325148515,0.4153300988217822,0.2954764236039604,0.18811881188118806,11.0,2147.742704800039
758,0.5339224561782179,0.4153300988217822,0.2928333472673268,0.18811881188118806,10.0,2148.354232500016
759,0.5353424210396039,0.4153300988217822,0.29167905470297034,0.17821782178217815,11.0,2149.5356294999947
760,0.5353424210396039,0.4153300988217822,0.29167905470297034,0.17821782178217815,11.0,2149.850420600036
761,0.5365041456930693,0.4153300988217822,0.290266521930693,0.16831683168316824,12.0,2155.712046200002
762,0.5291559712277227,0.4153300988217822,0.2929183474653465,0.16831683168316824,11.0,2156.34951140004
763,0.5301436919999999,0.4153300988217822,0.2939060682376237,0.16831683168316824,11.0,2156.679761000036
764,0.5292703987722772,0.4153300988217822,0.3275872304554455,0.10891089108910879,12.0,2165.4077059000265
765,0.5298559565940594,0.4153300988217822,0.29589556055445543,0.13861386138613851,13.0,2174.8865179000422
766,0.5288682358217822,0.4153300988217822,0.2949078397821782,0.13861386138613851,13.0,2175.1944423000095
767,0.5208321644356436,0.4153300988217822,0.3734064218613862,0.009900990099009799,14.0,2186.6526211000164
768,0.519869150980198,0.4153300988217822,0.2610572697920792,0.15841584158415833,14.0,2194.7981333000353
769,0.5201965512475247,0.4153300988217822,0.2613846700594059,0.15841584158415833,14.0,2195.808524299995
770,0.5138493696435644,0.4153300988217822,0.2995919439009901,0.09900990099009899,14.0,2209.3912649000413
771,0.5161770826633664,0.4153300988217822,0.3167711420693069,0.07920792079207917,14.0,2213.293361100019
772,0.5135875078118812,0.4153300988217822,0.3216073097920792,0.06930693069306926,14.0,2214.2013600000064
773,0.5163253948415841,0.4153300988217822,0.30691945424752476,0.07920792079207917,15.0,2215.461473800009
774,0.5132774570396039,0.4153300988217822,0.3090200312970297,0.09900990099009899,13.0,2217.6800418000203
775,0.5109849672376239,0.4153300988217822,0.3041532840693069,0.08910891089108908,14.0,2221.0271685000043
776,0.5175059594158417,0.4153300988217822,0.30067427624752474,0.08910891089108897,15.0,2223.0203299000277
777,0.5233768927821782,0.4153300988217822,0.28911946703960395,0.09900990099009888,16.0,2224.5129417999997
778,0.5319689696237624,0.4153300988217822,0.2951372864554455,0.08910891089108897,17.0,2225.276859000034
779,0.5273940701485149,0.4153300988217822,0.290562386980198,0.08910891089108897,17.0,2227.205046100018
780,0.5294035683663366,0.4153300988217822,0.28999762777227717,0.07920792079207906,18.0,2227.9224294000305
781,0.5273940701485149,0.4153300988217822,0.290562386980198,0.08910891089108897,17.0,2228.6055064999964
782,0.5342226945247526,0.4153300988217822,0.28739101135643563,0.08910891089108897,18.0,2229.169220300042
783,0.5397335476138615,0.4153300988217822,0.2829018644455446,0.08910891089108897,19.0,2230.248008000024
784,0.5371461913564357,0.4153300988217822,0.28774025076237625,0.07920792079207906,19.0,2230.594128400029
785,0.5440379725445545,0.4153300988217822,0.2920577745247525,0.06930693069306915,20.0,2232.0944843000034
786,0.5100690494851485,0.4153300988217822,0.2609601385940594,0.1188118811881188,16.0,2241.2501743000466
787,0.5039000485346534,0.4153300988217822,0.27221688021782176,0.1089108910891089,15.0,2242.612450400018
788,0.5069400863465346,0.4153300988217822,0.24555394773267325,0.14851485148514854,15.0,2245.713344100048
789,0.5083244274455445,0.4153300988217822,0.25178977398019803,0.12871287128712872,16.0,2246.301095700008
790,0.500611983009901,0.4153300988217822,0.2540773295445545,0.12871287128712872,15.0,2246.5961597000132
791,0.5000147939009901,0.4153300988217822,0.2583316255841584,0.1089108910891089,16.0,2247.9706829999923
792,0.49830350057425743,0.4153300988217822,0.25919458968316833,0.1188118811881188,15.0,2252.712900500046
793,0.5003119537425743,0.4153300988217822,0.2586287854257426,0.1089108910891089,16.0,2253.152573600004
794,0.5083481400792079,0.4153300988217822,0.25666497176237624,0.10891089108910867,17.0,2254.194803900027
795,0.5133595225940594,0.4153300988217822,0.25167635427722773,0.10891089108910867,18.0,2254.9633221999975
796,0.49649178982178216,0.4153300988217822,0.2545115918019802,0.06930693069306904,19.0,2257.4084880000446
797,0.49442206675247524,0.4153300988217822,0.24986761130693066,0.05940594059405935,20.0,2258.001741300046
798,0.49723546704950494,0.4153300988217822,0.24525526902970296,0.06930693069306904,20.0,2259.0624962000293
799,0.488965270009901,0.4153300988217822,0.2275791313960396,0.14851485148514842,15.0,2270.4355670000077
800,0.49426921183168315,0.4153300988217822,0.2303088157920792,0.1386138613861384,16.0,2271.457013700041
801,0.5048281996633663,0.4153300988217822,0.23829354619801982,0.1287128712871285,17.0,2272.4313995999983
802,0.4983821538811881,0.4153300988217822,0.2795702726930694,0.15841584158415833,10.0,2281.5175270000473
803,0.4652450978217822,0.4153300988217822,0.2958391572277228,0.07920792079207906,11.0,2282.264096900006
804,0.47294440475247523,0.4153300988217822,0.2838354938613861,0.1188118811881187,10.0,2285.8699958000216
805,0.47372488305940597,0.4153300988217822,0.28689319989108913,0.08910891089108897,12.0,2286.434697300021
806,0.4771007214158416,0.4153300988217822,0.2951205233960396,0.06930693069306915,13.0,2287.2423164999927
807,0.5044131422277227,0.4153300988217822,0.31758145905940594,0.08910891089108919,12.0,2288.948204300017
808,0.4692219142178218,0.4153300988217822,0.2872417161980198,0.06930693069306915,13.0,2289.314034000039
809,0.47261196025742575,0.4153300988217822,0.28063176223762376,0.06930693069306915,14.0,2291.341703000013
810,0.4809107282079208,0.4153300988217822,0.2789305301881188,0.06930693069306915,15.0,2291.858577100036
811,0.5140477842673268,0.4153300988217822,0.26266164565346534,0.1485148514851482,14.0,2293.0318923000013
812,0.4819670503960396,0.4153300988217822,0.2699868523762376,0.06930693069306915,16.0,2296.57365070004
813,0.47382638906930696,0.4153300988217822,0.27184619104950497,0.06930693069306915,15.0,2296.8678506000433
814,0.47854540873267326,0.4153300988217822,0.27399095328712875,0.05940594059405924,16.0,2297.946232700022
815,0.4727700668811881,0.4153300988217822,0.2807898688613861,0.06930693069306915,14.0,2300.0445174000342
816,0.4806210384059406,0.4153300988217822,0.2786408403861386,0.06930693069306915,15.0,2300.3990984000266
817,0.4806210384059406,0.4153300988217822,0.2786408403861386,0.06930693069306915,15.0,2300.7349589000223
818,0.4806210384059406,0.4153300988217822,0.2786408403861386,0.06930693069306915,15.0,2301.3050040000235
819,0.4764814480693069,0.4153300988217822,0.28192699262376236,0.05940594059405924,15.0,2301.620749599999
820,0.4727700668811881,0.4153300988217822,0.2807898688613861,0.06930693069306915,14.0,2302.0111604999984
821,0.5106655173960396,0.4153300988217822,0.3212595768019802,0.07920792079207906,13.0,2303.637065100018
822,0.48277006688118806,0.4153300988217822,0.2807898688613861,0.06930693069306892,15.0,2304.3875146000064
823,0.48648144806930693,0.4153300988217822,0.28192699262376236,0.059405940594059015,16.0,2304.6819098000415
824,0.493051584009901,0.4153300988217822,0.27849712856435643,0.059405940594059015,17.0,2305.9737372000236
825,0.513779675009901,0.4153300988217822,0.311799476990099,0.06930693069306904,15.0,2310.5253557999968
826,0.48116010656435637,0.4153300988217822,0.2766056511188119,0.05940594059405924,16.0,2314.3688644000213
827,0.4792518334950495,0.4153300988217822,0.2772716354752475,0.06930693069306915,15.0,2314.975498899992
828,0.48667541460396035,0.4153300988217822,0.2746952165841584,0.06930693069306915,16.0,2316.6658604000113
829,0.49342349105940597,0.4153300988217822,0.28144329303960397,0.06930693069306915,16.0,2317.57679380005
830,0.49597008909900997,0.4153300988217822,0.2517126633564356,0.09900990099009888,17.0,2320.2157209000434
831,0.4986845448118813,0.4153300988217822,0.24700137649504947,0.10891089108910879,17.0,2321.5217652000138
832,0.48704270553465345,0.4153300988217822,0.2527852797920792,0.09900990099009888,16.0,2324.6908355000196
833,0.49361284147524753,0.4153300988217822,0.24935541573267325,0.09900990099009888,17.0,2326.0367144000484
834,0.4935872753663366,0.4153300988217822,0.24932984962376237,0.09900990099009888,17.0,2326.760188300046
835,0.4969061126435643,0.4153300988217822,0.24264868690099012,0.09900990099009865,18.0,2327.620658700005
836,0.5081484416039603,0.4153300988217822,0.23646527328712874,0.10891089108910879,19.0,2328.835422700038
837,0.5014374008613861,0.4153300988217822,0.24460571769306932,0.08910891089108874,19.0,2329.5439402000047
838,0.5040116582871287,0.4153300988217822,0.2446057176930693,0.07920792079207883,20.0,2329.969826500048
839,0.5139411476039604,0.4153300988217822,0.2593866921584158,0.059405940594059015,21.0,2330.3876488000387
840,0.5117584686336634,0.4153300988217822,0.2646297557623762,0.049504950495049105,21.0,2330.948197800026
841,0.5091842112079208,0.4153300988217822,0.26462975576237624,0.059405940594059015,20.0,2331.375273200043
842,0.5150301838217821,0.4153300988217822,0.26790147095049505,0.049504950495049105,21.0,2332.07770720002
843,0.5440631352376237,0.4153300988217822,0.252379966920792,0.10891089108910856,21.0,2333.438399800041
844,0.5385365048316831,0.4153300988217822,0.27655630681188115,0.06930693069306915,21.0,2335.563334000006
845,0.5195514005544555,0.4153300988217822,0.26242268768316834,0.049504950495049105,22.0,2336.5146158999996
846,0.513705427940594,0.4153300988217822,0.25915097249504954,0.059405940594059015,21.0,2337.047985000012
847,0.5224344904356436,0.4153300988217822,0.26530577756435647,0.049504950495049105,22.0,2337.5827028000494
848,0.513705427940594,0.4153300988217822,0.25915097249504954,0.059405940594059015,21.0,2337.934078500024
849,0.5228028724059406,0.4153300988217822,0.26567415953465345,0.049504950495049105,22.0,2338.4660159000196
850,0.5231180380594059,0.4153300988217822,0.26598932518811885,0.049504950495049105,22.0,2338.8997947000316
851,0.5289531120792079,0.4153300988217822,0.2618243992079208,0.049504950495049105,23.0,2339.5145439000335
852,0.5341809836633664,0.4153300988217822,0.26447801336633664,0.039603960396039195,24.0,2340.070422800025
853,0.5408848105940595,0.4153300988217822,0.26118184029702973,0.039603960396039195,25.0,2340.6111272000126
854,0.5649977075148516,0.4153300988217822,0.24331453919801985,0.10891089108910856,24.0,2341.8289364000084
855,0.5494266116831683,0.4153300988217822,0.2597236413861386,0.039603960396039195,26.0,2343.2495937000494
856,0.5285618753069307,0.4153300988217822,0.24885890500990102,0.039603960396039195,25.0,2343.679825200001
857,0.5299550085445545,0.4153300988217822,0.24282629567326733,0.049504950495049216,25.0,2344.41312120005
858,0.5240305870891089,0.4153300988217822,0.2469018742178218,0.049504950495049216,24.0,2344.9949785000063
859,0.5322527252079208,0.4153300988217822,0.2451240123366337,0.049504950495049105,25.0,2345.5640268000425
860,0.5392821122376238,0.4153300988217822,0.2421533993663367,0.049504950495048994,26.0,2346.817557500035
861,0.5220802206534654,0.4153300988217822,0.24495150778217825,0.049504950495048994,24.0,2348.819453800039
862,0.5209568740198021,0.4153300988217822,0.2412539037227723,0.039603960396039084,25.0,2349.502890100004
863,0.5142530470891089,0.4153300988217822,0.24455007679207924,0.039603960396039084,24.0,2349.8867271000054
864,0.506030908970297,0.4153300988217822,0.24632793867326735,0.039603960396039195,23.0,2350.6133649999974
865,0.5139254821089109,0.4153300988217822,0.2442225118118812,0.039603960396039195,24.0,2351.54906390002
866,0.5087160547128713,0.4153300988217822,0.24643882699009903,0.029702970297029285,24.0,2351.8900222000084
867,0.5026998055841584,0.4153300988217822,0.2455710927128713,0.049504950495049216,22.0,2355.5555626000278
868,0.49672342552475246,0.4153300988217822,0.24959471265346533,0.049504950495049216,21.0,2355.7675186000415
869,0.500389978029703,0.4153300988217822,0.25326126515841585,0.049504950495049216,21.0,2356.574712200032
870,0.4927419094158415,0.4153300988217822,0.25561319654455444,0.04950495049504933,20.0,2357.678036600002
871,0.49795107030693064,0.4153300988217822,0.24339661486138614,0.05940594059405924,21.0,2358.9836875000037
872,0.48157477509900987,0.4153300988217822,0.23702031965346537,0.05940594059405924,20.0,2360.6630849000067
873,0.48983913596039597,0.4153300988217822,0.24271042308910892,0.04950495049504933,21.0,2361.281498400029
874,0.4952775115940594,0.4153300988217822,0.2455745412970297,0.03960396039603942,22.0,2361.8698442000314
875,0.4961870417524752,0.4153300988217822,0.24648407145544554,0.03960396039603942,22.0,2362.4800614000414
876,0.5486667997920792,0.4153300988217822,0.2718351166237623,0.08910891089108897,21.0,2364.97288820002
877,0.49542094228712863,0.4153300988217822,0.24571797199009904,0.03960396039603942,22.0,2366.072487300029
878,0.5454399057326732,0.4153300988217822,0.2660339651386138,0.07920792079207906,22.0,2368.443146500038
879,0.4895960994059405,0.4153300988217822,0.23989312910891092,0.03960396039603942,22.0,2369.3654532000073
880,0.49907138399999995,0.4153300988217822,0.23936841370297035,0.03960396039603942,23.0,2369.9161160000367
881,0.49504662923762377,0.4153300988217822,0.23534365894059409,0.03960396039603942,23.0,2370.964244200033
882,0.4939921156435644,0.4153300988217822,0.2342891453465347,0.03960396039603942,23.0,2372.2416209999938
883,0.494663871950495,0.4153300988217822,0.2349609016534654,0.03960396039603942,23.0,2373.013722100004
884,0.49434870629702965,0.4153300988217822,0.23464573600000002,0.03960396039603942,23.0,2373.3633135000127
885,0.47551959322772275,0.4153300988217822,0.2432423655049505,0.029702970297029507,21.0,2374.233365299995
886,0.4712341605841584,0.4153300988217822,0.24895693286138615,0.029702970297029507,20.0,2375.642365100037
887,0.4640734210792079,0.4153300988217822,0.25179619335643566,0.029702970297029507,19.0,2377.6408437000355
888,0.46381825598019805,0.4153300988217822,0.25154102825742575,0.029702970297029507,19.0,2378.2283479000325
889,0.471888524049505,0.4153300988217822,0.24961129632673268,0.029702970297029507,20.0,2379.920960200019
890,0.464112074049505,0.4153300988217822,0.25183484632673264,0.029702970297029507,19.0,2384.3251708000316
891,0.43832812059405946,0.4153300988217822,0.260902378019802,0.00990099009900991,17.0,2386.562557200028
892,0.4343519632376238,0.4153300988217822,0.25692622066336634,0.00990099009900991,17.0,2415.864234800043
893,0.44375770961386135,0.4153300988217822,0.26375770961386136,0.0,18.0,2416.5700276000425
894,0.4414942902178218,0.4153300988217822,0.26406854764356436,0.00990099009900991,17.0,2417.9876227000495
895,0.43489485995049504,0.4153300988217822,0.26746911737623763,0.00990099009900991,16.0,2418.3625620999956
896,0.43421347800990096,0.4153300988217822,0.26678773543564355,0.00990099009900991,16.0,2418.7498295000405
897,0.42696802282178214,0.4153300988217822,0.26954228024752475,0.00990099009900991,15.0,2419.0161798000336
898,0.4337611473366336,0.4153300988217822,0.2689096621881188,0.01980198019801982,15.0,2420.2337586000212
899,0.42924004423762374,0.4153300988217822,0.24953707394059407,0.03960396039603964,15.0,2422.0984074000153
900,0.44402471841584157,0.4153300988217822,0.26689600554455445,0.04950495049504955,14.0,2422.8713582000346
901,0.42773969370297027,0.4153300988217822,0.2480367234059406,0.03960396039603964,15.0,2424.763347900007
902,0.4209897846138614,0.4153300988217822,0.25128681431683164,0.03960396039603953,14.0,2427.491015800042
903,0.4260128403861386,0.4153300988217822,0.2563098700891089,0.03960396039603953,14.0,2430.602703600016
904,0.4354627407425742,0.4153300988217822,0.25575977044554454,0.03960396039603953,15.0,2432.858791500039
905,0.4385951217821782,0.4153300988217822,0.2563178940594059,0.02970297029702962,16.0,2433.7607191000134
906,0.42975338858415835,0.4153300988217822,0.25747616086138614,0.02970297029702962,15.0,2434.6988482000306
907,0.43267114960396036,0.4153300988217822,0.2578196644554455,0.01980198019801971,16.0,2435.095724600018
908,0.43300898689108913,0.4153300988217822,0.2507317591683168,0.02970297029702973,16.0,2439.071787599998
909,0.43958381613861386,0.4153300988217822,0.2473065884158416,0.02970297029702973,17.0,2439.7263414000045
910,0.44493208613861385,0.4153300988217822,0.24265485841584158,0.02970297029702973,18.0,2440.4016739000217
911,0.4454002941188119,0.4153300988217822,0.250548808970297,0.01980198019801982,18.0,2442.146030300006
912,0.45387088385148516,0.4153300988217822,0.24901939870297032,0.01980198019801982,19.0,2442.780488300021
913,0.44942119005940595,0.4153300988217822,0.2519954474851485,0.00990099009900991,19.0,2443.306331700005
914,0.4417123167920792,0.4153300988217822,0.25428657421782175,0.00990099009900991,18.0,2446.165883800015
915,0.43426438025742575,0.4153300988217822,0.2568386376831683,0.00990099009900991,17.0,2448.51703550003
916,0.45184633519801976,0.4153300988217822,0.2695691074752475,0.02970297029702973,16.0,2449.5730172000476
917,0.4563918686336633,0.4153300988217822,0.26411464091089104,0.02970297029702973,17.0,2451.229627099994
918,0.4519462380990099,0.4153300988217822,0.2696690103762376,0.02970297029702973,16.0,2452.052976100007
919,0.4498710845049504,0.4153300988217822,0.27016811420792075,0.03960396039603964,15.0,2453.2998197000124
920,0.44867073973267324,0.4153300988217822,0.276393512009901,0.02970297029702973,15.0,2455.842128999997
921,0.4390643597722772,0.4153300988217822,0.26678713204950494,0.02970297029702973,15.0,2457.2580560999922
922,0.43166663996039606,0.4153300988217822,0.26938941223762375,0.02970297029702973,14.0,2459.263858499995
923,0.4394340194455445,0.4153300988217822,0.26715679172277224,0.02970297029702973,15.0,2460.5100169000216
924,0.42714807996039605,0.4153300988217822,0.26487085223762374,0.02970297029702973,14.0,2461.8885578000336
925,0.43254083267326726,0.4153300988217822,0.26768934752475243,0.01980198019801982,15.0,2463.095675000048
926,0.4406568288415841,0.4153300988217822,0.2806568288415841,0.0,16.0,2464.2822014000267
927,0.42581035331683165,0.4153300988217822,0.26353312559405934,0.02970297029702973,14.0,2466.817754700023
928,0.42952173450495046,0.4153300988217822,0.2646702493564356,0.01980198019801982,15.0,2467.65113990003
929,0.43952173450495047,0.4153300988217822,0.2646702493564356,0.01980198019801982,16.0,2468.260764000006
930,0.42633324253465343,0.4153300988217822,0.2466302722376238,0.03960396039603964,15.0,2471.37775720004
931,0.42633324253465343,0.4153300988217822,0.2466302722376238,0.03960396039603964,15.0,2472.586440800049
932,0.4359913536930693,0.4153300988217822,0.24628838339603965,0.03960396039603953,16.0,2474.7061157000135
933,0.43059426599999995,0.4153300988217822,0.24831703827722773,0.02970297029702973,16.0,2475.4567390000448
934,0.426731041009901,0.4153300988217822,0.24930529843564359,0.00990099009900991,17.0,2476.4139762000414
935,0.42644087608910886,0.4153300988217822,0.2490151335148515,0.00990099009900991,17.0,2478.539821500017
936,0.4331907909009901,0.4153300988217822,0.24576504832673268,0.00990099009900991,18.0,2479.1765936000156
937,0.4380840921980198,0.4153300988217822,0.2406583496237624,0.00990099009900991,19.0,2480.084225700004
938,0.43084153436633665,0.4153300988217822,0.24341579179207923,0.00990099009900991,18.0,2481.2087436
939,0.4343991545940594,0.4153300988217822,0.24439915459405942,0.0,19.0,2481.5827882000012
940,0.4308663946534653,0.4153300988217822,0.24344065207920795,0.00990099009900991,18.0,2482.3215774000273
941,0.4308663946534653,0.4153300988217822,0.24344065207920793,0.00990099009900991,18.0,2482.797552800039
942,0.4308663946534653,0.4153300988217822,0.24344065207920793,0.00990099009900991,18.0,2483.0664917000104
943,0.42497169131683166,0.4153300988217822,0.2326944635940594,0.02970297029702973,17.0,2485.83705120004
944,0.41663316735643563,0.4153300988217822,0.23435593963366338,0.02970297029702973,16.0,2486.4403838000144
945,0.4202772433168317,0.4153300988217822,0.2480000155940594,0.02970297029702973,15.0,2487.87749730004
946,0.4153590817326733,0.4153300988217822,0.25308185400990096,0.02970297029702973,14.0,2488.3962037000456
947,0.41937565123762377,0.4153300988217822,0.2545241660891089,0.01980198019801982,15.0,2488.8995789000182
948,0.42377713599009903,0.4153300988217822,0.2614999082673267,0.02970297029702973,14.0,2490.39124180004
949,0.4310958080693069,0.4153300988217822,0.26624432292079203,0.01980198019801982,15.0,2493.069830099994
950,0.5107595411089109,0.4153300988217822,0.28422488764356435,0.1287128712871286,13.0,2497.1858947
951,0.4128758674356436,0.4128758674356436,0.2531728971386139,0.03960396039603964,13.0,2499.7185240000254
952,0.4184259164752475,0.4128758674356436,0.2561486887524752,0.02970297029702973,14.0,2500.1445179000148
953,0.4081731898415842,0.4081731898415842,0.2558959621188119,0.02970297029702973,13.0,2500.899350200023
954,0.4100640709306931,0.4081731898415842,0.2552125857821782,0.01980198019801982,14.0,2501.368843300035
955,0.4171577647920792,0.4081731898415842,0.25973202221782177,0.009900990099009799,15.0,2503.668925200007
956,0.4130199843267327,0.4081731898415842,0.2581684991782178,0.01980198019801982,14.0,2504.0540010000113
957,0.41981194360396035,0.4081731898415842,0.26238620102970295,0.009900990099009799,15.0,2507.234998400032
958,0.4158305862772278,0.4081731898415842,0.2509791011287129,0.01980198019801982,15.0,2510.599857399997
959,0.41981194360396035,0.4081731898415842,0.26238620102970295,0.009900990099009799,15.0,2513.5881727000233
960,0.42890935271287123,0.4081731898415842,0.2614836101386139,0.009900990099009799,16.0,2515.8239412000403
961,0.42783183323465346,0.4081731898415842,0.270406090660396,0.009900990099009799,15.0,2516.7002907000133
962,0.4222817841950495,0.4081731898415842,0.26743029904653465,0.01980198019801971,14.0,2517.448999300017
963,0.4866718042049505,0.4081731898415842,0.27241437846237626,0.09900990099009888,14.0,2523.9624066000106
964,0.42256245746237625,0.4081731898415842,0.26771097231386143,0.01980198019801982,14.0,2526.1188236000016
965,0.42182287286138614,0.4081731898415842,0.25211990256435646,0.03960396039603964,14.0,2529.2830345000257
966,0.42551989149504954,0.4081731898415842,0.2532426637722772,0.02970297029702973,15.0,2529.707725700049
967,0.42852551635643565,0.4081731898415842,0.25624828863366333,0.02970297029702973,15.0,2530.1494856000063
968,0.43633545806930696,0.4081731898415842,0.26405823034653464,0.02970297029702973,15.0,2531.4703890000237
969,0.4295034972871288,0.4081731898415842,0.2423747844158416,0.04950495049504955,15.0,2532.7469110999955
970,0.4304605982178218,0.4081731898415842,0.24818337049504952,0.02970297029702973,16.0,2533.204569399997
971,0.4404605982178218,0.4081731898415842,0.24818337049504952,0.02970297029702973,17.0,2534.6161515000276
972,0.44808100413861385,0.4081731898415842,0.24580377641584158,0.02970297029702973,18.0,2537.4060617000214
973,0.4304605982178218,0.4081731898415842,0.24818337049504952,0.02970297029702973,16.0,2538.4686446000123
974,0.43787847495049503,0.4081731898415842,0.24560124722772278,0.02970297029702973,17.0,2540.718197600043
975,0.45385717627722777,0.4081731898415842,0.2615799485544555,0.02970297029702973,17.0,2542.528982500022
976,0.42930675072277225,0.4081731898415842,0.247029523,0.02970297029702973,16.0,2543.995890400023
977,0.43375190950495046,0.4081731898415842,0.2414746817821782,0.02970297029702962,17.0,2544.9669169000117
978,0.44375190950495047,0.4081731898415842,0.2414746817821782,0.02970297029702962,18.0,2545.9281297000125
979,0.44356331928712867,0.4081731898415842,0.24128609156435643,0.02970297029702962,18.0,2546.5370932000224
980,0.44235996271287126,0.4081731898415842,0.240082734990099,0.02970297029702962,18.0,2547.3418598000426
981,0.45235996271287127,0.4081731898415842,0.240082734990099,0.02970297029702962,19.0,2548.5733993000467
982,0.4457789627722772,0.4081731898415842,0.23607599247524752,0.03960396039603953,18.0,2549.92184970004
983,0.44770046166336636,0.4081731898415842,0.24542323394059407,0.02970297029702962,18.0,2553.8355195000186
984,0.4506710732178218,0.4081731898415842,0.23839384549504952,0.02970297029702962,19.0,2554.3319136000355
985,0.4435949295544554,0.4081731898415842,0.2413177018316832,0.02970297029702962,18.0,2556.7088153000223
986,0.4408751447920792,0.4081731898415842,0.23859791706930691,0.02970297029702962,18.0,2557.0804823000217
987,0.4406040759603961,0.4081731898415842,0.26090110566336633,0.03960396039603953,15.0,2558.653599500016
988,0.4363643957623763,0.4081731898415842,0.25666142546534654,0.03960396039603953,15.0,2559.9316926000174
989,0.4377798832574258,0.4081731898415842,0.24807691296039605,0.03960396039603953,16.0,2561.0053490000428
990,0.44411584478217825,0.4081731898415842,0.24441287448514853,0.03960396039603953,17.0,2562.925401000015
991,0.4496379561287129,0.4081731898415842,0.2399349858316832,0.03960396039603953,18.0,2563.415457300027
992,0.44576848439603967,0.4081731898415842,0.24349125667326732,0.02970297029702962,18.0,2564.018212200026
993,0.4544752956930693,0.4081731898415842,0.24219806797029703,0.02970297029702962,19.0,2564.3706370000145
994,0.4544752956930693,0.4081731898415842,0.24219806797029703,0.02970297029702962,19.0,2564.7242101000156
995,0.4525479516930693,0.4081731898415842,0.25027072397029704,0.02970297029702973,18.0,2567.9662882999983
996,0.4620562700594059,0.4081731898415842,0.24977904233663364,0.02970297029702973,19.0,2568.338613800006
997,0.4519961972871287,0.4081731898415842,0.24714471213861386,0.01980198019801982,19.0,2569.2773591000005
998,0.46150451565346534,0.4081731898415842,0.2466530305049505,0.01980198019801982,20.0,2569.644750700041
999,0.45011872711881185,0.4081731898415842,0.26784149939603963,0.02970297029702973,16.0,2571.8451885000104
1000,0.44355146569306925,0.4081731898415842,0.27127423797029704,0.02970297029702973,15.0,2572.6307060000254
