Iteration,obj,obj_bound,cost,loss,comp,time
1,0.46129043959405935,0.45325008494059404,0.2850528158316831,0.16831683168316847,5.0,9.002681800164282
2,0.4664881075643564,0.45325008494059404,0.295101968950495,0.14851485148514842,6.0,9.86058390000835
3,0.4675168970792079,0.45325008494059404,0.2824178871782178,0.15346534653465338,7.0,10.914438400184736
4,0.4692952619752475,0.45325008494059404,0.2767705095,0.1633663366336633,7.0,11.420572000090033
5,0.474539555039604,0.45325008494059404,0.2794405451386138,0.15346534653465338,8.0,11.791840100195259
6,0.4831372473168317,0.45325008494059404,0.2817511087029702,0.14851485148514842,9.0,12.134906199993566
7,0.4903739450891089,0.45325008494059404,0.2938392916237624,0.1287128712871286,10.0,19.47315810015425
8,0.49400381736633664,0.45325008494059404,0.3060335203366337,0.10396039603960383,11.0,22.60781880002469
9,0.4887595243019802,0.45325008494059404,0.3033634846980198,0.11386138613861374,10.0,22.94726230017841
10,0.48864340232178216,0.45325008494059404,0.2549800359851485,0.17821782178217815,10.0,30.58846340002492
11,0.48928654365841584,0.45325008494059404,0.2556231773217822,0.17821782178217815,10.0,32.09194090007804
12,0.49064162004455436,0.45325008494059404,0.2618297388564356,0.15841584158415833,11.0,36.2019753002096
13,0.4928067199504949,0.45325008494059404,0.26513345262376237,0.14356435643564347,12.0,36.57692570006475
14,0.4837918170792078,0.45325008494059404,0.26611854975247523,0.14356435643564347,11.0,37.64615610009059
15,0.48988485009900984,0.45325008494059404,0.26221158277227724,0.14356435643564347,12.0,40.059655900113285
16,0.4854397636633663,0.45325008494059404,0.28261798148514855,0.12376237623762365,11.0,43.93081950000487
17,0.4898954535148514,0.45325008494059404,0.2807865426237624,0.11881188118811858,12.0,44.64640080020763
18,0.4946068085247525,0.45325008494059404,0.2817850263465347,0.12376237623762354,12.0,45.06526100006886
19,0.49213001293564357,0.45325008494059404,0.2793082307574258,0.12376237623762354,12.0,46.362346100155264
20,0.5019770216633663,0.45325008494059404,0.27915523948514853,0.12376237623762354,13.0,46.61938880011439
21,0.5001085082227723,0.45325008494059404,0.28099959733168317,0.11881188118811858,13.0,46.8668608001899
22,0.4961315505495049,0.45325008494059404,0.2870226396584158,0.11881188118811858,12.0,50.776643600082025
23,0.5020635771831683,0.45325008494059404,0.28295466629207916,0.11881188118811858,13.0,52.89963770005852
24,0.5107258779257425,0.45325008494059404,0.28161696703465344,0.11881188118811858,14.0,53.291381400078535
25,0.5131372479207921,0.45325008494059404,0.274028337029703,0.11881188118811858,15.0,54.35952840000391
26,0.5207233597227723,0.45325008494059404,0.2716144488316831,0.11881188118811858,16.0,55.85054160002619
27,0.5223455091633663,0.45325008494059404,0.2695237269851485,0.12376237623762354,16.0,56.13615800021216
28,0.5308179286435644,0.45325008494059404,0.27170901775247525,0.11881188118811858,17.0,56.39374230010435
29,0.5287499074851485,0.45325008494059404,0.2807796104554456,0.10396039603960372,17.0,57.28454740019515
30,0.5374675788366337,0.45325008494059404,0.2794972818069308,0.10396039603960372,18.0,57.59976160014048
31,0.5447194833910891,0.45325008494059404,0.27674918636138623,0.10396039603960372,19.0,58.66524690017104
32,0.5385308637376237,0.45325008494059404,0.2731348241336634,0.11386138613861363,18.0,60.003525600070134
33,0.546714260321782,0.45325008494059404,0.2713182207178218,0.11386138613861363,19.0,61.23603170015849
34,0.5385308637376237,0.45325008494059404,0.2731348241336634,0.11386138613861363,18.0,62.673373100114986
35,0.5437007617079208,0.45325008494059404,0.27944333596534654,0.09900990099009876,19.0,63.900060900021344
36,0.5489723701732674,0.45325008494059404,0.3044179147277228,0.05940594059405935,20.0,65.50722610019147
37,0.5567936800792079,0.45325008494059404,0.3059520959207921,0.05445544554455439,21.0,65.80823480011895
38,0.5596473986633663,0.45325008494059404,0.29880581450495053,0.05445544554455439,22.0,67.08429860020988
39,0.5680472500049505,0.45325008494059404,0.29349279455940597,0.05940594059405924,23.0,67.54129500011913
40,0.5593343616930693,0.45325008494059404,0.29477990624752476,0.05940594059405924,22.0,67.75320610008202
41,0.5670894498267327,0.45325008494059404,0.29996073695544556,0.04950495049504933,23.0,68.18577910005115
42,0.5738393464059406,0.45325008494059404,0.2967106335346535,0.04950495049504933,24.0,68.94554730015807
43,0.5816731134554456,0.45325008494059404,0.29454440058415843,0.049504950495049216,25.0,69.85994620015845
44,0.5899245610940593,0.45325008494059404,0.296508719509901,0.04455445544554426,26.0,70.10080350004137
45,0.5991663979772277,0.45325008494059404,0.2957505563930693,0.04455445544554426,27.0,70.58825590019114
46,0.6080673279277228,0.45325008494059404,0.3057901002049505,0.029702970297029396,28.0,71.50224360008724
47,0.6167004627049504,0.45325008494059404,0.3007103636950495,0.03465346534653435,29.0,71.8685655000154
48,0.6138250669079208,0.45325008494059404,0.30040922532376235,0.04455445544554437,28.0,73.87899510003626
49,0.6129814415019801,0.45325008494059404,0.29585272863069306,0.04950495049504933,28.0,74.4013402001001
50,0.6085876738138614,0.45325008494059404,0.3088847035168316,0.03960396039603942,27.0,75.34124230011366
51,0.6175922210415841,0.45325008494059404,0.31160212203168314,0.03465346534653446,28.0,75.58979030000046
52,0.610336713749505,0.45325008494059404,0.3106337434524753,0.03960396039603942,27.0,76.90935269999318
53,0.6140251093930693,0.45325008494059404,0.30432213909603956,0.03960396039603942,28.0,77.8116721000988
54,0.6150130244722772,0.45325008494059404,0.30159718288811876,0.04455445544554437,28.0,78.13167670019902
55,0.6150130244722772,0.45325008494059404,0.30159718288811876,0.04455445544554437,28.0,78.42689790017903
56,0.6080108653039604,0.45325008494059404,0.3008821524326732,0.04950495049504933,27.0,79.22905750013888
57,0.6172661160613861,0.45325008494059404,0.3038502744772276,0.04455445544554437,28.0,79.46806610003114
58,0.6172661160613861,0.45325008494059404,0.3038502744772276,0.04455445544554437,28.0,79.83487710007466
59,0.6237743454524751,0.45325008494059404,0.3003585038683168,0.04455445544554437,29.0,80.22241650009528
60,0.6306406669475247,0.45325008494059404,0.3046505679376238,0.03465346534653446,30.0,80.72207240015268
61,0.621385416190099,0.45325008494059404,0.30168244589306936,0.03960396039603942,29.0,80.88766020000912
62,0.6216728758435643,0.45325008494059404,0.29825703425940603,0.04455445544554437,29.0,81.49202850018628
63,0.6293786391207921,0.45325008494059404,0.29967566882376245,0.03960396039603942,30.0,81.67383870016783
64,0.6194686489128713,0.45325008494059404,0.29976567861584164,0.03960396039603942,29.0,82.92506640008651
65,0.6194686489128713,0.45325008494059404,0.29976567861584164,0.03960396039603942,29.0,83.33953590015881
66,0.6221128754475248,0.45325008494059404,0.29612277643762386,0.03465346534653446,30.0,83.7790809001308
67,0.6229583179722773,0.45325008494059404,0.2969682189623763,0.03465346534653446,30.0,85.3855043000076
68,0.6304954764970297,0.45325008494059404,0.29821824877425746,0.029702970297029507,31.0,85.6646122999955
69,0.6366449261504952,0.45325008494059404,0.29436769842772287,0.029702970297029285,32.0,87.1789742000401
70,0.6450201728782179,0.45325008494059404,0.29645581644257435,0.02475247524752433,33.0,87.51313129998744
71,0.6390262135910891,0.45325008494059404,0.3004618571554456,0.02475247524752433,32.0,88.67610989999957
72,0.6303607506702971,0.45325008494059404,0.3017963942346535,0.02475247524752433,31.0,89.14383730012923
73,0.6311723465564356,0.45325008494059404,0.3026079901207921,0.02475247524752433,31.0,89.42998870019801
74,0.6238405858039604,0.45325008494059404,0.3015633580811881,0.029702970297029396,30.0,89.99734060000628
75,0.6211567479821782,0.45325008494059404,0.28660229253663366,0.059405940594059126,29.0,91.42428950010799
76,0.6234671690712872,0.45325008494059404,0.28891271362574256,0.059405940594059126,29.0,92.39996960014105
77,0.6186546686257426,0.45325008494059404,0.2718229854574257,0.08910891089108885,28.0,93.9263047000859
78,0.6065146289673267,0.45325008494059404,0.27597007451188116,0.09405940594059381,26.0,95.48357180017047
79,0.6048815459970298,0.45325008494059404,0.27433699154158414,0.09405940594059381,26.0,96.5462925999891
80,0.6057880423435644,0.45325008494059404,0.2752434878881188,0.09405940594059381,26.0,96.7871570000425
81,0.6079426965514851,0.45325008494059404,0.2736852708089109,0.09900990099009876,26.0,97.47755800001323
82,0.6145206743039604,0.45325008494059404,0.2739761198485149,0.09405940594059381,27.0,97.78380089998245
83,0.6208644652940595,0.45325008494059404,0.2740327821257426,0.08910891089108885,28.0,98.82300400012173
84,0.6252883290069307,0.45325008494059404,0.28330813098712876,0.06930693069306904,29.0,99.70903790020384
85,0.6302291843534653,0.45325008494059404,0.2856747289079208,0.059405940594059126,30.0,100.32975490018725
86,0.6393898738683168,0.45325008494059404,0.2848354184227723,0.059405940594059126,31.0,100.61563290003687
87,0.6301346231108911,0.45325008494059404,0.28186729637821784,0.06435643564356408,30.0,100.7843692000024
88,0.6366691910316833,0.45325008494059404,0.2846889930118812,0.06930693069306904,30.0,102.10166660021059
89,0.6288404570693069,0.45325008494059404,0.286860259049505,0.06930693069306904,29.0,102.64461580011994
90,0.6333080097920791,0.45325008494059404,0.285040683059406,0.06435643564356408,30.0,103.2721325000748
91,0.6308745186039604,0.45325008494059404,0.2863200631584159,0.059405940594059126,30.0,103.50210020015948
92,0.6240644009801981,0.45325008494059404,0.26723271781188124,0.08910891089108885,29.0,104.86683510011062
93,0.6179130174653465,0.45325008494059404,0.267368463009901,0.09405940594059381,28.0,105.05703580006957
94,0.6100510076633664,0.45325008494059404,0.2695064532079208,0.09405940594059381,27.0,105.41049200017005
95,0.6193257388811882,0.45325008494059404,0.2687811844257426,0.09405940594059381,28.0,105.68472080002539
96,0.6257294302475247,0.45325008494059404,0.26147200450495056,0.09900990099009876,29.0,106.40696320007555
97,0.6247122287128712,0.45325008494059404,0.2690191594059406,0.07425742574257399,30.0,106.96646980009973
98,0.624380723950495,0.45325008494059404,0.2686876546435644,0.07425742574257399,30.0,107.44991980004124
99,0.6331098184356436,0.45325008494059404,0.26741674912871294,0.07425742574257399,31.0,108.03651610016823
100,0.6408259677425743,0.45325008494059404,0.26513289843564364,0.07425742574257399,32.0,109.1908961001318
101,0.6408259677425743,0.45325008494059404,0.26513289843564364,0.07425742574257399,32.0,110.30484790005721
102,0.6358027356633664,0.45325008494059404,0.25897105249504954,0.08910891089108885,31.0,111.75428490014747
103,0.604297872589109,0.45325008494059404,0.2848919319950496,0.07920792079207895,26.0,116.15016279998235
104,0.6129104111534655,0.45325008494059404,0.28721734184653475,0.07425742574257399,27.0,116.7918617001269
105,0.6049778468762377,0.45325008494059404,0.28928477756930704,0.07425742574257399,26.0,117.3846249000635
106,0.6104604209158416,0.45325008494059404,0.28105448032178226,0.07920792079207883,27.0,118.28393070003949
107,0.6007361111188119,0.45325008494059404,0.28133017052475257,0.07920792079207883,26.0,118.52994070015848
108,0.6018102554623763,0.45325008494059404,0.2712657010069307,0.0940594059405937,26.0,120.17555150017142
109,0.6113969986306931,0.45325008494059404,0.28199105803663366,0.07920792079207883,27.0,121.01565399998799
110,0.6181787243732674,0.45325008494059404,0.28248565506633666,0.07425742574257388,28.0,121.3316860999912
111,0.6241819958584158,0.45325008494059404,0.2822017978386139,0.06930693069306892,29.0,121.70148900011554
112,0.6083147056108911,0.45325008494059404,0.23920579471980194,0.11881188118811847,28.0,124.70790770021267
113,0.6135945822445545,0.45325008494059404,0.24562428521485147,0.10396039603960361,29.0,125.1094157001935
114,0.6196945700663365,0.45325008494059404,0.24172427303663366,0.10396039603960361,30.0,126.91169710014947
115,0.628683362739604,0.45325008494059404,0.24071306570990098,0.10396039603960361,31.0,127.3808646001853
116,0.6188801539772277,0.45325008494059404,0.24090985694752473,0.10396039603960361,30.0,127.54147310019471
117,0.6160585972792079,0.45325008494059404,0.24180117153663364,0.09900990099009854,30.0,128.9002057001926
118,0.612908657279208,0.45325008494059404,0.25464133054653465,0.06435643564356386,31.0,130.00537700019777
119,0.6221719033336635,0.45325008494059404,0.2539045766009901,0.06435643564356386,32.0,130.8971302001737
120,0.6231794656306932,0.45325008494059404,0.2549121388980198,0.06435643564356386,32.0,131.80808630003594
121,0.6272962939475248,0.45325008494059404,0.2564547097891089,0.05445544554455395,33.0,132.172461300157
122,0.6202790315217823,0.45325008494059404,0.2594374473633663,0.05445544554455395,32.0,132.7998504000716
123,0.6110256828089109,0.45325008494059404,0.260184098650495,0.05445544554455395,31.0,133.85123850009404
124,0.6179554169178219,0.45325008494059404,0.2534009614722772,0.059405940594058904,32.0,134.77808570000343
125,0.6095232937693069,0.45325008494059404,0.2549688383237624,0.059405940594058904,31.0,134.92442230018787
126,0.618286414719802,0.45325008494059404,0.2574448305613861,0.05445544554455395,32.0,135.2131810002029
127,0.6095651963534654,0.45325008494059404,0.2624364834821782,0.049504950495048994,31.0,136.03501560003497
128,0.614658537690099,0.45325008494059404,0.2612426961059406,0.04455445544554404,32.0,137.19649670016952
129,0.6043961578881187,0.45325008494059404,0.27098031630396047,0.04455445544554404,30.0,138.4680414001923
130,0.6117288267000001,0.45325008494059404,0.2720258564029703,0.039603960396039084,31.0,139.02974720019847
131,0.5164130297425744,0.45325008494059404,0.23388827726732675,0.1633663366336633,16.0,146.86886320007034
132,0.5229645658316833,0.45325008494059404,0.25642991236633667,0.1287128712871286,17.0,150.27532140002586
133,0.5188477375148516,0.45325008494059404,0.25488734147524755,0.13861386138613851,16.0,150.68163840007037
134,0.5014782152524754,0.45325008494059404,0.2838049479257427,0.14356435643564347,11.0,159.17000370007008
135,0.5085520197079209,0.45325008494059404,0.28830449495544563,0.13366336633663356,12.0,159.6924376001116
136,0.5014782152524754,0.45325008494059404,0.2838049479257427,0.14356435643564347,11.0,160.3367575001903
137,0.5089631737009903,0.45325008494059404,0.27757703508712883,0.14851485148514842,12.0,160.64701880002394
138,0.516136359988119,0.45325008494059404,0.27846309266138625,0.14356435643564347,13.0,161.25028410018422
139,0.5214131100693071,0.45325008494059404,0.2811655853168318,0.13366336633663356,14.0,161.47513870010152
140,0.5237169444504951,0.45325008494059404,0.27718229098514857,0.1287128712871285,15.0,163.93981240014546
141,0.5070953726435645,0.45325008494059404,0.2642735904653466,0.12376237623762365,15.0,165.7459717001766
142,0.5169713770495051,0.45325008494059404,0.2641495948712872,0.12376237623762365,16.0,166.57245420012623
143,0.5229381044257427,0.45325008494059404,0.26382919353465356,0.1188118811881187,17.0,167.54486969998106
144,0.515764918138614,0.45325008494059404,0.26294313596039615,0.12376237623762365,16.0,168.1788591002114
145,0.5220977310792081,0.45325008494059404,0.26670169147524764,0.11386138613861374,17.0,168.71906230016612
146,0.5202155486534655,0.45325008494059404,0.27595812291089117,0.09900990099009888,17.0,169.67514000018127
147,0.5131074631039605,0.45325008494059404,0.2751371660742575,0.10396039603960383,16.0,170.53992370003834
148,0.5000959654455446,0.45325008494059404,0.27841279712871286,0.1089108910891089,14.0,171.37669390020892
149,0.5090849355643565,0.45325008494059404,0.27740176724752474,0.10891089108910879,15.0,172.19247310003266
150,0.5090849355643565,0.45325008494059404,0.27740176724752474,0.10891089108910879,15.0,173.03631190001033
151,0.5000959654455446,0.45325008494059404,0.27841279712871286,0.1089108910891089,14.0,173.79162530018948
152,0.5090849355643565,0.45325008494059404,0.27740176724752474,0.10891089108910879,15.0,174.62504509999417
153,0.5113690278217823,0.45325008494059404,0.2796858595049505,0.10891089108910879,15.0,175.32091180002317
154,0.51599677,0.45325008494059404,0.27431360168316826,0.10891089108910879,16.0,178.67017649998888
155,0.5252699074752476,0.45325008494059404,0.2735867391584158,0.10891089108910879,17.0,179.47762000001967
156,0.5328728938910892,0.45325008494059404,0.2711897255742574,0.10891089108910879,18.0,180.4101331999991
157,0.5235997564158416,0.45325008494059404,0.27191658809900987,0.10891089108910879,17.0,181.1257431001868
158,0.514206160970297,0.45325008494059404,0.2725229926534653,0.10891089108910879,16.0,181.7346634999849
159,0.5136768843366337,0.45325008494059404,0.26085510215841584,0.12376237623762365,16.0,183.39620590000413
160,0.5142909365940594,0.45325008494059404,0.25775628312871285,0.1287128712871286,16.0,183.69137340015732
161,0.5197401298069307,0.45325008494059404,0.25691834762871285,0.12376237623762365,17.0,184.3235505002085
162,0.5293479996584158,0.45325008494059404,0.25652621748019805,0.12376237623762365,18.0,185.29665820021182
163,0.523417368019802,0.45325008494059404,0.2531698432673267,0.13366336633663345,17.0,185.84236580017023
164,0.5265504906435644,0.45325008494059404,0.25259009460396037,0.13861386138613851,17.0,189.81136070005596
165,0.5329275492574258,0.45325008494059404,0.2526800245049505,0.13366336633663356,18.0,190.08431900013238
166,0.5410106954752476,0.45325008494059404,0.2544760420099009,0.1287128712871286,19.0,190.43194640008733
167,0.5439214357821783,0.45325008494059404,0.2585253961782178,0.11386138613861352,20.0,191.56737760012038
168,0.5515457189554457,0.45325008494059404,0.26357542192574257,0.10396039603960361,21.0,191.93096040003002
169,0.5439214357821783,0.45325008494059404,0.2585253961782178,0.11386138613861352,20.0,192.73380380007438
170,0.5421019095940595,0.45325008494059404,0.2604187412772277,0.10891089108910856,20.0,193.3142048001755
171,0.5152494414207921,0.45325008494059404,0.2684177582524752,0.08910891089108897,18.0,201.8012584000826
172,0.5264055987227724,0.45325008494059404,0.27843530169306924,0.10396039603960383,17.0,204.67755220015533
173,0.5337990456881189,0.45325008494059404,0.2795416199455445,0.09900990099009888,18.0,205.5813639999833
174,0.5084183801980198,0.45325008494059404,0.2239134297029703,0.23267326732673266,11.0,212.5730613002088
175,0.465503699509901,0.45325008494059404,0.2298601351534653,0.24752475247524752,5.0,213.7131080001127
176,0.4558440126782178,0.45325008494059404,0.23020044832178213,0.24752475247524752,4.0,214.84599220007658
177,0.46368617015346536,0.45325008494059404,0.2800228038168317,0.17821782178217815,5.0,221.16411330015399
178,0.4623527389940594,0.45325008494059404,0.2786893726574257,0.17821782178217815,5.0,221.46766620012932
179,0.4662147238950495,0.45325008494059404,0.26512561498415843,0.18811881188118806,6.0,224.34420690010302
180,0.46387547945049495,0.45325008494059404,0.27392498440099006,0.1732673267326732,6.0,232.46830770000815
181,0.4613057137277227,0.45325008494059404,0.2602166048168316,0.18811881188118806,6.0,235.10774210002273
182,0.46530893669801976,0.45325008494059404,0.27649705550990095,0.15841584158415833,7.0,236.65554120019078
183,0.4750536835297029,0.45325008494059404,0.2799546736287128,0.15346534653465338,8.0,237.35145140020177
184,0.4836907926386138,0.45325008494059404,0.2785917827376237,0.15346534653465338,9.0,238.19604360009544
185,0.4923259146188118,0.45325008494059404,0.28093977600495046,0.14851485148514842,10.0,238.52958970004693
186,0.4977458822178217,0.45325008494059404,0.28378548617821775,0.13861386138613851,11.0,238.86715629999526
187,0.5065652630643565,0.45325008494059404,0.28260486702475246,0.13861386138613851,12.0,239.3899917001836
188,0.5133023050049506,0.45325008494059404,0.3090448792623762,0.09900990099009888,13.0,245.28874790016562
189,0.5126684210891089,0.45325008494059404,0.31212386663366337,0.09405940594059392,13.0,245.87205400015227
190,0.5216865224702971,0.45325008494059404,0.3148548393019802,0.08910891089108897,14.0,246.24133410002105
191,0.5285271462227723,0.45325008494059404,0.3154083343415842,0.08415841584158401,15.0,246.7926288000308
192,0.5381051759752475,0.45325008494059404,0.31127349280693073,0.08910891089108897,16.0,248.0191934001632
193,0.5444124666683169,0.45325008494059404,0.3075807835,0.08910891089108897,17.0,249.10481490008533
194,0.5528913690940594,0.45325008494059404,0.3060596859257426,0.08910891089108897,18.0,249.9056648002006
195,0.5601582053316831,0.45325008494059404,0.30332652216336636,0.08910891089108897,19.0,250.37191410013475
196,0.5586150729108911,0.45325008494059404,0.30178338974257424,0.08910891089108897,19.0,251.18984400015324
197,0.5446262673415843,0.45325008494059404,0.2618044851633663,0.12376237623762376,19.0,256.03717910009436
198,0.5446262673415843,0.45325008494059404,0.2618044851633663,0.12376237623762376,19.0,256.50024750013836
199,0.5527671515099011,0.45325008494059404,0.2636582406188119,0.1188118811881188,20.0,256.713810400106
200,0.5493768736881188,0.45325008494059404,0.2676937053712871,0.1089108910891089,20.0,257.45777090010233
201,0.558060041509901,0.45325008494059404,0.26637687319306935,0.1089108910891089,21.0,258.9875625001732
202,0.5526992929455445,0.45325008494059404,0.26730325334158417,0.11386138613861385,20.0,259.77679750020616
203,0.5491777746782178,0.45325008494059404,0.2712074776485148,0.10396039603960394,20.0,261.0201320000924
204,0.5485990048366336,0.45325008494059404,0.26691583651980194,0.1089108910891089,20.0,261.3639394000638
205,0.5577188757772277,0.45325008494059404,0.2808871926089109,0.08910891089108908,21.0,262.52723140013404
206,0.5670582754306931,0.45325008494059404,0.2802265922623762,0.08910891089108908,22.0,262.9499826000538
207,0.5720120062326732,0.45325008494059404,0.2751803230643564,0.08910891089108908,23.0,263.6393154000398
208,0.5807683002673267,0.45325008494059404,0.2776494883861386,0.08415841584158412,24.0,263.90374030009843
209,0.5791220817227722,0.45325008494059404,0.2722903985544554,0.08910891089108908,24.0,264.8405702000018
210,0.5723620142722773,0.45325008494059404,0.27181745981683164,0.09405940594059403,23.0,265.70687850005925
211,0.5627064733811882,0.45325008494059404,0.27587479021287126,0.08910891089108908,22.0,267.66400810005143
212,0.572236833579208,0.45325008494059404,0.2754051504108911,0.08910891089108908,23.0,268.5473971001338
213,0.5798986888910891,0.45325008494059404,0.276779877009901,0.08415841584158412,24.0,268.8705667001195
214,0.5894377852772277,0.45325008494059404,0.2763189733960396,0.08415841584158412,25.0,269.44000800000504
215,0.5838434844653466,0.45325008494059404,0.2770118012970297,0.08910891089108908,24.0,270.3591774001252
216,0.5760639715148516,0.45325008494059404,0.27923228834653463,0.08910891089108908,23.0,270.7283108001575
217,0.5785107798316831,0.45325008494059404,0.2902434530990099,0.0643564356435643,24.0,271.5786637000274
218,0.5657160222227723,0.45325008494059404,0.28116156677722776,0.05940594059405924,24.0,273.59739670017734
219,0.5654001832475248,0.45325008494059404,0.2808457278019802,0.05940594059405924,24.0,274.81996180000715
220,0.5741919119851486,0.45325008494059404,0.279637456539604,0.05940594059405924,25.0,275.6806598000694
221,0.5831498796485148,0.45325008494059404,0.2785954242029703,0.05940594059405924,26.0,276.13428040011786
222,0.5901283533118812,0.45325008494059404,0.27928676915346534,0.05445544554455428,27.0,276.9356776000932
223,0.5980653156881188,0.45325008494059404,0.2809366028168317,0.04950495049504933,28.0,277.12541750003584
224,0.5920802187574258,0.45325008494059404,0.28495150588613866,0.04950495049504933,27.0,277.5732022000011
225,0.6019197082079208,0.45325008494059404,0.2847909953366337,0.04950495049504933,28.0,277.9836364001967
226,0.5961623497920793,0.45325008494059404,0.28532076563366343,0.05445544554455428,27.0,278.64946090010926
227,0.5715009628811881,0.45325008494059404,0.2832336361485149,0.06435643564356419,24.0,281.1260512000881
228,0.5796104592178217,0.45325008494059404,0.28134313248514853,0.06435643564356419,25.0,281.39534970000386
229,0.5767675837871287,0.45325008494059404,0.2773616431930693,0.07920792079207895,24.0,283.63016050006263
230,0.5641291850346535,0.45325008494059404,0.28214898701485147,0.06930693069306915,23.0,286.01646489999257
231,0.5623235016039605,0.45325008494059404,0.2766304322970297,0.07425742574257421,23.0,287.16348340013064
232,0.5427862426831683,0.45325008494059404,0.2759545595148514,0.08910891089108897,20.0,290.63648370001465
233,0.533616716,0.45325008494059404,0.27678503283168315,0.08910891089108897,19.0,291.3550235000439
234,0.5410529767673267,0.45325008494059404,0.2779341648861386,0.08415841584158401,20.0,291.5443998000119
235,0.5498844050990098,0.45325008494059404,0.27676559321782174,0.08415841584158401,21.0,291.7874126001261
236,0.534225819940594,0.45325008494059404,0.28996839419801984,0.09900990099009899,17.0,297.82645870000124
237,0.5064979446930693,0.45325008494059404,0.2799632912277228,0.12871287128712872,13.0,302.88553570001386
238,0.5133848108316832,0.45325008494059404,0.2805630286534654,0.12376237623762376,14.0,304.45039040013216
239,0.49399588862376237,0.45325008494059404,0.27117410644554457,0.12376237623762365,13.0,312.7548623001203
240,0.5029475759405941,0.45325008494059404,0.2701257937623763,0.12376237623762365,14.0,313.136433100095
241,0.5006783715742574,0.45325008494059404,0.2827080745445545,0.10396039603960383,14.0,317.12767000007443
242,0.5096969898168316,0.45325008494059404,0.28172669278712875,0.10396039603960383,15.0,317.8268164000474
243,0.500782500990099,0.45325008494059404,0.27167359009900993,0.1188118811881187,14.0,318.7762013000902
244,0.49413592908415843,0.45325008494059404,0.2638884043316832,0.13366336633663356,13.0,319.5108340000734
245,0.5030953974009901,0.45325008494059404,0.25799638750000004,0.15346534653465338,13.0,321.48108620010316
246,0.49536048728712867,0.45325008494059404,0.26026147738613864,0.15346534653465338,12.0,321.6709211000707
247,0.47491864971287123,0.45325008494059404,0.258681025950495,0.16831683168316824,9.0,324.5491260001436
248,0.44684957420792076,0.44684957420792076,0.30031492074257427,0.1287128712871286,5.0,332.1818194000516
249,0.45134320073267326,0.44684957420792076,0.29480854726732675,0.1287128712871286,6.0,332.6686303000897
250,0.4611780533316832,0.44684957420792076,0.2946433998663366,0.1287128712871286,7.0,333.14423310011625
251,0.4654834628861387,0.44684957420792076,0.2963745519950495,0.1188118811881188,8.0,334.03921560011804
252,0.45988197638613865,0.44684957420792076,0.3007730654950495,0.11881188118811892,7.0,335.1348141999915
253,0.4467356334529207,0.4467356334529207,0.3002009799875742,0.12871287128712872,5.0,338.1918019000441
254,0.4509188753341089,0.4467356334529207,0.29438422186876234,0.12871287128712872,6.0,339.4882029001601
255,0.46006274210143566,0.4467356334529207,0.2935280886360891,0.12871287128712872,7.0,339.931671500206
256,0.44920657568064354,0.4467356334529207,0.30638479350242576,0.12376237623762365,5.0,343.136046100175
257,0.45591880580440597,0.4467356334529207,0.31052276620044555,0.11386138613861374,6.0,344.7455219000112
258,0.45706530311133664,0.4467356334529207,0.2979563922202475,0.1188118811881187,7.0,349.22504190006293
259,0.4594162955964851,0.4467356334529207,0.2657529292598515,0.17821782178217815,6.0,356.48187950020656
260,0.4669625769281683,0.4467356334529207,0.26329921059153466,0.17821782178217815,7.0,357.0725748001132
261,0.47092664732420786,0.4467356334529207,0.2684018948489604,0.1633663366336633,8.0,361.66672440012917
262,0.47866782277965336,0.4467356334529207,0.2661430703044059,0.1633663366336633,9.0,362.4732040001545
263,0.48791119123509896,0.4467356334529207,0.26538643875985146,0.1633663366336633,10.0,362.7548180001322
264,0.49685584463608906,0.4467356334529207,0.2680439634479703,0.15841584158415833,11.0,363.04125560005195
265,0.49685584463608906,0.4467356334529207,0.2680439634479703,0.15841584158415833,11.0,363.91621759999543
266,0.5040214614677723,0.4467356334529207,0.26520958027965347,0.15841584158415833,12.0,364.2720319000073
267,0.5089404700816337,0.4467356334529207,0.2675543314677723,0.14851485148514842,13.0,365.09820310003124
268,0.5170301085469802,0.4467356334529207,0.27306971250737627,0.13861386138613851,14.0,366.0330806002021
269,0.4853722909405941,0.4467356334529207,0.25542179589108915,0.17326732673267342,10.0,373.7807538001798
270,0.49126850206930683,0.4467356334529207,0.26131800701980196,0.1732673267326733,10.0,376.55783230019733
271,0.48354215835643555,0.4467356334529207,0.2981461187524752,0.11386138613861385,10.0,379.49426469998434
272,0.49195605518811875,0.4467356334529207,0.29656001558415834,0.11386138613861385,11.0,380.0397857001517
273,0.48354215835643555,0.4467356334529207,0.2981461187524752,0.11386138613861385,10.0,380.63453530007973
274,0.48921173885148506,0.4467356334529207,0.3049543131089108,0.09900990099009899,11.0,382.01704760012217
275,0.49483029538613854,0.4467356334529207,0.304285740930693,0.09405940594059403,12.0,382.46176610002294
276,0.4840060267920792,0.4467356334529207,0.30717434362376234,0.08910891089108908,11.0,390.57127410010435
277,0.4783551096138614,0.4467356334529207,0.3115234264455445,0.08910891089108908,10.0,391.551270800177
278,0.4746608824851485,0.4467356334529207,0.31411632802970296,0.09405940594059403,9.0,395.15149560011923
279,0.4704176581831683,0.4467356334529207,0.2950216185792079,0.11386138613861385,9.0,397.6838381001726
280,0.4767164352128712,0.4467356334529207,0.2727560391732673,0.13861386138613851,10.0,399.1448254000861
281,0.4704176581831683,0.4467356334529207,0.2950216185792079,0.11386138613861385,9.0,400.2344347999897
282,0.4773917425891089,0.4467356334529207,0.2919957029851485,0.11386138613861385,10.0,401.4595300999936
283,0.47668054541089105,0.4467356334529207,0.2812845058069307,0.11386138613861385,11.0,402.5739802001044
284,0.4866962162524752,0.4467356334529207,0.28130017664851487,0.11386138613861385,12.0,402.9635972001124
285,0.4797221318465346,0.4467356334529207,0.2843260922425742,0.11386138613861385,11.0,403.97140930010937
286,0.4655592222623762,0.4467356334529207,0.2690245687970297,0.12871287128712872,10.0,407.07217700011097
287,0.4737719655297029,0.4467356334529207,0.2672373120643564,0.1287128712871286,11.0,407.80982130020857
288,0.4799076545891089,0.4467356334529207,0.27822448627227725,0.10891089108910879,12.0,410.63801430002786
289,0.48628420473267325,0.4467356334529207,0.27831390770297026,0.10396039603960394,13.0,410.99410200002603
290,0.4952292033960396,0.4467356334529207,0.258694549930693,0.1287128712871286,14.0,413.2061700001359
291,0.47468756675742574,0.4467356334529207,0.26330142814356433,0.1485148514851483,10.0,420.82065420015715
292,0.48173084448019804,0.4467356334529207,0.2603447058663366,0.1485148514851483,11.0,421.210795200197
293,0.49021997377722776,0.4467356334529207,0.25883383516336633,0.1485148514851483,12.0,421.91885510017164
294,0.4599871092673268,0.4467356334529207,0.26488809936633667,0.15346534653465327,8.0,424.7148859000299
295,0.46917272575247526,0.4467356334529207,0.2640737158514852,0.15346534653465338,9.0,425.80001480015926
296,0.4839825502079208,0.4467356334529207,0.2825964115940594,0.14851485148514842,9.0,428.4043537999969
297,0.48898064004455444,0.4467356334529207,0.2775945014306931,0.14851485148514842,10.0,429.3429017001763
298,0.4639149668762376,0.4467356334529207,0.2565387292524753,0.18316831683168322,7.0,437.1999988001771
299,0.44954154545544556,0.4467356334529207,0.26444253555445546,0.1534653465346535,7.0,439.1851219001692
300,0.45780342456435646,0.4467356334529207,0.26270441466336636,0.1534653465346535,8.0,440.3838123001624
301,0.4583564411980198,0.4467356334529207,0.2632574312970297,0.1534653465346535,8.0,441.5090801001061
302,0.4620770860495049,0.4467356334529207,0.25697807614851487,0.1534653465346535,9.0,442.8103420000989
303,0.4705501485742575,0.4467356334529207,0.2628768812475248,0.14356435643564358,10.0,443.71399820013903
304,0.4787279561980198,0.4467356334529207,0.2610546888712872,0.14356435643564358,11.0,444.7253338000737
305,0.4815853076831683,0.4467356334529207,0.2650506542178218,0.12871287128712872,12.0,445.8190590001177
306,0.4798747525247525,0.4467356334529207,0.2781915842079208,0.1089108910891089,12.0,448.70033120014705
307,0.4886997963564357,0.4467356334529207,0.277016628039604,0.1089108910891089,13.0,449.90674400003627
308,0.48266293219801987,0.4467356334529207,0.2772668925940594,0.11386138613861385,12.0,452.4577508000657
309,0.4677632817049505,0.4467356334529207,0.2846444698237624,0.08415841584158401,12.0,456.15063760010526
310,0.4655246622,0.4467356334529207,0.27869297903168316,0.08910891089108908,12.0,457.1939424001612
311,0.46547802620990103,0.4467356334529207,0.28235921432871286,0.08415841584158412,12.0,458.57817480014637
312,0.4737103333881188,0.4467356334529207,0.2843043927940594,0.07920792079207917,13.0,459.19427520013414
313,0.4824994611974753,0.4467356334529207,0.28309352060341586,0.07920792079207917,14.0,459.71850260021165
314,0.4835589268905445,0.4467356334529207,0.27558862986084154,0.10396039603960394,13.0,461.49867960019037
315,0.4808180753063861,0.4467356334529207,0.2728477782766831,0.10396039603960383,13.0,462.3740084001329
316,0.47205543014301987,0.4467356334529207,0.2703722618261881,0.10891089108910879,12.0,470.258436600212
317,0.4774392901083664,0.4467356334529207,0.27318186436579206,0.09900990099009888,13.0,471.2036340001505
318,0.4855064419301485,0.4467356334529207,0.27124901618757424,0.09900990099009888,14.0,472.3783363001421
319,0.49169100560341583,0.4467356334529207,0.2674335798608416,0.09900990099009888,15.0,473.2427541001234
320,0.49942302297965346,0.4467356334529207,0.26887846852420794,0.09405940594059392,16.0,473.8905958000105
321,0.49169100560341583,0.4467356334529207,0.2674335798608416,0.09900990099009888,15.0,475.01795350015163
322,0.4846192438113366,0.4467356334529207,0.2715004319301485,0.08415841584158401,15.0,475.6669864000287
323,0.4889289448509406,0.4467356334529207,0.2658101329697525,0.08415841584158401,16.0,477.1591260000132
324,0.478254056690099,0.4467356334529207,0.2651352448089109,0.08415841584158401,15.0,478.56430500000715
325,0.4864926386752475,0.4467356334529207,0.25852234164554455,0.10396039603960383,15.0,479.36664940021
326,0.4796081350564357,0.4467356334529207,0.25792496673960397,0.10891089108910879,14.0,480.50463390001096
327,0.479110005239604,0.4467356334529207,0.2685654507841584,0.09405940594059392,14.0,483.56423240015283
328,0.4734959067,0.4467356334529207,0.2729513522445544,0.09405940594059392,13.0,484.68493380001746
329,0.479406302209901,0.4467356334529207,0.2688617477544554,0.09405940594059392,14.0,485.33092380012386
330,0.44265996734103963,0.44265996734103963,0.25355105644995046,0.1188118811881188,10.0,492.82076929998584
331,0.4364558918162872,0.4364558918162872,0.2536341096380693,0.12376237623762376,9.0,495.5012761000544
332,0.44457664419252474,0.4364558918162872,0.25546773330143563,0.1188118811881188,10.0,498.03074509999715
333,0.4496320560242079,0.4364558918162872,0.2765132441430198,0.08415841584158412,11.0,500.8855674001388
334,0.4497901851806436,0.4364558918162872,0.2818198881509406,0.10396039603960394,9.0,506.3159046000801
335,0.459006740794505,0.4364558918162872,0.2773235724776733,0.1089108910891089,10.0,507.85622830013745
336,0.46511739331925744,0.4364558918162872,0.2771470962895545,0.10396039603960394,11.0,508.6829335000366
337,0.4730368376756931,0.4364558918162872,0.28249228322024755,0.09405940594059403,12.0,509.2287407000549
338,0.4815061692103466,0.4364558918162872,0.28096161475490106,0.09405940594059403,13.0,510.1301047001034
339,0.4753955166855941,0.4364558918162872,0.28113809094301984,0.09900990099009899,12.0,510.84365470008925
340,0.4834542234182673,0.4364558918162872,0.2791967976756931,0.09900990099009888,13.0,512.2006758002099
341,0.4825753282202475,0.4364558918162872,0.2894565163390594,0.08415841584158423,13.0,513.021293300204
342,0.4452878914871287,0.4364558918162872,0.29533739643762374,0.1732673267326733,2.0,521.7332327000331
343,0.4367738389108911,0.4364558918162872,0.28682334386138614,0.1732673267326733,2.0,530.2246619001962
344,0.43019928321782175,0.43019928321782175,0.2691101743069306,0.18811881188118806,2.0,536.9445357001387
345,0.4324603617821782,0.43019928321782175,0.29250986673267326,0.1732673267326733,1.0,543.5021814000793
346,0.43972548123762384,0.43019928321782175,0.2934878574752476,0.16831683168316836,2.0,550.6968069002032
347,0.4337020939108911,0.43019928321782175,0.288603084009901,0.15346534653465338,3.0,563.3900125999935
348,0.44162967795049507,0.43019928321782175,0.28653066804950494,0.15346534653465338,4.0,565.5052773000207
349,0.45620072710396037,0.43019928321782175,0.28996310334158415,0.16831683168316824,4.0,574.3710527000949
350,0.462078601460396,0.43019928321782175,0.28955384898514847,0.1633663366336633,5.0,574.8141948999837
351,0.45986754450990097,0.43019928321782175,0.2576398217376238,0.20297029702970293,5.0,581.8911914001219
352,0.46482783149009904,0.43019928321782175,0.2711644651534653,0.17821782178217815,6.0,584.6410566000268
353,0.4705765928762376,0.43019928321782175,0.2706260978267327,0.1732673267326732,7.0,588.532959200209
354,0.47183098475742574,0.43019928321782175,0.2718804897079208,0.1732673267326732,7.0,592.6887692001183
355,0.4628735616930693,0.43019928321782175,0.2740616805049505,0.15841584158415845,7.0,600.756756799994
356,0.4656600242722773,0.43019928321782175,0.25457091536138615,0.18811881188118806,7.0,605.7858327000868
357,0.46076128250495046,0.43019928321782175,0.29081078745544553,0.1732673267326732,4.0,615.3384982000571
358,0.46040501126732664,0.43019928321782175,0.2618901597821782,0.19801980198019797,5.0,622.3178181999829
359,0.45958741216336624,0.43019928321782175,0.2610725606782178,0.19801980198019797,5.0,622.6339972000569
360,0.46033643078712866,0.43019928321782175,0.25924732187623756,0.18811881188118806,6.0,625.1157263000496
361,0.4675035240544554,0.43019928321782175,0.2527015438564356,0.19306930693069302,7.0,625.7568450002
362,0.4700601238514851,0.43019928321782175,0.2452581436534653,0.19306930693069302,8.0,626.670570500195
363,0.4771524005297029,0.43019928321782175,0.2597761629059405,0.1831683168316831,8.0,629.453056300059
364,0.44565251711386134,0.43019928321782175,0.24797924978712868,0.14356435643564347,9.0,633.3579381001182
365,0.45493548536633666,0.43019928321782175,0.24726221803960394,0.14356435643564336,10.0,633.6386775001884
366,0.459008899970297,0.43019928321782175,0.2524742465049505,0.1287128712871285,11.0,634.422506700037
367,0.4677354646930693,0.43019928321782175,0.2549136825148515,0.12376237623762365,12.0,634.7087977000047
368,0.46992719999009896,0.43019928321782175,0.24967967523762377,0.13366336633663345,12.0,635.6112649000715
369,0.4612006352673267,0.43019928321782175,0.24724023922772276,0.1386138613861384,11.0,635.7442747000605
370,0.47113027506930694,0.43019928321782175,0.24716987902970294,0.1386138613861384,12.0,636.0745661000255
371,0.4707112993564357,0.43019928321782175,0.24675090331683164,0.1386138613861384,12.0,636.8616443001665
372,0.47116847021782177,0.43019928321782175,0.2472080741782178,0.1386138613861384,12.0,637.091511100065
373,0.506664234029703,0.43019928321782175,0.26785235284158415,0.15841584158415833,12.0,642.0867642001249
374,0.49577900194059404,0.43019928321782175,0.2569671207524753,0.15841584158415833,12.0,650.4531970000826
375,0.48861348454950504,0.43019928321782175,0.2735144746485149,0.15346534653465338,10.0,659.8754178001545
376,0.49763955341089117,0.43019928321782175,0.2836791573712872,0.13861386138613851,11.0,660.7225677000824
377,0.5063661181336634,0.43019928321782175,0.28611859338118817,0.13366336633663356,12.0,660.9742684999947
378,0.49734004927227726,0.43019928321782175,0.2759539106584159,0.14851485148514842,11.0,661.7287469999865
379,0.49730806714356446,0.43019928321782175,0.2770605423910892,0.13366336633663356,12.0,662.7984676000196
380,0.49730806714356446,0.43019928321782175,0.2770605423910892,0.13366336633663356,12.0,663.080265100114
381,0.4885815024207921,0.43019928321782175,0.2746211063811882,0.13861386138613851,11.0,663.2288510000799
382,0.4834217526633663,0.43019928321782175,0.2657484853366337,0.14356435643564358,11.0,671.0923578999937
383,0.4584734948910891,0.43019928321782175,0.2536715146930693,0.19306930693069302,6.0,677.9223508001305
384,0.46270385213366333,0.43019928321782175,0.2924563273811881,0.13366336633663367,7.0,682.8734123001341
385,0.4567213817871287,0.43019928321782175,0.2927609857475247,0.13861386138613863,6.0,688.8796842000447
386,0.4663048956188119,0.43019928321782175,0.2960573708663366,0.13366336633663367,7.0,689.4701764001511
387,0.46747711868811886,0.43019928321782175,0.3232196929455446,0.09900990099009899,7.0,699.6572873000987
388,0.47481874148019804,0.43019928321782175,0.32427418702475247,0.09405940594059403,8.0,700.1681922001299
389,0.4780758623217821,0.43019928321782175,0.31753130786633654,0.09405940594059403,9.0,707.2108438001014
390,0.485874176930693,0.43019928321782175,0.26706229574257423,0.15841584158415833,10.0,712.5963175999932
391,0.4939113636683167,0.43019928321782175,0.265099482480198,0.15841584158415822,11.0,712.945650300011
392,0.4906334220841584,0.43019928321782175,0.2655344121831683,0.15346534653465338,11.0,718.1471442000475
393,0.48018828464356433,0.43019928321782175,0.27508927474257416,0.15346534653465338,9.0,723.833837600192
394,0.4864233261782178,0.43019928321782175,0.2638985737029702,0.1633663366336633,10.0,726.0234594000503
395,0.48392602023762366,0.43019928321782175,0.3048171093465346,0.1188118811881187,9.0,731.8558862002101
396,0.4858984876683168,0.43019928321782175,0.2967895767772277,0.1188118811881187,10.0,733.5523610999808
397,0.4925625231188119,0.43019928321782175,0.2860278696534653,0.1287128712871286,11.0,734.7926737000234
398,0.5015887805940593,0.43019928321782175,0.28505412712871286,0.1287128712871286,12.0,736.7549976001028
399,0.503719146460396,0.43019928321782175,0.2946102355693069,0.1188118811881187,12.0,738.7999403001741
400,0.5036721897821781,0.43019928321782175,0.294563278891089,0.1188118811881187,12.0,739.3750707001891
401,0.5036721897821781,0.43019928321782175,0.294563278891089,0.1188118811881187,12.0,741.3171210000291
402,0.5071044895841583,0.43019928321782175,0.29170844998019796,0.11386138613861374,13.0,745.0592914000154
403,0.4984374592871286,0.43019928321782175,0.27304141968316825,0.11386138613861374,14.0,747.0185390000697
404,0.5074968675198018,0.43019928321782175,0.2721008279158415,0.11386138613861374,15.0,748.5633175000548
405,0.5124041904900989,0.43019928321782175,0.2892853786089108,0.08415841584158412,16.0,750.2458513001911
406,0.5183644811831682,0.43019928321782175,0.30009715445049495,0.06435643564356441,17.0,751.8576280002017
407,0.5259226210841583,0.43019928321782175,0.2828038092029702,0.08415841584158423,18.0,753.803918500198
408,0.5234206786732672,0.43019928321782175,0.24089592619801978,0.1633663366336633,16.0,760.8414017001633
409,0.5234206786732672,0.43019928321782175,0.24089592619801978,0.1633663366336633,16.0,770.0068615002092
410,0.5155503485891088,0.43019928321782175,0.23931272482673263,0.16831683168316824,15.0,771.5052529000677
411,0.5221087469554454,0.43019928321782175,0.239583994480198,0.1633663366336633,16.0,772.127962600207
412,0.5306808346782177,0.43019928321782175,0.2455818247772277,0.15346534653465338,17.0,772.5452580000274
413,0.5344259501980198,0.43019928321782175,0.24190119772277227,0.1633663366336633,17.0,773.4121069000103
414,0.5335842966336634,0.43019928321782175,0.24591102930693068,0.14356435643564347,18.0,774.9192781001329
415,0.540273818960396,0.43019928321782175,0.24260055163366337,0.14356435643564347,19.0,775.5542941000313
416,0.5476164176732673,0.43019928321782175,0.23994315034653466,0.14356435643564347,20.0,776.9926128000952
417,0.5477691218316831,0.43019928321782175,0.2438087257920792,0.13861386138613851,20.0,777.6316161002032
418,0.546830754059406,0.43019928321782175,0.24287035801980197,0.13861386138613851,20.0,778.2439495001454
419,0.5409420830891088,0.43019928321782175,0.23955594447524753,0.14851485148514842,19.0,778.8884293001611
420,0.5487002190990099,0.43019928321782175,0.24102695177227723,0.14356435643564347,20.0,779.3566345002037
421,0.5574270197425742,0.43019928321782175,0.2397537524158416,0.14356435643564347,21.0,785.5094744001981
422,0.5638226322178218,0.43019928321782175,0.23614936489108912,0.14356435643564336,22.0,791.2787979000714
423,0.5503026067178217,0.43019928321782175,0.24748082453960396,0.12376237623762365,21.0,800.4678686000407
424,0.5583627002029702,0.43019928321782175,0.2566795318861386,0.10891089108910879,22.0,801.555587500101
425,0.5512476920841584,0.43019928321782175,0.2595645237673267,0.10891089108910879,21.0,802.1268804001156
426,0.5593512158465346,0.43019928321782175,0.2576680475297029,0.10891089108910879,22.0,803.0577416000888
427,0.5515142170346534,0.43019928321782175,0.25611817743069304,0.11386138613861374,21.0,804.8422426001634
428,0.5575664328762375,0.43019928321782175,0.2558832645594059,0.10891089108910879,22.0,805.6008900001179
429,0.5458852820891088,0.43019928321782175,0.28390508406930687,0.06930693069306915,21.0,809.9172374000773
430,0.5441027146732672,0.43019928321782175,0.28212251665346527,0.06930693069306915,21.0,810.6063206000254
431,0.5495614365346534,0.43019928321782175,0.2775812385148514,0.06930693069306915,22.0,811.5068394001573
432,0.550989515811881,0.43019928321782175,0.2827221890792079,0.06435643564356419,22.0,811.7922503000591
433,0.5584150368910891,0.43019928321782175,0.2838605814455445,0.05940594059405924,23.0,812.0226436001249
434,0.5485996065643564,0.43019928321782175,0.28404515111881184,0.05940594059405924,22.0,812.3107362000737
435,0.5532853886930693,0.43019928321782175,0.27873093324752474,0.05940594059405924,23.0,813.1427732000593
436,0.565110338960396,0.43019928321782175,0.283130140940594,0.06930693069306915,23.0,815.6191498001572
437,0.5722435602227722,0.43019928321782175,0.28026336220297027,0.06930693069306915,24.0,815.9293039999902
438,0.578454566460396,0.43019928321782175,0.27647436844059403,0.06930693069306926,25.0,816.82876890013
439,0.5860154250247525,0.43019928321782175,0.2777480982920792,0.0643564356435643,26.0,817.2565189001616
440,0.5927733292821782,0.43019928321782175,0.27821887383663363,0.05940594059405935,27.0,818.1758038999978
441,0.5858865281435643,0.43019928321782175,0.2776192014108911,0.0643564356435643,26.0,818.405265700072
442,0.58472953740099,0.43019928321782175,0.2801750819554455,0.05940594059405924,26.0,819.5352280000225
443,0.5916111231138614,0.43019928321782175,0.2807695389554455,0.05445544554455428,27.0,819.7950085001066
444,0.6005655662326732,0.43019928321782175,0.2797239820742574,0.05445544554455428,28.0,820.6035523000173
445,0.5990477506386138,0.43019928321782175,0.24964181004455446,0.07920792079207906,29.0,824.4021597001702
446,0.6083975708366336,0.43019928321782175,0.24899163024257423,0.07920792079207906,30.0,824.9088900000788
447,0.5914868920742574,0.43019928321782175,0.2483680801930693,0.08415841584158401,28.0,825.5796268000267
448,0.5930047076683168,0.43019928321782175,0.27845025222277225,0.05940594059405924,27.0,829.6563730000053
449,0.5984028325198021,0.43019928321782175,0.2664226345,0.06930693069306915,28.0,832.88168770005
450,0.5890918386089109,0.43019928321782175,0.2671116405891089,0.06930693069306926,27.0,833.4374969000928
451,0.59616963459901,0.43019928321782175,0.2679023078663366,0.0643564356435643,28.0,835.1403829001356
452,0.6046666499455445,0.43019928321782175,0.2701121945,0.05940594059405935,29.0,836.8169941001106
453,0.5944933517772277,0.43019928321782175,0.26622602504455445,0.06435643564356419,28.0,839.6003287001513
454,0.5623385471881188,0.43019928321782175,0.25550686401980194,0.08910891089108897,24.0,842.6429149000905
455,0.5531071419950495,0.43019928321782175,0.2525625875396039,0.09405940594059392,23.0,843.522810800001
456,0.5603596131237624,0.43019928321782175,0.2561021873811881,0.09900990099009888,23.0,844.7447269000113
457,0.568647543440594,0.43019928321782175,0.25810298898514855,0.09405940594059392,24.0,846.0321435001679
458,0.5761911415000001,0.43019928321782175,0.25564658704455445,0.09405940594059392,25.0,846.5833013001829
459,0.5678156553415842,0.43019928321782175,0.25727110088613864,0.09405940594059392,24.0,846.8229685002007
460,0.5767452269356437,0.43019928321782175,0.256200672480198,0.09405940594059392,25.0,847.0884036000352
461,0.5837150819455446,0.43019928321782175,0.25460617105445543,0.1188118811881187,24.0,850.2073982001748
462,0.5747855103514852,0.43019928321782175,0.25567659946039606,0.1188118811881187,23.0,850.4256359999999
463,0.5680669241732673,0.43019928321782175,0.2515322707079208,0.1287128712871286,22.0,852.3781932999846
464,0.5722242033811882,0.43019928321782175,0.24940242120297032,0.12376237623762354,23.0,854.0832661001477
465,0.5769042494207921,0.43019928321782175,0.2589339523910891,0.10396039603960372,24.0,854.9018778000027
466,0.5676941264059406,0.43019928321782175,0.2597238293762376,0.10396039603960372,23.0,855.0539230001159
467,0.5756798053663366,0.43019928321782175,0.26142237962376236,0.09900990099009876,24.0,855.958230300108
468,0.5846022033366336,0.43019928321782175,0.2603447775940594,0.09900990099009876,25.0,857.0336284001824
469,0.5801944413564356,0.43019928321782175,0.258511273039604,0.10891089108910867,24.0,857.6057915000711
470,0.5775092678415842,0.43019928321782175,0.25953897081188126,0.10396039603960372,24.0,858.2977115001995
471,0.5693690939801981,0.43019928321782175,0.2613987969504951,0.10396039603960372,23.0,858.5146431000903
472,0.5771114724059406,0.43019928321782175,0.25914117537623765,0.10396039603960372,24.0,859.0981799000874
473,0.570812869138614,0.43019928321782175,0.2591297008217822,0.10891089108910867,23.0,859.6274388001766
474,0.5785534563663367,0.43019928321782175,0.2605831593366337,0.10396039603960372,24.0,860.0434591001831
475,0.5879968664900991,0.43019928321782175,0.26002656946039604,0.10396039603960372,25.0,860.31984380004
476,0.5962123875297031,0.43019928321782175,0.2582420905,0.10396039603960372,26.0,860.6817309001926
477,0.5872518207475248,0.43019928321782175,0.2592815237178218,0.10396039603960372,25.0,860.8348150001839
478,0.5937233159455446,0.43019928321782175,0.25946589020297034,0.09900990099009876,26.0,861.1071851002052
479,0.5842799058217822,0.43019928321782175,0.260022480079208,0.09900990099009876,25.0,861.3239306001924
480,0.5757355322277229,0.43019928321782175,0.26519097777227724,0.09405940594059381,24.0,863.0713749001734
481,0.5803568516584159,0.43019928321782175,0.27095091106435654,0.07920792079207895,25.0,864.8774755001068
482,0.5827265429900991,0.43019928321782175,0.27332060239603967,0.07920792079207895,25.0,865.8933552000672
483,0.578105223559406,0.43019928321782175,0.2675606691039605,0.09405940594059392,24.0,867.6289835001808
484,0.5859448043514852,0.43019928321782175,0.2691131211831684,0.08910891089108897,25.0,867.9754184000194
485,0.5950247833366338,0.43019928321782175,0.2681931001683169,0.08910891089108897,26.0,868.2742773999926
486,0.5893543831831684,0.43019928321782175,0.2762355713019802,0.0841584158415839,25.0,872.2265788000077
487,0.5605546718242079,0.43019928321782175,0.2454556619232178,0.15346534653465338,20.0,876.767080000136
488,0.5654225963885644,0.43019928321782175,0.24032358648757426,0.15346534653465338,21.0,877.223806500202
489,0.5572229343712871,0.43019928321782175,0.242123924470297,0.15346534653465338,20.0,880.9339738001581
490,0.5615937737326733,0.43019928321782175,0.24020763511881185,0.14851485148514842,21.0,881.1877830000594
491,0.5510545742524753,0.43019928321782175,0.23966843563861387,0.14851485148514842,20.0,881.7542967000045
492,0.5576448430891089,0.43019928321782175,0.24368444704950495,0.13861386138613851,21.0,883.2151139001362
493,0.5644267089356435,0.43019928321782175,0.24417918418316828,0.13366336633663356,22.0,883.4389104000293
494,0.5732418379455445,0.43019928321782175,0.24299431319306927,0.13366336633663356,23.0,884.0829721000046
495,0.5732418379455445,0.43019928321782175,0.24299431319306927,0.13366336633663356,23.0,884.3548936999869
496,0.5732418379455445,0.43019928321782175,0.24299431319306927,0.13366336633663356,23.0,884.6261395001784
497,0.5732418379455445,0.43019928321782175,0.24299431319306927,0.13366336633663356,23.0,884.9418093001004
498,0.5732418379455445,0.43019928321782175,0.24299431319306927,0.13366336633663356,23.0,885.401777600171
499,0.5641419168564357,0.43019928321782175,0.24018152081683167,0.13861386138613851,22.0,886.2947947001085
500,0.5688546232326732,0.43019928321782175,0.2423199697673267,0.1287128712871286,23.0,887.7553882000502
501,0.5763449968118812,0.43019928321782175,0.23981034334653462,0.1287128712871286,24.0,888.665961700026
502,0.5812953480742573,0.43019928321782175,0.23476069460891086,0.1287128712871286,25.0,889.0443699001335
503,0.5845304747326732,0.43019928321782175,0.2417086925544554,0.12376237623762365,25.0,889.3315921002068
504,0.5767118151039603,0.43019928321782175,0.24017716163861383,0.1287128712871286,24.0,889.6473097000271
505,0.5765494392475248,0.43019928321782175,0.2400147857821782,0.1287128712871286,24.0,890.0342600001022
506,0.5831516962722771,0.43019928321782175,0.24032991409405938,0.12376237623762365,25.0,890.8176019000821
507,0.5719094752920793,0.43019928321782175,0.23794907925247524,0.13861386138613851,23.0,893.0278898000252
508,0.5827744804920792,0.43019928321782175,0.23510121316534652,0.14356435643564347,24.0,898.8490170000587
509,0.5909252596405941,0.43019928321782175,0.23325199231386137,0.14356435643564347,25.0,899.093835500069
510,0.5915000239128714,0.43019928321782175,0.23382675658613858,0.14356435643564347,25.0,899.5227328001056
511,0.5977153850514851,0.43019928321782175,0.23375498901188116,0.13861386138613851,26.0,899.7587458000053
512,0.5971428121554455,0.43019928321782175,0.23318241611584153,0.13861386138613851,26.0,900.3652386001777
513,0.6030259018386139,0.43019928321782175,0.23277837708613858,0.13366336633663356,27.0,900.7245605001226
514,0.6033461218881189,0.43019928321782175,0.23052433970990097,0.12376237623762365,28.0,904.8389773000963
515,0.6128608750118811,0.43019928321782175,0.23003909283366333,0.12376237623762365,29.0,905.3900806000456
516,0.6025304470198021,0.43019928321782175,0.22970866484158414,0.12376237623762365,28.0,910.6984840000514
517,0.608979660920792,0.43019928321782175,0.23358362131683166,0.11386138613861374,29.0,911.6203580000438
518,0.6064244172623763,0.43019928321782175,0.2410283776584158,0.11386138613861374,28.0,921.2973456000909
519,0.6064244172623763,0.43019928321782175,0.2410283776584158,0.11386138613861374,28.0,921.7005400999915
520,0.5995338370643564,0.43019928321782175,0.24413779746039602,0.11386138613861374,27.0,922.0320247001946
521,0.5677012519306931,0.43019928321782175,0.2437408558910891,0.13861386138613851,22.0,930.8543846001849
522,0.573887027029703,0.43019928321782175,0.2362137597029703,0.14356435643564347,23.0,931.4596250001341
523,0.5744721566633664,0.43019928321782175,0.23679888933663365,0.14356435643564347,23.0,931.8088040000293
524,0.5808656891386139,0.43019928321782175,0.24433103567326733,0.1287128712871286,24.0,932.4454820000101
525,0.5797628733910891,0.43019928321782175,0.2432282199257426,0.1287128712871286,24.0,932.6418678001501
526,0.5801005938415842,0.43019928321782175,0.24356594037623763,0.1287128712871286,24.0,933.4137550999876
527,0.5153365105346535,0.43019928321782175,0.2713761144950495,0.13861386138613851,14.0,937.9051549001597
528,0.523821967430693,0.43019928321782175,0.2698615713910891,0.13861386138613851,15.0,938.5851800001692
529,0.507566103980198,0.43019928321782175,0.2427641237821782,0.19306930693069302,12.0,943.4569006001111
530,0.5077883380792079,0.43019928321782175,0.2949665559009901,0.12376237623762365,12.0,951.0407849000767
531,0.5061183806782178,0.43019928321782175,0.29443521236138614,0.10891089108910879,13.0,953.0624142000452
532,0.4942211873415841,0.43019928321782175,0.2776865338762376,0.1287128712871286,12.0,957.6937512999866
533,0.4857357304455445,0.43019928321782175,0.279201076980198,0.1287128712871286,11.0,958.3215686001349
534,0.49170305633663364,0.43019928321782175,0.27888127415841585,0.12376237623762387,12.0,959.1432499000803
535,0.5006315891980198,0.43019928321782175,0.27780980701980196,0.12376237623762387,13.0,959.9221857001539
536,0.508798951490099,0.43019928321782175,0.27597716931188115,0.12376237623762387,14.0,961.1156355000567
537,0.5036324843613862,0.43019928321782175,0.27081070218316833,0.12376237623762365,14.0,964.0424208000768
538,0.49899762815841586,0.43019928321782175,0.2910273311287129,0.10396039603960383,13.0,968.9427940000314
539,0.5029829839207921,0.43019928321782175,0.2850126868910891,0.10396039603960405,14.0,970.8702060000505
540,0.5083013813762376,0.43019928321782175,0.29033108434653465,0.10396039603960383,14.0,971.6262682001106
541,0.5022743873118812,0.43019928321782175,0.28801696156930695,0.09900990099009888,14.0,972.066565599991
542,0.5112903019009901,0.43019928321782175,0.29445861873267326,0.08910891089108897,15.0,972.4155267002061
543,0.5104720055792079,0.43019928321782175,0.29364032241089105,0.08910891089108897,15.0,973.1054550001863
544,0.519474353450495,0.43019928321782175,0.29264267028217816,0.08910891089108897,16.0,973.7796738999896
545,0.5276374985495049,0.43019928321782175,0.29080581538118805,0.08910891089108908,17.0,976.3698617999908
546,0.5343406185643564,0.43019928321782175,0.28750893539603956,0.08910891089108908,18.0,976.9818149001803
547,0.5245631028613861,0.43019928321782175,0.28773141969306926,0.08910891089108908,17.0,977.330032300204
548,0.5332526178366336,0.43019928321782175,0.29013380595544547,0.08415841584158412,18.0,977.6216860001441
549,0.5235242436534653,0.43019928321782175,0.2904054317722772,0.08415841584158412,17.0,977.9104073999915
550,0.5308644562425742,0.43019928321782175,0.2914585156485148,0.07920792079207917,18.0,978.2976004001684
551,0.5389265872871287,0.43019928321782175,0.2969463892673267,0.06930693069306926,19.0,978.8322698001284
552,0.5449225849455446,0.43019928321782175,0.2780909017772277,0.08910891089108897,20.0,980.3911952001508
553,0.5474617240049504,0.43019928321782175,0.27434291212376233,0.08415841584158401,21.0,981.525544000091
554,0.5554089306683168,0.43019928321782175,0.2722901187871286,0.08415841584158401,22.0,982.2561790000182
555,0.559617858509901,0.43019928321782175,0.2627861753415841,0.08910891089108897,23.0,984.1577922999859
556,0.5504384275,0.43019928321782175,0.2561810017574257,0.09900990099009888,22.0,985.16036790004
557,0.539092419460396,0.43019928321782175,0.2548349937178217,0.09900990099009888,21.0,985.5941680001561
558,0.5383092247029703,0.43019928321782175,0.2540517989603959,0.09900990099009888,21.0,986.176444800105
559,0.546884918019802,0.43019928321782175,0.25262749227722764,0.09900990099009888,22.0,987.6398771000095
560,0.5542866241089109,0.43019928321782175,0.24260345579207912,0.10891089108910879,23.0,989.1589687999804
561,0.5597057093564357,0.43019928321782175,0.24916115490099003,0.09405940594059403,24.0,989.7741086001042
562,0.5650539905445545,0.43019928321782175,0.2507965648019801,0.09900990099009888,24.0,991.2648897001054
563,0.5577137779554456,0.43019928321782175,0.2497434809257425,0.10396039603960383,23.0,991.6853777000215
564,0.5511287803514852,0.43019928321782175,0.2531584833217821,0.10396039603960394,22.0,992.0383804000448
565,0.544798193039604,0.43019928321782175,0.26910512373267326,0.07425742574257421,22.0,992.8872981001623
566,0.5042437383415841,0.43019928321782175,0.28855066903465343,0.0742574257425741,16.0,1000.3573988000862
567,0.5125350284059406,0.43019928321782175,0.29055483038613855,0.06930693069306904,17.0,1001.5835859000217
568,0.507568860970297,0.43019928321782175,0.295588662950495,0.06930693069306904,16.0,1001.9697450001258
569,0.5062062442128713,0.43019928321782175,0.297938917480198,0.0643564356435643,16.0,1003.8784996999893
570,0.505455384559406,0.43019928321782175,0.3009009291138614,0.05940594059405935,16.0,1004.3225189000368
571,0.4971640944950495,0.43019928321782175,0.2988967677623762,0.0643564356435643,15.0,1005.2632706000004
572,0.5060324035940594,0.43019928321782175,0.29776507686138615,0.0643564356435643,16.0,1006.3528148999903
573,0.5038344770643565,0.43019928321782175,0.3018542790445545,0.06930693069306926,15.0,1009.6988940001465
574,0.5149623293415841,0.43019928321782175,0.3018435174603961,0.08415841584158412,15.0,1011.030750800157
575,0.5159355228217822,0.43019928321782175,0.2953909683663367,0.09405940594059403,15.0,1012.8497268001083
576,0.5222030644554456,0.43019928321782175,0.29537138128712875,0.08910891089108908,16.0,1013.6761060000863
577,0.5296566117277228,0.43019928321782175,0.2965377998465347,0.08415841584158412,17.0,1013.9973621000536
578,0.5231681430148515,0.43019928321782175,0.2963364598465347,0.08910891089108908,16.0,1015.7460616000462
579,0.5285871778168317,0.43019928321782175,0.2843297520742575,0.09900990099009899,17.0,1017.9419616002124
580,0.5293659691782179,0.43019928321782175,0.2851085434356436,0.09900990099009899,17.0,1018.3293688001577
581,0.5391703552673268,0.43019928321782175,0.28491292952475256,0.09900990099009899,18.0,1018.6125333001837
582,0.5234646275148516,0.43019928321782175,0.28549433048514855,0.10396039603960394,16.0,1019.5063897001091
583,0.522067962960396,0.43019928321782175,0.2915234085049505,0.09405940594059403,16.0,1020.128233600175
584,0.5050299487821783,0.43019928321782175,0.29077252303960394,0.09900990099009899,14.0,1021.3407167000696
585,0.4960744849306931,0.43019928321782175,0.2955299304752475,0.09405940594059403,13.0,1023.5125397001393
586,0.5049938026039604,0.43019928321782175,0.3018749907227723,0.08415841584158412,14.0,1024.172530699987
587,0.5114822713168317,0.43019928321782175,0.3020763307227723,0.07920792079207917,15.0,1026.0278721000068
588,0.5038284365643564,0.43019928321782175,0.2758581395346535,0.10396039603960394,15.0,1028.350609900197
589,0.5110392158267326,0.43019928321782175,0.2730689187970297,0.10396039603960394,16.0,1030.3116910001263
590,0.5174296197029703,0.43019928321782175,0.2620335800990099,0.11386138613861374,17.0,1031.7956237001345
591,0.5102188404405941,0.43019928321782175,0.2648228008366337,0.11386138613861374,16.0,1033.532598900143
592,0.5016681328019802,0.43019928321782175,0.2625592219108911,0.1188118811881187,15.0,1033.739584900206
593,0.5094595613168317,0.43019928321782175,0.26035065042574257,0.1188118811881187,16.0,1034.1113112000749
594,0.503555902440594,0.43019928321782175,0.28187273412376235,0.10891089108910901,14.0,1042.7052192001138
595,0.5099769317970296,0.43019928321782175,0.2857195060544554,0.09900990099009899,15.0,1045.5652724001557
596,0.5129832201633663,0.43019928321782175,0.28872579442079205,0.09900990099009899,15.0,1047.3136970000342
597,0.5161688114504951,0.43019928321782175,0.2733470292722772,0.12376237623762376,15.0,1048.67516470002
598,0.5101796877871287,0.43019928321782175,0.27364503432178217,0.12871287128712872,14.0,1049.612423100043
599,0.503758658430693,0.43019928321782175,0.26979826239108906,0.13861386138613874,13.0,1052.4531951001845
600,0.4974482938267326,0.43019928321782175,0.2734878977871287,0.13861386138613874,12.0,1053.5237740001176
601,0.5068286415247525,0.43019928321782175,0.2728682454851485,0.13861386138613874,13.0,1053.7623825001065
602,0.499127311029703,0.43019928321782175,0.27145404370297027,0.14356435643564347,12.0,1055.6442949001212
603,0.5083123283089108,0.43019928321782175,0.27063906098217816,0.14356435643564347,13.0,1057.1718433999922
604,0.5083123283089108,0.43019928321782175,0.27063906098217816,0.14356435643564347,13.0,1058.1020846001338
605,0.4916651008188119,0.43019928321782175,0.2739918334920791,0.14356435643564347,11.0,1060.0269549000077
606,0.4982862468584158,0.43019928321782175,0.2706129795316831,0.14356435643564347,12.0,1061.0177641999908
607,0.5056563937891089,0.43019928321782175,0.2642702551752475,0.14851485148514842,13.0,1062.8000057002064
608,0.5059898254772277,0.43019928321782175,0.2720294294376237,0.13861386138613851,13.0,1063.019776900066
609,0.49205433852178215,0.43019928321782175,0.2915097840663366,0.09405940594059403,13.0,1065.8250413001515
610,0.49697122193267323,0.43019928321782175,0.28642666747722767,0.09405940594059403,14.0,1066.7854467001744
611,0.5038641089128713,0.43019928321782175,0.2870324257445544,0.08910891089108908,15.0,1067.4648106000386
612,0.5049791085366336,0.43019928321782175,0.2881474253683168,0.08910891089108908,15.0,1067.690661100205
613,0.5124560770663366,0.43019928321782175,0.28933726518514846,0.08415841584158412,16.0,1067.9595598001033
614,0.5138441708287128,0.43019928321782175,0.287012487660396,0.08910891089108908,16.0,1068.4219961999916
615,0.5045175996386139,0.43019928321782175,0.2913987877574257,0.08415841584158423,15.0,1071.300552500179
616,0.5044432441930693,0.43019928321782175,0.29761156102475245,0.08910891089108919,14.0,1075.4402707000263
617,0.5117273165693069,0.43019928321782175,0.2986085046881188,0.08415841584158423,15.0,1075.9413970999885
618,0.5165801581287128,0.43019928321782175,0.29346134624752473,0.08415841584158423,16.0,1076.9423490001354
619,0.5061621239554456,0.43019928321782175,0.3104690546485149,0.07425742574257421,14.0,1084.316756900167
620,0.5078439512871288,0.43019928321782175,0.3084380106930693,0.07920792079207917,14.0,1085.3781849001534
621,0.49949717491584167,0.43019928321782175,0.3100912343217822,0.07920792079207917,13.0,1086.7107268001419
622,0.5020255672970297,0.43019928321782175,0.31261962670297033,0.07920792079207928,13.0,1088.7124783000909
623,0.5040708223465347,0.43019928321782175,0.31466488175247526,0.07920792079207917,13.0,1090.0916712000035
624,0.511831948589109,0.43019928321782175,0.31613887928217826,0.07425742574257421,14.0,1090.4144631000236
625,0.505156471460396,0.43019928321782175,0.3157505308663367,0.07920792079207917,13.0,1091.1422581002116
626,0.5117283871039604,0.43019928321782175,0.32346106037128713,0.06435643564356441,14.0,1092.256326700095
627,0.4826836345821782,0.43019928321782175,0.3269905652752475,0.07425742574257432,10.0,1093.1015527001582
628,0.4814373277079208,0.43019928321782175,0.3257442584009901,0.07425742574257432,10.0,1094.0457390001975
629,0.4856312685495049,0.43019928321782175,0.31622532795544556,0.07920792079207928,11.0,1095.2195487001445
630,0.4789413927079208,0.43019928321782175,0.3095354521138614,0.07920792079207928,11.0,1097.3346184000839
631,0.48502239845049505,0.43019928321782175,0.30932932914356437,0.07425742574257432,12.0,1099.8871943000704
632,0.4771650005792079,0.43019928321782175,0.2966204461237624,0.09405940594059414,11.0,1101.0770701000001
633,0.48713771924257426,0.43019928321782175,0.29659316478712877,0.09405940594059414,12.0,1102.009332000045
634,0.49380482364851486,0.43019928321782175,0.2895473979059407,0.0990099009900991,13.0,1102.701571600046
635,0.498288555029703,0.43019928321782175,0.2654667728514852,0.12376237623762387,14.0,1105.4333578001242
636,0.5036515130990099,0.43019928321782175,0.26454260220792086,0.11881188118811892,15.0,1106.1403489001095
637,0.49916778171782183,0.43019928321782175,0.28862322726237627,0.09405940594059414,14.0,1108.634762900183
638,0.508117470059406,0.43019928321782175,0.28014717302970304,0.10396039603960394,15.0,1109.4138959001284
639,0.5120431716930693,0.43019928321782175,0.28036000337623773,0.1089108910891089,15.0,1110.1709152001422
640,0.5170298979702971,0.43019928321782175,0.28648534351485155,0.09405940594059403,16.0,1110.5587277000304
641,0.5027040572079209,0.43019928321782175,0.29329811661386146,0.07920792079207917,15.0,1111.855806400068
642,0.5027040572079209,0.43019928321782175,0.29329811661386146,0.07920792079207917,15.0,1119.173148300033
643,0.49843138438118817,0.43019928321782175,0.2890254437871288,0.07920792079207917,15.0,1120.0740363001823
644,0.5043725676485149,0.43019928321782175,0.29239236962871296,0.06930693069306926,16.0,1121.4689912002068
645,0.4969289414603961,0.43019928321782175,0.29494874344059413,0.06930693069306926,15.0,1122.2116549001075
646,0.5000038049752477,0.43019928321782175,0.2905978643811882,0.07920792079207917,15.0,1125.5175478002056
647,0.5017449300742575,0.43019928321782175,0.2923389894801981,0.07920792079207917,15.0,1125.875702700112
648,0.506913861539604,0.43019928321782175,0.2875079209455446,0.07920792079207917,16.0,1126.5583969000727
649,0.5068886756980199,0.43019928321782175,0.28748273510396044,0.07920792079207917,16.0,1127.5537297001574
650,0.5149541044108912,0.43019928321782175,0.28554816381683173,0.07920792079207917,17.0,1128.364211200038
651,0.5017786451039605,0.43019928321782175,0.29237270450990105,0.07920792079207917,15.0,1128.8021198001225
652,0.5130362418861387,0.43019928321782175,0.28249168743069314,0.09405940594059403,16.0,1130.3588066000957
653,0.5219693116881189,0.43019928321782175,0.285137628519802,0.08910891089108908,17.0,1130.588825599989
654,0.5089216697574258,0.43019928321782175,0.28580285787623766,0.08415841584158412,16.0,1132.0180024001747
655,0.5136404235643565,0.43019928321782175,0.2508186413861386,0.12376237623762376,17.0,1134.7214258001186
656,0.520482808490099,0.43019928321782175,0.24394815502475245,0.12871287128712872,18.0,1135.3177804001607
657,0.5101791675990099,0.43019928321782175,0.2436445141336634,0.12871287128712872,17.0,1137.0259040000383
658,0.5153923598762375,0.43019928321782175,0.26856067670792083,0.08910891089108919,18.0,1138.2439586000983
659,0.5238535717574258,0.43019928321782175,0.27073475987623763,0.08415841584158423,19.0,1138.7326837000437
660,0.528121145519802,0.43019928321782175,0.2650023336386139,0.08415841584158412,20.0,1140.1113568001892
661,0.5209171259158416,0.43019928321782175,0.2677983140346535,0.08415841584158412,19.0,1140.861195600126
662,0.5305263549851486,0.43019928321782175,0.2674075431039604,0.08415841584158412,20.0,1141.6823720000684
663,0.5397060773366337,0.43019928321782175,0.27401300802970296,0.07425742574257421,21.0,1141.9251715000719
664,0.5351579081534653,0.43019928321782175,0.26946483884653466,0.07425742574257421,21.0,1142.2272173000965
665,0.5431969720346534,0.43019928321782175,0.2775039027277228,0.07425742574257421,21.0,1142.9690373002086
666,0.537079057128713,0.43019928321782175,0.2813859878217822,0.07425742574257421,20.0,1143.5245527001098
667,0.5327615588811883,0.43019928321782175,0.2833556182871288,0.07920792079207917,19.0,1145.0039200000465
668,0.5398245389801981,0.43019928321782175,0.2841314696732674,0.07425742574257421,20.0,1145.2108442001045
669,0.5419722389257426,0.43019928321782175,0.286279169618812,0.07425742574257421,20.0,1145.435652300017
670,0.5470465100346535,0.43019928321782175,0.2802148268663367,0.08910891089108897,20.0,1147.8650018000044
671,0.5527827368366337,0.43019928321782175,0.2945154101039605,0.0643564356435643,21.0,1148.6173022000585
672,0.5453381573564358,0.43019928321782175,0.28593221676237635,0.07920792079207906,20.0,1149.824514000211
673,0.5543772363168318,0.43019928321782175,0.28497129572277236,0.07920792079207906,21.0,1150.2447305000387
674,0.5436762263910893,0.43019928321782175,0.2842702857970298,0.07920792079207906,20.0,1150.5084114000201
675,0.5436762263910893,0.43019928321782175,0.2842702857970298,0.07920792079207906,20.0,1151.8971979001071
676,0.536642600128713,0.43019928321782175,0.2798109169603961,0.08910891089108908,19.0,1152.5986323000398
677,0.5431685738910892,0.43019928321782175,0.258069563990099,0.15346534653465327,17.0,1156.5993238000665
678,0.5462397658712872,0.43019928321782175,0.27341798369306936,0.12376237623762354,18.0,1159.7598634001333
679,0.5483202018118813,0.43019928321782175,0.28034990478217825,0.10396039603960372,19.0,1160.578341100132
680,0.5409078902029705,0.43019928321782175,0.2866504644603961,0.09900990099009876,18.0,1161.3155963001773
681,0.5507303426881189,0.43019928321782175,0.28647291694554466,0.09900990099009876,19.0,1161.6014239001088
682,0.5431552831732673,0.43019928321782175,0.2740463722821783,0.11881188118811858,18.0,1162.312167200027
683,0.5333427899801981,0.43019928321782175,0.274233879089109,0.11881188118811858,17.0,1162.620322200004
684,0.5345738183465347,0.43019928321782175,0.2654649074554456,0.11881188118811858,18.0,1164.4748376000207
685,0.5335013863861386,0.43019928321782175,0.2643924754950495,0.11881188118811858,18.0,1164.785039999988
686,0.5294828532326733,0.43019928321782175,0.27408681362871296,0.11386138613861363,17.0,1172.4567432000767
687,0.5328704444702971,0.43019928321782175,0.2749001474405941,0.10396039603960383,18.0,1173.6279125001747
688,0.5294828532326733,0.43019928321782175,0.27408681362871296,0.11386138613861363,17.0,1174.765919300029
689,0.5390489337277229,0.43019928321782175,0.2736528941237625,0.11386138613861363,18.0,1175.260195699986
690,0.5294828532326733,0.43019928321782175,0.27408681362871296,0.11386138613861363,17.0,1175.4726933001075
691,0.5341313351138615,0.43019928321782175,0.2650224242227723,0.11881188118811858,18.0,1176.3519070001785
692,0.5414078372920792,0.43019928321782175,0.26972466897524755,0.10891089108910867,19.0,1176.9760051001795
693,0.5383613426881189,0.43019928321782175,0.26667817437128716,0.10891089108910867,19.0,1178.2260871001054
694,0.5387623377227724,0.43019928321782175,0.2670791694059406,0.10891089108910867,19.0,1178.559907300165
695,0.5359020726534655,0.43019928321782175,0.25679316176237627,0.11881188118811858,19.0,1179.0986507001799
696,0.532428969618812,0.43019928321782175,0.26332005872772285,0.11881188118811858,18.0,1179.7967811001
697,0.5400051258069307,0.43019928321782175,0.26460908620297036,0.11386138613861363,19.0,1180.62682900019
698,0.5408962927376237,0.43019928321782175,0.2655002531336635,0.11386138613861363,19.0,1180.9451303000096
699,0.5502746256930693,0.43019928321782175,0.26487858608910897,0.11386138613861363,20.0,1181.2065301002003
700,0.541428163861386,0.43019928321782175,0.2660321242574258,0.11386138613861363,19.0,1181.5771914999932
701,0.5330600751881187,0.43019928321782175,0.2713769068712872,0.10891089108910867,18.0,1181.9615358000156
702,0.5406039024653464,0.43019928321782175,0.2763464767227723,0.09900990099009888,19.0,1182.8038633000106
703,0.5449423350396039,0.43019928321782175,0.2781106518712872,0.08910891089108897,20.0,1183.8096500001848
704,0.545739929940594,0.43019928321782175,0.26890824677227726,0.08910891089108885,21.0,1185.753282100195
705,0.5504656840544554,0.43019928321782175,0.26734687217326736,0.0841584158415839,22.0,1186.5903998999856
706,0.5549506099851484,0.43019928321782175,0.27183179810396046,0.0841584158415839,22.0,1186.8346340002026
707,0.5496235425792079,0.43019928321782175,0.2553661168366337,0.09900990099009876,22.0,1188.0068428001832
708,0.549698196940594,0.43019928321782175,0.25544077119801983,0.09900990099009876,22.0,1189.352896900149
709,0.5433881777772277,0.43019928321782175,0.25913075203465347,0.09900990099009876,21.0,1189.589896199992
710,0.5488558521089109,0.43019928321782175,0.2645984263663366,0.09900990099009876,21.0,1190.277532899985
711,0.5535337546039604,0.43019928321782175,0.274127814009901,0.07920792079207895,22.0,1191.3715309000108
712,0.5517983402722773,0.43019928321782175,0.2723923996782178,0.07920792079207895,22.0,1191.7053350000642
713,0.5530872385891089,0.43019928321782175,0.27368129799504953,0.07920792079207895,22.0,1193.840840900084
714,0.5442709631930692,0.43019928321782175,0.2748650225990099,0.07920792079207906,21.0,1194.5573965001386
715,0.5363770273584159,0.43019928321782175,0.27583247290297025,0.09405940594059392,19.0,1198.4143147000577
716,0.5456003133980198,0.43019928321782175,0.2750557589425742,0.09405940594059392,20.0,1199.795746000018
717,0.5429463282,0.43019928321782175,0.2724017737445544,0.09405940594059392,20.0,1200.2350773999933
718,0.5448660536950495,0.43019928321782175,0.2743214992396039,0.09405940594059392,20.0,1201.40963320015
719,0.520003331670297,0.43019928321782175,0.2620330346405941,0.10396039603960383,18.0,1203.5804832000285
720,0.5261539007544553,0.43019928321782175,0.2693222175861386,0.08910891089108897,19.0,1203.9927857001312
721,0.5187526404227722,0.43019928321782175,0.28192095725445543,0.08910891089108897,17.0,1208.583791400073
722,0.5179462921059406,0.43019928321782175,0.28111460893762374,0.08910891089108897,17.0,1208.913435800001
723,0.5240821448435644,0.43019928321782175,0.27725046167524753,0.08910891089108897,18.0,1209.4891363000497
724,0.5287773298910892,0.43019928321782175,0.2770941615742575,0.10891089108910901,17.0,1213.5173385001253
725,0.5288786266089109,0.43019928321782175,0.28090832957920797,0.10396039603960405,17.0,1213.8717124999966
726,0.5304308301237624,0.43019928321782175,0.2787476618069308,0.10891089108910901,17.0,1214.1976354999933
727,0.534106064480198,0.43019928321782175,0.2909872525990099,0.08415841584158423,18.0,1215.2185632002074
728,0.5201849593564356,0.43019928321782175,0.28221466232673265,0.10396039603960405,16.0,1216.1956336000003
729,0.5266714422376237,0.43019928321782175,0.2787011452079208,0.10396039603960405,17.0,1216.777269200189
730,0.5357954392970297,0.43019928321782175,0.27782514226732674,0.10396039603960383,18.0,1217.1747318000998
731,0.5452007615742573,0.43019928321782175,0.27723046454455447,0.10396039603960383,19.0,1217.4637723001651
732,0.5406168257772277,0.43019928321782175,0.2826465287475247,0.10396039603960383,18.0,1218.8252736001741
733,0.5295183578613861,0.43019928321782175,0.2889738034059406,0.09405940594059392,17.0,1219.7349488001782
734,0.5261411845247524,0.43019928321782175,0.2855966300693069,0.09405940594059392,17.0,1220.5167144001462
735,0.5301422415049505,0.43019928321782175,0.2944491721980198,0.07425742574257432,18.0,1221.6208541002125
736,0.5207369192277228,0.43019928321782175,0.29504384992079213,0.07425742574257432,17.0,1221.8454462999944
737,0.5270905963019803,0.43019928321782175,0.29882326956930694,0.06435643564356441,18.0,1222.3280795000028
738,0.5285565939702971,0.43019928321782175,0.2865763959504951,0.06930693069306937,19.0,1224.823715200182
739,0.5275518045247525,0.43019928321782175,0.26958150749504955,0.10396039603960405,18.0,1227.898554700194
740,0.5260858068564357,0.43019928321782175,0.28182838111386144,0.0990099009900991,17.0,1230.0929986999836
741,0.5351853605247525,0.43019928321782175,0.28092793478217826,0.0990099009900991,18.0,1230.370491300011
742,0.5288316834504951,0.43019928321782175,0.27714851513366345,0.10891089108910901,17.0,1230.546733000083
743,0.5363290839108912,0.43019928321782175,0.30434888589108916,0.06930693069306915,18.0,1231.6880207001232
744,0.5449472770049506,0.43019928321782175,0.3029670789851485,0.06930693069306915,19.0,1231.9818192000967
745,0.5436412077425743,0.43019928321782175,0.30537388100990104,0.06435643564356419,19.0,1232.3957522001583
746,0.5319858971980198,0.43019928321782175,0.29629282789108913,0.0742574257425741,18.0,1236.162691900041
747,0.5393129102638614,0.43019928321782175,0.29733271224405944,0.06930693069306915,19.0,1236.6157796001062
748,0.5426952678727723,0.43019928321782175,0.29700219856584154,0.0742574257425741,19.0,1237.919460900128
749,0.5428508291549505,0.43019928321782175,0.2934448885608911,0.07920792079207906,19.0,1238.4476729000453
750,0.5509208547688118,0.43019928321782175,0.2915149141747525,0.07920792079207906,20.0,1238.7125380001962
751,0.5494194273925743,0.43019928321782175,0.3000134867985148,0.07920792079207906,19.0,1239.9468127000146
752,0.556353592620297,0.43019928321782175,0.30066052331336635,0.0742574257425741,20.0,1240.176665800158
753,0.5536414948975248,0.43019928321782175,0.26453258400643564,0.1188118811881187,20.0,1241.8651584000327
754,0.5533217832143564,0.43019928321782175,0.26421287232326734,0.1188118811881187,20.0,1242.258446500171
755,0.5615824080658416,0.43019928321782175,0.26247349717475255,0.1188118811881187,21.0,1243.21658820007
756,0.568096075689604,0.43019928321782175,0.2664129073727723,0.10891089108910879,22.0,1244.334977600025
757,0.5771120864420792,0.43019928321782175,0.26542891812524755,0.10891089108910879,23.0,1244.6799832000397
758,0.5713917331103961,0.43019928321782175,0.28198579251633665,0.07920792079207906,23.0,1245.9663316002116
759,0.5716291045955446,0.43019928321782175,0.27479742142722774,0.08910891089108897,23.0,1247.291702200193
760,0.5756181724173268,0.43019928321782175,0.2762122318232674,0.07920792079207906,24.0,1247.7342867001425
761,0.5825440891559406,0.43019928321782175,0.27685101984900995,0.0742574257425741,25.0,1247.9454590000678
762,0.5846244389668318,0.43019928321782175,0.278931369659901,0.0742574257425741,25.0,1248.1632468001917
763,0.5781107713430693,0.43019928321782175,0.2749919594618812,0.08415841584158401,24.0,1248.9686728001107
764,0.5763401902539604,0.43019928321782175,0.27693424965990104,0.07920792079207906,24.0,1252.2716018999927
765,0.5860343878282179,0.43019928321782175,0.27662844723415847,0.07920792079207906,25.0,1252.6664208001457
766,0.5418689370029702,0.43019928321782175,0.2761758676960396,0.07425742574257421,21.0,1260.7994920001365
767,0.5511486490029702,0.43019928321782175,0.27545557969603957,0.07425742574257421,22.0,1261.2536699001212
768,0.5474287151910892,0.43019928321782175,0.28173564588415845,0.07425742574257421,21.0,1262.1579357001465
769,0.5473170698643565,0.43019928321782175,0.2853368718445545,0.06930693069306926,21.0,1262.808978300076
770,0.5370339168940594,0.43019928321782175,0.28505371887425746,0.06930693069306926,20.0,1263.5056276000105
771,0.5429065437257427,0.43019928321782175,0.2846392169930693,0.06435643564356441,21.0,1264.123740900075
772,0.5374918752108911,0.43019928321782175,0.2892245484782178,0.06435643564356441,20.0,1265.3231225002091
773,0.5343224047158417,0.43019928321782175,0.2960550779831683,0.06435643564356441,19.0,1266.2683053000364
774,0.5318092125673268,0.43019928321782175,0.28982901454752474,0.06930693069306937,19.0,1267.471360700205
775,0.5392298440920793,0.43019928321782175,0.29467538864653464,0.05940594059405946,20.0,1267.7986303002108
776,0.5453863251811881,0.43019928321782175,0.2945447410227723,0.054455445544554504,21.0,1268.1119641000405
777,0.5535339521316832,0.43019928321782175,0.30011811054752474,0.044554455445544594,22.0,1268.7533478999976
778,0.5574863704633664,0.43019928321782175,0.2940705288792079,0.044554455445544594,23.0,1270.4112086000387
779,0.5631838852653466,0.43019928321782175,0.28976804368118814,0.044554455445544594,24.0,1272.084850500105
780,0.5694248489237623,0.43019928321782175,0.2774446509039604,0.06930693069306915,24.0,1273.874018000206
781,0.5694248489237623,0.43019928321782175,0.2774446509039604,0.06930693069306915,24.0,1274.0466990000568
782,0.5541485803247524,0.43019928321782175,0.27474263973069313,0.07920792079207906,22.0,1277.9534499000292
783,0.5578317924831683,0.43019928321782175,0.2795644657504951,0.06435643564356419,23.0,1278.59534050012
784,0.5622952407504951,0.43019928321782175,0.2777407853049505,0.05940594059405924,24.0,1280.6146499000024
785,0.566958717780198,0.43019928321782175,0.2724042623346535,0.05940594059405924,25.0,1281.4128303001635
786,0.570921969640099,0.43019928321782175,0.27008038548168317,0.05445544554455439,26.0,1281.6733079000842
787,0.5804051579371288,0.43019928321782175,0.2695635737787129,0.05445544554455428,27.0,1281.9125934999902
788,0.5874340967985149,0.43019928321782175,0.2740182552143564,0.04455445544554437,28.0,1282.3322838000022
789,0.5834708449386139,0.43019928321782175,0.2763421320673267,0.04950495049504933,27.0,1282.5192156999838
790,0.5838924805277228,0.43019928321782175,0.27305089636930696,0.05445544554455428,27.0,1285.8896153999958
791,0.5815661889782178,0.43019928321782175,0.2744374761069307,0.04950495049504944,27.0,1286.1964273001067
792,0.5902230144732673,0.43019928321782175,0.2730943016019802,0.04950495049504944,28.0,1287.4656629001256
793,0.592096219408911,0.43019928321782175,0.27496750653762375,0.04950495049504944,28.0,1287.7245365001727
794,0.5994850664881188,0.43019928321782175,0.2760692249039604,0.04455445544554448,29.0,1288.3002939000726
795,0.5992832918643565,0.43019928321782175,0.27215457899306933,0.04950495049504933,29.0,1289.3302818001248
796,0.5992832918643565,0.43019928321782175,0.27215457899306933,0.04950495049504933,29.0,1289.5859590000473
797,0.59346304839901,0.43019928321782175,0.27633433552772274,0.04950495049504933,28.0,1291.2656660000794
798,0.5762019251910893,0.43019928321782175,0.2648157865772278,0.14851485148514842,20.0,1299.1248137000948
799,0.57312406589901,0.43019928321782175,0.23089634312673274,0.2029702970297027,19.0,1301.311437100172
800,0.5370151917059407,0.43019928321782175,0.27647063725049514,0.09405940594059381,19.0,1307.4433153001592
801,0.5440563575475248,0.43019928321782175,0.2735118030920793,0.09405940594059381,20.0,1308.8044142001309
802,0.5515845669039604,0.43019928321782175,0.2747528837356436,0.08910891089108885,21.0,1309.0919912001118
803,0.542703991750495,0.43019928321782175,0.2721594372950495,0.09405940594059381,20.0,1310.7487361000385
804,0.5510945750673267,0.43019928321782175,0.27055002061188116,0.09405940594059381,21.0,1311.3838592001703
805,0.5515749961366336,0.43019928321782175,0.27474331296831683,0.08910891089108885,21.0,1311.7615847000852
806,0.5595171739584158,0.43019928321782175,0.27639836207722773,0.0841584158415839,22.0,1312.580086400034
807,0.5685692938594059,0.43019928321782175,0.2754504819782178,0.0841584158415839,23.0,1314.806596700102
808,0.5716603640079208,0.43019928321782175,0.2685415521267327,0.0841584158415839,24.0,1316.5114478000905
809,0.5732707112356435,0.43019928321782175,0.2850033845029703,0.06435643564356408,24.0,1317.9988434000406
810,0.5807894202455446,0.43019928321782175,0.2862349648,0.059405940594059126,25.0,1318.4961033000145
811,0.5902045518940594,0.43019928321782175,0.28565009644851486,0.059405940594059126,26.0,1318.7824640001636
812,0.5954851099633663,0.43019928321782175,0.2809306545178218,0.059405940594059126,27.0,1320.5517236001324
813,0.5968310376044554,0.43019928321782175,0.2822765821589109,0.059405940594059126,27.0,1321.200786100002
814,0.5986360813,0.43019928321782175,0.2840816258544554,0.059405940594059126,27.0,1321.7670524001587
815,0.6076910748643565,0.43019928321782175,0.28684949070594057,0.05445544554455417,28.0,1322.3488237999845
816,0.6154817691217822,0.43019928321782175,0.2846401849633663,0.05445544554455406,29.0,1322.802945600124
817,0.6058126408940594,0.43019928321782175,0.2849710567356435,0.05445544554455406,28.0,1322.943589600036
818,0.6087720727950494,0.43019928321782175,0.2842176173495049,0.059405940594059126,28.0,1323.9433020001743
819,0.6012533637851485,0.43019928321782175,0.2829860370524752,0.06435643564356408,27.0,1324.4772211001255
820,0.610110014790099,0.43019928321782175,0.27812981677029697,0.06930693069306904,28.0,1324.798121200176
821,0.6190901596267326,0.43019928321782175,0.28453570418118806,0.059405940594059126,29.0,1325.0711799000856
822,0.6174316558148515,0.43019928321782175,0.2817385865079207,0.07425742574257399,28.0,1326.0677997001912
823,0.6232081326663366,0.43019928321782175,0.27751506335940584,0.07425742574257399,29.0,1326.935971400002
824,0.620748229280198,0.43019928321782175,0.2702036748247525,0.09405940594059381,28.0,1328.4971759000327
825,0.6236138983891089,0.43019928321782175,0.28534657165643557,0.06435643564356408,29.0,1329.5799198001623
826,0.6224256379683168,0.43019928321782175,0.2521781132158416,0.13366336633663334,27.0,1336.4859435001854
827,0.6224256379683168,0.43019928321782175,0.2521781132158416,0.13366336633663334,27.0,1337.2701797999907
828,0.6224256379683168,0.43019928321782175,0.2521781132158416,0.13366336633663334,27.0,1346.3968379001599
829,0.6296902435772278,0.43019928321782175,0.24944271882475252,0.13366336633663334,28.0,1346.7780394000001
830,0.6296902435772278,0.43019928321782175,0.24944271882475252,0.13366336633663334,28.0,1347.3076145001687
831,0.6360016111514851,0.43019928321782175,0.24204121511188123,0.1386138613861383,29.0,1349.3710591001436
832,0.6224256379683168,0.43019928321782175,0.2521781132158416,0.13366336633663334,27.0,1350.0129108000547
833,0.6312709373792079,0.43019928321782175,0.2510234126267327,0.13366336633663334,28.0,1350.513890700182
834,0.6216527538049506,0.43019928321782175,0.2514052290524753,0.13366336633663334,27.0,1351.0512021000031
835,0.6120118329138614,0.43019928321782175,0.2517643081613862,0.13366336633663334,26.0,1351.496400900185
836,0.6112994474584159,0.43019928321782175,0.2510519227059406,0.13366336633663334,26.0,1352.0666636000387
837,0.6093599712554456,0.43019928321782175,0.24911244650297035,0.13366336633663334,26.0,1352.4132860000245
838,0.6162963496712872,0.43019928321782175,0.27203892392871293,0.09900990099009865,27.0,1354.383813700173
839,0.5920030124930693,0.43019928321782175,0.2517554877405941,0.13366336633663334,24.0,1355.1510752001777
840,0.5939126342257426,0.43019928321782175,0.25366510947326737,0.13366336633663334,24.0,1355.967196200043
841,0.5859717177059406,0.43019928321782175,0.2557241929534654,0.13366336633663334,23.0,1356.2648120999802
842,0.5848667626564357,0.43019928321782175,0.25461923790396046,0.13366336633663334,23.0,1356.8979368000291
843,0.5914707065178217,0.43019928321782175,0.2549360530524753,0.12871287128712838,24.0,1357.6603119000793
844,0.593687297260396,0.43019928321782175,0.25715264379504954,0.12871287128712838,24.0,1358.086240899982
845,0.5983284891415841,0.43019928321782175,0.2480809643891089,0.13366336633663334,25.0,1359.7066138000228
846,0.585528678329703,0.43019928321782175,0.25528115357722775,0.13366336633663334,23.0,1360.2281661999878
847,0.5790064200128713,0.43019928321782175,0.2550460239732673,0.1386138613861383,22.0,1360.4528612000868
848,0.5871650389435643,0.43019928321782175,0.2569175141910891,0.13366336633663334,23.0,1361.0124471001327
849,0.5793669577356435,0.43019928321782175,0.2554065616960396,0.1386138613861383,22.0,1361.9999440000392
850,0.5718387483792079,0.43019928321782175,0.2541654810524752,0.14356435643564325,21.0,1362.2190581001341
851,0.5744664926366336,0.43019928321782175,0.2579318391712871,0.12871287128712838,22.0,1363.4976662001573
852,0.5794932338247525,0.43019928321782175,0.2629585803594059,0.12871287128712838,22.0,1364.716247000033
853,0.5715368307059406,0.43019928321782175,0.26128930595346533,0.13366336633663334,21.0,1364.9223619000986
854,0.5773617319980199,0.43019928321782175,0.25711420724554457,0.13366336633663334,22.0,1366.592518800171
855,0.5800816943693069,0.43019928321782175,0.26354704090396036,0.12871287128712838,22.0,1367.690681300126
856,0.5878113381811881,0.43019928321782175,0.2649895560029703,0.12376237623762343,23.0,1367.9751383000985
857,0.5894932512108911,0.43019928321782175,0.26295859774554453,0.12871287128712838,23.0,1368.3112350001466
858,0.5985971796465346,0.43019928321782175,0.2806268826168316,0.10396039603960361,24.0,1369.8539851000533
859,0.6069027485574258,0.43019928321782175,0.28264532281485144,0.09900990099009865,25.0,1370.3739351001568
860,0.5972890880524753,0.43019928321782175,0.28303166230990096,0.09900990099009865,24.0,1370.6905952000525
861,0.5843809121613861,0.43019928321782175,0.2961135854287129,0.06435643564356397,24.0,1374.114578800043
862,0.5835620121118812,0.43019928321782175,0.28673032894356437,0.08910891089108874,23.0,1376.928554699989
863,0.5740783152029704,0.43019928321782175,0.2872466320346535,0.08910891089108874,22.0,1377.492529500043
864,0.5814574884915842,0.43019928321782175,0.28462580532326737,0.08910891089108874,23.0,1377.821152599994
865,0.5886705406782178,0.43019928321782175,0.2855517287970297,0.08415841584158379,24.0,1378.021899400046
866,0.5888735926039603,0.43019928321782175,0.2857547807227723,0.08415841584158379,24.0,1378.381371700205
867,0.5983233961386138,0.43019928321782175,0.28520458425742573,0.08415841584158379,25.0,1378.6375984000042
868,0.5797223514504951,0.43019928321782175,0.2940292821435644,0.07425742574257388,23.0,1379.8090518000536
869,0.5706184230148516,0.43019928321782175,0.2763609972722772,0.09900990099009865,22.0,1381.4405092000961
870,0.5784734114306931,0.43019928321782175,0.2779288569752475,0.0940594059405937,23.0,1382.7009563001338
871,0.5858797252178218,0.43019928321782175,0.27904804204950495,0.08910891089108874,24.0,1382.9811337001156
872,0.5938633707128713,0.43019928321782175,0.28074455883168314,0.08415841584158379,25.0,1383.725932000205
873,0.6029672991485149,0.43019928321782175,0.2984128437029703,0.059405940594059015,26.0,1385.2700377001893
874,0.5839881305346535,0.43019928321782175,0.2920079325148514,0.06930693069306892,24.0,1386.7252067001536
875,0.5490684570990099,0.43019928321782175,0.2548110313564356,0.09900990099009865,22.0,1390.1359806000255
876,0.5583926837920792,0.43019928321782175,0.25413525804950493,0.09900990099009865,23.0,1390.4976194000337
877,0.5563171839653465,0.43019928321782175,0.255772629509901,0.0940594059405937,23.0,1392.2518873000517
878,0.5485743552574257,0.43019928321782175,0.2580298008019803,0.0940594059405937,22.0,1392.6599223001394
879,0.5631003207623763,0.43019928321782175,0.22800131086138614,0.15346534653465316,22.0,1396.3070106001105
880,0.5726213909059406,0.43019928321782175,0.23123525229207925,0.1485148514851482,23.0,1396.6588522000238
881,0.42892817969306934,0.42892817969306934,0.24868065494059405,0.13366336633663356,8.0,1404.2398194000125
882,0.46632772469801975,0.42892817969306934,0.22667425935148514,0.21287128712871284,8.0,1412.5300673001911
883,0.4608921652772277,0.42892817969306934,0.23866444250495045,0.20297029702970293,7.0,1420.2026080000214
884,0.4703261985940594,0.42892817969306934,0.23809847582178212,0.20297029702970293,8.0,1420.5755276000127
885,0.4520557773762376,0.42892817969306934,0.26354092589108913,0.19801980198019808,4.0,1428.4831302000675
886,0.45811229549009896,0.42892817969306934,0.2633103152920792,0.19306930693069302,5.0,1429.0611533001065
887,0.46286211289603957,0.42892817969306934,0.2520700336881188,0.2277227722772277,4.0,1441.0731116000097
888,0.44613391232178223,0.42892817969306934,0.28618341727227725,0.1732673267326733,3.0,1449.778901200043
889,0.4447091071336634,0.42892817969306934,0.2847586120841584,0.1732673267326732,3.0,1457.151006900007
890,0.44994574163861384,0.42892817969306934,0.2799952465891089,0.1732673267326732,4.0,1467.3185552000068
891,0.45193264718316833,0.42892817969306934,0.2856950234207921,0.16831683168316824,4.0,1476.7379076001234
892,0.45189812980693067,0.42892817969306934,0.28566050604455445,0.16831683168316824,4.0,1477.0825516001787
893,0.4505168864990099,0.42892817969306934,0.2842792627366337,0.16831683168316824,4.0,1477.4212608002126
894,0.45227297925742577,0.42892817969306934,0.2860353554950495,0.16831683168316836,4.0,1486.178022700129
895,0.45015120826732674,0.42892817969306934,0.31361655480198014,0.12871287128712872,4.0,1488.8997388000134
896,0.45334118768316833,0.42892817969306934,0.3068065342178217,0.12871287128712872,5.0,1489.894649400143
897,0.4513682523415842,0.42892817969306934,0.3059722127376237,0.11386138613861385,6.0,1491.0439475001767
898,0.4612030649455445,0.42892817969306934,0.3058070253415841,0.11386138613861385,7.0,1491.4076678000856
899,0.4517424237673267,0.42892817969306934,0.25694044356930695,0.19306930693069313,5.0,1501.1792015000246
900,0.45992802901485147,0.42892817969306934,0.26626466267821786,0.17821782178217827,6.0,1502.1945722000673
901,0.46590731287128717,0.42892817969306934,0.2622439465346535,0.17821782178217815,7.0,1503.049558600178
902,0.4651901233663367,0.42892817969306934,0.2849425986138614,0.13366336633663356,8.0,1507.7988344000187
903,0.4639076373811881,0.42892817969306934,0.27994724134158416,0.13861386138613863,8.0,1509.087533700047
904,0.44864604514851486,0.42892817969306934,0.2883985203960396,0.13366336633663356,6.0,1516.7062074001878
905,0.46173439897029706,0.42892817969306934,0.3051997455049505,0.1287128712871286,6.0,1518.6868861999828
906,0.449725091980198,0.42892817969306934,0.2994775672277228,0.13366336633663356,5.0,1522.472640000051
907,0.4553495942574257,0.42892817969306934,0.3025278120792079,0.12376237623762365,6.0,1524.2726861999836
908,0.4639052232920792,0.42892817969306934,0.3047963124009901,0.1188118811881187,7.0,1524.9159184000455
909,0.4611316408910891,0.42892817969306934,0.30202273,0.1188118811881187,7.0,1525.7845841001254
910,0.46452480574257426,0.42892817969306934,0.30170302356435647,0.12376237623762365,7.0,1530.6065589000937
911,0.4609416989108911,0.42892817969306934,0.2981199167326733,0.12376237623762365,7.0,1532.2838700001594
912,0.46269960094059404,0.42892817969306934,0.2961649474752475,0.1287128712871286,7.0,1534.0178955001757
913,0.4679676480693069,0.42892817969306934,0.2914329946039604,0.1287128712871286,8.0,1537.9646317001898
914,0.47531097579207915,0.42892817969306934,0.2924891936138614,0.12376237623762365,9.0,1540.2832399001345
915,0.4806210965841584,0.42892817969306934,0.28408644311881187,0.1287128712871286,10.0,1541.0789690001402
916,0.48702313683168313,0.42892817969306934,0.28420135465346535,0.12376237623762365,11.0,1541.3737893002108
917,0.4876047249752475,0.42892817969306934,0.281070071509901,0.1287128712871286,11.0,1541.6245246001054
918,0.4924609101633663,0.42892817969306934,0.2759262566980198,0.1287128712871286,12.0,1542.3661152001005
919,0.4999498408514851,0.42892817969306934,0.27712805867326734,0.12376237623762365,13.0,1543.0239503001794
920,0.49953754135643563,0.42892817969306934,0.27671575917821783,0.12376237623762365,13.0,1543.242598199984
921,0.5018505152128713,0.42892817969306934,0.2790287330346535,0.12376237623762365,13.0,1543.4822172001004
922,0.5090650238762376,0.42892817969306934,0.27995611298514855,0.1188118811881187,14.0,1545.0071974000894
923,0.5093394459009901,0.42892817969306934,0.280230535009901,0.1188118811881187,14.0,1545.6508473001886
924,0.5093394459009901,0.42892817969306934,0.280230535009901,0.1188118811881187,14.0,1548.005407200195
925,0.5073386200346535,0.42892817969306934,0.2956554517178218,0.10891089108910879,13.0,1553.7730333001819
926,0.5052310153811881,0.42892817969306934,0.29354784706435644,0.10891089108910867,13.0,1554.7332041000482
927,0.513957048990099,0.42892817969306934,0.2848481380990099,0.11881188118811858,14.0,1555.1940596001223
928,0.5204901456782178,0.42892817969306934,0.2925198486485149,0.10396039603960372,15.0,1555.7525086000096
929,0.5186379792920792,0.42892817969306934,0.29066768226237627,0.10396039603960372,15.0,1556.3411168002058
930,0.5280214405792079,0.42892817969306934,0.29005114354950495,0.10396039603960372,16.0,1556.6447402001359
931,0.525153775579208,0.42892817969306934,0.2834706072623762,0.10891089108910867,16.0,1557.5251668000128
932,0.5257738242970297,0.42892817969306934,0.252110457960396,0.17821782178217804,14.0,1566.2082423001993
933,0.5297720168613861,0.42892817969306934,0.2572472643861386,0.1633663366336633,15.0,1567.6227008001879
934,0.5294794068118812,0.42892817969306934,0.29522198106930686,0.09900990099009899,16.0,1570.9134751001839
935,0.5210093175940593,0.42892817969306934,0.2793261492772276,0.1089108910891089,16.0,1574.3888486002106
936,0.529356529980198,0.42892817969306934,0.29252484681188107,0.08910891089108908,17.0,1575.6723029999994
937,0.5364634978366336,0.42892817969306934,0.2896318146683167,0.08910891089108908,18.0,1576.2124561001547
938,0.5077510573019802,0.42892817969306934,0.2897807602722772,0.10396039603960383,14.0,1578.7744454001077
939,0.5139059864108911,0.42892817969306934,0.2896485606683168,0.09900990099009888,15.0,1579.8380405001808
940,0.5048246303712871,0.42892817969306934,0.2868543333415841,0.10396039603960383,14.0,1580.5208688999992
941,0.5118984780940594,0.42892817969306934,0.2950667949257425,0.08910891089108897,15.0,1581.6342531000264
942,0.5196772709653465,0.42892817969306934,0.2928455877970296,0.08910891089108897,16.0,1582.0441172001883
943,0.5079789886039604,0.42892817969306934,0.2900086915742574,0.10396039603960383,14.0,1583.3330689000431
944,0.5079789886039604,0.42892817969306934,0.2900086915742574,0.10396039603960383,14.0,1583.9117211999837
945,0.5082779625396039,0.42892817969306934,0.29030766550990095,0.10396039603960383,14.0,1584.566240800079
946,0.5090436951534653,0.42892817969306934,0.2750832991138613,0.13861386138613851,13.0,1590.2014215001836
947,0.5141797257772276,0.42892817969306934,0.28135794359900984,0.12376237623762343,14.0,1590.7116716001183
948,0.5158539737673267,0.42892817969306934,0.2718935777277227,0.13861386138613851,14.0,1592.9930122001097
949,0.5252638817376236,0.42892817969306934,0.2750163569851485,0.13366336633663356,15.0,1593.854541500099
950,0.5339554692128712,0.42892817969306934,0.28113368703465347,0.12376237623762365,16.0,1594.6958057000302
951,0.5252638817376236,0.42892817969306934,0.2750163569851485,0.13366336633663356,15.0,1595.557308500167
952,0.5339400201336633,0.42892817969306934,0.27369249538118806,0.13366336633663356,16.0,1596.5165080002043
953,0.5319986760445543,0.42892817969306934,0.26803828000495045,0.1386138613861384,16.0,1597.67995970021
954,0.5328910341881187,0.42892817969306934,0.2689306381485148,0.1386138613861384,16.0,1598.8391389001627
955,0.5384651567376236,0.42892817969306934,0.2756433745594059,0.12376237623762343,17.0,1599.4258793999907
956,0.5247634927678217,0.42892817969306934,0.28080309672821774,0.13861386138613863,14.0,1607.1836522000376
957,0.5343030144113861,0.42892817969306934,0.2803426183717821,0.13861386138613851,15.0,1607.8260344001465
958,0.5148825334757425,0.42892817969306934,0.2809221374361386,0.13861386138613863,13.0,1608.057212300133
959,0.5226728018420792,0.42892817969306934,0.27871240580247525,0.13861386138613863,14.0,1610.8662392001133
960,0.5067335519707921,0.42892817969306934,0.29876325494108913,0.10396039603960394,13.0,1613.8637958001345
961,0.5102967527975248,0.42892817969306934,0.2923264557678218,0.10396039603960394,14.0,1614.6203617001884
962,0.5134409635896039,0.42892817969306934,0.3040350229955446,0.07920792079207917,15.0,1617.0594494000543
963,0.5215595464113861,0.42892817969306934,0.30215360581732675,0.07920792079207917,16.0,1618.519713500049
964,0.5217115176490099,0.42892817969306934,0.3034441909163366,0.06435643564356419,17.0,1619.2158296999987
965,0.5258124968717822,0.42892817969306934,0.27185210083217826,0.13861386138613851,15.0,1627.5905823002104
966,0.5268412191860891,0.42892817969306934,0.287732308295,0.1188118811881187,15.0,1633.3558751000091
967,0.5002903991490099,0.42892817969306934,0.28746861697079207,0.12376237623762376,12.0,1640.0773683001753
968,0.4997953058470297,0.42892817969306934,0.2732606523816832,0.1287128712871286,13.0,1642.1823088000529
969,0.5055146982232673,0.42892817969306934,0.2652671734707921,0.13366336633663345,14.0,1643.3654955001548
970,0.503483850500495,0.42892817969306934,0.28551355347079205,0.10396039603960394,14.0,1645.089769600192
971,0.5096172537480198,0.42892817969306934,0.27793408543118814,0.1089108910891089,15.0,1646.2241365001537
972,0.5154349598519801,0.42892817969306934,0.2814745638123763,0.13861386138613851,13.0,1653.5799430001061
973,0.507335712460891,0.42892817969306934,0.28337531642128716,0.13861386138613851,12.0,1653.8353356001899
974,0.49908231330247516,0.42892817969306934,0.26769617468861384,0.14851485148514842,12.0,1657.0532151001971
975,0.5058507826589109,0.42892817969306934,0.2681775153321782,0.14356435643564347,13.0,1658.4903882001527
976,0.5103199456787129,0.42892817969306934,0.2589338070648515,0.14851485148514842,14.0,1660.9071328002028
977,0.5148779865698019,0.42892817969306934,0.26720471924306927,0.14356435643564347,14.0,1662.900870700134
978,0.5131201156094058,0.42892817969306934,0.26544684828267323,0.14356435643564347,14.0,1665.0148597999942
979,0.5212252063519801,0.42892817969306934,0.25983906773811877,0.14851485148514842,15.0,1668.3263272000477
980,0.4851559398222772,0.42892817969306934,0.2514925734856435,0.17821782178217815,10.0,1674.5168829001486
981,0.49072096622821776,0.42892817969306934,0.24705759989158416,0.17821782178217815,11.0,1676.0901335000526
982,0.4810658144816832,0.42892817969306934,0.2474024481450495,0.17821782178217815,10.0,1676.255342700053
983,0.4849845470559405,0.42892817969306934,0.252459794580693,0.1633663366336633,11.0,1677.3478200000245
984,0.4849845470559405,0.42892817969306934,0.252459794580693,0.1633663366336633,11.0,1678.4447264000773
985,0.45926625893564355,0.42892817969306934,0.25817715002475244,0.18811881188118806,6.0,1686.6219827001914
986,0.4513703572574258,0.42892817969306934,0.2477069909207921,0.17821782178217827,7.0,1687.8242669000756
987,0.45756863929207925,0.42892817969306934,0.24390527295544556,0.17821782178217827,8.0,1688.0962555999868
988,0.4579958364653466,0.42892817969306934,0.2517582127029703,0.16831683168316836,8.0,1690.7116133000236
989,0.41672704528712873,0.41672704528712873,0.26875674825742574,0.10396039603960405,7.0,1696.5476869000122
990,0.42341093726732676,0.41672704528712873,0.2691535115247525,0.0990099009900991,8.0,1698.081956700189
991,0.42438069766336634,0.41672704528712873,0.27012327192079205,0.09900990099009888,8.0,1699.281169100199
992,0.42545949751485146,0.41672704528712873,0.2674892004851485,0.10396039603960383,8.0,1700.3850532001816
993,0.42467695598019806,0.41672704528712873,0.266706658950495,0.10396039603960405,8.0,1701.9543447000906
994,0.42764931448514854,0.41672704528712873,0.26596614616831676,0.10891089108910901,8.0,1703.6392938999925
995,0.4296705971089109,0.41672704528712873,0.25684881493069306,0.12376237623762365,8.0,1707.1947054001503
996,0.4277703983960396,0.41672704528712873,0.2549486162178217,0.12376237623762365,8.0,1710.756275900174
997,0.42777925295049507,0.41672704528712873,0.24381885691089106,0.13861386138613851,8.0,1712.8877758001909
998,0.43573034349504947,0.41672704528712873,0.25290856131683165,0.12376237623762365,9.0,1714.2428465001285
999,0.4440099724227723,0.41672704528712873,0.2474753189574257,0.1287128712871285,10.0,1714.5496092000976
1000,0.44247207973267333,0.41672704528712873,0.24593742626732673,0.1287128712871286,10.0,1715.6452584001236
