Iteration,obj,obj_bound,cost,loss,comp,time
1,0.5612904395940593,0.5332500849405941,0.2850528158316831,0.16831683168316847,5.0,15.429095599800348
2,0.5864881075643564,0.5332500849405941,0.295101968950495,0.14851485148514842,6.0,16.899293299997225
3,0.6075168970792079,0.5332500849405941,0.2824178871782178,0.15346534653465338,7.0,18.718656999990344
4,0.6092952619752475,0.5332500849405941,0.2767705095,0.1633663366336633,7.0,19.380138299893588
5,0.634539555039604,0.5332500849405941,0.2794405451386138,0.15346534653465338,8.0,19.851988999871537
6,0.6092952619752475,0.5332500849405941,0.2767705095,0.1633663366336633,7.0,20.340019299881533
7,0.6379145483118811,0.5332500849405941,0.27910266712376236,0.15841584158415833,8.0,21.606159299844876
8,0.6579442276683167,0.5332500849405941,0.30254818806435635,0.11386138613861374,9.0,29.555113999871537
9,0.6331598843514851,0.5332500849405941,0.30033810217326723,0.12376237623762365,8.0,31.58777069998905
10,0.6306033203217821,0.5332500849405941,0.2940686668564356,0.1287128712871286,8.0,40.6108056998346
11,0.6296789841831683,0.5332500849405941,0.29314433071782175,0.1287128712871286,8.0,43.696929999860004
12,0.6584737808811881,0.5332500849405941,0.29193912741584155,0.1287128712871286,9.0,44.77632339997217
13,0.6810587581089108,0.5332500849405941,0.28452410464356437,0.12871287128712838,10.0,46.57078369986266
14,0.7080148055346533,0.5332500849405941,0.28519302335643565,0.12376237623762343,11.0,59.103221599943936
15,0.6792200088366336,0.5332500849405941,0.2863982266584158,0.12376237623762365,10.0,60.651054499903694
16,0.7086526608663366,0.5332500849405941,0.28583087868811874,0.12376237623762365,11.0,61.898637200007215
17,0.7365512818415841,0.5332500849405941,0.28372949966336636,0.12376237623762365,12.0,62.78775159991346
18,0.7130669903564356,0.5332500849405941,0.2865323368910891,0.1287128712871286,11.0,64.53122969996184
19,0.6846195114752475,0.5332500849405941,0.2955106005841584,0.1188118811881187,10.0,67.37109659984708
20,0.6074998247524751,0.5332500849405941,0.28982655742574254,0.14356435643564347,7.0,82.05446329992265
21,0.6074998247524751,0.5332500849405941,0.28982655742574254,0.14356435643564347,7.0,82.64334509987384
22,0.5791248032178217,0.5332500849405941,0.291451535891089,0.14356435643564347,6.0,84.24143039993942
23,0.6075373547524752,0.5332500849405941,0.28986408742574254,0.14356435643564347,7.0,85.00776339997537
24,0.6369307701732672,0.5332500849405941,0.2892575028465347,0.14356435643564347,8.0,85.75394549989142
25,0.6648861729950495,0.5332500849405941,0.28721290566831686,0.14356435643564347,9.0,94.110860100016
26,0.6912060207673266,0.5332500849405941,0.2872456247277228,0.13861386138613851,10.0,94.52340299985372
27,0.6868413307425741,0.5332500849405941,0.2903066772772277,0.1287128712871286,10.0,94.92383139999583
28,0.7166708094207919,0.5332500849405941,0.2901361559554455,0.1287128712871286,11.0,95.33145729987882
29,0.6857952604603959,0.5332500849405941,0.28926060699504946,0.1287128712871286,10.0,97.43091239989735
30,0.711554635361386,0.5332500849405941,0.29244572447029693,0.1188118811881187,11.0,99.13948779995553
31,0.74106280390099,0.5332500849405941,0.29195389300990093,0.1188118811881187,12.0,99.5844921998214
32,0.7120100822673266,0.5332500849405941,0.2929011713762376,0.1188118811881187,11.0,101.03081109980121
33,0.6825019137277226,0.5332500849405941,0.2933930028366336,0.1188118811881187,10.0,101.309622899862
34,0.7115812768465346,0.5332500849405941,0.2924723659554455,0.1188118811881187,11.0,102.80618219985627
35,0.71403537650198,0.5332500849405941,0.29492646561089103,0.1188118811881187,11.0,112.15892829978839
36,0.6861216762544554,0.5332500849405941,0.29701276536336635,0.1188118811881187,10.0,113.89897269988433
37,0.6566649629376238,0.5332500849405941,0.2938431807594059,0.12376237623762365,9.0,115.38959649996832
38,0.6827086902148514,0.5332500849405941,0.29359977932376236,0.1188118811881187,10.0,116.82350479997694
39,0.7114177838435642,0.5332500849405941,0.2960217442396039,0.11386138613861374,11.0,117.13521869992837
40,0.7122168587544554,0.5332500849405941,0.29310794786336636,0.1188118811881187,11.0,117.52836809982546
41,0.7407139834673268,0.5332500849405941,0.2953179438633664,0.11386138613861374,12.0,117.93029889999889
42,0.7645859635663367,0.5332500849405941,0.2817641813881188,0.12376237623762365,13.0,125.04755649995059
43,0.7358917608683169,0.5332500849405941,0.2793571074029703,0.1287128712871286,12.0,125.48462679982185
44,0.7328337971851484,0.5332500849405941,0.2800120150069307,0.12376237623762365,12.0,125.90598629997112
45,0.7320609266504949,0.5332500849405941,0.2755262731851485,0.1287128712871286,12.0,126.51922929985449
46,0.7596034224475248,0.5332500849405941,0.2730687689821782,0.1287128712871286,13.0,128.8022230998613
47,0.7308115046059405,0.5332500849405941,0.274276851140594,0.1287128712871286,12.0,129.60180529998615
48,0.7047677773287129,0.5332500849405941,0.27452025257623763,0.13366336633663356,11.0,131.80075419996865
49,0.6771103867792079,0.5332500849405941,0.2545856343039604,0.1633663366336633,10.0,138.48093819990754
50,0.6812726409376237,0.5332500849405941,0.2698865023237624,0.14851485148514842,10.0,145.7473189998418
51,0.6770238543534652,0.5332500849405941,0.2842020721752475,0.12376237623762365,10.0,154.42128259991296
52,0.7069191624029703,0.5332500849405941,0.28409738022475245,0.12376237623762365,11.0,154.70799899986014
53,0.7105596899178217,0.5332500849405941,0.2877379077396039,0.12376237623762365,11.0,156.04803079995327
54,0.6809849908910891,0.5332500849405941,0.2881632087128712,0.12376237623762365,10.0,156.21852529980242
55,0.7048353998019802,0.5332500849405941,0.29686510277227723,0.10396039603960383,11.0,161.4586575999856
56,0.7024755301683168,0.5332500849405941,0.29079236185148516,0.10891089108910867,11.0,164.29647329985164
57,0.6533773517772278,0.5332500849405941,0.2868426983118812,0.12871287128712872,9.0,166.85050749988295
58,0.6793377881138614,0.5332500849405941,0.2865160059356436,0.12376237623762376,10.0,168.859236799879
59,0.6469604454257427,0.5332500849405941,0.28785153453465345,0.1188118811881187,9.0,171.85634909989312
60,0.6520723364158416,0.5332500849405941,0.28553768295049503,0.1287128712871286,9.0,177.83337169978768
61,0.6259153791534654,0.5332500849405941,0.28938072568811873,0.1287128712871286,8.0,185.58214449998923
62,0.6532279082128714,0.5332500849405941,0.2904061260346534,0.12376237623762365,9.0,186.1961791999638
63,0.6753644992524752,0.5332500849405941,0.28625558836138615,0.1188118811881187,10.0,188.4886550998781
64,0.6532279082128714,0.5332500849405941,0.2904061260346534,0.12376237623762365,9.0,190.72434139996767
65,0.625003186881188,0.5332500849405941,0.29589427599009893,0.1188118811881187,8.0,194.4108257999178
66,0.6555098573762377,0.5332500849405941,0.2964009464851485,0.1188118811881187,9.0,197.80201589991339
67,0.6295008273267326,0.5332500849405941,0.29667904514851484,0.12376237623762365,8.0,209.26457989984192
68,0.6576379182178218,0.5332500849405941,0.2985290073267327,0.1188118811881187,9.0,210.02644199994393
69,0.6057679602722773,0.5332500849405941,0.3103719206683169,0.11386138613861374,7.0,218.9386978999246
70,0.6256632377970297,0.5332500849405941,0.31511868334158416,0.09405940594059392,8.0,221.97076719999313
71,0.6519978908019801,0.5332500849405941,0.31145333634653466,0.09405940594059392,9.0,223.13614249997772
72,0.6530881994752475,0.5332500849405941,0.26798918957425744,0.15346534653465338,9.0,227.8873452998232
73,0.62370289340099,0.5332500849405941,0.2723167547871287,0.14851485148514854,8.0,230.1606374999974
74,0.6520103934455446,0.5332500849405941,0.26691138354455446,0.1534653465346535,9.0,231.24604179989547
75,0.6527037117673267,0.5332500849405941,0.27131757315346533,0.14851485148514842,9.0,233.31944689992815
76,0.6246568169653465,0.5332500849405941,0.26955780706435645,0.15346534653465338,8.0,234.43429239979014
77,0.6281870965693068,0.5332500849405941,0.2768009579554455,0.14851485148514854,8.0,236.18616869999096
78,0.6294333872029703,0.5332500849405941,0.2817601198762376,0.14356435643564358,8.0,244.44426609994844
79,0.6502030841831683,0.5332500849405941,0.27252981685643557,0.14356435643564347,9.0,249.04891789983958
80,0.6303078066584158,0.5332500849405941,0.26778305418316833,0.1633663366336633,8.0,255.00155109982006
81,0.6309149871534654,0.5332500849405941,0.26096449210396044,0.1732673267326732,8.0,258.0112441999372
82,0.6588583873019802,0.5332500849405941,0.2589078922524753,0.1732673267326732,9.0,259.90198749979027
83,0.6848275246287128,0.5332500849405941,0.26601564344059403,0.15841584158415833,10.0,262.8756567998789
84,0.7085426596287129,0.5332500849405941,0.285720877450495,0.12376237623762376,11.0,264.78162179980427
85,0.732706096509901,0.5332500849405941,0.2873100569059406,0.11386138613861385,12.0,266.3672342998907
86,0.7062599328960395,0.5332500849405941,0.2908638932920792,0.11386138613861385,11.0,268.0471093999222
87,0.733404018559406,0.5332500849405941,0.2880079789554455,0.11386138613861385,12.0,269.31140699982643
88,0.7071435707376237,0.5332500849405941,0.2880346598465346,0.1188118811881188,11.0,277.4079528998118
89,0.679874520539604,0.5332500849405941,0.2796269957871287,0.13366336633663367,10.0,281.6415887000039
90,0.6505278898465346,0.5332500849405941,0.2802803650940594,0.13366336633663378,9.0,284.0554017999675
91,0.62455378740099,0.5332500849405941,0.2768805200742574,0.1435643564356437,8.0,285.7390277998056
92,0.62455378740099,0.5332500849405941,0.2768805200742574,0.1435643564356437,8.0,294.68521009990945
93,0.6505570752227723,0.5332500849405941,0.28030955047029704,0.13366336633663378,9.0,295.80241649993695
94,0.5996991422277227,0.5332500849405941,0.25974864717821783,0.1732673267326732,7.0,300.5177431998309
95,0.5736958544059405,0.5332500849405941,0.25631961678217824,0.1831683168316831,6.0,301.6311733999755
96,0.5555933038118812,0.5332500849405941,0.2682170661881188,0.1831683168316831,5.0,309.1932488998864
97,0.5352038797376237,0.5332500849405941,0.2926791272623762,0.1633663366336634,4.0,320.6241334998049
98,0.5680161804326733,0.5332500849405941,0.2954914279574258,0.1633663366336634,5.0,333.44236639980227
99,0.5919815724128713,0.5332500849405941,0.2746053347891089,0.1831683168316831,6.0,344.8525576000102
100,0.531923448910891,0.531923448910891,0.27454721128712867,0.1831683168316831,4.0,356.03438739990816
101,0.5026694689158415,0.5026694689158415,0.27529323129207917,0.1831683168316831,3.0,356.91217069979757
102,0.5086714978712872,0.5026694689158415,0.2924338741089109,0.16831683168316836,3.0,366.299808899872
103,0.5086714978712872,0.5026694689158415,0.2924338741089109,0.16831683168316836,3.0,375.6466737999581
104,0.5321722328267326,0.5026694689158415,0.28593460906435647,0.16831683168316824,4.0,376.15517539996654
105,0.5599631022722773,0.5026694689158415,0.28372547850990104,0.16831683168316824,5.0,376.5335201998241
106,0.5359642015643564,0.5026694689158415,0.2860137065148515,0.1732673267326732,4.0,377.23407909995876
107,0.5519785491881188,0.5026694689158415,0.25346369770297034,0.19801980198019797,5.0,384.3197488998994
108,0.5777569911683167,0.5026694689158415,0.2603807535445545,0.1831683168316831,6.0,388.7452675998211
109,0.6061542531485148,0.5026694689158415,0.2587780155247525,0.1831683168316831,7.0,391.8759225998074
110,0.6097219372574256,0.5026694689158415,0.25120708577227724,0.19801980198019797,7.0,394.9835928999819
111,0.6365896269554454,0.5026694689158415,0.24807477547029702,0.19801980198019797,8.0,395.73812609980814
112,0.6048844584455445,0.5026694689158415,0.25750822082178215,0.1831683168316831,7.0,403.90790309989825
113,0.6320713099950495,0.5026694689158415,0.2584079436584158,0.17821782178217815,8.0,404.2664225997869
114,0.6604728643762376,0.5026694689158415,0.2568094980396039,0.17821782178217815,9.0,411.3528493999038
115,0.6815355345742573,0.5026694689158415,0.28128800982178215,0.13366336633663356,10.0,416.29548450000584
116,0.6591221639801981,0.5026694689158415,0.2888746392277228,0.13366336633663356,9.0,416.91641779989004
117,0.6887112725267326,0.5026694689158415,0.28846374777425743,0.13366336633663356,10.0,417.3077960999217
118,0.6676486023287129,0.5026694689158415,0.2639852359920792,0.17821782178217815,9.0,424.35538319987245
119,0.6404861644079207,0.5026694689158415,0.25568418420990097,0.19306930693069302,8.0,426.50185130001046
120,0.6694087053881188,0.5026694689158415,0.2583195964772277,0.18811881188118806,9.0,426.74938329984434
121,0.6701200368831683,0.5026694689158415,0.2701695418336633,0.1732673267326732,9.0,429.9852632000111
122,0.6970604023089109,0.5026694689158415,0.27082277854653464,0.16831683168316824,10.0,430.21349409990944
123,0.6970604023089109,0.5026694689158415,0.27082277854653464,0.16831683168316824,10.0,430.4978306000121
124,0.7267201095861386,0.5026694689158415,0.25563100067524747,0.18811881188118806,11.0,437.58651799988
125,0.7435948208732673,0.5026694689158415,0.2573571971108911,0.16831683168316813,12.0,442.7951610998716
126,0.7131864123287128,0.5026694689158415,0.3274933430217822,0.0742574257425741,11.0,450.6245728000067
127,0.7405255165366338,0.5026694689158415,0.30998096208118814,0.09405940594059392,12.0,454.2164091998711
128,0.7142179088930694,0.5026694689158415,0.3136733544376238,0.09405940594059392,11.0,455.8245444998611
129,0.7411973234475249,0.5026694689158415,0.31436564027920794,0.08910891089108897,12.0,457.18825789983384
130,0.7149328944376239,0.5026694689158415,0.3292398251306931,0.0742574257425741,11.0,460.31633910001256
131,0.7367620933138614,0.5026694689158415,0.3210690240069307,0.0742574257425741,12.0,461.7793250998948
132,0.7643498758732674,0.5026694689158415,0.3223696778534654,0.06930693069306915,13.0,462.05458379979245
133,0.733192855279208,0.5026694689158415,0.3174997859722773,0.0742574257425741,12.0,463.4787887998391
134,0.7617924038930693,0.5026694689158415,0.3160993345861387,0.0742574257425741,13.0,464.19063490000553
135,0.7569607948336634,0.5026694689158415,0.31869346810099014,0.06435643564356419,13.0,465.2292686998844
136,0.7859480684475247,0.5026694689158415,0.3176807417148515,0.06435643564356419,14.0,465.58384679979645
137,0.757821534289109,0.5026694689158415,0.2935641085465347,0.09900990099009888,13.0,473.47496449993923
138,0.7282072958910891,0.5026694689158415,0.29394987014851487,0.09900990099009888,12.0,473.7268252999056
139,0.7280968241584158,0.5026694689158415,0.2938393984158416,0.09900990099009888,12.0,474.48178599984385
140,0.7568935904653467,0.5026694689158415,0.2926361647227723,0.09900990099009888,13.0,475.06499009998515
141,0.7316070458910892,0.5026694689158415,0.2973496201485149,0.09900990099009888,12.0,475.34680669987574
142,0.7323565153287128,0.5026694689158415,0.2906733470118812,0.10891089108910879,12.0,475.6227295999415
143,0.7051922446108911,0.5026694689158415,0.2897962050069307,0.11386138613861374,11.0,477.6020554997958
144,0.5646048243811881,0.5026694689158415,0.2883672006188119,0.16831683168316824,5.0,490.01839350000955
145,0.5346760065544554,0.5026694689158415,0.2884383827920792,0.16831683168316824,4.0,490.14465029980056
146,0.5622293705643565,0.5026694689158415,0.2859917468019802,0.16831683168316824,5.0,499.5959711999167
147,0.5894717246732672,0.5026694689158415,0.3055113286336633,0.13861386138613851,6.0,571.1362685000058
148,0.5639955348019802,0.5026694689158415,0.3100351387623762,0.13861386138613851,5.0,573.2670322000049
149,0.5850940551485149,0.5026694689158415,0.28999504524752473,0.15346534653465338,6.0,583.9016567999497
150,0.584847874049505,0.5026694689158415,0.26747163642574256,0.1831683168316831,6.0,594.785452199867
151,0.5858507423267326,0.5026694689158415,0.2684745047029703,0.18316831683168322,6.0,605.1104818999302
152,0.610897194950495,0.5026694689158415,0.2746595711881188,0.16831683168316824,7.0,605.9760183999315
153,0.6383220520297029,0.5026694689158415,0.28693591341584157,0.14851485148514842,8.0,608.8564412000123
154,0.6641366875658415,0.5026694689158415,0.28275054895198015,0.14851485148514842,9.0,609.5575270999689
155,0.6617070345955445,0.5026694689158415,0.28032089598168314,0.14851485148514842,9.0,613.4230545000173
156,0.6891492514272276,0.5026694689158415,0.28890172667475245,0.13366336633663367,10.0,617.4994884999469
157,0.7126612048925741,0.5026694689158415,0.29355229400148514,0.1188118811881187,11.0,619.0520089999773
158,0.7404681231599008,0.5026694689158415,0.29135921226881184,0.1188118811881187,12.0,619.7853411999531
159,0.7169561696945543,0.5026694689158415,0.28670864494207915,0.13366336633663367,11.0,621.9073546999134
160,0.6919609655856435,0.5026694689158415,0.2768619556846533,0.1534653465346535,10.0,625.8485709999222
161,0.6641540473183167,0.5026694689158415,0.2790550374173266,0.1534653465346535,9.0,626.41182509996
162,0.6883563180113861,0.5026694689158415,0.26954443682326723,0.15841584158415845,10.0,626.8842243999243
163,0.6641540473183167,0.5026694689158415,0.2790550374173266,0.1534653465346535,9.0,627.5527418998536
164,0.6902999931103959,0.5026694689158415,0.28633959707079204,0.13861386138613863,10.0,629.7981398999691
165,0.6929739550955445,0.5026694689158415,0.27787494519455436,0.1534653465346535,10.0,633.4615809998941
166,0.6636864189965346,0.5026694689158415,0.2674487952341583,0.16831683168316824,9.0,642.5143510999624
167,0.684811583031188,0.5026694689158415,0.2697125731301979,0.15346534653465327,10.0,643.017127999803
168,0.7132532312836632,0.5026694689158415,0.2681542213826732,0.15346534653465327,11.0,643.714656499913
169,0.684811583031188,0.5026694689158415,0.2697125731301979,0.15346534653465327,10.0,644.3833462998737
170,0.7128183138727722,0.5026694689158415,0.2677193039717821,0.15346534653465327,11.0,646.1652279999107
171,0.714167172891089,0.5026694689158415,0.269068162990099,0.15346534653465327,11.0,646.8265475998633
172,0.7074755549207921,0.5026694689158415,0.26237654501980195,0.15346534653465327,11.0,648.6583786997944
173,0.7351579510099009,0.5026694689158415,0.24892032724752475,0.16831683168316813,12.0,649.6677452998701
174,0.6712598982673267,0.5026694689158415,0.28586385866336633,0.11386138613861374,10.0,657.6363400998525
175,0.671180476881188,0.5026694689158415,0.2857844372772277,0.11386138613861374,10.0,658.4626086999197
176,0.6786142463366336,0.5026694689158415,0.27836672158415837,0.13366336633663356,10.0,659.9645651997998
177,0.7055192644554455,0.5026694689158415,0.27527173970297025,0.13366336633663356,11.0,660.3627491998486
178,0.6774718444059405,0.5026694689158415,0.28093719094059405,0.1287128712871286,10.0,660.840718699852
179,0.705566345891089,0.5026694689158415,0.2790316924257425,0.1287128712871286,11.0,661.3361457998399
180,0.6774718444059405,0.5026694689158415,0.28093719094059405,0.1287128712871286,10.0,661.9581177998334
181,0.6998608647029703,0.5026694689158415,0.2844648250990099,0.11386138613861374,11.0,663.3039769998286
182,0.6760294762574257,0.5026694689158415,0.28692056536633664,0.1188118811881187,10.0,667.5931153998245
183,0.7045098810049504,0.5026694689158415,0.27426235625247525,0.13366336633663356,11.0,671.0857016998343
184,0.7326660879009901,0.5026694689158415,0.2724185631485148,0.13366336633663356,12.0,672.3776672999375
185,0.7313854002326732,0.5026694689158415,0.28227648934158417,0.1188118811881187,12.0,675.4946528999135
186,0.7565368224158415,0.5026694689158415,0.2774279115247525,0.1188118811881187,13.0,675.9033447999973
187,0.7822788302821782,0.5026694689158415,0.2805956619653465,0.10891089108910879,14.0,676.7623755999375
188,0.7565368224158415,0.5026694689158415,0.2774279115247525,0.1188118811881187,13.0,677.5614448999986
189,0.7855384656831682,0.5026694689158415,0.27642955479207915,0.1188118811881187,14.0,677.8849760999437
190,0.8135232610792078,0.5026694689158415,0.25956286503960396,0.13861386138613851,15.0,680.1882122999523
191,0.8079914211435641,0.5026694689158415,0.2614567676782178,0.1287128712871286,15.0,681.2149720999878
192,0.8102116982227721,0.5026694689158415,0.26367704475742576,0.1287128712871286,15.0,684.4092131999787
193,0.826063229480198,0.5026694689158415,0.2718058037376238,0.09900990099009888,16.0,684.8681630999781
194,0.8505351837970296,0.5026694689158415,0.2699906293415842,0.09405940594059392,17.0,685.9723747000098
195,0.8245935125594058,0.5026694689158415,0.2703360868168317,0.09900990099009888,16.0,686.5276751997881
196,0.8562618752326732,0.5026694689158415,0.272004449490099,0.09900990099009888,17.0,687.3441013998818
197,0.8841988376089108,0.5026694689158415,0.27365428315346535,0.09405940594059392,18.0,687.5824871999212
198,0.9101405088465344,0.5026694689158415,0.27330882567821785,0.08910891089108897,19.0,688.0903274999
199,0.8774176386485149,0.5026694689158415,0.2597443713217822,0.14356435643564347,17.0,690.2018030998297
200,0.847997644490099,0.5026694689158415,0.2603243771633663,0.14356435643564347,16.0,693.2595476999413
201,0.8208602773168316,0.5026694689158415,0.2743256238514851,0.1287128712871286,15.0,695.5568444998935
202,0.8488361021336632,0.5026694689158415,0.2723014486683168,0.1287128712871286,16.0,696.5154914997984
203,0.8753285382722771,0.5026694689158415,0.2687938848069307,0.1287128712871286,17.0,696.9169090997893
204,0.8485398476287127,0.5026694689158415,0.26829232287623755,0.13366336633663356,16.0,697.0934089999646
205,0.8514189005297028,0.5026694689158415,0.27117137577722766,0.13366336633663356,16.0,697.9817235998344
206,0.823239475990099,0.5026694689158415,0.2729919512376237,0.13366336633663356,15.0,698.5981888999231
207,0.7952636511732672,0.5026694689158415,0.27501612642079204,0.13366336633663356,14.0,699.6931242998689
208,0.7585307063267326,0.5026694689158415,0.286847538009901,0.10891089108910879,13.0,701.6297385999933
209,0.7876553434554455,0.5026694689158415,0.2859721751386138,0.10891089108910879,14.0,701.8672511000186
210,0.7871122792475247,0.5026694689158415,0.28542911093069306,0.10891089108910879,14.0,702.6320096999407
211,0.7871122792475247,0.5026694689158415,0.28542911093069306,0.10891089108910879,14.0,703.2929350999184
212,0.7584145703366336,0.5026694689158415,0.2867314020198019,0.10891089108910879,13.0,703.6607881998643
213,0.7563781040990099,0.5026694689158415,0.28469493578217825,0.10891089108910879,13.0,704.1811286997981
214,0.7563781040990099,0.5026694689158415,0.28469493578217825,0.10891089108910879,13.0,704.7986066997983
215,0.7832897863514852,0.5026694689158415,0.2816066180346534,0.10891089108910879,14.0,706.0083825998008
216,0.7991413176089108,0.5026694689158415,0.28973537701485147,0.07920792079207906,15.0,706.5170417998452
217,0.7726345278316832,0.5026694689158415,0.2858028446633663,0.08910891089108897,14.0,707.1958075999282
218,0.7990386305841584,0.5026694689158415,0.2859198187029703,0.08415841584158401,15.0,707.6046410999261
219,0.7726345278316832,0.5026694689158415,0.2858028446633663,0.08910891089108897,14.0,708.1093285998795
220,0.8009884269653464,0.5026694689158415,0.28415674379702976,0.08910891089108897,15.0,709.4061359998304
221,0.773682410529703,0.5026694689158415,0.28685072736138617,0.08910891089108897,14.0,710.0094015998766
222,0.7385815700346534,0.5026694689158415,0.29288850072772277,0.0742574257425741,13.0,711.4324592999183
223,0.710271940430693,0.5026694689158415,0.29457887112376235,0.0742574257425741,12.0,712.0942553000059
224,0.7346165655990099,0.5026694689158415,0.29634923886633663,0.06435643564356419,13.0,712.5859620999545
225,0.710271940430693,0.5026694689158415,0.29457887112376235,0.0742574257425741,12.0,713.6856498999987
226,0.678784757009901,0.5026694689158415,0.2414085193861386,0.1831683168316831,10.0,722.9057204998098
227,0.6439544866633663,0.5026694689158415,0.2808356747821782,0.08415841584158401,10.0,729.7961553998757
228,0.6727832095891089,0.5026694689158415,0.27966439770792073,0.08415841584158401,11.0,730.833074899856
229,0.6653101870643563,0.5026694689158415,0.2721913751831683,0.08415841584158401,11.0,732.9062718998175
230,0.5477525114356435,0.5026694689158415,0.27151488767326737,0.16831683168316836,5.0,742.5583333999384
231,0.5564760401534653,0.5026694689158415,0.29508990153960396,0.14851485148514854,5.0,750.264356700005
232,0.5497207363861386,0.5026694689158415,0.266057370049505,0.17821782178217815,5.0,760.3534676998388
233,0.5807728214376238,0.5026694689158415,0.2671094551009901,0.17821782178217815,6.0,766.6830054998863
234,0.572090208490099,0.5026694689158415,0.25471397086633657,0.1831683168316831,6.0,772.3960944998544
235,0.574746254029703,0.5026694689158415,0.25737001640594054,0.1831683168316831,6.0,774.8308716998436
236,0.5646910471237625,0.5026694689158415,0.2844435223712871,0.13366336633663356,6.0,779.2659759998787
237,0.5874538982178218,0.5026694689158415,0.2994836011881188,0.10396039603960405,7.0,779.8564290998038
238,0.6160442347524753,0.5026694689158415,0.2943610664356436,0.1089108910891089,8.0,782.800566899823
239,0.6416873946039605,0.5026694689158415,0.2974299688613861,0.09900990099009899,9.0,784.724845699966
240,0.6614126311386139,0.5026694689158415,0.29086807668316833,0.09405940594059403,10.0,786.0631503998302
241,0.6700332242277227,0.5026694689158415,0.2994886697722772,0.09405940594059403,10.0,786.3525109000038
242,0.6652164151188119,0.5026694689158415,0.2946718606633663,0.09405940594059403,10.0,788.1970068998635
243,0.6618738948217822,0.5026694689158415,0.2876164690792079,0.09900990099009899,10.0,790.9962759998161
244,0.6331902423960396,0.5026694689158415,0.2889328166534653,0.09900990099009899,9.0,792.4754719999619
245,0.6128090186089108,0.5026694689158415,0.29112585029207916,0.1089108910891089,8.0,794.6194166999776
246,0.5841417191089109,0.5026694689158415,0.29245855079207916,0.1089108910891089,7.0,795.5424227998592
247,0.5880041723762376,0.5026694689158415,0.2740437763366336,0.13861386138613863,7.0,797.6998925998341
248,0.5592454254950494,0.5026694689158415,0.2678592868811881,0.14851485148514854,6.0,799.5285579999909
249,0.5682711659920792,0.5026694689158415,0.26574641351683165,0.1633663366336633,6.0,803.8179724998772
250,0.5142097397029702,0.5026694689158415,0.26797211594059406,0.16831683168316824,4.0,811.4767165000085
251,0.5215910542326733,0.5026694689158415,0.29391778690594056,0.14356435643564347,4.0,817.2947626998648
252,0.5254920198910891,0.5026694689158415,0.2569771684059406,0.19801980198019797,4.0,826.428734799847
253,0.530742386440594,0.5026694689158415,0.28450476267821784,0.16831683168316824,4.0,834.7943163998425
254,0.5559790209455445,0.5026694689158415,0.2797413971831683,0.16831683168316824,5.0,841.5255517999176
255,0.5847027377277227,0.5026694689158415,0.2784651139653465,0.16831683168316824,6.0,848.3151799999177
256,0.5828094233267327,0.5026694689158415,0.2728589282772277,0.1732673267326732,6.0,848.8097446998581
257,0.6100329633762376,0.5026694689158415,0.2737953396138613,0.16831683168316824,7.0,857.581061600009
258,0.6124643355465346,0.5026694689158415,0.2799395830712871,0.1633663366336633,7.0,858.0005985999014
259,0.6394770867594058,0.5026694689158415,0.2769523342841584,0.1633663366336633,8.0,859.0826355000027
260,0.6672436501752474,0.5026694689158415,0.27471889769999996,0.1633663366336633,9.0,859.8610340999439
261,0.6952848413534654,0.5026694689158415,0.27276008887821784,0.1633663366336633,10.0,860.93554389989
262,0.667252421180198,0.5026694689158415,0.2747276687049505,0.1633663366336633,9.0,861.9834838998504
263,0.658172939110891,0.5026694689158415,0.27678680049702975,0.14851485148514865,9.0,870.955808499828
264,0.6781065987148515,0.5026694689158415,0.28899768782376234,0.11881188118811892,10.0,875.5124435999896
265,0.6850111572792079,0.5026694689158415,0.2921893751009901,0.12376237623762387,10.0,877.5701973999385
266,0.6650774976752476,0.5026694689158415,0.27997848777425743,0.1534653465346536,9.0,883.8200012999587
267,0.6389094311405941,0.5026694689158415,0.28009754995247527,0.15841584158415856,8.0,893.73141199979
268,0.6390981169029702,0.5026694689158415,0.2765733644277228,0.1633663366336635,8.0,899.7656961998437
269,0.6393241722495049,0.5026694689158415,0.28051229106138614,0.15841584158415833,8.0,901.8430376998149
270,0.6400589274970296,0.5026694689158415,0.28124704630891084,0.15841584158415833,8.0,903.1762465999927
271,0.6576599534376237,0.5026694689158415,0.3059767851207921,0.10891089108910879,9.0,908.2710428999271
272,0.5112510542099009,0.5026694689158415,0.29501343044752476,0.16831683168316836,3.0,918.4116152999923
273,0.534750911239604,0.5026694689158415,0.24395883203168323,0.2277227722772277,4.0,928.4200151998084
274,0.5623810189128713,0.5026694689158415,0.24530181099207923,0.22277227722772275,5.0,936.8396670999937
275,0.536868193219802,0.5026694689158415,0.27577908430891085,0.18811881188118817,4.0,946.3992335998919
276,0.5559791973287128,0.5026694689158415,0.28345444485346527,0.1633663366336633,5.0,954.0150015999097
277,0.5840349665366337,0.5026694689158415,0.3075003130712871,0.12871287128712872,6.0,960.8134063999169
278,0.6112316316356435,0.5026694689158415,0.3084098494574257,0.12376237623762376,7.0,963.3986721998081
279,0.6104330363564356,0.5026694689158415,0.29647264031683174,0.13861386138613863,7.0,973.1461765998974
280,0.6324879683861386,0.5026694689158415,0.2885275723465347,0.13861386138613863,8.0,978.4235725998878
281,0.653771284579208,0.5026694689158415,0.2946623736881189,0.1188118811881187,9.0,979.2368675998878
282,0.6831890766584159,0.5026694689158415,0.2940801657673268,0.1188118811881187,10.0,981.2835879998747
283,0.7124733399356435,0.5026694689158415,0.2933644290445545,0.1188118811881187,11.0,982.0034814998507
284,0.690594711470297,0.5026694689158415,0.27920857285643563,0.14851485148514842,10.0,989.7208383998368
285,0.6615937184009901,0.5026694689158415,0.28020757978712874,0.14851485148514842,9.0,990.7562056998722
286,0.688507894960396,0.5026694689158415,0.2808346276336634,0.14356435643564347,10.0,991.4619720999617
287,0.6589696048118812,0.5026694689158415,0.2775834661980198,0.14851485148514842,9.0,995.1961891998071
288,0.6886646533267327,0.5026694689158415,0.2772785147128713,0.14851485148514842,10.0,995.5671757999808
289,0.7174865835099009,0.5026694689158415,0.27610044489603963,0.1485148514851483,11.0,996.0175125999376
290,0.7437819301435642,0.5026694689158415,0.27610866281683166,0.14356435643564336,12.0,999.4031512998044
291,0.7357799497920792,0.5026694689158415,0.3052353953366337,0.09405940594059392,12.0,1007.6768970999401
292,0.7367222702376237,0.5026694689158415,0.29132623063366336,0.11386138613861374,12.0,1009.8219407999422
293,0.763242879,0.5026694689158415,0.2804210968217822,0.12376237623762365,13.0,1010.9243081999011
294,0.7904857808316832,0.5026694689158415,0.2813768699405941,0.1188118811881187,14.0,1011.9401652999222
295,0.7624502839009901,0.5026694689158415,0.2870542442970297,0.11386138613861374,13.0,1012.9234724999405
296,0.7902746867722772,0.5026694689158415,0.2923043897425743,0.10396039603960383,14.0,1013.225938799791
297,0.7846513204900991,0.5026694689158415,0.2792552808861386,0.11386138613861374,14.0,1017.6892076998483
298,0.7589233068267327,0.5026694689158415,0.2835272672227723,0.11386138613861374,13.0,1018.5876883999445
299,0.751904503509901,0.5026694689158415,0.2727955926188119,0.1188118811881187,13.0,1020.6019961999264
300,0.751904503509901,0.5026694689158415,0.2727955926188119,0.1188118811881187,13.0,1021.05966109992
301,0.6688248993019802,0.5026694689158415,0.268577374549505,0.13366336633663356,10.0,1026.2756118997931
302,0.664537051970297,0.5026694689158415,0.2642895272178218,0.13366336633663356,10.0,1028.5012734998018
303,0.6376311435544555,0.5026694689158415,0.2673836188019802,0.13366336633663356,9.0,1030.3650606998708
304,0.6653571396435644,0.5026694689158415,0.2651096148910891,0.13366336633663356,10.0,1032.2065795999952
305,0.6847188877128713,0.5026694689158415,0.2844713629603961,0.13366336633663356,10.0,1040.289217500016
306,0.6848833924653465,0.5026694689158415,0.2846358677128713,0.13366336633663356,10.0,1041.3926301000174
307,0.6829400182915841,0.5026694689158415,0.27897962225198025,0.13861386138613851,10.0,1044.1356095999945
308,0.6827621603311881,0.5026694689158415,0.2788017642915842,0.13861386138613851,10.0,1045.1142044998705
309,0.7122556741430692,0.5026694689158415,0.2782952781034654,0.13861386138613851,11.0,1045.39245129982
310,0.6820825561732673,0.5026694689158415,0.28183503142079214,0.13366336633663356,10.0,1047.2371839999687
311,0.6779760771534653,0.5026694689158415,0.2851542949752476,0.12376237623762365,10.0,1050.0660574999638
312,0.6792586936980198,0.5026694689158415,0.2901497828069307,0.1188118811881187,10.0,1050.608252899954
313,0.7053438946386139,0.5026694689158415,0.2899478550346535,0.11386138613861374,11.0,1054.1507239998318
314,0.7277653490445545,0.5026694689158415,0.27494356686633664,0.12376237623762365,12.0,1055.2679235998075
315,0.7053438946386139,0.5026694689158415,0.2899478550346535,0.11386138613861374,11.0,1056.6149124999065
316,0.7040685461534654,0.5026694689158415,0.288672506549505,0.11386138613861374,11.0,1056.978184599895
317,0.6749310343861386,0.5026694689158415,0.2521092522079208,0.12376237623762365,11.0,1064.2090876000002
318,0.7043183473564356,0.5026694689158415,0.25149656517821783,0.12376237623762365,12.0,1065.716362599982
319,0.730834442569307,0.5026694689158415,0.2554384029653466,0.11386138613861374,13.0,1066.2061660999898
320,0.7014471295990099,0.5026694689158415,0.25605108999504955,0.11386138613861374,12.0,1067.8250561999157
321,0.6756672729059405,0.5026694689158415,0.2491326194405941,0.1287128712871286,11.0,1069.4173830999061
322,0.6770983675396038,0.5026694689158415,0.23942510021287136,0.14356435643564347,11.0,1071.961096999934
323,0.6796604481584159,0.5026694689158415,0.2382743095445545,0.14851485148514842,11.0,1073.1923928998876
324,0.7082550932574256,0.5026694689158415,0.23686895464356442,0.14851485148514842,12.0,1075.0026234998368
325,0.7100940956881188,0.5026694689158415,0.24984657093564358,0.13366336633663356,12.0,1077.6510462998413
326,0.7079538918415842,0.5026694689158415,0.2477063670891089,0.13366336633663356,12.0,1078.6040374999866
327,0.681330375950495,0.5026694689158415,0.2585085937722772,0.12376237623762365,11.0,1079.9175888998434
328,0.709992633920792,0.5026694689158415,0.26830946560396035,0.10891089108910879,12.0,1080.9237579999026
329,0.7359760727326733,0.5026694689158415,0.2680057757029703,0.10396039603960383,13.0,1081.2544066999108
330,0.7095603397970298,0.5026694689158415,0.27159004276732673,0.10396039603960383,12.0,1082.2168529999908
331,0.5632353918390594,0.5026694689158415,0.2567007383737129,0.1287128712871286,7.0,1089.2237225999124
332,0.5895932810766831,0.5026694689158415,0.25677149889846534,0.12376237623762365,8.0,1089.9324146998115
333,0.5895932810766831,0.5026694689158415,0.25677149889846534,0.12376237623762365,8.0,1090.675023799995
334,0.5605965362376237,0.5026694689158415,0.2577747540594059,0.12376237623762365,7.0,1097.7700755000114
335,0.5864886542722773,0.5026694689158415,0.2536668720940594,0.12376237623762365,8.0,1099.3638132999185
336,0.5642177984306931,0.5026694689158415,0.2879801746683169,0.16831683168316824,5.0,1108.882272799965
337,0.5924593813019803,0.5026694689158415,0.2936475001138614,0.15841584158415833,6.0,1109.394006999908
338,0.5642177984306931,0.5026694689158415,0.2879801746683169,0.16831683168316824,5.0,1109.8395799999125
339,0.5906475360544555,0.5026694689158415,0.288122783579208,0.1633663366336633,6.0,1124.3416189998388
340,0.5642177984306931,0.5026694689158415,0.2879801746683169,0.16831683168316824,5.0,1134.720814500004
341,0.5562671597970297,0.5026694689158415,0.272603793460396,0.17821782178217815,5.0,1147.956869199872
342,0.5527240494554455,0.5026694689158415,0.28019929698019796,0.1633663366336633,5.0,1149.0746271999087
343,0.5115605205465347,0.5026694689158415,0.2953228967841584,0.16831683168316836,3.0,1157.2285256998148
344,0.5022682589970296,0.5022682589970296,0.2711791500861386,0.18811881188118806,3.0,1169.500291599892
345,0.4956038468811881,0.4956038468811881,0.2608018666831683,0.19306930693069302,3.0,1176.7413668998051
346,0.4720780255792079,0.4720780255792079,0.2709889166683168,0.18811881188118817,2.0,1183.2516250999179
347,0.4994146113712872,0.4720780255792079,0.27203837374752476,0.18316831683168322,3.0,1189.8753620998468
348,0.527546160579208,0.4720780255792079,0.2738827942425743,0.17821782178217827,4.0,1191.7594302999787
349,0.5562470054455445,0.4720780255792079,0.2725836391089109,0.17821782178217827,5.0,1193.5424261000007
350,0.5535973204950495,0.4720780255792079,0.2773596967326733,0.16831683168316836,5.0,1195.2399008998182
351,0.5541337557920791,0.4720780255792079,0.2704703894554455,0.17821782178217827,5.0,1197.5299076999072
352,0.5732464413861386,0.4720780255792079,0.2521573324752475,0.18811881188118806,6.0,1202.611998199951
353,0.6021690581683168,0.4720780255792079,0.29934727599009897,0.12376237623762376,7.0,1205.0378076999914
354,0.6027331241881188,0.4720780255792079,0.29991134200990105,0.12376237623762376,7.0,1207.607414699858
355,0.6294198764356436,0.4720780255792079,0.30773670811881193,0.1089108910891089,8.0,1208.9980886999983
356,0.6312533858217821,0.4720780255792079,0.2984316036435644,0.12376237623762376,8.0,1210.393410799792
357,0.6580442164752476,0.4720780255792079,0.291509563009901,0.1287128712871286,9.0,1211.0401717999484
358,0.6589885704851485,0.4720780255792079,0.29987965959405943,0.1188118811881188,9.0,1212.0232149998192
359,0.6312533858217821,0.4720780255792079,0.2984316036435644,0.12376237623762376,8.0,1213.0400388999842
360,0.6578661429009901,0.4720780255792079,0.30618297458415844,0.10891089108910867,9.0,1217.0510425998364
361,0.6555527439504951,0.4720780255792079,0.3038695756336634,0.10891089108910867,9.0,1219.4145319999661
362,0.6565849391633664,0.4720780255792079,0.30490177084653464,0.10891089108910879,9.0,1219.9272892998997
363,0.6030641514257425,0.4720780255792079,0.2519750425148515,0.18811881188118829,7.0,1228.604457099922
364,0.6324872923663366,0.4720780255792079,0.25139818345544557,0.18811881188118829,8.0,1229.5743606998585
365,0.6082211614257426,0.4720780255792079,0.2534191812277228,0.19306930693069302,7.0,1233.4158176998608
366,0.5815138639455446,0.4720780255792079,0.2567118837475248,0.19306930693069302,6.0,1234.1254876998719
367,0.6068289665693068,0.4720780255792079,0.2705913428069307,0.16831683168316824,7.0,1236.854513600003
368,0.6053033853415841,0.4720780255792079,0.2987687318762376,0.12871287128712872,7.0,1240.8019038999919
369,0.6340412750940594,0.4720780255792079,0.29750662162871283,0.12871287128712872,8.0,1243.2557351998985
370,0.6082835668316832,0.4720780255792079,0.27947168564356434,0.15841584158415833,7.0,1246.5590989999473
371,0.6315574185643564,0.4720780255792079,0.2690326660891089,0.1633663366336633,8.0,1248.427576399874
372,0.6316897016485148,0.4720780255792079,0.27287782046039605,0.15841584158415833,8.0,1251.6598480998073
373,0.6313467734801981,0.4720780255792079,0.2688220210049505,0.1633663366336633,8.0,1253.569744899869
374,0.6399363879950495,0.4720780255792079,0.2662730216584158,0.17821782178217815,8.0,1258.1780311998446
375,0.6408094815099009,0.4720780255792079,0.2671461151732673,0.17821782178217815,8.0,1260.1146921999753
376,0.6364145186386139,0.4720780255792079,0.27760263745049507,0.15841584158415833,8.0,1262.2146745999344
377,0.6647424217574258,0.4720780255792079,0.275930540569307,0.15841584158415833,9.0,1263.4014128998388
378,0.6946499521485148,0.4720780255792079,0.2758380709603961,0.15841584158415833,10.0,1264.6979133000132
379,0.6650175977425743,0.4720780255792079,0.27620571655445547,0.15841584158415833,9.0,1265.7928126999177
380,0.6903429912079209,0.4720780255792079,0.27895685259405945,0.14851485148514842,10.0,1267.0641764998436
381,0.6204939964455445,0.4720780255792079,0.26539498654455446,0.15346534653465338,8.0,1270.1393385999836
382,0.6422493314158415,0.4720780255792079,0.2645760640891089,0.14356435643564347,9.0,1272.0279287998565
383,0.6686627553267326,0.4720780255792079,0.2906924582970297,0.10396039603960394,10.0,1276.3717010999098
384,0.6686355755,0.4720780255792079,0.29066527847029705,0.10396039603960394,10.0,1276.5993119999766
385,0.668981954980198,0.4720780255792079,0.29101165795049505,0.10396039603960394,10.0,1276.8359779999591
386,0.6950967582475247,0.4720780255792079,0.28712646121782176,0.10396039603960394,11.0,1278.3076859998982
387,0.6938746833465346,0.4720780255792079,0.28961725760396034,0.09900990099009888,11.0,1278.8654869999737
388,0.6662722175643564,0.4720780255792079,0.24404449479207915,0.20297029702970282,9.0,1288.2355518999975
389,0.6956113894455445,0.4720780255792079,0.24338366667326727,0.20297029702970282,10.0,1288.6063552999403
390,0.6637904965099011,0.4720780255792079,0.2415627737376237,0.20297029702970282,9.0,1289.241080599837
391,0.6344513246287129,0.4720780255792079,0.24222360185643557,0.20297029702970282,8.0,1289.5128727999981
392,0.6595175756188119,0.4720780255792079,0.24100272413366328,0.19801980198019786,9.0,1294.126373599982
393,0.6357473031980198,0.4720780255792079,0.24351958042574254,0.20297029702970293,8.0,1294.9918368000071
394,0.6350576843663365,0.4720780255792079,0.30223590218811874,0.12376237623762387,8.0,1306.9286102999467
395,0.6622261622871286,0.4720780255792079,0.30311725139603957,0.11881188118811892,9.0,1307.3601284998003
396,0.689286458871287,0.4720780255792079,0.30389041926732674,0.11386138613861374,10.0,1308.360371899791
397,0.6902187510990099,0.4720780255792079,0.30482271149504947,0.11386138613861374,10.0,1308.689632399939
398,0.6619367075792079,0.4720780255792079,0.3065406679752475,0.11386138613861385,9.0,1309.3079631999135
399,0.6901695604504949,0.4720780255792079,0.3047735208465346,0.11386138613861385,10.0,1310.0820575999096
400,0.6901695604504949,0.4720780255792079,0.3047735208465346,0.11386138613861385,10.0,1310.6391500998288
401,0.633169040430693,0.4720780255792079,0.30777300082673265,0.11386138613861385,8.0,1311.0360204000026
402,0.6627503289801979,0.4720780255792079,0.30735428937623765,0.11386138613861374,9.0,1311.530938099837
403,0.6872455509108911,0.4720780255792079,0.29071089744554457,0.1287128712871286,10.0,1319.926164199831
404,0.5060917162524753,0.4720780255792079,0.24158676575742577,0.23267326732673266,3.0,1329.3067340999842
405,0.5022969264752475,0.4720780255792079,0.2600692037029704,0.20297029702970293,3.0,1338.4779531999957
406,0.5243703746435644,0.4720780255792079,0.266994137019802,0.18316831683168322,4.0,1341.0881493999623
407,0.5114757648415842,0.4720780255792079,0.2540995272178218,0.18316831683168322,4.0,1343.4651242999826
408,0.5316600059653466,0.4720780255792079,0.2594322831930694,0.20297029702970293,4.0,1347.2057534998748
409,0.5544647408663367,0.4720780255792079,0.2782271171039604,0.16831683168316824,5.0,1350.8566099000163
410,0.5757943903217821,0.4720780255792079,0.29183399428217827,0.13861386138613851,6.0,1353.8748951999005
411,0.5576025368069307,0.4720780255792079,0.26651342789603966,0.18811881188118806,5.0,1357.205841699848
412,0.5806636360643564,0.4720780255792079,0.27442601230198027,0.16831683168316836,6.0,1358.981783399824
413,0.5837213493811881,0.4720780255792079,0.2552064978960396,0.19801980198019808,6.0,1368.7450264999643
414,0.5881950073019803,0.4720780255792079,0.25596728452970297,0.20297029702970293,6.0,1371.1506383998785
415,0.5795337457178218,0.4720780255792079,0.2621575080940594,0.18316831683168322,6.0,1373.134061299963
416,0.5881648742326733,0.4720780255792079,0.2633628940346535,0.19306930693069302,6.0,1375.859950499842
417,0.5865824388366336,0.4720780255792079,0.27291907249999997,0.17821782178217815,6.0,1378.155721699819
418,0.5880434499752476,0.4720780255792079,0.2743800836386139,0.17821782178217827,6.0,1380.0259163998999
419,0.5863148648811881,0.4720780255792079,0.2689386272574257,0.1831683168316831,6.0,1382.0688955998048
420,0.5765118086980199,0.4720780255792079,0.2776999275099011,0.15841584158415845,6.0,1386.0659434997942
421,0.6038483944900991,0.4720780255792079,0.278749384589109,0.1534653465346535,7.0,1390.4609172998462
422,0.6031016711188119,0.4720780255792079,0.27800266121782174,0.15346534653465338,7.0,1392.557585899951
423,0.6330846384702971,0.4720780255792079,0.2779856285693069,0.15346534653465338,8.0,1393.525828299811
424,0.6598893020346535,0.4720780255792079,0.27479029213366335,0.15346534653465338,9.0,1394.0842945999466
425,0.6615758996386139,0.4720780255792079,0.2839026323118811,0.14356435643564347,9.0,1403.2321853998583
426,0.6321054255940594,0.4720780255792079,0.2844321582673267,0.14356435643564347,8.0,1403.8468499998562
427,0.6336906422524752,0.4720780255792079,0.28973024621287125,0.13861386138613863,8.0,1404.8826782999095
428,0.6383340822524752,0.4720780255792079,0.2795222010643564,0.15841584158415833,8.0,1409.0523146998603
429,0.6096999477871287,0.4720780255792079,0.28088806659900983,0.15841584158415833,7.0,1409.495709899813
430,0.611552412470297,0.4720780255792079,0.2864534025693069,0.15346534653465338,7.0,1411.0879579000175
431,0.6146285973564356,0.4720780255792079,0.2932424587425742,0.14851485148514842,7.0,1411.9995422000065
432,0.6390802482029703,0.4720780255792079,0.27284262444059404,0.16831683168316824,8.0,1415.7631537998095
433,0.6400945803762377,0.4720780255792079,0.28870844176237626,0.14851485148514854,8.0,1418.5522804998327
434,0.6619996393366336,0.4720780255792079,0.2991778571584158,0.12376237623762376,9.0,1421.934564499883
435,0.6606100829752476,0.4720780255792079,0.2977883007970297,0.12376237623762376,9.0,1422.7987011999357
436,0.6875061843118813,0.4720780255792079,0.29468440213366337,0.12376237623762376,10.0,1425.0956587998662
437,0.6384125353019802,0.4720780255792079,0.27217491153960394,0.16831683168316836,8.0,1428.787515499862
438,0.6638295840643564,0.4720780255792079,0.2675919603019802,0.16831683168316836,9.0,1431.106136399787
439,0.6860975987673267,0.4720780255792079,0.28585007401485146,0.13366336633663367,10.0,1434.6917454998475
440,0.709007432430693,0.4720780255792079,0.27133416510396036,0.14356435643564358,11.0,1436.8327203998342
441,0.7311966949554456,0.4720780255792079,0.28951352663861385,0.1089108910891089,12.0,1437.9216521999333
442,0.7324358912029703,0.4720780255792079,0.2833269803118812,0.1188118811881188,12.0,1439.1461700999644
443,0.7098697995247524,0.4720780255792079,0.2647707896237624,0.1534653465346535,11.0,1441.1485586999916
444,0.6818035115940593,0.4720780255792079,0.2667045016930693,0.1534653465346535,10.0,1441.9550142998341
445,0.7057459909554454,0.4720780255792079,0.26064698105445544,0.15346534653465338,11.0,1442.9246001997963
446,0.7284201709999999,0.4720780255792079,0.2570340323861386,0.14851485148514842,12.0,1444.396055799909
447,0.7000808247524751,0.4720780255792079,0.2512689435643564,0.15841584158415833,11.0,1445.4959306998644
448,0.7279763123366336,0.4720780255792079,0.24916443114851483,0.15841584158415833,12.0,1446.7219259999692
449,0.5491055885960395,0.4720780255792079,0.2765808361207921,0.1633663366336633,5.0,1454.37096989993
450,0.5187668429009901,0.4720780255792079,0.2762420904257426,0.1633663366336633,4.0,1461.6715065999888
451,0.5175542989999999,0.4720780255792079,0.27131667523762376,0.16831683168316836,4.0,1471.1132730999961
452,0.5226343838168317,0.4720780255792079,0.2912482452029703,0.14851485148514854,4.0,1482.8340415998828
453,0.5501655799059406,0.4720780255792079,0.27392795614356436,0.16831683168316847,5.0,1489.6991587998345
454,0.5317895487128713,0.4720780255792079,0.3263935091089109,0.11386138613861396,4.0,1497.9717600999866
455,0.5038324954009901,0.4720780255792079,0.29130774292574263,0.1633663366336634,3.0,1507.4072414999828
456,0.504554894460396,0.4720780255792079,0.2846043994108911,0.1732673267326733,3.0,1516.6373641998507
457,0.4765145398069307,0.4720780255792079,0.2754254308960396,0.18811881188118806,2.0,1530.629057899816
458,0.5004534922772278,0.4720780255792079,0.2805029972277228,0.1732673267326732,3.0,1531.4869837998413
459,0.5022095312425743,0.4720780255792079,0.27483329361881187,0.1831683168316831,3.0,1543.0490093999542
460,0.5283373646683169,0.4720780255792079,0.2820997409059406,0.16831683168316824,4.0,1544.1785416000057
461,0.5315639463861386,0.4720780255792079,0.28532632262376234,0.16831683168316824,4.0,1545.1629351999145
462,0.5366823494059405,0.4720780255792079,0.2793061117821782,0.1831683168316831,4.0,1556.2093846998177
463,0.562671367920792,0.4720780255792079,0.26415651643564353,0.19801980198019808,5.0,1557.6606916999444
464,0.5366823494059405,0.4720780255792079,0.2793061117821782,0.1831683168316831,4.0,1559.132345299935
465,0.5614669317970297,0.4720780255792079,0.2740906941732673,0.1831683168316831,5.0,1559.4779179999605
466,0.5882348583217822,0.4720780255792079,0.2745714919851485,0.17821782178217815,6.0,1559.7610970998649
467,0.5506423150940594,0.4720780255792079,0.263266077470297,0.1831683168316831,5.0,1560.831850899849
468,0.5783409575544554,0.4720780255792079,0.26096471993069303,0.1831683168316831,6.0,1561.1820379998535
469,0.5783409575544554,0.4720780255792079,0.26096471993069303,0.1831683168316831,6.0,1561.539667799836
470,0.5733746846980199,0.4720780255792079,0.25971131836138617,0.17821782178217815,6.0,1570.05026729987
471,0.5699370982524752,0.4720780255792079,0.24884798934158417,0.18811881188118806,6.0,1578.471357199829
472,0.5970751239455445,0.4720780255792079,0.24969888632178217,0.183168316831683,7.0,1584.7185242997948
473,0.6204033548465346,0.4720780255792079,0.2690172162326733,0.14851485148514854,8.0,1588.6730835000053
474,0.6319549960099009,0.4720780255792079,0.27314311482178216,0.15841584158415845,8.0,1590.0967792000156
475,0.5945818292029703,0.4720780255792079,0.28804717573762373,0.12871287128712872,7.0,1596.5398239998613
476,0.6236891515396039,0.4720780255792079,0.2871544980742574,0.12871287128712872,8.0,1597.343708399916
477,0.6470437927277228,0.4720780255792079,0.25823191153960395,0.15841584158415845,9.0,1599.7830348999705
478,0.6754821365891088,0.4720780255792079,0.2566702554009901,0.15841584158415845,10.0,1600.645485999994
479,0.7032926544603959,0.4720780255792079,0.2544807732722772,0.15841584158415845,11.0,1601.2461104998365
480,0.6532673809455446,0.4720780255792079,0.2496040146089109,0.17821782178217815,9.0,1606.7293447998818
481,0.681560738569307,0.4720780255792079,0.2553231148069307,0.16831683168316824,10.0,1607.456014700001
482,0.680194165608911,0.4720780255792079,0.24653079927227722,0.17821782178217815,10.0,1608.614757400006
483,0.6519008079851486,0.4720780255792079,0.24081169907425742,0.18811881188118806,9.0,1608.9039085998666
484,0.6801326221683168,0.4720780255792079,0.23904351325742573,0.18811881188118806,10.0,1609.799684499856
485,0.7082746916237623,0.4720780255792079,0.2631756817227723,0.15346534653465338,11.0,1614.6941103998106
486,0.6529030322277228,0.4720780255792079,0.23810105202970294,0.19306930693069302,9.0,1615.3424547999166
487,0.6103735498143069,0.4720780255792079,0.25557156961628713,0.19306930693069302,7.0,1616.3983006000053
488,0.638556832685594,0.4720780255792079,0.2648934663489604,0.17821782178217815,8.0,1617.7995034998748
489,0.5825699432425743,0.4720780255792079,0.25776796304455446,0.19306930693069302,6.0,1618.4880857998505
490,0.6061341144752476,0.4720780255792079,0.25875787685148516,0.18316831683168322,7.0,1619.8275487998035
491,0.5467135486980198,0.4720780255792079,0.2667630536485149,0.1732673267326733,5.0,1626.6801700999495
492,0.573282805381188,0.4720780255792079,0.2818966667673267,0.14851485148514854,6.0,1632.4108634998556
493,0.5978997607277228,0.4720780255792079,0.2839393646881188,0.13861386138613863,7.0,1632.7336293999106
494,0.627527479591089,0.4720780255792079,0.28356708355148513,0.13861386138613863,8.0,1634.3271750998683
495,0.6269178764009901,0.4720780255792079,0.2829574803613861,0.13861386138613851,8.0,1635.3104096997995
496,0.5995455588811881,0.4720780255792079,0.30043664799009895,0.1188118811881187,7.0,1637.6191779999062
497,0.6002270810990099,0.4720780255792079,0.2936924276336634,0.1287128712871286,7.0,1638.839131699875
498,0.6258861318762377,0.4720780255792079,0.2967772209851485,0.1188118811881187,8.0,1639.3667593998834
499,0.6014797321881188,0.4720780255792079,0.2615292371386139,0.1732673267326732,7.0,1646.2483725999482
500,0.6041839861683168,0.4720780255792079,0.2419562633960396,0.20297029702970293,7.0,1648.517242099857
501,0.591085902490099,0.4720780255792079,0.28826412031188114,0.12376237623762387,7.0,1654.5987149998546
502,0.6208866937821782,0.4720780255792079,0.28063916902970293,0.13366336633663378,8.0,1656.5482547997963
503,0.5943627400049505,0.4720780255792079,0.3063924429752476,0.10396039603960405,7.0,1664.4699399999809
504,0.5648570551485148,0.4720780255792079,0.2920352729702971,0.12376237623762376,6.0,1669.1132918999065
505,0.5732021287148514,0.4720780255792079,0.30038034653663365,0.12376237623762376,6.0,1673.4197660000063
506,0.6004387045069307,0.4720780255792079,0.2976169223287129,0.12376237623762376,7.0,1674.5642393999733
507,0.6024816658534654,0.4720780255792079,0.2996598836752475,0.12376237623762376,7.0,1675.8509160999674
508,0.595071553328713,0.4720780255792079,0.28823987016039604,0.08910891089108908,8.0,1678.8924333998002
509,0.619955794269307,0.4720780255792079,0.27198549723960397,0.10396039603960394,9.0,1680.7227089998778
510,0.6273659067940593,0.4720780255792079,0.2834055107544554,0.13861386138613863,8.0,1684.7445481999312
511,0.6288483965465346,0.4720780255792079,0.29602661436831684,0.12376237623762376,8.0,1686.5547067997977
512,0.6578422322891089,0.4720780255792079,0.2950204501108911,0.12376237623762376,9.0,1687.6968993998598
513,0.6571326813485149,0.4720780255792079,0.294310899170297,0.12376237623762376,9.0,1688.8035025999416
514,0.6844831766653465,0.4720780255792079,0.29166139448712863,0.12376237623762376,10.0,1690.2880096998997
515,0.6826869480811881,0.4720780255792079,0.28986516590297023,0.12376237623762376,10.0,1691.896011899924
516,0.7081703332297029,0.4720780255792079,0.29277429362574253,0.11386138613861385,11.0,1692.542800999945
517,0.7081703332297029,0.4720780255792079,0.29277429362574253,0.11386138613861385,11.0,1693.7437320000026
518,0.7341269074871287,0.4720780255792079,0.3147209668930693,0.07920792079207928,12.0,1699.0152197999414
519,0.7300372040693069,0.4720780255792079,0.292066907039604,0.10396039603960394,12.0,1703.061622499954
520,0.7017529192673267,0.4720780255792079,0.2937826222376238,0.10396039603960394,11.0,1704.0537266999017
521,0.675096317039604,0.4720780255792079,0.2934131487227723,0.1089108910891089,10.0,1705.8659467999823
522,0.7016890812970297,0.4720780255792079,0.30114452684158416,0.09405940594059403,11.0,1706.8813243999612
523,0.6087058735,0.4720780255792079,0.29103260617326737,0.14356435643564347,7.0,1709.566374699818
524,0.6326125198366337,0.4720780255792079,0.3035036089455446,0.1188118811881188,8.0,1712.165855199797
525,0.6087058735,0.4720780255792079,0.29103260617326737,0.14356435643564347,7.0,1714.8390805998351
526,0.5809840176485148,0.4720780255792079,0.2933107503217822,0.14356435643564347,6.0,1716.223722799914
527,0.5522624305198021,0.4720780255792079,0.2945891631930693,0.14356435643564358,5.0,1717.0941019998863
528,0.5218959061237624,0.4720780255792079,0.2682325397871287,0.17821782178217827,4.0,1723.9406757999677
529,0.5485592761881188,0.4720780255792079,0.279747395,0.15841584158415845,5.0,1725.21774919983
530,0.5138336430198019,0.4720780255792079,0.2750217618316832,0.15841584158415845,4.0,1731.397332899971
531,0.5404207147029703,0.4720780255792079,0.2753217048019802,0.1534653465346535,5.0,1732.692213599803
532,0.5665059156435643,0.4720780255792079,0.27511977702970297,0.14851485148514854,6.0,1736.6216485998593
533,0.569226697059406,0.4720780255792079,0.2815534297326733,0.14356435643564347,6.0,1739.632122399984
534,0.5415022867821783,0.4720780255792079,0.28382901945544553,0.14356435643564347,5.0,1742.5691743998323
535,0.5661449823267326,0.4720780255792079,0.2896103288613861,0.1287128712871286,6.0,1745.2598579998594
536,0.5910446763465347,0.4720780255792079,0.2845100228811881,0.1287128712871286,7.0,1747.1622452999
537,0.5927048557920792,0.4720780255792079,0.2861702023267326,0.1287128712871286,7.0,1749.8461382999085
538,0.5658391957475247,0.4720780255792079,0.2818787997079208,0.13861386138613851,6.0,1752.0544881999958
539,0.5681080867376238,0.4720780255792079,0.2767219481237624,0.14851485148514842,6.0,1756.2002453999594
540,0.5958744404603961,0.4720780255792079,0.27448830184653467,0.14851485148514842,7.0,1758.3311758998316
541,0.6028371532821782,0.4720780255792079,0.28516388595544556,0.14356435643564347,7.0,1766.8645132000092
542,0.6277202838267326,0.4720780255792079,0.2800470165,0.14356435643564347,8.0,1768.4775619998109
543,0.5760697486287127,0.4720780255792079,0.2846836100148515,0.14851485148514842,6.0,1776.5058924998157
544,0.5498588099653465,0.4720780255792079,0.28475980006435647,0.15346534653465338,5.0,1789.0415254000109
545,0.5750344865940594,0.4720780255792079,0.2873612192673267,0.14356435643564347,6.0,1790.386710099876
546,0.5510456692722773,0.4720780255792079,0.2710951742227723,0.1732673267326732,5.0,1796.5379313000012
547,0.523279315549505,0.4720780255792079,0.2733288205,0.1732673267326732,4.0,1797.7578007997945
548,0.549315154559406,0.4720780255792079,0.2730775307970297,0.16831683168316824,5.0,1798.8571542999707
549,0.5210040042128713,0.4720780255792079,0.2859049943118812,0.15346534653465338,4.0,1806.9658893998712
550,0.5507664873811882,0.4720780255792079,0.28566747748019805,0.15346534653465338,5.0,1809.210664199898
551,0.5773668517376238,0.4720780255792079,0.2934064556980198,0.13861386138613863,6.0,1811.113503899891
552,0.5726404768564357,0.4720780255792079,0.2812543382425743,0.14851485148514842,6.0,1812.9811454999726
553,0.5960704861138615,0.4720780255792079,0.2858229613613862,0.13366336633663356,7.0,1819.8024339999538
554,0.5996576187277228,0.4720780255792079,0.29312296526237624,0.1287128712871286,7.0,1823.0487635999452
555,0.5993467231831683,0.4720780255792079,0.28909919843069315,0.13366336633663356,7.0,1826.0929657998495
556,0.6243173099009901,0.4720780255792079,0.2840697851485149,0.13366336633663356,8.0,1828.7232103999704
557,0.5988222239108911,0.4720780255792079,0.28857469915841594,0.13366336633663367,7.0,1830.3773600999266
558,0.5753922146534654,0.4720780255792079,0.284006076039604,0.14851485148514854,6.0,1839.4186185998842
559,0.5785618221034654,0.4720780255792079,0.3020271686381188,0.1287128712871286,6.0,1841.6686061997898
560,0.6015378138856435,0.4720780255792079,0.28757741784603963,0.1386138613861384,7.0,1843.5494539998472
561,0.5723056747029702,0.4720780255792079,0.28834527866336634,0.1386138613861384,6.0,1843.7312276999
562,0.5756385337128713,0.4720780255792079,0.3028167515346535,0.12376237623762365,6.0,1845.0187142998911
563,0.6005848864356436,0.4720780255792079,0.29405023297029703,0.1287128712871286,7.0,1850.6745548998006
564,0.5756385337128713,0.4720780255792079,0.3028167515346535,0.12376237623762365,6.0,1859.319440699881
565,0.5957816677722773,0.4720780255792079,0.29295988559405944,0.12376237623762365,7.0,1865.7048595999368
566,0.5760995722574258,0.4720780255792079,0.3032777900792079,0.12376237623762365,6.0,1868.5970310999546
567,0.5779410004950496,0.4720780255792079,0.31254496089108913,0.11386138613861396,6.0,1877.4803000998218
568,0.5988014103960396,0.4720780255792079,0.29597962821782176,0.12376237623762387,7.0,1879.9508155998774
569,0.6272670229207921,0.4720780255792079,0.2944452407425742,0.12376237623762387,8.0,1881.1766436998732
570,0.6348309157920793,0.4720780255792079,0.2760190346039603,0.15841584158415833,8.0,1885.6395667998586
571,0.610012532029703,0.4720780255792079,0.28120065084158413,0.15841584158415833,7.0,1892.8220439997967
572,0.6325512890594059,0.4720780255792079,0.28487802173267324,0.14356435643564347,8.0,1895.2506141997874
573,0.6579564709851485,0.4720780255792079,0.2765703323712871,0.14851485148514842,9.0,1896.3650265999604
574,0.6498278081980198,0.4720780255792079,0.24987731314851488,0.1732673267326733,9.0,1905.7783403999638
575,0.6748369916534653,0.4720780255792079,0.26345085303960397,0.14851485148514842,10.0,1909.9469847998116
576,0.6738446316188118,0.4720780255792079,0.24389413656930695,0.1732673267326733,10.0,1910.9689962998964
577,0.6497251588118812,0.4720780255792079,0.24977466376237625,0.1732673267326733,9.0,1911.7934957998805
578,0.6785688869504951,0.4720780255792079,0.24861839190099008,0.1732673267326733,10.0,1912.970443799859
579,0.6758814646435642,0.4720780255792079,0.2719210686039604,0.13861386138613863,10.0,1917.3986489998642
580,0.698120233930693,0.4720780255792079,0.2567340953168317,0.14851485148514854,11.0,1918.759256399935
581,0.725777776539604,0.4720780255792079,0.2543916379257426,0.14851485148514842,12.0,1919.621452299878
582,0.6741034105099009,0.4720780255792079,0.26271727189603966,0.14851485148514854,10.0,1920.741382899927
583,0.6704629962475246,0.4720780255792079,0.28135408535643563,0.1188118811881188,10.0,1925.4846280999482
584,0.6147441537623763,0.4720780255792079,0.2522194012871287,0.1633663366336634,8.0,1931.6214646999724
585,0.6161577470792079,0.4720780255792079,0.2796230936138614,0.12871287128712872,8.0,1934.6622313999105
586,0.6425081894554456,0.4720780255792079,0.2871121498514852,0.11386138613861385,9.0,1935.489490199834
587,0.6687621553960397,0.4720780255792079,0.287078987079208,0.10891089108910879,10.0,1936.3379875998944
588,0.5728725721782179,0.4720780255792079,0.2554963345544554,0.18316831683168322,6.0,1940.0033257999457
589,0.6007012356881188,0.4720780255792079,0.25332499806435643,0.1831683168316831,7.0,1940.771291699959
590,0.6291027900693069,0.4720780255792079,0.25172655244554454,0.1831683168316831,8.0,1944.4386679998133
591,0.6380557228415842,0.4720780255792079,0.24553097036633664,0.1633663366336633,9.0,1945.5996606999543
592,0.6669425821980197,0.4720780255792079,0.2444178297227723,0.1633663366336633,10.0,1946.329408199992
593,0.6380557228415842,0.4720780255792079,0.24553097036633664,0.1633663366336633,9.0,1946.9812290999107
594,0.6594002291287129,0.4720780255792079,0.2297467637821782,0.21287128712871284,9.0,1951.575145999901
595,0.6381804942326732,0.4720780255792079,0.24565574175742574,0.1633663366336633,9.0,1952.3480221999343
596,0.6599507136386138,0.4720780255792079,0.2522774463118812,0.14356435643564347,10.0,1955.424847499933
597,0.6317591982178219,0.4720780255792079,0.2540859308910891,0.14356435643564347,9.0,1958.3959493997972
598,0.6038057633168317,0.4720780255792079,0.256132495990099,0.14356435643564358,8.0,1958.9836648998316
599,0.6224862455940594,0.4720780255792079,0.2599614931188119,0.1633663366336634,8.0,1961.4174709999934
600,0.6293494251485149,0.4720780255792079,0.26281477168316836,0.12871287128712872,9.0,1963.0091481998097
601,0.5948528305445545,0.4720780255792079,0.2623280780693069,0.1633663366336634,7.0,1964.171316599939
602,0.5684875915346534,0.4720780255792079,0.26224996777227727,0.16831683168316836,6.0,1967.1310764998198
603,0.5051267525247525,0.4720780255792079,0.292602000049505,0.1633663366336634,3.0,1973.9316666999366
604,0.47883385955445545,0.4720780255792079,0.2925962357920792,0.16831683168316836,2.0,1980.6750669998582
605,0.5048663088118811,0.4720780255792079,0.2700643286138613,0.19306930693069302,3.0,1988.5559284000192
606,0.5226956681188119,0.4720780255792079,0.2541808166336633,0.19801980198019797,4.0,1994.2412432997953
607,0.47830796277227716,0.4720780255792079,0.2697931112871287,0.19801980198019797,2.0,2002.1389324998017
608,0.4703903850495049,0.4703903850495049,0.24331117712871286,0.22277227722772275,2.0,2008.9284879998304
609,0.5012252281188119,0.4703903850495049,0.2441460201980198,0.22277227722772275,3.0,2011.2167716999538
610,0.4968344932178218,0.4703903850495049,0.30287409717821784,0.13861386138613874,3.0,2015.8944253998343
611,0.47963098599009907,0.4703903850495049,0.2822547483663367,0.1831683168316831,2.0,2022.8272702998947
612,0.5083236323762377,0.4703903850495049,0.28094739475247527,0.1831683168316831,3.0,2025.7995548998006
613,0.5066256633663366,0.4703903850495049,0.2718236831683169,0.19306930693069302,3.0,2030.1888042998035
614,0.49936969698019806,0.4703903850495049,0.29055781579207923,0.15841584158415845,3.0,2033.2519649998285
615,0.49864752272277224,0.4703903850495049,0.3009742553960396,0.14356435643564358,3.0,2036.4884434998967
616,0.4992068284653466,0.4703903850495049,0.2606919769801981,0.19801980198019797,3.0,2039.7107924998272
617,0.4938987888118812,0.4703903850495049,0.24766116504950497,0.16831683168316836,4.0,2042.9406568999402
618,0.5138431315792079,0.4703903850495049,0.23790253751980195,0.20792079207920788,4.0,2050.5329024998937
619,0.5138833026237624,0.4703903850495049,0.252497164009901,0.14851485148514854,5.0,2052.110353600001
620,0.5234844939108911,0.4703903850495049,0.2918013255940594,0.1089108910891089,5.0,2055.725844600005
621,0.4938987888118812,0.4703903850495049,0.24766116504950497,0.16831683168316836,4.0,2056.867223799927
622,0.5254997214356436,0.4703903850495049,0.26069774123762385,0.19306930693069302,4.0,2060.262463899795
623,0.49863079876237626,0.4703903850495049,0.2635317888613862,0.1534653465346535,4.0,2064.8737639999017
624,0.5265425504455445,0.4703903850495049,0.2614435405445545,0.1534653465346535,5.0,2067.34406449995
625,0.5039388384158416,0.4703903850495049,0.2765626007920793,0.1831683168316831,3.0,2070.3252874999307
626,0.5089967993069308,0.4703903850495049,0.2667690765346535,0.20297029702970293,3.0,2073.9619456999935
627,0.5333736262871287,0.4703903850495049,0.26857164608910894,0.19306930693069302,4.0,2077.217295499984
628,0.5274728246039604,0.4703903850495049,0.2775223295544555,0.1732673267326732,4.0,2081.129836199805
629,0.5480485126732674,0.4703903850495049,0.30151385920792084,0.1287128712871286,5.0,2083.4856098999735
630,0.5764205758069307,0.4703903850495049,0.29617305105445546,0.13366336633663356,6.0,2084.412784599932
631,0.5726742873267328,0.4703903850495049,0.2998525051485149,0.12376237623762365,6.0,2085.9202591998037
632,0.5889433483168316,0.4703903850495049,0.27527998198019804,0.17821782178217815,6.0,2089.039683099836
633,0.6175542580891089,0.4703903850495049,0.2738908917524753,0.17821782178217815,7.0,2089.5530138998292
634,0.6420219394752475,0.4703903850495049,0.2720714444257426,0.1732673267326732,8.0,2092.3604521998204
635,0.6134110297029702,0.4703903850495049,0.27346053465346537,0.1732673267326732,7.0,2092.818571599899
636,0.5889433483168316,0.4703903850495049,0.27527998198019804,0.17821782178217815,6.0,2094.917126599932
637,0.5593967526732674,0.4703903850495049,0.26459477247524754,0.19306930693069302,5.0,2096.0391329999547
638,0.5855763320495049,0.4703903850495049,0.2533486092772277,0.20297029702970304,6.0,2099.6552324998192
639,0.5549514368514851,0.4703903850495049,0.2787138130891089,0.16831683168316836,5.0,5064.659410899971
640,0.5819393629702969,0.4703903850495049,0.2831274817821782,0.15841584158415833,6.0,5066.408100100001
641,0.5525111870297029,0.4703903850495049,0.30597653356435645,0.12871287128712872,5.0,5070.090944899945
642,0.5525111870297029,0.4703903850495049,0.30597653356435645,0.12871287128712872,5.0,5077.207551399944
643,0.5595353700514851,0.4703903850495049,0.29072348886336635,0.15841584158415833,5.0,5081.606690499932
644,0.5326578346554456,0.4703903850495049,0.2938459534673267,0.15841584158415845,4.0,5085.081798399799
645,0.5103944985663367,0.4703903850495049,0.28301826094257426,0.1831683168316831,3.0,5089.849495399976
646,0.5081164429702971,0.4703903850495049,0.28445307663366337,0.17821782178217815,3.0,5094.62592559983
647,0.5083236323762377,0.4703903850495049,0.28094739475247527,0.1831683168316831,3.0,5097.716532599879
648,0.5071665558415841,0.4703903850495049,0.2723645756435643,0.19306930693069302,3.0,5105.5310380000155
649,0.5306407476732673,0.4703903850495049,0.2881159951980198,0.1633663366336633,4.0,5110.687390199862
650,0.5263570918960396,0.4703903850495049,0.28383233942079206,0.1633663366336633,4.0,5117.744344699895
651,0.5561737527871287,0.4703903850495049,0.28364900031188117,0.1633663366336633,5.0,5119.3471855998505
652,0.4985845736138613,0.4703903850495049,0.28605982113861383,0.1633663366336633,3.0,5122.584038899979
653,0.5272041194554455,0.4703903850495049,0.2809664956930693,0.16831683168316824,4.0,5125.458079600008
654,0.554834228960396,0.4703903850495049,0.27859660519801976,0.16831683168316824,5.0,5126.802865699865
655,0.537909290990099,0.4703903850495049,0.2802360236633663,0.14356435643564347,5.0,5128.437963699922
656,0.5662121717326732,0.4703903850495049,0.27853890440594065,0.14356435643564358,6.0,5128.82509609987
657,0.5953028213415841,0.4703903850495049,0.2776295540148515,0.14356435643564347,7.0,5129.22134469985
658,0.5911603852475247,0.4703903850495049,0.27348711792079206,0.14356435643564358,7.0,5130.412406299962
659,0.6130611313366336,0.4703903850495049,0.2691007352970297,0.13861386138613863,8.0,5132.083597299876
660,0.6166159453465346,0.4703903850495049,0.2763684205940594,0.13366336633663367,8.0,5132.752303399844
661,0.6180364553980198,0.4703903850495049,0.27778893064554455,0.13366336633663356,8.0,5133.473091899883
662,0.5525516646158416,0.4703903850495049,0.27631404085346534,0.16831683168316824,5.0,5136.255086599849
663,0.5429390428089108,0.4703903850495049,0.2667014190465346,0.16831683168316824,5.0,5140.585703099845
664,0.5642237185514851,0.4703903850495049,0.2765504512247524,0.14356435643564347,6.0,5144.556666099932
665,0.5429390428089108,0.4703903850495049,0.2667014190465346,0.16831683168316824,5.0,5147.663770099869
666,0.5123079783019802,0.4703903850495049,0.3106248099851485,0.1089108910891089,4.0,5151.3041883998085
667,0.5392768629851485,0.4703903850495049,0.2964550808069307,0.12376237623762387,5.0,5154.800599399954
668,0.5419263663217821,0.4703903850495049,0.2953917128564357,0.12871287128712872,5.0,5158.453499499941
669,0.5479610271633664,0.4703903850495049,0.2680105321138614,0.1732673267326732,5.0,5163.150030599907
670,0.5183426391435644,0.4703903850495049,0.28324362924257424,0.15346534653465338,4.0,5166.330546599813
671,0.5275428033267326,0.4703903850495049,0.28873092213861384,0.15841584158415833,4.0,5171.209416199941
672,0.5286666620346534,0.4703903850495049,0.3121320085693069,0.12871287128712872,4.0,5182.851238199975
673,0.5243360903118812,0.4703903850495049,0.3078014368465346,0.12871287128712872,4.0,5183.695726899896
674,0.528758656450495,0.4703903850495049,0.3196497455594059,0.1188118811881188,4.0,5184.629180999938
675,0.5303375334059406,0.4703903850495049,0.25810981063366334,0.20297029702970293,4.0,5192.371575299883
676,0.5594199702871286,0.4703903850495049,0.30174670296039596,0.14356435643564347,5.0,5197.524152299855
677,0.5527447797029703,0.4703903850495049,0.25794279950495047,0.19306930693069302,5.0,5199.084503199905
678,0.5787557442871287,0.4703903850495049,0.26509237795049506,0.17821782178217815,6.0,5199.899686599849
679,0.5527447797029703,0.4703903850495049,0.25794279950495047,0.19306930693069302,5.0,5200.586877299938
680,0.5737838592079207,0.4703903850495049,0.26383336415841585,0.1732673267326732,6.0,5206.413229499944
681,0.5875763420940594,0.4703903850495049,0.24762584704455445,0.1732673267326732,7.0,5207.399046199862
682,0.5910282854653466,0.4703903850495049,0.284493632,0.12871287128712883,7.0,5214.563942399807
683,0.6106883444504951,0.4703903850495049,0.2518764632623762,0.15841584158415833,8.0,5215.498829499818
684,0.6356167309702971,0.4703903850495049,0.2653692062178218,0.13366336633663356,9.0,5218.6060134000145
685,0.6340227866237624,0.4703903850495049,0.252636648009901,0.14851485148514865,9.0,5219.048517399933
686,0.6589511731435644,0.4703903850495049,0.26612939096534655,0.12376237623762365,10.0,5222.1226829998195
687,0.6429530536732673,0.4703903850495049,0.2801312714950495,0.12376237623762387,9.0,5231.107979699969
688,0.6144322569009901,0.4703903850495049,0.2816104747227723,0.12376237623762387,8.0,5232.249000499956
689,0.6438975493118813,0.4703903850495049,0.2847886384207921,0.11881188118811892,9.0,5232.533598899841
690,0.652488803089109,0.4703903850495049,0.30451850605940595,0.10396039603960405,9.0,5234.132450799923
691,0.5741459521386139,0.4703903850495049,0.24563110065346536,0.19801980198019797,6.0,5241.0114591999445
692,0.5442889420940594,0.4703903850495049,0.24948696189603964,0.19306930693069302,5.0,5241.4015925999265
693,0.5723909907574258,0.4703903850495049,0.2513018818465347,0.18811881188118806,6.0,5242.313776699826
694,0.5453550341237624,0.4703903850495049,0.2654045390742575,0.1732673267326732,5.0,5249.917191799963
695,0.5717359287772277,0.4703903850495049,0.2617854337277228,0.1732673267326732,6.0,5251.795291699935
696,0.5638725608069307,0.4703903850495049,0.2576349370445545,0.16831683168316847,6.0,5258.266650500009
697,0.5793261622425743,0.4703903850495049,0.25422715234158416,0.1534653465346536,7.0,5261.071119999979
698,0.5919938307574257,0.4703903850495049,0.25946907828217824,0.1633663366336633,7.0,5262.22383329994
699,0.6167528339752475,0.4703903850495049,0.26536669536138613,0.14851485148514842,8.0,5264.232483699918
700,0.5712270532326733,0.4703903850495049,0.2798409146188119,0.14851485148514842,6.0,5267.888655599905
701,0.5715056617475247,0.4703903850495049,0.30239675085643564,0.1188118811881187,6.0,5278.302561099874
702,0.6001818847574257,0.4703903850495049,0.30107297386633664,0.1188118811881187,7.0,5278.712148299906
703,0.6292864307673267,0.4703903850495049,0.3001775198762376,0.1188118811881187,8.0,5279.373001199914
704,0.6282952316386139,0.4703903850495049,0.3066120633217822,0.10891089108910879,8.0,5280.086406999966
705,0.6281409232970296,0.4703903850495049,0.3027448836930693,0.11386138613861374,8.0,5280.45718519995
706,0.6555640275049506,0.4703903850495049,0.3001679879009901,0.11386138613861374,9.0,5281.218489999883
707,0.6257711025643564,0.4703903850495049,0.3040879342475247,0.10891089108910879,8.0,5281.930347200017
708,0.6214962799158417,0.4703903850495049,0.2701101413019802,0.14851485148514842,8.0,5287.873390599852
709,0.6454615325891089,0.4703903850495049,0.2900654929851485,0.11386138613861374,9.0,5291.2339358998
710,0.6731802778514852,0.4703903850495049,0.2952099808217822,0.10396039603960383,10.0,5291.660382999806
711,0.6993341598316831,0.4703903850495049,0.29136386280198023,0.10396039603960383,11.0,5292.755284899846
712,0.7243400138910892,0.4703903850495049,0.2900825881485149,0.09900990099009888,12.0,5293.98835959984
713,0.728630664039604,0.4703903850495049,0.290660367009901,0.10396039603960383,12.0,5294.554824999999
714,0.6711622300297031,0.4703903850495049,0.28947906171287136,0.10891089108910901,10.0,5295.45238199993
715,0.6975733165049505,0.4703903850495049,0.2896030194752476,0.10396039603960405,11.0,5295.6770885000005
716,0.6996346495099011,0.4703903850495049,0.2916643524801981,0.10396039603960405,11.0,5295.927756599849
717,0.5618074968811881,0.4703903850495049,0.2555698731188119,0.16831683168316836,6.0,5302.61270139995
718,0.5410971147524752,0.4703903850495049,0.26485949099009903,0.16831683168316824,5.0,5304.847931899829
719,0.5230829685643565,0.4703903850495049,0.28427108737623763,0.15841584158415845,4.0,5312.043243399821
720,0.5497090684702971,0.4703903850495049,0.2771843159950495,0.1633663366336633,5.0,5312.976181299891
721,0.5445794017326733,0.4703903850495049,0.2831932631188119,0.14851485148514854,5.0,5316.935160099994
722,0.5260266050148515,0.4703903850495049,0.26493749610396045,0.18811881188118806,4.0,5319.568959299941
723,0.5320864911930694,0.4703903850495049,0.25985876842079214,0.20297029702970293,4.0,5323.205164799932
724,0.5308521717920792,0.4703903850495049,0.258624449019802,0.20297029702970293,4.0,5326.55826109997
725,0.5038001432673267,0.4703903850495049,0.28384964821782177,0.1732673267326732,3.0,5334.784766199999
726,0.5329791144752476,0.4703903850495049,0.2830286194257426,0.1732673267326732,4.0,5335.347908699885
727,0.533770425049505,0.4703903850495049,0.28381992999999994,0.1732673267326732,4.0,5344.359655499924
728,0.5563029389108911,0.4703903850495049,0.26521383,0.18811881188118806,5.0,5353.13377129985
729,0.5252817864356435,0.4703903850495049,0.24191544980198018,0.2178217821782178,4.0,5359.637089499971
730,0.5548137572772277,0.4703903850495049,0.23402167806930693,0.2277227722772277,5.0,5363.732579999836
731,0.5541882552475247,0.4703903850495049,0.24082191861386135,0.2178217821782178,5.0,5364.021243699826
732,0.5830084471138613,0.4703903850495049,0.23964211048019798,0.2178217821782178,6.0,5364.332914399914
733,0.5540657695693069,0.4703903850495049,0.24069943293564353,0.2178217821782178,5.0,5364.988281199941
734,0.5540657695693069,0.4703903850495049,0.24069943293564353,0.2178217821782178,5.0,5373.326647399925
735,0.560245522539604,0.4703903850495049,0.2802950274900991,0.1732673267326732,5.0,5381.432513899868
736,0.5838133229455447,0.4703903850495049,0.2627242140346535,0.18811881188118806,6.0,5384.289055099944
737,0.5812735356584159,0.4703903850495049,0.29731313961881195,0.13861386138613851,6.0,5387.056958599947
738,0.5891095879356436,0.4703903850495049,0.27915909288613866,0.1732673267326732,6.0,5387.639665599912
739,0.5373076014504949,0.4703903850495049,0.24963433412376232,0.14356435643564347,6.0,5394.102856099838
740,0.5571768323910891,0.4703903850495049,0.24692930763861384,0.13366336633663356,7.0,5398.04030829994
741,0.5667884368069306,0.4703903850495049,0.24911516948019796,0.14356435643564347,7.0,5398.397290299879
742,0.5085660217326733,0.4703903850495049,0.25089275440594055,0.14356435643564347,5.0,5398.697286600014
743,0.5084682978910892,0.4703903850495049,0.25079503056435637,0.14356435643564358,5.0,5399.907122799894
744,0.5283375288316832,0.4703903850495049,0.2480900040792079,0.13366336633663367,6.0,5404.156605199911
745,0.5335690738811881,0.4703903850495049,0.24589580655445542,0.1435643564356437,6.0,5406.443395899842
746,0.5354332352673268,0.4703903850495049,0.247759967940594,0.14356435643564347,6.0,5407.285711899865
747,0.5841519986831684,0.4703903850495049,0.31504308779207923,0.1188118811881187,6.0,5421.978295599809
748,0.5535614820990099,0.4703903850495049,0.2581654424950496,0.11386138613861374,7.0,5425.553564299829
749,0.5558726092079207,0.4703903850495049,0.2641894408910891,0.10891089108910879,7.0,5432.880314499838
750,0.5827234614851484,0.4703903850495049,0.24990167930693072,0.12376237623762365,8.0,5435.218145799823
751,0.47664087193267324,0.4703903850495049,0.23782899074455444,0.15841584158415833,4.0,5442.667978399899
752,0.499807826190099,0.4703903850495049,0.24584743015049504,0.13861386138613851,5.0,5444.405061399797
753,0.5028827538138614,0.4703903850495049,0.23778374391287127,0.15346534653465338,5.0,5446.172529999865
754,0.5310232361554456,0.4703903850495049,0.25820145397722777,0.12376237623762365,6.0,5449.469781999942
755,0.47664087193267324,0.4703903850495049,0.23782899074455444,0.15841584158415833,4.0,5451.192641999805
756,0.4885249551485148,0.4703903850495049,0.275703172970297,0.12376237623762376,4.0,5458.801195299951
757,0.4651705666336633,0.4651705666336633,0.26378442801980195,0.14851485148514842,3.0,5461.199429599801
758,0.458757246519802,0.458757246519802,0.25737110790594064,0.14851485148514854,3.0,5468.759659699863
759,0.4846784174653465,0.458757246519802,0.2607180214257426,0.13861386138613863,4.0,5470.264507499989
760,0.5122643244950494,0.458757246519802,0.26201679974257425,0.13366336633663356,5.0,5471.227023500018
761,0.5075100125643565,0.458757246519802,0.24983674523762378,0.14356435643564358,5.0,5475.915838300018
762,0.5117587522178217,0.458757246519802,0.26151122746534655,0.13366336633663367,5.0,5479.509423199808
763,0.5241151907722772,0.458757246519802,0.2481745967128713,0.20792079207920788,4.0,5485.841670199996
764,0.5139839768366337,0.458757246519802,0.2417562540643564,0.20297029702970293,4.0,5493.944259299897
765,0.5422720182029703,0.458757246519802,0.24004429543069303,0.20297029702970293,5.0,5500.465779499849
766,0.5416458868366336,0.458757246519802,0.23941816406435643,0.20297029702970293,5.0,5507.420294299955
767,0.5422973303514852,0.458757246519802,0.24006960757920792,0.20297029702970293,5.0,5508.842541999882
768,0.5143559892029703,0.458757246519802,0.23470252385643564,0.21287128712871284,4.0,5509.341402699938
769,0.5252260982227723,0.458757246519802,0.2567112467376238,0.19801980198019797,4.0,5511.2750345999375
770,0.4868384308960396,0.458757246519802,0.24089783683663366,0.20792079207920788,3.0,5511.6723247999325
771,0.5151157247079208,0.458757246519802,0.2614523583712871,0.17821782178217815,4.0,5517.984581599943
772,0.5139564350544554,0.458757246519802,0.23801584099504952,0.20792079207920788,4.0,5519.512338900007
773,0.5090764448069307,0.458757246519802,0.23313585074752474,0.20792079207920788,4.0,5527.757571899798
774,0.5017778514851485,0.458757246519802,0.2669758712871287,0.19306930693069302,3.0,5530.4013074999675
775,0.47131594445544556,0.458757246519802,0.2773555484158416,0.13861386138613851,3.0,5538.239538399968
776,0.5001452816707426,0.458757246519802,0.27618488563113863,0.13861386138613851,4.0,5539.845115499804
777,0.4627865158613862,0.458757246519802,0.24654889209900993,0.16831683168316836,3.0,5546.3244373998605
778,0.48762260698019805,0.458757246519802,0.24881072579207925,0.15841584158415833,4.0,5547.0861099998
779,0.48551765277227726,0.458757246519802,0.2578443854455446,0.14356435643564358,4.0,5547.848746499978
780,0.507904986559406,0.458757246519802,0.253944590519802,0.13861386138613863,5.0,5548.892519899877
781,0.48551765277227726,0.458757246519802,0.2578443854455446,0.14356435643564358,4.0,5555.430221199989
782,0.5115677719801981,0.458757246519802,0.2576073759405941,0.13861386138613863,5.0,5556.123015699908
783,0.5139901936633664,0.458757246519802,0.26002979762376244,0.13861386138613863,5.0,5558.695028199814
784,0.509798949,0.458757246519802,0.2521256816732674,0.14356435643564347,5.0,5559.513368799817
785,0.5358780386534654,0.458757246519802,0.2519176426138614,0.13861386138613851,6.0,5560.051669999957
786,0.5652980328118812,0.458757246519802,0.2513376367722772,0.13861386138613851,7.0,5564.430378999794
787,0.592389230039604,0.458757246519802,0.2521417052871287,0.13366336633663356,8.0,5570.800861999858
788,0.579642666079208,0.458757246519802,0.2882565274653466,0.14851485148514842,6.0,5577.677340099821
789,0.5349629369677723,0.458757246519802,0.2661510557796535,0.15841584158415845,5.0,5584.836437499849
790,0.5622111307796536,0.458757246519802,0.26339924959153466,0.15841584158415845,6.0,5587.860461300006
791,0.5625236656806436,0.458757246519802,0.26371178449252475,0.15841584158415833,6.0,5591.869340899866
792,0.544480661745,0.458757246519802,0.2533915528341089,0.18811881188118806,5.0,5593.940044599818
793,0.5233604967301485,0.458757246519802,0.2622713878192574,0.18811881188118806,4.0,5603.083652299829
794,0.48333845231430694,0.458757246519802,0.26680379884896044,0.1287128712871286,4.0,5610.014991199831
795,0.5058645369182674,0.458757246519802,0.26304275474004957,0.12376237623762365,5.0,5613.043531899806
796,0.5620004588049504,0.458757246519802,0.2820499637554455,0.1732673267326732,5.0,5621.341621599859
797,0.476859171980198,0.458757246519802,0.2640373898019802,0.12376237623762365,4.0,5628.4616486998275
798,0.5201126696138614,0.458757246519802,0.24417207555445541,0.20792079207920788,4.0,5636.165228599915
799,0.5234275736633663,0.458757246519802,0.26605133603960396,0.1831683168316831,4.0,5645.51507549989
800,0.5151722141534654,0.458757246519802,0.26893459039108913,0.16831683168316836,4.0,5653.064344999846
801,0.5054608321287128,0.458757246519802,0.27006479252475246,0.11386138613861385,5.0,5654.998938699951
802,0.4543330873762377,0.4543330873762377,0.2677984339108911,0.1287128712871286,3.0,5657.578209599946
803,0.48291833509900994,0.4543330873762377,0.26267081034653467,0.13366336633663356,4.0,5659.063963999972
804,0.4785688391584159,0.4543330873762377,0.2620341856930693,0.1287128712871286,4.0,5661.559630199801
805,0.5065280243564356,0.4543330873762377,0.24885475702970294,0.14356435643564347,5.0,5663.661287999945
806,0.5030603479207921,0.4543330873762377,0.26023856574257426,0.12376237623762365,5.0,5666.523927799892
807,0.506598583019802,0.4543330873762377,0.26006392955445545,0.1287128712871286,5.0,5668.704800499836
808,0.5192549711683169,0.4543330873762377,0.25445299097029705,0.19306930693069302,4.0,5678.294954499928
809,0.5012122816930693,0.4543330873762377,0.2552716876336634,0.20792079207920788,3.0,5685.860542299924
810,0.4543330873762377,0.4543330873762377,0.2677984339108911,0.1287128712871286,3.0,5688.099427899811
811,0.47783280831683167,0.4543330873762377,0.27614964,0.10891089108910901,4.0,5690.541148399934
812,0.4823499832178218,0.4543330873762377,0.26581532975247524,0.1287128712871286,4.0,5692.844193500001
813,0.5060907235643565,0.4543330873762377,0.27069468396039603,0.11386138613861396,5.0,5694.281697099796
814,0.5052581345544555,0.4543330873762377,0.2550106098019802,0.13366336633663378,5.0,5695.157351699891
815,0.5338874650000001,0.4543330873762377,0.26106568282178216,0.12376237623762365,6.0,5696.149037899915
816,0.5085146103564356,0.4543330873762377,0.2619799568910891,0.1287128712871286,5.0,5696.8796126998495
817,0.48327516491089106,0.4543330873762377,0.2704533827326733,0.12376237623762365,4.0,5702.260695899837
818,0.5088271023861386,0.4543330873762377,0.2697181914950495,0.1188118811881187,5.0,5704.649983200012
819,0.5120775729821782,0.4543330873762377,0.2655429195168317,0.1287128712871286,5.0,5707.362931299955
820,0.48465226054455446,0.4543330873762377,0.2569789932178218,0.14356435643564347,4.0,5713.065992699936
821,0.5107410277425742,0.4543330873762377,0.26791924556435637,0.12376237623762365,5.0,5715.656912399922
822,0.5053809842673267,0.4543330873762377,0.26255920208910893,0.12376237623762365,5.0,5718.6305126999505
823,0.5355113204554456,0.4543330873762377,0.26268953827722774,0.12376237623762365,6.0,5720.838886399986
824,0.5336092153564356,0.4543330873762377,0.2533616906039604,0.13366336633663356,6.0,5722.9735500998795
825,0.5596952681782178,0.4543330873762377,0.25687348600000004,0.12376237623762365,7.0,5724.232411699835
826,0.5793277146930693,0.4543330873762377,0.26937721964356437,0.1732673267326732,6.0,5732.602204700001
827,0.5594357766683168,0.4543330873762377,0.2491882519158416,0.13366336633663356,7.0,5734.862555699889
828,0.5636627118663365,0.4543330873762377,0.24227657325247526,0.14851485148514842,7.0,5738.043359099887
829,0.5352304749356436,0.4543330873762377,0.26983443533168316,0.11386138613861374,6.0,5740.752618799917
830,0.5648447033514851,0.4543330873762377,0.26944866374752474,0.11386138613861374,7.0,5742.45083249989
831,0.5610910409257426,0.4543330873762377,0.26569500132178214,0.11386138613861385,7.0,5744.873632499948
832,0.5631502358762375,0.4543330873762377,0.2677541962722772,0.11386138613861374,7.0,5746.875722799916
833,0.5611188784999999,0.4543330873762377,0.27686145275742574,0.09900990099009888,7.0,5748.690557499882
834,0.5359701219158416,0.4543330873762377,0.24458398330198022,0.14851485148514842,6.0,5751.52405779995
835,0.5086313973267327,0.4543330873762377,0.26580961514851487,0.12376237623762365,5.0,5756.9448366998695
836,0.5075249428217822,0.4543330873762377,0.2647031606435643,0.12376237623762365,5.0,5762.364410899812
837,0.5358504871782178,0.4543330873762377,0.2667415762871287,0.1188118811881187,6.0,5766.149263799889
838,0.5138517492574257,0.4543330873762377,0.2598913532178218,0.13861386138613874,5.0,5771.424145699944
839,0.5427030793663365,0.4543330873762377,0.25874268332673267,0.13861386138613874,6.0,5772.972796499962
840,0.5331796598514851,0.4543330873762377,0.2900608479702971,0.08415841584158423,6.0,5775.6420258998405
841,0.4853503398514851,0.4543330873762377,0.2613899438118812,0.13861386138613851,4.0,5777.167477699928
842,0.512260850940594,0.4543330873762377,0.26201332618811884,0.13366336633663356,5.0,5780.300188099965
843,0.5382982132178218,0.4543330873762377,0.25433781717821785,0.13861386138613851,6.0,5781.971877299948
844,0.5347918577722772,0.4543330873762377,0.254544333019802,0.13366336633663356,6.0,5784.6266130998265
845,0.5075381898019802,0.4543330873762377,0.25729066504950493,0.13366336633663378,5.0,5786.401319999946
846,0.532975400940594,0.4543330873762377,0.2675793613366336,0.11386138613861396,6.0,5789.634039999917
847,0.5566608944306931,0.4543330873762377,0.25383911225247524,0.12376237623762376,7.0,5792.126422500005
848,0.5615575421782177,0.4543330873762377,0.2661615025742574,0.11386138613861396,7.0,5795.182424899889
849,0.5493876323613862,0.4543330873762377,0.2582985234504951,0.18811881188118806,5.0,5803.686816099798
850,0.5759677093910891,0.4543330873762377,0.26973008562871287,0.16831683168316824,6.0,5806.36943049985
851,0.5409844868019802,0.4543330873762377,0.26103399175247527,0.1732673267326732,5.0,5811.493667699862
852,0.5485771288366337,0.4543330873762377,0.27976524764851485,0.15841584158415833,5.0,5816.014251599787
853,0.5758901253217821,0.4543330873762377,0.2845039867079208,0.14851485148514842,6.0,5818.084333000006
854,0.5773762900346535,0.4543330873762377,0.27856440884653466,0.15841584158415833,6.0,5820.194050199818
855,0.5677837202821783,0.4543330873762377,0.29496193810396043,0.12376237623762387,6.0,5822.403402599972
856,0.5943637973118812,0.4543330873762377,0.3063935002821782,0.10396039603960405,7.0,5825.066564099863
857,0.574602855,0.4543330873762377,0.29806820153465347,0.12871287128712883,6.0,5827.677106799791
858,0.6028842475594058,0.4543330873762377,0.3074882079554455,0.11386138613861396,7.0,5828.61677949992
859,0.5553962635544554,0.4543330873762377,0.2828715110792079,0.1633663366336634,5.0,5830.679900299991
860,0.5805573907326732,0.4543330873762377,0.2817455095445544,0.15841584158415845,6.0,5833.243103199871
861,0.5798412466732673,0.4543330873762377,0.2847422367722772,0.1534653465346535,6.0,5835.079753999831
862,0.5839684577029702,0.4543330873762377,0.28886944780198015,0.1534653465346535,6.0,5835.613067599945
863,0.548506300990099,0.4543330873762377,0.2871201623762376,0.14851485148514854,5.0,5838.222703399835
864,0.5713422783168317,0.4543330873762377,0.30965910999999996,0.10891089108910912,6.0,5839.208561099833
865,0.5477476610396039,0.4543330873762377,0.267797165990099,0.17326732673267342,5.0,5844.596446099924
866,0.5408207734059406,0.4543330873762377,0.2645831496435644,0.16831683168316847,5.0,5849.891062299954
867,0.5684411012623762,0.4543330873762377,0.2584906062128713,0.17326732673267342,6.0,5853.446005599806
868,0.5692987219306931,0.4543330873762377,0.2630610981683168,0.16831683168316847,6.0,5856.986467199866
869,0.5962619012376238,0.4543330873762377,0.26373714876237625,0.1633663366336635,7.0,5858.958486899966
870,0.5964692215841584,0.4543330873762377,0.2602315978217822,0.16831683168316847,7.0,5860.642505999887
871,0.6240894250049505,0.4543330873762377,0.26156467252970295,0.1633663366336634,8.0,5863.061409399845
872,0.5926269831534653,0.4543330873762377,0.2638151019653465,0.15841584158415856,7.0,5866.444479199825
873,0.5741385855247525,0.4543330873762377,0.27532670433663364,0.15841584158415856,6.0,5870.245284299832
874,0.5556688766138613,0.4543330873762377,0.294282738,0.14851485148514854,5.0,5875.624455499928
875,0.5529070987128712,0.4543330873762377,0.2878080888118812,0.1534653465346535,5.0,5877.037420999957
876,0.5281648343415841,0.4543330873762377,0.29306582444059404,0.1534653465346535,4.0,5878.537020599935
877,0.5259542056930693,0.4543330873762377,0.30570668094059406,0.13366336633663367,4.0,5886.798917399952
878,0.5548877886158415,0.4543330873762377,0.308353135150495,0.12871287128712872,5.0,5891.593710699817
879,0.5549583324257426,0.4543330873762377,0.3121365502475248,0.12376237623762387,5.0,5893.3317323999945
880,0.5537707114653465,0.4543330873762377,0.3035231867128713,0.13366336633663367,5.0,5894.6215295998845
881,0.5819193618316831,0.4543330873762377,0.30538470836633663,0.12871287128712872,6.0,5895.424940899946
882,0.5258445401287128,0.4543330873762377,0.2796069163663366,0.16831683168316836,4.0,5897.267353500007
883,0.5535555632475248,0.4543330873762377,0.28845655334653464,0.1534653465346535,5.0,5898.66060589999
884,0.527341873430693,0.4543330873762377,0.2811042496683168,0.16831683168316836,4.0,5900.37430549995
885,0.5550584972128713,0.4543330873762377,0.27882087345049505,0.16831683168316836,5.0,5901.557023699861
886,0.5230885405940594,0.4543330873762377,0.28056378811881183,0.1633663366336634,4.0,5902.422220999841
887,0.4980280343564356,0.4543330873762377,0.2817904105940594,0.16831683168316836,3.0,5904.988326299936
888,0.5037030624787129,0.4543330873762377,0.2614753397064356,0.20297029702970293,3.0,5912.505438699853
889,0.5217058034653466,0.4543330873762377,0.28289392227722776,0.15841584158415845,4.0,5915.176182799973
890,0.5254104386633663,0.4543330873762377,0.2828856861881188,0.1633663366336634,4.0,5917.31532399985
891,0.4980280343564356,0.4543330873762377,0.2817904105940594,0.16831683168316836,3.0,5940.797710699961
892,0.49600793868811877,0.4543330873762377,0.24264160205445545,0.2178217821782178,3.0,5948.240380299976
893,0.5110557939009901,0.4543330873762377,0.2462538137029703,0.19306930693069313,4.0,5948.784647299908
894,0.47347458900990097,0.4543330873762377,0.2649597375247525,0.19801980198019797,2.0,5956.368546399986
895,0.4997195974504951,0.4543330873762377,0.28348197368811884,0.16831683168316824,3.0,5958.519415899878
896,0.5234440016089109,0.4543330873762377,0.27349350655940596,0.1732673267326732,4.0,5959.567078099819
897,0.5270136151980198,0.4543330873762377,0.2807759914356436,0.16831683168316824,4.0,5961.045961899916
898,0.47774740099009905,0.4543330873762377,0.2729454207920793,0.19306930693069302,2.0,5970.042997499928
899,0.4720780255792079,0.4543330873762377,0.2709889166683168,0.18811881188118817,2.0,5975.783343199873
900,0.49826468774257426,0.4543330873762377,0.26717557883168314,0.18811881188118817,3.0,6074.902320999885
901,0.4524603617821782,0.4524603617821782,0.29250986673267326,0.1732673267326733,1.0,6081.657877899939
902,0.4767738389108911,0.4524603617821782,0.28682334386138614,0.1732673267326733,2.0,6089.969621099997
903,0.4720780255792079,0.4524603617821782,0.2709889166683168,0.18811881188118817,2.0,6095.7279809999745
904,0.4804850641336633,0.4524603617821782,0.29053456908415837,0.1732673267326733,2.0,6101.727988699917
905,0.4705590849009901,0.4524603617821782,0.3028858175742574,0.14356435643564347,2.0,6109.7601559998
906,0.4829166401485149,0.4524603617821782,0.27811465995049506,0.19306930693069313,2.0,6117.306714299833
907,0.4801217579207921,0.4524603617821782,0.29017126287128714,0.1732673267326733,2.0,6123.341348899994
908,0.47883385955445545,0.4524603617821782,0.2925962357920792,0.16831683168316836,2.0,6129.826599599794
909,0.5048663088118811,0.4524603617821782,0.2700643286138613,0.19306930693069302,3.0,6137.420614699833
910,0.48091090529702973,0.4524603617821782,0.2909604102475248,0.1732673267326732,2.0,6146.557355299825
911,0.5067887796534654,0.4524603617821782,0.2905511558910891,0.16831683168316824,3.0,6146.994572199881
912,0.5067887796534654,0.4524603617821782,0.2905511558910891,0.16831683168316824,3.0,6147.423249499872
913,0.5053054923960396,0.4524603617821782,0.281642126059406,0.17821782178217827,3.0,6153.602383699967
914,0.5305230582970297,0.4524603617821782,0.27685969196039606,0.17821782178217827,4.0,6153.971774999984
915,0.5053847172772278,0.4524603617821782,0.2891470935148515,0.16831683168316824,3.0,6161.875279699918
916,0.5300895744851486,0.4524603617821782,0.2838519507227723,0.16831683168316824,4.0,6162.216829299927
917,0.5587655394554456,0.4524603617821782,0.28624078698019806,0.1633663366336633,5.0,6162.717818999896
918,0.5330040932574258,0.4524603617821782,0.2830535982079208,0.1732673267326732,4.0,6163.05480139982
919,0.5598861002623763,0.4524603617821782,0.2836484765,0.16831683168316824,5.0,6163.335389500018
920,0.5330040932574258,0.4524603617821782,0.2830535982079208,0.1732673267326732,4.0,6163.548875799868
921,0.560700720480198,0.4524603617821782,0.2807502254306931,0.1732673267326732,5.0,6163.803924199892
922,0.5317333856188119,0.4524603617821782,0.28178289056930694,0.1732673267326732,4.0,6164.4380677999
923,0.5582840801732674,0.4524603617821782,0.27833358512376244,0.1732673267326732,5.0,6168.998062499799
924,0.5053847172772278,0.4524603617821782,0.2891470935148515,0.16831683168316824,3.0,6169.346741199959
925,0.5231219187623763,0.4524603617821782,0.28802290886138615,0.15346534653465338,4.0,6175.148581899935
926,0.5285030618960396,0.4524603617821782,0.27483969555940596,0.17821782178217815,4.0,6180.717210399918
927,0.4944360492871287,0.4524603617821782,0.2596340690891089,0.19306930693069302,3.0,6189.784501099959
928,0.49837637730693063,0.4524603617821782,0.25243578324752475,0.20792079207920788,3.0,6191.817089499906
929,0.47774740099009905,0.4524603617821782,0.2729454207920793,0.19306930693069302,2.0,6200.747452499811
930,0.49941411747524755,0.4524603617821782,0.27575075113861386,0.17821782178217815,3.0,6203.021991299931
931,0.5069011819653465,0.4524603617821782,0.27209920176732677,0.19306930693069302,3.0,6205.765619699843
932,0.5001262382277227,0.4524603617821782,0.26532425802970294,0.19306930693069302,3.0,6208.18660749984
933,0.48026396835391083,0.4524603617821782,0.2903134733044059,0.1732673267326733,2.0,6214.981122999918
934,0.4943814094430198,0.4524603617821782,0.285569528254901,0.15841584158415833,3.0,6224.406697899802
935,0.5176890286063861,0.4524603617821782,0.2788771474182673,0.15841584158415833,4.0,6232.777944799978
936,0.5239626979925247,0.4524603617821782,0.28515081680440596,0.15841584158415833,4.0,6235.423395299818
937,0.5225868066063861,0.4524603617821782,0.26892344026975246,0.17821782178217815,4.0,6242.131836799905
938,0.5227717717747029,0.4524603617821782,0.28395989058658416,0.15841584158415833,4.0,6243.995231299894
939,0.4918813477722772,0.4524603617821782,0.2867823378712871,0.15346534653465338,3.0,6250.653025300009
940,0.5053147832574257,0.4524603617821782,0.22967121890099007,0.24752475247524752,3.0,6257.675265299855
941,0.5190518581188118,0.4524603617821782,0.28395284821782174,0.15346534653465338,4.0,6259.213347499957
942,0.500427752029703,0.4524603617821782,0.23592280153465345,0.23267326732673277,3.0,6266.481365599902
943,0.5287837639603961,0.4524603617821782,0.23799168475247523,0.22772277227722781,4.0,6271.599471899914
944,0.529226426410891,0.4524603617821782,0.24214721849009901,0.22277227722772286,4.0,6272.597495299997
945,0.46013932396039603,0.4524603617821782,0.26617892792079206,0.13861386138613874,3.0,6279.076524399919
946,0.49370209391089115,0.4524603617821782,0.288603084009901,0.15346534653465338,3.0,6291.8481821999885
947,0.48713307460891087,0.4524603617821782,0.26688554985643564,0.13366336633663367,4.0,6293.190408599796
948,0.4820448851485148,0.4524603617821782,0.2543716178217822,0.1435643564356437,4.0,6295.363675399916
949,0.4869364802029702,0.4524603617821782,0.2629760841633663,0.13861386138613874,4.0,6296.992379299831
950,0.5159580040594058,0.4524603617821782,0.27714612287128715,0.15841584158415833,4.0,6305.124868899817
951,0.4869316622277227,0.4524603617821782,0.26668413747524755,0.13366336633663367,4.0,6306.857197499834
952,0.458717990990099,0.4524603617821782,0.26104472366336634,0.14356435643564358,3.0,6309.075060199946
953,0.45522315730198015,0.4524603617821782,0.24641127611386138,0.15841584158415845,3.0,6311.538069699891
954,0.43153766381188113,0.43153766381188113,0.2601515251980198,0.14851485148514865,2.0,6313.708404899808
955,0.45606269244059405,0.43153766381188113,0.25467655382673265,0.14851485148514865,3.0,6316.066818299936
956,0.5027284252970298,0.43153766381188113,0.2567878312376238,0.207920792079208,3.0,6325.184746599989
957,0.46054302874995046,0.43153766381188113,0.2591568901360891,0.14851485148514865,3.0,6327.562286200002
958,0.48874417038856427,0.43153766381188113,0.25735803177470296,0.14851485148514854,4.0,6329.741808399791
959,0.4749193887227723,0.43153766381188113,0.25526592337623766,0.21287128712871284,2.0,6338.690551399952
960,0.48847723676975247,0.43153766381188113,0.2570910981558911,0.14851485148514842,4.0,6344.088262999896
961,0.49024502370044554,0.43153766381188113,0.25885888508658417,0.14851485148514842,4.0,6350.032611700008
962,0.48978992315589104,0.43153766381188113,0.254690913254901,0.15346534653465338,4.0,6355.240824999986
963,0.5166052078588613,0.43153766381188113,0.2589319405321287,0.14356435643564347,5.0,6357.012103899848
964,0.5018122743663366,0.43153766381188113,0.24844593773267326,0.2178217821782178,3.0,6364.715218900004
965,0.50552155490099,0.43153766381188113,0.31527403014851485,0.13366336633663356,3.0,6374.178402899997
966,0.5069128986633663,0.43153766381188113,0.23498220559405938,0.24257425742574257,3.0,6382.726477799937
967,0.532606322920792,0.43153766381188113,0.31978454074257423,0.12376237623762365,4.0,6388.564292899799
968,0.5211135614504951,0.43153766381188113,0.2191828683811881,0.24257425742574268,4.0,6389.524552399991
969,0.49914696382178214,0.43153766381188113,0.2717707261980198,0.18316831683168322,3.0,6394.543384499848
970,0.5215098218118812,0.43153766381188113,0.27898506933663364,0.1633663366336634,4.0,6395.680684999796
971,0.5257965094158416,0.43153766381188113,0.30183611337623756,0.13861386138613863,4.0,6400.8949189998675
972,0.49726269356930697,0.43153766381188113,0.2921636836683169,0.1534653465346535,3.0,6410.3721180998255
973,0.5232619727277228,0.43153766381188113,0.2881629628267327,0.1534653465346535,4.0,6412.68252729997
974,0.5526250522178219,0.43153766381188113,0.2875260423168317,0.1534653465346535,5.0,6413.839700999903
975,0.5523585210396039,0.43153766381188113,0.28725951113861387,0.15346534653465338,5.0,6415.765886799898
976,0.5222069047574256,0.43153766381188113,0.2833950235693069,0.15841584158415833,4.0,6425.599888799945
977,0.5252732127970297,0.43153766381188113,0.3050256880445545,0.13366336633663367,4.0,6434.2342934999615
978,0.5262248701039604,0.43153766381188113,0.3059773453514852,0.13366336633663367,4.0,6435.1052877998445
979,0.4977225686188119,0.43153766381188113,0.3074750438663367,0.13366336633663367,3.0,6435.470332999947
980,0.5251172967871287,0.43153766381188113,0.3085826433217822,0.12871287128712872,4.0,6442.357402399881
981,0.4767738389108911,0.43153766381188113,0.28682334386138614,0.1732673267326733,2.0,6451.0322504998185
982,0.5041770149257425,0.43153766381188113,0.2842265198762376,0.1732673267326733,3.0,6452.109496699879
983,0.47883385955445545,0.43153766381188113,0.2925962357920792,0.16831683168316836,2.0,6458.758065099828
984,0.4804850641336633,0.43153766381188113,0.29053456908415837,0.1732673267326733,2.0,6464.9687806998845
985,0.510384590519802,0.43153766381188113,0.290434095470297,0.1732673267326733,3.0,6474.915968999965
986,0.5081464602722773,0.43153766381188113,0.28819596522277235,0.1732673267326733,3.0,6482.4365211999975
987,0.528124496509901,0.43153766381188113,0.27446113017326734,0.17821782178217827,4.0,6489.208273999859
988,0.5284231149752475,0.43153766381188113,0.30074984764851487,0.14356435643564358,4.0,6491.94801289984
989,0.5233321497772278,0.43153766381188113,0.28452026858910895,0.15841584158415845,4.0,6494.602572700009
990,0.4953074474257426,0.43153766381188113,0.2864955662376238,0.15841584158415845,3.0,6500.646287499927
991,0.5209192964851486,0.43153766381188113,0.29324602915841586,0.14356435643564358,4.0,6501.7872473997995
992,0.49671482534653466,0.43153766381188113,0.2693385877227723,0.1831683168316831,3.0,6509.012137899874
993,0.4987010137643564,0.43153766381188113,0.29731487515049504,0.14851485148514842,3.0,6517.879010299919
994,0.4969655564851486,0.43153766381188113,0.3067180317326733,0.13366336633663356,3.0,6526.669203999918
995,0.5170334901633663,0.43153766381188113,0.29678596541089103,0.13366336633663356,4.0,6530.865743499948
996,0.493956743960396,0.43153766381188113,0.2851448627722772,0.15841584158415833,3.0,6538.086931699887
997,0.4892639464356435,0.43153766381188113,0.2841649365346534,0.1534653465346535,3.0,6547.558064199984
998,0.4767738389108911,0.43153766381188113,0.28682334386138614,0.1732673267326733,2.0,6555.291574399918
999,0.5055847520990099,0.43153766381188113,0.2782085144752475,0.18316831683168322,3.0,6562.667595699895
1000,0.5067441206930693,0.43153766381188113,0.2867936256435643,0.1732673267326733,3.0,6571.998211500002
